{
"type": "FeatureCollection",
"name": "apartments_near_tram",
"crs": { "type": "name", "properties": { "name": "urn:ogc:def:crs:OGC:1.3:CRS84" } },
"features": [
{ "type": "Feature", "properties": { "id": 21887740, "title": "Looking for a roommate:)", "subtype": "APARTMENT", "street": "Jezusstraat 6", "postal_code": "2000", "locality": "Antwerp", "place": null, "floor": 3, "bedrooms": 2, "surface_m2": null, "rent_eur": 700, "costs_eur": 0, "total_eur": 700, "eur_per_m2": null, "agency": "PRIVATE", "flag": "new", "updated": "2026-10-03T14:08:16.770Z", "image": "https://media-resize.immowebstatic.be/classifieds/3fadae6a-a983-486b-8b4d-0a85f4bf31c3/100x100/ab83873ca37c388a3b3b2c7764183b7b.jpg", "image_large": "https://media-resize.immowebstatic.be/classifieds/3fadae6a-a983-486b-8b4d-0a85f4bf31c3/736x736/ab83873ca37c388a3b3b2c7764183b7b.jpg", "photos": "https://media-resize.immowebstatic.be/classifieds/3fadae6a-a983-486b-8b4d-0a85f4bf31c3/736x736/ab83873ca37c388a3b3b2c7764183b7b.jpg|https://media-resize.immowebstatic.be/classifieds/3fadae6a-a983-486b-8b4d-0a85f4bf31c3/736x736/609dbe264080d857035bbc58cfcede06.jpg|https://media-resize.immowebstatic.be/classifieds/3fadae6a-a983-486b-8b4d-0a85f4bf31c3/736x736/3a560fefdfb666c615786accbd7f5e7a.jpg|https://media-resize.immowebstatic.be/classifieds/3fadae6a-a983-486b-8b4d-0a85f4bf31c3/736x736/2629b0203f9aa28357b955300791fa7d.jpg", "url": "https://www.immoweb.be/en/classified/21887740", "lines": "1,4,7,10,11,12,24", "line_count": 7, "nearest_stop": "Opera", "nearest_stop_m": 144, "stop_count": 29, "stops": "Opera, Roosevelt, Sint-Jacob, Stadspark, Centraal Station, Meirbrug, Paardenmarkt, De Coninck, Melkmarkt, Oudaan, Keizerstraat, Richard, Ommeganck" }, "geometry": { "type": "Point", "coordinates": [ 4.41330319593408, 51.218631202423175 ] } },
{ "type": "Feature", "properties": { "id": 21636233, "title": "", "subtype": "APARTMENT", "street": "Waaslandstraat 0 box Geen", "postal_code": "2660", "locality": "Hoboken", "place": null, "floor": 3, "bedrooms": 2, "surface_m2": 89.0, "rent_eur": 710, "costs_eur": 25, "total_eur": 735, "eur_per_m2": 8.0, "agency": "PRIVATE", "flag": null, "updated": "2026-09-29T13:19:46.789Z", "image": "https://media-resize.immowebstatic.be/classifieds/2c628297-ebc5-46cb-a193-418e0c7af9e6/100x100/fdcf484e8b0e7f62b68075bea8f87ea6.jpg", "image_large": "https://media-resize.immowebstatic.be/classifieds/2c628297-ebc5-46cb-a193-418e0c7af9e6/736x736/fdcf484e8b0e7f62b68075bea8f87ea6.jpg", "photos": "https://media-resize.immowebstatic.be/classifieds/2c628297-ebc5-46cb-a193-418e0c7af9e6/736x736/fdcf484e8b0e7f62b68075bea8f87ea6.jpg|https://media-resize.immowebstatic.be/classifieds/2c628297-ebc5-46cb-a193-418e0c7af9e6/736x736/a7beb64ff31829b44c9b5d22f0752305.jpg|https://media-resize.immowebstatic.be/classifieds/2c628297-ebc5-46cb-a193-418e0c7af9e6/736x736/f4b45e5e4c835b21eda8463e8a167eb8.jpg|https://media-resize.immowebstatic.be/classifieds/2c628297-ebc5-46cb-a193-418e0c7af9e6/736x736/01032d2f2b7578ad1eddb1a1990e4155.jpg", "url": "https://www.immoweb.be/en/classified/21636233", "lines": "4,10", "line_count": 2, "nearest_stop": "Zwaantjes", "nearest_stop_m": 781, "stop_count": 2, "stops": "Zwaantjes" }, "geometry": { "type": "Point", "coordinates": [ 4.362620795943183, 51.186229802426887 ] } },
{ "type": "Feature", "properties": { "id": 21884270, "title": "Ruim en lichtrijk appartement met 2 slaapkamers", "subtype": "APARTMENT", "street": "Minister Delbekelaan 56-58 box 1R", "postal_code": "2170", "locality": "Merksem", "place": "", "floor": 1, "bedrooms": 2, "surface_m2": 79.0, "rent_eur": 780, "costs_eur": 40, "total_eur": 820, "eur_per_m2": 9.9, "agency": "FIDIMCO", "flag": "new", "updated": "2026-10-08T10:00:53.195Z", "image": "https://media-resize.immowebstatic.be/classifieds/578ecec3-67d2-4595-8188-89c05f304972/100x100/548741a22caac226a0117ee547f861a7.jpg", "image_large": "https://media-resize.immowebstatic.be/classifieds/578ecec3-67d2-4595-8188-89c05f304972/736x736/548741a22caac226a0117ee547f861a7.jpg", "photos": "https://media-resize.immowebstatic.be/classifieds/578ecec3-67d2-4595-8188-89c05f304972/736x736/548741a22caac226a0117ee547f861a7.jpg|https://media-resize.immowebstatic.be/classifieds/578ecec3-67d2-4595-8188-89c05f304972/736x736/2575a3483526d1ec4c536d0c3bc30865.jpg|https://media-resize.immowebstatic.be/classifieds/578ecec3-67d2-4595-8188-89c05f304972/736x736/43d41959b3184ea78eb8ea3e89149584.jpg|https://media-resize.immowebstatic.be/classifieds/578ecec3-67d2-4595-8188-89c05f304972/736x736/d99449f569e1b8cb77ab3946b3cf1f5d.jpg", "url": "https://www.immoweb.be/en/classified/21884270", "lines": "2,6,A3", "line_count": 3, "nearest_stop": "Gasthuishoeve", "nearest_stop_m": 37, "stop_count": 8, "stops": "Gasthuishoeve, Bredabaan, Burgemeester Nolf, Barnkracht, Lambrechtshoeken" }, "geometry": { "type": "Point", "coordinates": [ 4.439621095929686, 51.238693002420355 ] } },
{ "type": "Feature", "properties": { "id": 21808537, "title": "Apartment", "subtype": "APARTMENT", "street": "Drukpersstraat 25 box 1", "postal_code": "2610", "locality": "Wilrijk", "place": "", "floor": 1, "bedrooms": 2, "surface_m2": 77.0, "rent_eur": 800, "costs_eur": 150, "total_eur": 950, "eur_per_m2": 10.4, "agency": "Ifac", "flag": null, "updated": "2026-10-04T18:01:25.802Z", "image": "https://media-resize.immowebstatic.be/classifieds/9200946f-df5c-4d32-8b00-398663a3e472/100x100/94d4e96634e7f7006e13129a05090025.jpg", "image_large": "https://media-resize.immowebstatic.be/classifieds/9200946f-df5c-4d32-8b00-398663a3e472/736x736/94d4e96634e7f7006e13129a05090025.jpg", "photos": "https://media-resize.immowebstatic.be/classifieds/9200946f-df5c-4d32-8b00-398663a3e472/736x736/94d4e96634e7f7006e13129a05090025.jpg|https://media-resize.immowebstatic.be/classifieds/9200946f-df5c-4d32-8b00-398663a3e472/736x736/106dc622b6793001674e1f6b76390c61.jpg|https://media-resize.immowebstatic.be/classifieds/9200946f-df5c-4d32-8b00-398663a3e472/736x736/e11b66cacfb44ac0b080412f62d95733.jpg|https://media-resize.immowebstatic.be/classifieds/9200946f-df5c-4d32-8b00-398663a3e472/736x736/6c79389d3409e2c0b78cf49a3022de07.jpg", "url": "https://www.immoweb.be/en/classified/21808537", "lines": "2,4,6,10", "line_count": 4, "nearest_stop": "Sportstraat", "nearest_stop_m": 219, "stop_count": 14, "stops": "Sportstraat, Schijfwerper, Zwaantjes, De Bosschaert, Grens Kiel, Kruishof, P+R Olympiade" }, "geometry": { "type": "Point", "coordinates": [ 4.381114795938153, 51.181644002430254 ] } },
{ "type": "Feature", "properties": { "id": 21819097, "title": null, "subtype": "APARTMENT", "street": "Te Boelaarlei 114", "postal_code": "2140", "locality": "Borgerhout", "place": null, "floor": 2, "bedrooms": 2, "surface_m2": null, "rent_eur": 800, "costs_eur": 0, "total_eur": 800, "eur_per_m2": null, "agency": "PRIVATE", "flag": null, "updated": "2026-09-06T13:39:43.823Z", "image": "https://media-resize.immowebstatic.be/classifieds/d84be2e2-39b8-4a7f-8ef2-83de8e5f3df8/100x100/47a30c355bebe9145d81137c13cee4cb.heic", "image_large": "https://media-resize.immowebstatic.be/classifieds/d84be2e2-39b8-4a7f-8ef2-83de8e5f3df8/736x736/47a30c355bebe9145d81137c13cee4cb.heic", "photos": "https://media-resize.immowebstatic.be/classifieds/d84be2e2-39b8-4a7f-8ef2-83de8e5f3df8/736x736/47a30c355bebe9145d81137c13cee4cb.heic|https://media-resize.immowebstatic.be/classifieds/d84be2e2-39b8-4a7f-8ef2-83de8e5f3df8/736x736/28c657b08d31a9cf48b483143c74c658.heic|https://media-resize.immowebstatic.be/classifieds/d84be2e2-39b8-4a7f-8ef2-83de8e5f3df8/736x736/1127972b52f9bc90332e63eca929ebc2.heic|https://media-resize.immowebstatic.be/classifieds/d84be2e2-39b8-4a7f-8ef2-83de8e5f3df8/736x736/86e23e35f77134ef028fa8e06b053ca2.heic", "url": "https://www.immoweb.be/en/classified/21819097", "lines": "8,24", "line_count": 2, "nearest_stop": "Muggenberg", "nearest_stop_m": 362, "stop_count": 6, "stops": "Muggenberg, Morckhoven, Joe English" }, "geometry": { "type": "Point", "coordinates": [ 4.451931495923387, 51.207422902430672 ] } },
{ "type": "Feature", "properties": { "id": 21788914, "title": null, "subtype": "APARTMENT", "street": "Kammenstraat 28", "postal_code": "2000", "locality": "Antwerpen", "place": "Wilde Zee", "floor": 3, "bedrooms": 2, "surface_m2": 78.0, "rent_eur": 820, "costs_eur": 65, "total_eur": 885, "eur_per_m2": 10.5, "agency": "GROEP L.", "flag": null, "updated": "2026-09-10T07:03:05.657Z", "image": "https://media-resize.immowebstatic.be/classifieds/1092e8a5-e24d-4d2f-8d40-a25d9517edc2/100x100/be786093fa40242c1b50eef2e0d002c0.jpg", "image_large": "https://media-resize.immowebstatic.be/classifieds/1092e8a5-e24d-4d2f-8d40-a25d9517edc2/736x736/be786093fa40242c1b50eef2e0d002c0.jpg", "photos": "https://media-resize.immowebstatic.be/classifieds/1092e8a5-e24d-4d2f-8d40-a25d9517edc2/736x736/be786093fa40242c1b50eef2e0d002c0.jpg", "url": "https://www.immoweb.be/en/classified/21788914", "lines": "4,7,11", "line_count": 3, "nearest_stop": "Groenplaats", "nearest_stop_m": 148, "stop_count": 20, "stops": "Groenplaats, Sint-Andries, Meirbrug, Oudaan, Melkmarkt, Tropisch Instituut, Mechelseplein, Keizerstraat, Sint-Jacob, Klapdorp" }, "geometry": { "type": "Point", "coordinates": [ 4.400360195937145, 51.217448602422117 ] } },
{ "type": "Feature", "properties": { "id": 21822641, "title": "2 bedroom apartment", "subtype": "APARTMENT", "street": "Ballaarstraat 91 box 7", "postal_code": "2018", "locality": "ANTWERPEN", "place": "", "floor": 2, "bedrooms": 2, "surface_m2": 90.0, "rent_eur": 845, "costs_eur": 95, "total_eur": 940, "eur_per_m2": 9.4, "agency": "Habicom Antwerpen", "flag": null, "updated": "2026-10-07T03:31:41.002Z", "image": "https://media-resize.immowebstatic.be/classifieds/1f269be4-2478-4878-9984-af4dac2f76f7/100x100/54c8c8702a2e867c15fe5c583cb3893b.jpg", "image_large": "https://media-resize.immowebstatic.be/classifieds/1f269be4-2478-4878-9984-af4dac2f76f7/736x736/54c8c8702a2e867c15fe5c583cb3893b.jpg", "photos": "https://media-resize.immowebstatic.be/classifieds/1f269be4-2478-4878-9984-af4dac2f76f7/736x736/54c8c8702a2e867c15fe5c583cb3893b.jpg|https://media-resize.immowebstatic.be/classifieds/1f269be4-2478-4878-9984-af4dac2f76f7/736x736/64f82b628b966ae62e3eb349eea1e4bb.jpg|https://media-resize.immowebstatic.be/classifieds/1f269be4-2478-4878-9984-af4dac2f76f7/736x736/c6dfd665f923e320ae20b2b19e6b06f3.jpg|https://media-resize.immowebstatic.be/classifieds/1f269be4-2478-4878-9984-af4dac2f76f7/736x736/a0b492d64cb875e1ac7a9b89d23ab877.jpg", "url": "https://www.immoweb.be/en/classified/21822641", "lines": "1,2,6,7,10,A3", "line_count": 6, "nearest_stop": "Bestorming", "nearest_stop_m": 563, "stop_count": 19, "stops": "Bestorming, Broedermin, Bres, Gounod, Markgravelei, Kasteelplein, Montigny, Harmonie, Provinciehuis" }, "geometry": { "type": "Point", "coordinates": [ 4.402171395935146, 51.202547502426583 ] } },
{ "type": "Feature", "properties": { "id": 21869569, "title": null, "subtype": "APARTMENT", "street": "Dambruggestraat 82-84", "postal_code": "2060", "locality": "Antwerpen", "place": null, "floor": 2, "bedrooms": 2, "surface_m2": 75.0, "rent_eur": 850, "costs_eur": 70, "total_eur": 920, "eur_per_m2": 11.3, "agency": "PRIVATE", "flag": "new", "updated": "2026-09-25T15:05:31.573Z", "image": "https://media-resize.immowebstatic.be/classifieds/c3e63b7d-5476-4745-b77e-4068dcd1e49f/100x100/8fd0f8b014c986e0ecc65a1e74a07a8a.jpg", "image_large": "https://media-resize.immowebstatic.be/classifieds/c3e63b7d-5476-4745-b77e-4068dcd1e49f/736x736/8fd0f8b014c986e0ecc65a1e74a07a8a.jpg", "photos": "https://media-resize.immowebstatic.be/classifieds/c3e63b7d-5476-4745-b77e-4068dcd1e49f/736x736/8fd0f8b014c986e0ecc65a1e74a07a8a.jpg|https://media-resize.immowebstatic.be/classifieds/c3e63b7d-5476-4745-b77e-4068dcd1e49f/736x736/0bb67953c003ec2a5d0dddae2a020443.jpg|https://media-resize.immowebstatic.be/classifieds/c3e63b7d-5476-4745-b77e-4068dcd1e49f/736x736/0934dcc9b19914e5fd6c841d0c5df39f.jpg|https://media-resize.immowebstatic.be/classifieds/c3e63b7d-5476-4745-b77e-4068dcd1e49f/736x736/ccab4f1ec4508fb3c8e00cb4ed7c9ca4.jpg", "url": "https://www.immoweb.be/en/classified/21869569", "lines": "1,11,12,24", "line_count": 4, "nearest_stop": "De Coninck", "nearest_stop_m": 159, "stop_count": 27, "stops": "De Coninck, Centraal Station, Ommeganck, Roosevelt, Sint-Gummarus, Richard, Kerkstraat, Gasstraat, Opera, Paardenmarkt, Ploeg, Stuivenbergplein" }, "geometry": { "type": "Point", "coordinates": [ 4.423076295931921, 51.221024002423597 ] } },
{ "type": "Feature", "properties": { "id": 21799914, "title": null, "subtype": "APARTMENT", "street": "Herentalsebaan 196", "postal_code": "2100", "locality": "Antwerpen", "place": null, "floor": 3, "bedrooms": 2, "surface_m2": 87.0, "rent_eur": 850, "costs_eur": 70, "total_eur": 920, "eur_per_m2": 9.8, "agency": "PRIVATE", "flag": null, "updated": "2026-09-18T05:18:05.048Z", "image": "https://media-resize.immowebstatic.be/classifieds/e5a2d5e2-a11b-402f-a89a-b1ae21aed510/100x100/cf55bcfc5bb4984432d9b84737905c89.jpg", "image_large": "https://media-resize.immowebstatic.be/classifieds/e5a2d5e2-a11b-402f-a89a-b1ae21aed510/736x736/cf55bcfc5bb4984432d9b84737905c89.jpg", "photos": "https://media-resize.immowebstatic.be/classifieds/e5a2d5e2-a11b-402f-a89a-b1ae21aed510/736x736/cf55bcfc5bb4984432d9b84737905c89.jpg|https://media-resize.immowebstatic.be/classifieds/e5a2d5e2-a11b-402f-a89a-b1ae21aed510/736x736/eeccc381a58efc30131dc297c11a171d.jpg|https://media-resize.immowebstatic.be/classifieds/e5a2d5e2-a11b-402f-a89a-b1ae21aed510/736x736/3d0559fdbcc5848b0116a09801767515.jpg|https://media-resize.immowebstatic.be/classifieds/e5a2d5e2-a11b-402f-a89a-b1ae21aed510/736x736/377112babab6a5c3cfacedb810a68851.jpg", "url": "https://www.immoweb.be/en/classified/21799914", "lines": "8,24", "line_count": 2, "nearest_stop": "Waterbaan", "nearest_stop_m": 198, "stop_count": 8, "stops": "Waterbaan, Muggenberg, Morckhoven, Florent Pauwels" }, "geometry": { "type": "Point", "coordinates": [ 4.461348695921222, 51.208945302431317 ] } },
{ "type": "Feature", "properties": { "id": 21885670, "title": null, "subtype": "APARTMENT", "street": "Wetstraat 14", "postal_code": "2060", "locality": "Antwerpen", "place": "winkelstraat Offerande", "floor": 1, "bedrooms": 2, "surface_m2": null, "rent_eur": 850, "costs_eur": 30, "total_eur": 880, "eur_per_m2": null, "agency": "DEBINVEST", "flag": "new", "updated": "2026-10-02T13:22:11.482Z", "image": "https://media-resize.immowebstatic.be/classifieds/89126a8b-d1c4-4989-8005-be679b11e3cb/100x100/e49e1e10aba837f8b4233d3750e8f966.jpg", "image_large": "https://media-resize.immowebstatic.be/classifieds/89126a8b-d1c4-4989-8005-be679b11e3cb/736x736/e49e1e10aba837f8b4233d3750e8f966.jpg", "photos": "https://media-resize.immowebstatic.be/classifieds/89126a8b-d1c4-4989-8005-be679b11e3cb/736x736/e49e1e10aba837f8b4233d3750e8f966.jpg|https://media-resize.immowebstatic.be/classifieds/89126a8b-d1c4-4989-8005-be679b11e3cb/736x736/e03d5fab3c401dacdad74bd06d3c667d.jpg|https://media-resize.immowebstatic.be/classifieds/89126a8b-d1c4-4989-8005-be679b11e3cb/736x736/04f49cde705f2d905a6f4df10a5db366.jpg|https://media-resize.immowebstatic.be/classifieds/89126a8b-d1c4-4989-8005-be679b11e3cb/736x736/f621015b9b6ead365194c908b2d63c55.jpg", "url": "https://www.immoweb.be/en/classified/21885670", "lines": "1,11,12,24", "line_count": 4, "nearest_stop": "Kerkstraat", "nearest_stop_m": 343, "stop_count": 23, "stops": "Kerkstraat, Ommeganck, De Coninck, Centraal Station, Sint-Gummarus, Gasstraat, Ploeg, Stuivenbergplein, Richard, Roosevelt, Drink" }, "geometry": { "type": "Point", "coordinates": [ 4.427739095930761, 51.220918202424151 ] } },
{ "type": "Feature", "properties": { "id": 21876048, "title": null, "subtype": "APARTMENT", "street": "Karel Soetelaan 68 box 201", "postal_code": "2150", "locality": "Borsbeek", "place": null, "floor": 2, "bedrooms": 2, "surface_m2": 80.0, "rent_eur": 850, "costs_eur": 10, "total_eur": 860, "eur_per_m2": 10.6, "agency": "Hans Vastgoed", "flag": "new", "updated": "2026-09-29T11:04:12.279Z", "image": "https://media-resize.immowebstatic.be/classifieds/8d8c5a39-2bae-471a-a683-b50a81518b73/100x100/5d101e34c660d190e18a59902b0dff59.jpg", "image_large": "https://media-resize.immowebstatic.be/classifieds/8d8c5a39-2bae-471a-a683-b50a81518b73/736x736/5d101e34c660d190e18a59902b0dff59.jpg", "photos": "https://media-resize.immowebstatic.be/classifieds/8d8c5a39-2bae-471a-a683-b50a81518b73/736x736/5d101e34c660d190e18a59902b0dff59.jpg|https://media-resize.immowebstatic.be/classifieds/8d8c5a39-2bae-471a-a683-b50a81518b73/736x736/081c22d8068fb3306c1964f284a7751e.jpg|https://media-resize.immowebstatic.be/classifieds/8d8c5a39-2bae-471a-a683-b50a81518b73/736x736/560bfa1e4acc3ba298ba3b2d901e5ba5.jpg|https://media-resize.immowebstatic.be/classifieds/8d8c5a39-2bae-471a-a683-b50a81518b73/736x736/8865c33933f01b97421bb7d20702066a.jpg", "url": "https://www.immoweb.be/en/classified/21876048", "lines": "24", "line_count": 1, "nearest_stop": "Wommelgem Krijgsbaan", "nearest_stop_m": 367, "stop_count": 5, "stops": "Wommelgem Krijgsbaan, Silsburg, Deurne Dassastraat, Florent Pauwels" }, "geometry": { "type": "Point", "coordinates": [ 4.479888195915805, 51.20088780243568 ] } },
{ "type": "Feature", "properties": { "id": 21883870, "title": "Appartement", "subtype": "APARTMENT", "street": "Volhardingstraat 73", "postal_code": "2020", "locality": "ANTWERPEN", "place": "EXPOWIJK", "floor": 2, "bedrooms": 2, "surface_m2": 70.0, "rent_eur": 850, "costs_eur": 150, "total_eur": 1000, "eur_per_m2": 12.1, "agency": "RESA vastgoed", "flag": "new", "updated": "2026-10-04T01:38:25.936Z", "image": "https://media-resize.immowebstatic.be/classifieds/7f891b8e-953f-4283-a589-b3c7d3cadde4/100x100/df2abf626a80fd6beaf9b1aa98786a12.jpg", "image_large": "https://media-resize.immowebstatic.be/classifieds/7f891b8e-953f-4283-a589-b3c7d3cadde4/736x736/df2abf626a80fd6beaf9b1aa98786a12.jpg", "photos": "https://media-resize.immowebstatic.be/classifieds/7f891b8e-953f-4283-a589-b3c7d3cadde4/736x736/df2abf626a80fd6beaf9b1aa98786a12.jpg|https://media-resize.immowebstatic.be/classifieds/7f891b8e-953f-4283-a589-b3c7d3cadde4/736x736/3bff51eec56f1fa890fc93ec06094dca.jpg|https://media-resize.immowebstatic.be/classifieds/7f891b8e-953f-4283-a589-b3c7d3cadde4/736x736/1a02ee2add75074aa15351bb8be831df.jpg|https://media-resize.immowebstatic.be/classifieds/7f891b8e-953f-4283-a589-b3c7d3cadde4/736x736/caecdf601396d2aeea88dd1bc318dc00.jpg", "url": "https://www.immoweb.be/en/classified/21883870", "lines": "2,4,6,10", "line_count": 4, "nearest_stop": "Kolonel Silvertop", "nearest_stop_m": 439, "stop_count": 13, "stops": "Kolonel Silvertop, Antwerp Expo, Volhardingstraat, Station Zuid, Kielpark, Olympiade, deSingel" }, "geometry": { "type": "Point", "coordinates": [ 4.390757995936881, 51.19223420242826 ] } },
{ "type": "Feature", "properties": { "id": 21885361, "title": null, "subtype": "APARTMENT", "street": "Muggenberglei 262", "postal_code": "2100", "locality": "Antwerpen", "place": null, "floor": 2, "bedrooms": 2, "surface_m2": 72.0, "rent_eur": 850, "costs_eur": 50, "total_eur": 900, "eur_per_m2": 11.8, "agency": "Walls Vastgoedmakelaars", "flag": "new", "updated": "2026-10-07T12:15:50.817Z", "image": "https://media-resize.immowebstatic.be/classifieds/8d814d16-d928-481a-ac04-8241c511d101/100x100/6151b13ab83d0a994e9b3cf6130c5fa8.jpg", "image_large": "https://media-resize.immowebstatic.be/classifieds/8d814d16-d928-481a-ac04-8241c511d101/736x736/6151b13ab83d0a994e9b3cf6130c5fa8.jpg", "photos": "https://media-resize.immowebstatic.be/classifieds/8d814d16-d928-481a-ac04-8241c511d101/736x736/6151b13ab83d0a994e9b3cf6130c5fa8.jpg|https://media-resize.immowebstatic.be/classifieds/8d814d16-d928-481a-ac04-8241c511d101/736x736/d29f124ae9692f458a4038f29d2f9b83.jpg|https://media-resize.immowebstatic.be/classifieds/8d814d16-d928-481a-ac04-8241c511d101/736x736/684ba5c0087118bfd61607a70c2f3c14.jpg|https://media-resize.immowebstatic.be/classifieds/8d814d16-d928-481a-ac04-8241c511d101/736x736/095079654076123a2be4da61c5448052.jpg", "url": "https://www.immoweb.be/en/classified/21885361", "lines": "8,24", "line_count": 2, "nearest_stop": "Waterbaan", "nearest_stop_m": 673, "stop_count": 2, "stops": "Waterbaan" }, "geometry": { "type": "Point", "coordinates": [ 4.460589495920712, 51.202272302433116 ] } },
{ "type": "Feature", "properties": { "id": 21898278, "title": null, "subtype": "APARTMENT", "street": "Frans De L'arbrelaan 49 box 3", "postal_code": "2170", "locality": "Antwerpen", "place": null, "floor": 2, "bedrooms": 2, "surface_m2": 85.0, "rent_eur": 860, "costs_eur": 30, "total_eur": 890, "eur_per_m2": 10.1, "agency": "PRIVATE", "flag": "new", "updated": "2026-10-08T06:31:26.806Z", "image": "https://media-resize.immowebstatic.be/classifieds/d2933637-94aa-45d4-8917-fe5c6a154209/100x100/36c64de189b7aadbeeaab065cd210431.jpg", "image_large": "https://media-resize.immowebstatic.be/classifieds/d2933637-94aa-45d4-8917-fe5c6a154209/736x736/36c64de189b7aadbeeaab065cd210431.jpg", "photos": "https://media-resize.immowebstatic.be/classifieds/d2933637-94aa-45d4-8917-fe5c6a154209/736x736/36c64de189b7aadbeeaab065cd210431.jpg|https://media-resize.immowebstatic.be/classifieds/d2933637-94aa-45d4-8917-fe5c6a154209/736x736/fab27bb13e08336a4d36337507d124eb.jpg|https://media-resize.immowebstatic.be/classifieds/d2933637-94aa-45d4-8917-fe5c6a154209/736x736/fe476bd2312b0b9c379c0eddeb932ba7.jpg|https://media-resize.immowebstatic.be/classifieds/d2933637-94aa-45d4-8917-fe5c6a154209/736x736/23ffa36f63e11c0cb5596b27808d7b30.jpg", "url": "https://www.immoweb.be/en/classified/21898278", "lines": "2,6,A3", "line_count": 3, "nearest_stop": "Gasthuishoeve", "nearest_stop_m": 115, "stop_count": 9, "stops": "Gasthuishoeve, Bredabaan, Burgemeester Nolf, Barnkracht, Lambrechtshoeken" }, "geometry": { "type": "Point", "coordinates": [ 4.440587695929541, 51.239603102420212 ] } },
{ "type": "Feature", "properties": { "id": 21836642, "title": null, "subtype": "APARTMENT", "street": "Collegelaan 40", "postal_code": "2140", "locality": "Antwerpen", "place": null, "floor": 1, "bedrooms": 2, "surface_m2": 85.0, "rent_eur": 865, "costs_eur": 60, "total_eur": 925, "eur_per_m2": 10.2, "agency": "PRIVATE", "flag": null, "updated": "2026-09-13T04:45:40.280Z", "image": "https://media-resize.immowebstatic.be/classifieds/76ee0050-0159-4675-a325-77de58bed1d3/100x100/08394c8e35ff31bbcfe51cff8acb4b2a.jpg", "image_large": "https://media-resize.immowebstatic.be/classifieds/76ee0050-0159-4675-a325-77de58bed1d3/736x736/08394c8e35ff31bbcfe51cff8acb4b2a.jpg", "photos": "https://media-resize.immowebstatic.be/classifieds/76ee0050-0159-4675-a325-77de58bed1d3/736x736/08394c8e35ff31bbcfe51cff8acb4b2a.jpg|https://media-resize.immowebstatic.be/classifieds/76ee0050-0159-4675-a325-77de58bed1d3/736x736/722673a37120890f3337dc9c3650d8fb.jpg|https://media-resize.immowebstatic.be/classifieds/76ee0050-0159-4675-a325-77de58bed1d3/736x736/e08c1d563743a7bd017a0c8cb3611fef.jpg|https://media-resize.immowebstatic.be/classifieds/76ee0050-0159-4675-a325-77de58bed1d3/736x736/ab79b1cd03a995452286754cb5273ba2.jpg", "url": "https://www.immoweb.be/en/classified/21836642", "lines": "8,10,24", "line_count": 3, "nearest_stop": "Morckhoven", "nearest_stop_m": 271, "stop_count": 12, "stops": "Morckhoven, Joe English, Muggenberg, Hof Ter Lo, Stenenbrug, Cogelsplein" }, "geometry": { "type": "Point", "coordinates": [ 4.453602795923573, 51.213138402429244 ] } },
{ "type": "Feature", "properties": { "id": 21879601, "title": null, "subtype": "APARTMENT", "street": "Liersesteenweg 203C box 3", "postal_code": "2640", "locality": "Mortsel", "place": null, "floor": 2, "bedrooms": 2, "surface_m2": 77.0, "rent_eur": 870, "costs_eur": 0, "total_eur": 870, "eur_per_m2": 11.3, "agency": "MAAT Vastgoed & Landmeten", "flag": "new", "updated": "2026-09-30T15:04:19.181Z", "image": "https://media-resize.immowebstatic.be/classifieds/ecf583bb-c537-4e36-8fbb-167e42bbae70/100x100/2beb99034d1f0f7e0897d4eb04cdc77f.jpg", "image_large": "https://media-resize.immowebstatic.be/classifieds/ecf583bb-c537-4e36-8fbb-167e42bbae70/736x736/2beb99034d1f0f7e0897d4eb04cdc77f.jpg", "photos": "https://media-resize.immowebstatic.be/classifieds/ecf583bb-c537-4e36-8fbb-167e42bbae70/736x736/2beb99034d1f0f7e0897d4eb04cdc77f.jpg|https://media-resize.immowebstatic.be/classifieds/ecf583bb-c537-4e36-8fbb-167e42bbae70/736x736/641b18c51f3622971087a0dadf4cbd5e.jpg|https://media-resize.immowebstatic.be/classifieds/ecf583bb-c537-4e36-8fbb-167e42bbae70/736x736/8481c38d9ff37580b1808aed63939f31.jpg|https://media-resize.immowebstatic.be/classifieds/ecf583bb-c537-4e36-8fbb-167e42bbae70/736x736/57e75d1e7723e60be21de0af07623065.jpg", "url": "https://www.immoweb.be/en/classified/21879601", "lines": "A3", "line_count": 1, "nearest_stop": "Kaphaan", "nearest_stop_m": 97, "stop_count": 6, "stops": "Kaphaan, Kerkstraat, Hof Savelkoul" }, "geometry": { "type": "Point", "coordinates": [ 4.470713195914733, 51.16896290244383 ] } },
{ "type": "Feature", "properties": { "id": 21712046, "title": null, "subtype": "DUPLEX", "street": "Kasteelstraat 11", "postal_code": "2000", "locality": "Antwerpen", "place": "het Zuid", "floor": 3, "bedrooms": 2, "surface_m2": 80.0, "rent_eur": 870, "costs_eur": 10, "total_eur": 880, "eur_per_m2": 10.9, "agency": "Maris Makelaars bvba", "flag": null, "updated": "2026-09-28T09:57:49.939Z", "image": "https://media-resize.immowebstatic.be/classifieds/40313de7-3102-4955-a80b-44571ec500ef/100x100/ed17f635a8631299138aa7c7730d476c.jpg", "image_large": "https://media-resize.immowebstatic.be/classifieds/40313de7-3102-4955-a80b-44571ec500ef/736x736/ed17f635a8631299138aa7c7730d476c.jpg", "photos": "https://media-resize.immowebstatic.be/classifieds/40313de7-3102-4955-a80b-44571ec500ef/736x736/ed17f635a8631299138aa7c7730d476c.jpg|https://media-resize.immowebstatic.be/classifieds/40313de7-3102-4955-a80b-44571ec500ef/736x736/fc86cde395085b4f5847ca6762a6a13f.jpg|https://media-resize.immowebstatic.be/classifieds/40313de7-3102-4955-a80b-44571ec500ef/736x736/e3c2f13c56f579ded196737c98d20d7e.jpg|https://media-resize.immowebstatic.be/classifieds/40313de7-3102-4955-a80b-44571ec500ef/736x736/990a9c7e407f13f1e535ea13fdb4c48f.jpg", "url": "https://www.immoweb.be/en/classified/21712046", "lines": "1,4,10", "line_count": 3, "nearest_stop": "Pacificatie", "nearest_stop_m": 168, "stop_count": 17, "stops": "Pacificatie, Museum, Montigny, Bolivarplaats, Bres, Bestorming, Broedermin, Tropisch Instituut" }, "geometry": { "type": "Point", "coordinates": [ 4.389954695938697, 51.20775490242373 ] } },
{ "type": "Feature", "properties": { "id": 21742421, "title": null, "subtype": "APARTMENT", "street": "Lammergierstraat 17", "postal_code": "2100", "locality": "deurne", "place": null, "floor": 1, "bedrooms": 2, "surface_m2": 75.0, "rent_eur": 875, "costs_eur": 60, "total_eur": 935, "eur_per_m2": 11.7, "agency": "PRIVATE", "flag": null, "updated": "2026-09-30T09:26:20.959Z", "image": "https://media-resize.immowebstatic.be/classifieds/eb1b2cad-e600-419d-ab6f-5ee43e430c7e/100x100/a907aedfa061370f39ad4858df9fe66d.jpg", "image_large": "https://media-resize.immowebstatic.be/classifieds/eb1b2cad-e600-419d-ab6f-5ee43e430c7e/736x736/a907aedfa061370f39ad4858df9fe66d.jpg", "photos": "https://media-resize.immowebstatic.be/classifieds/eb1b2cad-e600-419d-ab6f-5ee43e430c7e/736x736/a907aedfa061370f39ad4858df9fe66d.jpg|https://media-resize.immowebstatic.be/classifieds/eb1b2cad-e600-419d-ab6f-5ee43e430c7e/736x736/aa6b32c4ad6ec0acdcff30d0ed94f7bb.jpg|https://media-resize.immowebstatic.be/classifieds/eb1b2cad-e600-419d-ab6f-5ee43e430c7e/736x736/85694e5a14f394105df5e820442f998b.jpg|https://media-resize.immowebstatic.be/classifieds/eb1b2cad-e600-419d-ab6f-5ee43e430c7e/736x736/08fe1b12fa8187b0695cb9bdae23bdfc.jpg", "url": "https://www.immoweb.be/en/classified/21742421", "lines": "10,A9", "line_count": 2, "nearest_stop": "Havik", "nearest_stop_m": 303, "stop_count": 10, "stops": "Havik, Ruggeveld, Frans Van Dijck, Ertbrugge, Schotensesteenweg" }, "geometry": { "type": "Point", "coordinates": [ 4.485059195916826, 51.222893402429939 ] } },
{ "type": "Feature", "properties": { "id": 21847877, "title": null, "subtype": "DUPLEX", "street": "Dendermondestraat 16 box 301", "postal_code": "2018", "locality": "Antwerpen", "place": null, "floor": 3, "bedrooms": 2, "surface_m2": null, "rent_eur": 890, "costs_eur": 0, "total_eur": 890, "eur_per_m2": null, "agency": "Bagg Immo", "flag": null, "updated": "2026-09-17T10:04:30.416Z", "image": "https://media-resize.immowebstatic.be/classifieds/79a9e782-0870-4916-b3d6-947fed3de0c0/100x100/5190856f18b0f9a2cbcc2bd24f254369.jpg", "image_large": "https://media-resize.immowebstatic.be/classifieds/79a9e782-0870-4916-b3d6-947fed3de0c0/736x736/5190856f18b0f9a2cbcc2bd24f254369.jpg", "photos": "https://media-resize.immowebstatic.be/classifieds/79a9e782-0870-4916-b3d6-947fed3de0c0/736x736/5190856f18b0f9a2cbcc2bd24f254369.jpg|https://media-resize.immowebstatic.be/classifieds/79a9e782-0870-4916-b3d6-947fed3de0c0/736x736/021372373f29ba048fad941070e7169a.jpg|https://media-resize.immowebstatic.be/classifieds/79a9e782-0870-4916-b3d6-947fed3de0c0/736x736/8507e4c38bb302cbaf0205f284a06a3f.jpg|https://media-resize.immowebstatic.be/classifieds/79a9e782-0870-4916-b3d6-947fed3de0c0/736x736/7c5b29ef01059f46237032f466fa5f99.jpg", "url": "https://www.immoweb.be/en/classified/21847877", "lines": "1,4,10", "line_count": 3, "nearest_stop": "Broedermin", "nearest_stop_m": 109, "stop_count": 21, "stops": "Broedermin, Montigny, Bestorming, Bres, Bolivarplaats, Pacificatie, Zuid, Museum, Kasteelplein, Station Zuid" }, "geometry": { "type": "Point", "coordinates": [ 4.39410999593732, 51.204334502425169 ] } },
{ "type": "Feature", "properties": { "id": 21838984, "title": null, "subtype": "APARTMENT", "street": "Turnhoutsebaan 134 box 4", "postal_code": "2110", "locality": "Wijnegem", "place": null, "floor": 1, "bedrooms": 2, "surface_m2": 67.0, "rent_eur": 890, "costs_eur": 40, "total_eur": 930, "eur_per_m2": 13.3, "agency": "Geyskens Vastgoed", "flag": null, "updated": "2026-09-30T16:21:35.142Z", "image": "https://media-resize.immowebstatic.be/classifieds/8b8c1d94-29e4-451d-8bdc-b16e6a0ebeb3/100x100/b8bea71c9d67fe5699f024b35cc59d25.jpg", "image_large": "https://media-resize.immowebstatic.be/classifieds/8b8c1d94-29e4-451d-8bdc-b16e6a0ebeb3/736x736/b8bea71c9d67fe5699f024b35cc59d25.jpg", "photos": "https://media-resize.immowebstatic.be/classifieds/8b8c1d94-29e4-451d-8bdc-b16e6a0ebeb3/736x736/b8bea71c9d67fe5699f024b35cc59d25.jpg|https://media-resize.immowebstatic.be/classifieds/8b8c1d94-29e4-451d-8bdc-b16e6a0ebeb3/736x736/bbc51181125acc28a04ded88f0251251.jpg|https://media-resize.immowebstatic.be/classifieds/8b8c1d94-29e4-451d-8bdc-b16e6a0ebeb3/736x736/7eab0aa90f5784d43cc209cd7fa6eba6.jpg|https://media-resize.immowebstatic.be/classifieds/8b8c1d94-29e4-451d-8bdc-b16e6a0ebeb3/736x736/e1cee313d8e7a031a4f470c03ef3e7e3.jpg", "url": "https://www.immoweb.be/en/classified/21838984", "lines": "10,A9", "line_count": 2, "nearest_stop": "Schijnbeemden", "nearest_stop_m": 109, "stop_count": 7, "stops": "Schijnbeemden, Fortveld, Wijnegem Shopping Center" }, "geometry": { "type": "Point", "coordinates": [ 4.508434295911315, 51.225403602431832 ] } },
{ "type": "Feature", "properties": { "id": 21868073, "title": null, "subtype": "APARTMENT", "street": "Orchideeenstraat 25 box 3", "postal_code": "2610", "locality": "Antwerpen", "place": null, "floor": 0, "bedrooms": 2, "surface_m2": null, "rent_eur": 890, "costs_eur": 0, "total_eur": 890, "eur_per_m2": null, "agency": "At Home & Partners", "flag": "new", "updated": "2026-09-25T09:36:04.422Z", "image": "https://media-resize.immowebstatic.be/classifieds/edd8383b-ab2a-457c-b9c3-38a10bf66aad/100x100/709bb28441d2c2d7486e260c6f6575c3.jpg", "image_large": "https://media-resize.immowebstatic.be/classifieds/edd8383b-ab2a-457c-b9c3-38a10bf66aad/736x736/709bb28441d2c2d7486e260c6f6575c3.jpg", "photos": "https://media-resize.immowebstatic.be/classifieds/edd8383b-ab2a-457c-b9c3-38a10bf66aad/736x736/709bb28441d2c2d7486e260c6f6575c3.jpg|https://media-resize.immowebstatic.be/classifieds/edd8383b-ab2a-457c-b9c3-38a10bf66aad/736x736/cd3aa021237f53d98d287d180abdea02.jpg|https://media-resize.immowebstatic.be/classifieds/edd8383b-ab2a-457c-b9c3-38a10bf66aad/736x736/c9e40169313c31d362b3b4d1fac632ca.jpg|https://media-resize.immowebstatic.be/classifieds/edd8383b-ab2a-457c-b9c3-38a10bf66aad/736x736/4f291520afdd860c798c837979843620.jpg", "url": "https://www.immoweb.be/en/classified/21868073", "lines": "2,6", "line_count": 2, "nearest_stop": "Schijfwerper", "nearest_stop_m": 437, "stop_count": 10, "stops": "Schijfwerper, Sportstraat, Kruishof, De Bosschaert, P+R Olympiade, Zwaantjes" }, "geometry": { "type": "Point", "coordinates": [ 4.383913795937207, 51.179189902431268 ] } },
{ "type": "Feature", "properties": { "id": 21854839, "title": "Investment property", "subtype": "APARTMENT", "street": "Ruggeveldlaan 530 box 2", "postal_code": "2100", "locality": "DEURNE", "place": "", "floor": 1, "bedrooms": 2, "surface_m2": 76.0, "rent_eur": 895, "costs_eur": 25, "total_eur": 920, "eur_per_m2": 11.8, "agency": "Heylen Vastgoed Deurne", "flag": null, "updated": "2026-10-04T03:52:08.030Z", "image": "https://media-resize.immowebstatic.be/classifieds/29252f55-420e-4fc4-85fc-fd91b5b8f1ac/100x100/669c0f9386908209c1f7dec6abf68102.jpg", "image_large": "https://media-resize.immowebstatic.be/classifieds/29252f55-420e-4fc4-85fc-fd91b5b8f1ac/736x736/669c0f9386908209c1f7dec6abf68102.jpg", "photos": "https://media-resize.immowebstatic.be/classifieds/29252f55-420e-4fc4-85fc-fd91b5b8f1ac/736x736/669c0f9386908209c1f7dec6abf68102.jpg|https://media-resize.immowebstatic.be/classifieds/29252f55-420e-4fc4-85fc-fd91b5b8f1ac/736x736/e139653974f4fa33af9422c30a89668f.jpg|https://media-resize.immowebstatic.be/classifieds/29252f55-420e-4fc4-85fc-fd91b5b8f1ac/736x736/efb63d7485883cabd790f340f20d8d5e.jpg|https://media-resize.immowebstatic.be/classifieds/29252f55-420e-4fc4-85fc-fd91b5b8f1ac/736x736/4d4cffd6d78868b0008f464cacbc242c.jpg", "url": "https://www.immoweb.be/en/classified/21854839", "lines": "10,A9", "line_count": 2, "nearest_stop": "Ruggeveld", "nearest_stop_m": 167, "stop_count": 10, "stops": "Ruggeveld, Frans Van Dijck, Schotensesteenweg, Havik, Venneborg" }, "geometry": { "type": "Point", "coordinates": [ 4.480462895917756, 51.220902302430005 ] } },
{ "type": "Feature", "properties": { "id": 21897805, "title": "Zonnig en ruim 2 slpk app met terras", "subtype": "APARTMENT", "street": "Gitschotellei 192", "postal_code": "2140", "locality": "Borgerhout", "place": "", "floor": 1, "bedrooms": 2, "surface_m2": 84.0, "rent_eur": 895, "costs_eur": 15, "total_eur": 910, "eur_per_m2": 10.7, "agency": "Immassur", "flag": "new", "updated": "2026-10-07T18:09:25.129Z", "image": "https://media-resize.immowebstatic.be/classifieds/9a209c3f-e5c5-447b-a808-22e03fb0359b/100x100/21a87f3099505032237d5ef26be2154b.jpg", "image_large": "https://media-resize.immowebstatic.be/classifieds/9a209c3f-e5c5-447b-a808-22e03fb0359b/736x736/21a87f3099505032237d5ef26be2154b.jpg", "photos": "https://media-resize.immowebstatic.be/classifieds/9a209c3f-e5c5-447b-a808-22e03fb0359b/736x736/21a87f3099505032237d5ef26be2154b.jpg|https://media-resize.immowebstatic.be/classifieds/9a209c3f-e5c5-447b-a808-22e03fb0359b/736x736/cf721c293cef178aa40381574cd034a1.jpg|https://media-resize.immowebstatic.be/classifieds/9a209c3f-e5c5-447b-a808-22e03fb0359b/736x736/a2ee14b8faf471480238d93b61d317e8.jpg|https://media-resize.immowebstatic.be/classifieds/9a209c3f-e5c5-447b-a808-22e03fb0359b/736x736/2cfd74a4b00733fecec809b510dd409d.jpg", "url": "https://www.immoweb.be/en/classified/21897805", "lines": "4,11,A9", "line_count": 3, "nearest_stop": "Keerlus Groenenhoek", "nearest_stop_m": 408, "stop_count": 4, "stops": "Keerlus Groenenhoek, Berchem Station" }, "geometry": { "type": "Point", "coordinates": [ 4.444495095924523, 51.200735902431774 ] } },
{ "type": "Feature", "properties": { "id": 21888618, "title": null, "subtype": "APARTMENT", "street": "Gijsbrecht Van Deurnelaan 77", "postal_code": "2100", "locality": "Antwerpen", "place": null, "floor": 5, "bedrooms": 2, "surface_m2": 78.0, "rent_eur": 895, "costs_eur": 165, "total_eur": 1060, "eur_per_m2": 11.5, "agency": "PRIVATE", "flag": "new", "updated": "2026-10-05T19:28:26.439Z", "image": "https://media-resize.immowebstatic.be/classifieds/15cafce5-58ce-4f25-9675-5c4a8b819795/100x100/1c26bf05088000af2256bd9b66c31463.jpg", "image_large": "https://media-resize.immowebstatic.be/classifieds/15cafce5-58ce-4f25-9675-5c4a8b819795/736x736/1c26bf05088000af2256bd9b66c31463.jpg", "photos": "https://media-resize.immowebstatic.be/classifieds/15cafce5-58ce-4f25-9675-5c4a8b819795/736x736/1c26bf05088000af2256bd9b66c31463.jpg|https://media-resize.immowebstatic.be/classifieds/15cafce5-58ce-4f25-9675-5c4a8b819795/736x736/2659dc0696fe14e8d83038e0b4c78071.jpg|https://media-resize.immowebstatic.be/classifieds/15cafce5-58ce-4f25-9675-5c4a8b819795/736x736/b533453b1c4f3a6ec399d7a616e7ad17.jpg|https://media-resize.immowebstatic.be/classifieds/15cafce5-58ce-4f25-9675-5c4a8b819795/736x736/4427c2e06707c577eff1e9be256a4131.jpg", "url": "https://www.immoweb.be/en/classified/21888618", "lines": "A9", "line_count": 1, "nearest_stop": "Antwerp stadion", "nearest_stop_m": 415, "stop_count": 9, "stops": "Antwerp stadion, Clara Snellings, Hermans, Craeybeckx, Confortalei" }, "geometry": { "type": "Point", "coordinates": [ 4.466731295922258, 51.231606902425391 ] } },
{ "type": "Feature", "properties": { "id": 21866830, "title": "Flat", "subtype": "APARTMENT", "street": "Amerikalei 91 box 4", "postal_code": "2000", "locality": "ANTWERPEN", "place": "", "floor": 3, "bedrooms": 2, "surface_m2": 72.0, "rent_eur": 900, "costs_eur": 110, "total_eur": 1010, "eur_per_m2": 12.5, "agency": "Abricasa", "flag": "new", "updated": "2026-10-08T02:02:29.818Z", "image": "https://media-resize.immowebstatic.be/classifieds/f48959ba-4922-4f44-9db6-01a2706d24fc/100x100/72916ef644f06155e5d7a7ab5d52e693.jpg", "image_large": "https://media-resize.immowebstatic.be/classifieds/f48959ba-4922-4f44-9db6-01a2706d24fc/736x736/72916ef644f06155e5d7a7ab5d52e693.jpg", "photos": "https://media-resize.immowebstatic.be/classifieds/f48959ba-4922-4f44-9db6-01a2706d24fc/736x736/72916ef644f06155e5d7a7ab5d52e693.jpg|https://media-resize.immowebstatic.be/classifieds/f48959ba-4922-4f44-9db6-01a2706d24fc/736x736/778461adc06f55df6352cb504b2a5853.jpg|https://media-resize.immowebstatic.be/classifieds/f48959ba-4922-4f44-9db6-01a2706d24fc/736x736/74a6e9f6b71bf6151998fed1ee71ba25.jpg|https://media-resize.immowebstatic.be/classifieds/f48959ba-4922-4f44-9db6-01a2706d24fc/736x736/f031c93c43e814e559c7eb2e5e8083dc.jpg", "url": "https://www.immoweb.be/en/classified/21866830", "lines": "1,4,7,10", "line_count": 4, "nearest_stop": "Bres", "nearest_stop_m": 63, "stop_count": 22, "stops": "Bres, Bestorming, Montigny, Kasteelplein, Museum, Broedermin, Pacificatie, Tropisch Instituut, Bolivarplaats, Van Bree" }, "geometry": { "type": "Point", "coordinates": [ 4.39743029593677, 51.206914802424812 ] } },
{ "type": "Feature", "properties": { "id": 21551427, "title": "Apartment", "subtype": "APARTMENT", "street": "Prins Leopoldlei 4 box 2", "postal_code": "2640", "locality": "MORTSEL", "place": "", "floor": 2, "bedrooms": 2, "surface_m2": 80.0, "rent_eur": 900, "costs_eur": 25, "total_eur": 925, "eur_per_m2": 11.2, "agency": "Habicom Vastgoed", "flag": null, "updated": "2026-09-07T03:24:25.169Z", "image": "https://media-resize.immowebstatic.be/classifieds/c552d0f1-0a90-46ef-b9ac-0a1e7ddb132d/100x100/fe600c84033c017f6bf4ec609c78dac2.jpg", "image_large": "https://media-resize.immowebstatic.be/classifieds/c552d0f1-0a90-46ef-b9ac-0a1e7ddb132d/736x736/fe600c84033c017f6bf4ec609c78dac2.jpg", "photos": "https://media-resize.immowebstatic.be/classifieds/c552d0f1-0a90-46ef-b9ac-0a1e7ddb132d/736x736/fe600c84033c017f6bf4ec609c78dac2.jpg|https://media-resize.immowebstatic.be/classifieds/c552d0f1-0a90-46ef-b9ac-0a1e7ddb132d/736x736/f193005f5004f162f47c041ffac46759.jpg|https://media-resize.immowebstatic.be/classifieds/c552d0f1-0a90-46ef-b9ac-0a1e7ddb132d/736x736/ab82ac04d8f00420b112ada1d95f5ccc.jpg|https://media-resize.immowebstatic.be/classifieds/c552d0f1-0a90-46ef-b9ac-0a1e7ddb132d/736x736/605dd50b10a9e3c0164045bb7adfc1d6.jpg", "url": "https://www.immoweb.be/en/classified/21551427", "lines": "7,A3", "line_count": 2, "nearest_stop": "Station Oude God", "nearest_stop_m": 70, "stop_count": 8, "stops": "Station Oude God, Mortsel, Gemeenteplein, Kerkstraat, Vredebaan" }, "geometry": { "type": "Point", "coordinates": [ 4.455134595918685, 51.169991002441819 ] } },
{ "type": "Feature", "properties": { "id": 21865617, "title": null, "subtype": "APARTMENT", "street": "Boomsesteenweg 508", "postal_code": "2610", "locality": "Antwerpen", "place": null, "floor": 2, "bedrooms": 2, "surface_m2": 80.0, "rent_eur": 900, "costs_eur": 30, "total_eur": 930, "eur_per_m2": 11.2, "agency": "PRIVATE", "flag": "new", "updated": "2026-09-24T12:46:16.917Z", "image": "https://media-resize.immowebstatic.be/classifieds/be90c747-5aae-4594-83c2-6fd94430d459/100x100/4ecda2278901a72043a3d3fe39a83712.jpg", "image_large": "https://media-resize.immowebstatic.be/classifieds/be90c747-5aae-4594-83c2-6fd94430d459/736x736/4ecda2278901a72043a3d3fe39a83712.jpg", "photos": "https://media-resize.immowebstatic.be/classifieds/be90c747-5aae-4594-83c2-6fd94430d459/736x736/4ecda2278901a72043a3d3fe39a83712.jpg|https://media-resize.immowebstatic.be/classifieds/be90c747-5aae-4594-83c2-6fd94430d459/736x736/f0ba3423b4edf841d5fed9745428d4f8.jpg|https://media-resize.immowebstatic.be/classifieds/be90c747-5aae-4594-83c2-6fd94430d459/736x736/3667cb26749cbc4b4fd5e346b0e08433.jpg|https://media-resize.immowebstatic.be/classifieds/be90c747-5aae-4594-83c2-6fd94430d459/736x736/5116cccc206c5e9d5ea5daed2e7d9f57.jpg", "url": "https://www.immoweb.be/en/classified/21865617", "lines": "2,6", "line_count": 2, "nearest_stop": "De Bosschaert", "nearest_stop_m": 141, "stop_count": 13, "stops": "De Bosschaert, Kruishof, P+R Olympiade, Olympiade, Schijfwerper, Volhardingstraat, Sportstraat" }, "geometry": { "type": "Point", "coordinates": [ 4.389518095936208, 51.182830002430855 ] } },
{ "type": "Feature", "properties": { "id": 21897806, "title": "2 slaapkamer appartement te Antwerpen", "subtype": "APARTMENT", "street": "Plantin en Moretuslei 130 box 301", "postal_code": "2018", "locality": "Antwerpen (2018)", "place": "", "floor": 3, "bedrooms": 2, "surface_m2": 75.0, "rent_eur": 900, "costs_eur": 180, "total_eur": 1080, "eur_per_m2": 12.0, "agency": "VB Vastgoed Antwerpen", "flag": "new", "updated": "2026-10-07T20:02:49.599Z", "image": "https://media-resize.immowebstatic.be/classifieds/85c649c8-8e09-467d-9f99-3a50679063f0/100x100/1b309fd0e38de3da1b439ebe421f9a15.jpg", "image_large": "https://media-resize.immowebstatic.be/classifieds/85c649c8-8e09-467d-9f99-3a50679063f0/736x736/1b309fd0e38de3da1b439ebe421f9a15.jpg", "photos": "https://media-resize.immowebstatic.be/classifieds/85c649c8-8e09-467d-9f99-3a50679063f0/736x736/1b309fd0e38de3da1b439ebe421f9a15.jpg|https://media-resize.immowebstatic.be/classifieds/85c649c8-8e09-467d-9f99-3a50679063f0/736x736/069736a607524cd7d8109fd89a49730f.jpg|https://media-resize.immowebstatic.be/classifieds/85c649c8-8e09-467d-9f99-3a50679063f0/736x736/1e50e9365a59277c73d13143738bff54.jpg|https://media-resize.immowebstatic.be/classifieds/85c649c8-8e09-467d-9f99-3a50679063f0/736x736/209486f7ba6fa997d53c313afa1c7556.jpg", "url": "https://www.immoweb.be/en/classified/21897806", "lines": "4,11,24,A9", "line_count": 4, "nearest_stop": "Van Ruusbroec", "nearest_stop_m": 247, "stop_count": 21, "stops": "Van Ruusbroec, Dageraadplaats, Plantin & Moretus, Draakplaats, Zurenborg, Lente, Cuperus, Drink, Lamorinièrestraat, Ploeg" }, "geometry": { "type": "Point", "coordinates": [ 4.429842795929037, 51.209365602427695 ] } },
{ "type": "Feature", "properties": { "id": 21895773, "title": null, "subtype": "APARTMENT", "street": "Sprinkhaanveldestraat 26 26 box 201", "postal_code": "2150", "locality": "Borsbeek", "place": null, "floor": 2, "bedrooms": 2, "surface_m2": 87.0, "rent_eur": 900, "costs_eur": 10, "total_eur": 910, "eur_per_m2": 10.3, "agency": "Hans Vastgoed", "flag": "new", "updated": "2026-10-07T09:05:58.010Z", "image": "https://media-resize.immowebstatic.be/classifieds/bf28294a-33cb-4e0c-9fe8-0e81d33c320f/100x100/7f5c6956d2841ed4f1f2180088e4f4f4.jpg", "image_large": "https://media-resize.immowebstatic.be/classifieds/bf28294a-33cb-4e0c-9fe8-0e81d33c320f/736x736/7f5c6956d2841ed4f1f2180088e4f4f4.jpg", "photos": "https://media-resize.immowebstatic.be/classifieds/bf28294a-33cb-4e0c-9fe8-0e81d33c320f/736x736/7f5c6956d2841ed4f1f2180088e4f4f4.jpg|https://media-resize.immowebstatic.be/classifieds/bf28294a-33cb-4e0c-9fe8-0e81d33c320f/736x736/05a7d8c305e85f88ee716d6154144840.jpg|https://media-resize.immowebstatic.be/classifieds/bf28294a-33cb-4e0c-9fe8-0e81d33c320f/736x736/bdbb803ca0515fd07da2da665c5699dc.jpg|https://media-resize.immowebstatic.be/classifieds/bf28294a-33cb-4e0c-9fe8-0e81d33c320f/736x736/5f6b55ee2e9364da3a23c9e159787a20.jpg", "url": "https://www.immoweb.be/en/classified/21895773", "lines": "24", "line_count": 1, "nearest_stop": "Wommelgem Krijgsbaan", "nearest_stop_m": 544, "stop_count": 3, "stops": "Wommelgem Krijgsbaan, Silsburg, Deurne Dassastraat" }, "geometry": { "type": "Point", "coordinates": [ 4.483225895914753, 51.198708802436634 ] } },
{ "type": "Feature", "properties": { "id": 21868553, "title": null, "subtype": "APARTMENT", "street": "Hof Ter Lo 9 box 11", "postal_code": "2140", "locality": "Borgerhout", "place": null, "floor": 1, "bedrooms": 2, "surface_m2": 90.0, "rent_eur": 910, "costs_eur": 120, "total_eur": 1030, "eur_per_m2": 10.1, "agency": "PRIVATE", "flag": "new", "updated": "2026-10-04T12:47:03.964Z", "image": "https://media-resize.immowebstatic.be/classifieds/cc70f0d3-b97c-4fb7-b87c-f3f31ba256a5/100x100/0323d5d72ec11d772591084db32872cf.jpg", "image_large": "https://media-resize.immowebstatic.be/classifieds/cc70f0d3-b97c-4fb7-b87c-f3f31ba256a5/736x736/0323d5d72ec11d772591084db32872cf.jpg", "photos": "https://media-resize.immowebstatic.be/classifieds/cc70f0d3-b97c-4fb7-b87c-f3f31ba256a5/736x736/0323d5d72ec11d772591084db32872cf.jpg|https://media-resize.immowebstatic.be/classifieds/cc70f0d3-b97c-4fb7-b87c-f3f31ba256a5/736x736/68f2c6931f2d23cfa2e9aa6d89f7cec7.jpg|https://media-resize.immowebstatic.be/classifieds/cc70f0d3-b97c-4fb7-b87c-f3f31ba256a5/736x736/1b7d83d2804f0cf58eee6278bb6fa59a.jpg|https://media-resize.immowebstatic.be/classifieds/cc70f0d3-b97c-4fb7-b87c-f3f31ba256a5/736x736/a678ec97c5acba03e40fb83bb4388854.jpg", "url": "https://www.immoweb.be/en/classified/21868553", "lines": "10,24", "line_count": 2, "nearest_stop": "Hof Ter Lo", "nearest_stop_m": 206, "stop_count": 10, "stops": "Hof Ter Lo, Cogelsplein, Stenenbrug, De Roma, Joe English" }, "geometry": { "type": "Point", "coordinates": [ 4.447069695925831, 51.219352002426739 ] } },
{ "type": "Feature", "properties": { "id": 21860109, "title": null, "subtype": "APARTMENT", "street": "Kronenburgstraat 41 box 202", "postal_code": "2000", "locality": "Antwerpen", "place": "Antwerpen Centrum", "floor": 2, "bedrooms": 2, "surface_m2": 92.0, "rent_eur": 920, "costs_eur": 155, "total_eur": 1075, "eur_per_m2": 10.0, "agency": "AG VESPA", "flag": null, "updated": "2026-09-23T07:59:43.228Z", "image": "https://media-resize.immowebstatic.be/classifieds/9f036441-29b1-4ae2-b502-8105af5012f0/100x100/80e8bd1c62b1a7d675823cfcd7bf1f02.jpg", "image_large": "https://media-resize.immowebstatic.be/classifieds/9f036441-29b1-4ae2-b502-8105af5012f0/736x736/80e8bd1c62b1a7d675823cfcd7bf1f02.jpg", "photos": "https://media-resize.immowebstatic.be/classifieds/9f036441-29b1-4ae2-b502-8105af5012f0/736x736/80e8bd1c62b1a7d675823cfcd7bf1f02.jpg|https://media-resize.immowebstatic.be/classifieds/9f036441-29b1-4ae2-b502-8105af5012f0/736x736/ed9f157336667c2e9de666d07c72c753.jpg|https://media-resize.immowebstatic.be/classifieds/9f036441-29b1-4ae2-b502-8105af5012f0/736x736/ccf9469930cc9b8c32120702485d9465.jpg|https://media-resize.immowebstatic.be/classifieds/9f036441-29b1-4ae2-b502-8105af5012f0/736x736/4591c623ce7ad8e7d929bfe85dc26b00.jpg", "url": "https://www.immoweb.be/en/classified/21860109", "lines": "1,4,7,10", "line_count": 4, "nearest_stop": "Tropisch Instituut", "nearest_stop_m": 38, "stop_count": 20, "stops": "Tropisch Instituut, Sint-Andries, Museum, Bres, Kasteelplein, Mechelseplein, Bestorming, Oudaan, Montigny, Groenplaats" }, "geometry": { "type": "Point", "coordinates": [ 4.396712195937512, 51.212333702423173 ] } },
{ "type": "Feature", "properties": { "id": 21731650, "title": null, "subtype": "APARTMENT", "street": "Boekenberglei 45", "postal_code": "2100", "locality": "Antwerpen Deurne", "place": null, "floor": 2, "bedrooms": 2, "surface_m2": null, "rent_eur": 935, "costs_eur": 50, "total_eur": 985, "eur_per_m2": null, "agency": "Hans Vastgoed", "flag": null, "updated": "2026-09-10T12:03:15.866Z", "image": "https://media-resize.immowebstatic.be/classifieds/fb1bc5da-aa75-40f0-83bc-f5c7f3bd6e40/100x100/182055e8e5f73565c792861ad7595ae3.jpg", "image_large": "https://media-resize.immowebstatic.be/classifieds/fb1bc5da-aa75-40f0-83bc-f5c7f3bd6e40/736x736/182055e8e5f73565c792861ad7595ae3.jpg", "photos": "https://media-resize.immowebstatic.be/classifieds/fb1bc5da-aa75-40f0-83bc-f5c7f3bd6e40/736x736/182055e8e5f73565c792861ad7595ae3.jpg|https://media-resize.immowebstatic.be/classifieds/fb1bc5da-aa75-40f0-83bc-f5c7f3bd6e40/736x736/6a768b98566c68bd9d823e94851acb9e.jpg|https://media-resize.immowebstatic.be/classifieds/fb1bc5da-aa75-40f0-83bc-f5c7f3bd6e40/736x736/ee18c17c59e4ba39eb10fd3429e9574f.jpg|https://media-resize.immowebstatic.be/classifieds/fb1bc5da-aa75-40f0-83bc-f5c7f3bd6e40/736x736/63c6876a5bae42abc590bf5d5dc8b34b.jpg", "url": "https://www.immoweb.be/en/classified/21731650", "lines": "8,24", "line_count": 2, "nearest_stop": "Waterbaan", "nearest_stop_m": 646, "stop_count": 5, "stops": "Waterbaan, Florent Pauwels" }, "geometry": { "type": "Point", "coordinates": [ 4.462323695920271, 51.202149602433366 ] } },
{ "type": "Feature", "properties": { "id": 21879936, "title": null, "subtype": "APARTMENT", "street": "Ruggeveldlaan 798 box 501", "postal_code": "2100", "locality": "Deurne", "place": null, "floor": 5, "bedrooms": 2, "surface_m2": null, "rent_eur": 950, "costs_eur": 250, "total_eur": 1200, "eur_per_m2": null, "agency": "One Vastgoed", "flag": "new", "updated": "2026-10-05T12:11:46.426Z", "image": "https://media-resize.immowebstatic.be/classifieds/c747ba72-1e5f-409a-95ec-6b316c9ff9a7/100x100/a450eccfeb304b8e36a6277c5819d30a.jpg", "image_large": "https://media-resize.immowebstatic.be/classifieds/c747ba72-1e5f-409a-95ec-6b316c9ff9a7/736x736/a450eccfeb304b8e36a6277c5819d30a.jpg", "photos": "https://media-resize.immowebstatic.be/classifieds/c747ba72-1e5f-409a-95ec-6b316c9ff9a7/736x736/a450eccfeb304b8e36a6277c5819d30a.jpg|https://media-resize.immowebstatic.be/classifieds/c747ba72-1e5f-409a-95ec-6b316c9ff9a7/736x736/37cf519d670fa0b5812fea7fd8c1d3ae.jpg|https://media-resize.immowebstatic.be/classifieds/c747ba72-1e5f-409a-95ec-6b316c9ff9a7/736x736/d73d28c578e90c3abccd2574c50bdffb.jpg|https://media-resize.immowebstatic.be/classifieds/c747ba72-1e5f-409a-95ec-6b316c9ff9a7/736x736/2136f2ac700675338f4cfd8ba5e69c32.jpg", "url": "https://www.immoweb.be/en/classified/21879936", "lines": "A9", "line_count": 1, "nearest_stop": "Ruggeveldlaan", "nearest_stop_m": 43, "stop_count": 9, "stops": "Ruggeveldlaan, Van Overmeire, Hermans, Antwerp stadion, Frans Van Dijck" }, "geometry": { "type": "Point", "coordinates": [ 4.479503995919052, 51.231097002426957 ] } },
{ "type": "Feature", "properties": { "id": 21684605, "title": "Apartment", "subtype": "APARTMENT", "street": "Zeelandstraat 69 box C104", "postal_code": "2660", "locality": "Hoboken", "place": "", "floor": 1, "bedrooms": 2, "surface_m2": 86.0, "rent_eur": 950, "costs_eur": 100, "total_eur": 1050, "eur_per_m2": 11.0, "agency": "Heylen Vastgoed Antwerpen", "flag": null, "updated": "2026-09-15T15:13:59.515Z", "image": "https://media-resize.immowebstatic.be/classifieds/412f8a92-d323-495a-b9ab-5c8aa8c95337/100x100/d034a67cdf7eaf679c69e1a0648967e9.jpg", "image_large": "https://media-resize.immowebstatic.be/classifieds/412f8a92-d323-495a-b9ab-5c8aa8c95337/736x736/d034a67cdf7eaf679c69e1a0648967e9.jpg", "photos": "https://media-resize.immowebstatic.be/classifieds/412f8a92-d323-495a-b9ab-5c8aa8c95337/736x736/d034a67cdf7eaf679c69e1a0648967e9.jpg|https://media-resize.immowebstatic.be/classifieds/412f8a92-d323-495a-b9ab-5c8aa8c95337/736x736/f71f9f244fbbafe46a9b7e84f66ba1e5.jpg|https://media-resize.immowebstatic.be/classifieds/412f8a92-d323-495a-b9ab-5c8aa8c95337/736x736/ef6bd482a6c25d833696f6454c7e045c.jpg|https://media-resize.immowebstatic.be/classifieds/412f8a92-d323-495a-b9ab-5c8aa8c95337/736x736/c37895a002d62033f4e2b23b42bc7138.jpg", "url": "https://www.immoweb.be/en/classified/21684605", "lines": "2,4,10", "line_count": 3, "nearest_stop": "Grens Kiel", "nearest_stop_m": 176, "stop_count": 10, "stops": "Grens Kiel, Zwaantjes, Sportstraat, Abdijstraat" }, "geometry": { "type": "Point", "coordinates": [ 4.372208895940815, 51.18613900242795 ] } },
{ "type": "Feature", "properties": { "id": 21828763, "title": null, "subtype": "APARTMENT", "street": "Blijde-Inkomststraat 53", "postal_code": "2140", "locality": "Antwerpen", "place": null, "floor": 1, "bedrooms": 2, "surface_m2": 90.0, "rent_eur": 950, "costs_eur": 0, "total_eur": 950, "eur_per_m2": 10.6, "agency": "PRIVATE", "flag": "under_option", "updated": "2026-09-24T06:18:27.300Z", "image": "https://media-resize.immowebstatic.be/classifieds/c8d405c6-223c-48f2-8f5c-ccda9c579e69/100x100/81c63c3bdc35cf15d2b31dec00dcce7a.jpg", "image_large": "https://media-resize.immowebstatic.be/classifieds/c8d405c6-223c-48f2-8f5c-ccda9c579e69/736x736/81c63c3bdc35cf15d2b31dec00dcce7a.jpg", "photos": "https://media-resize.immowebstatic.be/classifieds/c8d405c6-223c-48f2-8f5c-ccda9c579e69/736x736/81c63c3bdc35cf15d2b31dec00dcce7a.jpg|https://media-resize.immowebstatic.be/classifieds/c8d405c6-223c-48f2-8f5c-ccda9c579e69/736x736/f97732bfd42870712ce54eeefc3bccc6.jpg|https://media-resize.immowebstatic.be/classifieds/c8d405c6-223c-48f2-8f5c-ccda9c579e69/736x736/0c360e34f0eb6ec8d5b5c064074418ce.jpg|https://media-resize.immowebstatic.be/classifieds/c8d405c6-223c-48f2-8f5c-ccda9c579e69/736x736/951afed27d38fb2547fa64ead4e431aa.jpg", "url": "https://www.immoweb.be/en/classified/21828763", "lines": "24", "line_count": 1, "nearest_stop": "De Roma", "nearest_stop_m": 284, "stop_count": 8, "stops": "De Roma, Drink, Stenenbrug, Joe English" }, "geometry": { "type": "Point", "coordinates": [ 4.437710295927401, 51.212284902427726 ] } },
{ "type": "Feature", "properties": { "id": 21824602, "title": "Apartment", "subtype": "APARTMENT", "street": "Pieter van Isackerlaan 11 box 2", "postal_code": "2100", "locality": "DEURNE", "place": "", "floor": 2, "bedrooms": 2, "surface_m2": 70.0, "rent_eur": 950, "costs_eur": 35, "total_eur": 985, "eur_per_m2": 13.6, "agency": "Activa Real Estate", "flag": null, "updated": "2026-10-06T21:17:28.885Z", "image": "https://media-resize.immowebstatic.be/classifieds/715e3abf-7413-4afa-ab1b-2e8422adb8eb/100x100/4e85d2dfbf44c514b6a3b16f02bf991a.jpg", "image_large": "https://media-resize.immowebstatic.be/classifieds/715e3abf-7413-4afa-ab1b-2e8422adb8eb/736x736/4e85d2dfbf44c514b6a3b16f02bf991a.jpg", "photos": "https://media-resize.immowebstatic.be/classifieds/715e3abf-7413-4afa-ab1b-2e8422adb8eb/736x736/4e85d2dfbf44c514b6a3b16f02bf991a.jpg|https://media-resize.immowebstatic.be/classifieds/715e3abf-7413-4afa-ab1b-2e8422adb8eb/736x736/942922065063b72c755693b5fe6947db.jpg|https://media-resize.immowebstatic.be/classifieds/715e3abf-7413-4afa-ab1b-2e8422adb8eb/736x736/d7ac1fb9c29e0a9c9ac61c4d40355a5a.jpg|https://media-resize.immowebstatic.be/classifieds/715e3abf-7413-4afa-ab1b-2e8422adb8eb/736x736/cfe2067469b8cc55a7cbadcb8edbb6ea.jpg", "url": "https://www.immoweb.be/en/classified/21824602", "lines": "8,24", "line_count": 2, "nearest_stop": "Muggenberg", "nearest_stop_m": 313, "stop_count": 8, "stops": "Muggenberg, Morckhoven, Waterbaan, Joe English" }, "geometry": { "type": "Point", "coordinates": [ 4.4586082959222, 51.211836802430156 ] } },
{ "type": "Feature", "properties": { "id": 21880744, "title": "Apartment", "subtype": "APARTMENT", "street": "Potvlietlaan 1 box 1002", "postal_code": "2600", "locality": "Berchem", "place": "", "floor": 10, "bedrooms": 2, "surface_m2": 82.0, "rent_eur": 950, "costs_eur": 175, "total_eur": 1125, "eur_per_m2": 11.6, "agency": "Heylen Vastgoed Antwerpen", "flag": "new", "updated": "2026-10-03T04:28:01.618Z", "image": "https://media-resize.immowebstatic.be/classifieds/d9915247-9994-4d83-b53e-a96a5ac04828/100x100/2cff5f6bf07b1abb01c2a4fb1303fb14.jpg", "image_large": "https://media-resize.immowebstatic.be/classifieds/d9915247-9994-4d83-b53e-a96a5ac04828/736x736/2cff5f6bf07b1abb01c2a4fb1303fb14.jpg", "photos": "https://media-resize.immowebstatic.be/classifieds/d9915247-9994-4d83-b53e-a96a5ac04828/736x736/2cff5f6bf07b1abb01c2a4fb1303fb14.jpg|https://media-resize.immowebstatic.be/classifieds/d9915247-9994-4d83-b53e-a96a5ac04828/736x736/1fdbd07bbcaef6c33473778c0bcb8f9d.jpg|https://media-resize.immowebstatic.be/classifieds/d9915247-9994-4d83-b53e-a96a5ac04828/736x736/f81b28b1855c4ddc61e1e6fe5e1ad30d.jpg|https://media-resize.immowebstatic.be/classifieds/d9915247-9994-4d83-b53e-a96a5ac04828/736x736/e61da037e9716488a3f79ae6ac2cad54.jpg", "url": "https://www.immoweb.be/en/classified/21880744", "lines": "4,11,A9", "line_count": 3, "nearest_stop": "Keerlus Groenenhoek", "nearest_stop_m": 416, "stop_count": 6, "stops": "Keerlus Groenenhoek, Berchem Station, Draakplaats" }, "geometry": { "type": "Point", "coordinates": [ 4.442410695925332, 51.203551502430749 ] } },
{ "type": "Feature", "properties": { "id": 21837001, "title": null, "subtype": "APARTMENT", "street": "Van Dijckstraat 45 box 2", "postal_code": "2640", "locality": "Mortsel", "place": null, "floor": 2, "bedrooms": 2, "surface_m2": 80.0, "rent_eur": 950, "costs_eur": 0, "total_eur": 950, "eur_per_m2": 11.9, "agency": "PRIVATE", "flag": null, "updated": "2026-09-13T16:37:22.013Z", "image": "https://media-resize.immowebstatic.be/classifieds/ebcefd0d-0334-4121-b502-e6f8b1d0c857/100x100/e926cd784830b5f934940e224b6fc836.jpg", "image_large": "https://media-resize.immowebstatic.be/classifieds/ebcefd0d-0334-4121-b502-e6f8b1d0c857/736x736/e926cd784830b5f934940e224b6fc836.jpg", "photos": "https://media-resize.immowebstatic.be/classifieds/ebcefd0d-0334-4121-b502-e6f8b1d0c857/736x736/e926cd784830b5f934940e224b6fc836.jpg|https://media-resize.immowebstatic.be/classifieds/ebcefd0d-0334-4121-b502-e6f8b1d0c857/736x736/7a29660c8a473bf0d236f7cea14c4017.jpg|https://media-resize.immowebstatic.be/classifieds/ebcefd0d-0334-4121-b502-e6f8b1d0c857/736x736/48707334852a82c18d5eeaf50fbac533.jpg|https://media-resize.immowebstatic.be/classifieds/ebcefd0d-0334-4121-b502-e6f8b1d0c857/736x736/dd8ceea30f3b5aa0267634e5df7b808d.jpg", "url": "https://www.immoweb.be/en/classified/21837001", "lines": "A3", "line_count": 1, "nearest_stop": "Kaphaan", "nearest_stop_m": 474, "stop_count": 5, "stops": "Kaphaan, Kerkstraat, Hof Savelkoul" }, "geometry": { "type": "Point", "coordinates": [ 4.467357295915194, 51.165467602444465 ] } },
{ "type": "Feature", "properties": { "id": 21853524, "title": null, "subtype": "APARTMENT", "street": "Lambrechtshoekenlaan 168", "postal_code": "2170", "locality": "Merksem", "place": null, "floor": 2, "bedrooms": 2, "surface_m2": 85.0, "rent_eur": 950, "costs_eur": 0, "total_eur": 950, "eur_per_m2": 11.2, "agency": "Verlat Antwerpen", "flag": null, "updated": "2026-09-19T14:07:52.594Z", "image": "https://media-resize.immowebstatic.be/classifieds/24a0e21f-12fb-48cc-b72b-84a1639e41bb/100x100/d07d911d3440fb92a0964ba56299fb99.jpg", "image_large": "https://media-resize.immowebstatic.be/classifieds/24a0e21f-12fb-48cc-b72b-84a1639e41bb/736x736/d07d911d3440fb92a0964ba56299fb99.jpg", "photos": "https://media-resize.immowebstatic.be/classifieds/24a0e21f-12fb-48cc-b72b-84a1639e41bb/736x736/d07d911d3440fb92a0964ba56299fb99.jpg|https://media-resize.immowebstatic.be/classifieds/24a0e21f-12fb-48cc-b72b-84a1639e41bb/736x736/5253f5bbae457efca9f1b55a480bb009.jpg|https://media-resize.immowebstatic.be/classifieds/24a0e21f-12fb-48cc-b72b-84a1639e41bb/736x736/cf9d8c347fa067163b9efc111b4f69f0.jpg|https://media-resize.immowebstatic.be/classifieds/24a0e21f-12fb-48cc-b72b-84a1639e41bb/736x736/2532124ef8806bc7357d8b904b089b0c.jpg", "url": "https://www.immoweb.be/en/classified/21853524", "lines": "6", "line_count": 1, "nearest_stop": "Lambrechtshoeken", "nearest_stop_m": 678, "stop_count": 2, "stops": "Lambrechtshoeken" }, "geometry": { "type": "Point", "coordinates": [ 4.433171295932362, 51.249145802416663 ] } },
{ "type": "Feature", "properties": { "id": 21886442, "title": null, "subtype": "APARTMENT", "street": "Prins Boudewijnlaan 140 box 102", "postal_code": "2610", "locality": "Antwerpen", "place": null, "floor": 0, "bedrooms": 2, "surface_m2": 91.0, "rent_eur": 950, "costs_eur": 0, "total_eur": 950, "eur_per_m2": 10.4, "agency": "Vastgoed Walther Van Hoof", "flag": "new", "updated": "2026-10-06T08:01:51.289Z", "image": "https://media-resize.immowebstatic.be/classifieds/bb528058-fde9-4806-814a-f1973186d85d/100x100/2f3e2e00306f2673027dbd169ba64157.jpg", "image_large": "https://media-resize.immowebstatic.be/classifieds/bb528058-fde9-4806-814a-f1973186d85d/736x736/2f3e2e00306f2673027dbd169ba64157.jpg", "photos": "https://media-resize.immowebstatic.be/classifieds/bb528058-fde9-4806-814a-f1973186d85d/736x736/2f3e2e00306f2673027dbd169ba64157.jpg|https://media-resize.immowebstatic.be/classifieds/bb528058-fde9-4806-814a-f1973186d85d/736x736/7512daa011a9258cbfb7ef4d5b7c260a.jpg|https://media-resize.immowebstatic.be/classifieds/bb528058-fde9-4806-814a-f1973186d85d/736x736/d1674004540f3d14ef54c8ebca4847f1.jpg|https://media-resize.immowebstatic.be/classifieds/bb528058-fde9-4806-814a-f1973186d85d/736x736/499c1e48446d257dd6a6667ed4439931.jpg", "url": "https://www.immoweb.be/en/classified/21886442", "lines": "7,A3", "line_count": 2, "nearest_stop": "Fruithoflaan", "nearest_stop_m": 766, "stop_count": 2, "stops": "Fruithoflaan" }, "geometry": { "type": "Point", "coordinates": [ 4.424810295926718, 51.175260202436945 ] } },
{ "type": "Feature", "properties": { "id": 21888579, "title": null, "subtype": "APARTMENT", "street": "Fredegandus Van Rielstraat 21", "postal_code": "2100", "locality": "Antwerpen", "place": null, "floor": 1, "bedrooms": 2, "surface_m2": 80.0, "rent_eur": 965, "costs_eur": 28, "total_eur": 993, "eur_per_m2": 12.1, "agency": "PRIVATE", "flag": "new", "updated": "2026-10-04T16:36:36.768Z", "image": "https://media-resize.immowebstatic.be/classifieds/43130c64-103f-45ce-afaf-263b49bb12f1/100x100/fe98a353f977c9ef234849e817514a70.jpg", "image_large": "https://media-resize.immowebstatic.be/classifieds/43130c64-103f-45ce-afaf-263b49bb12f1/736x736/fe98a353f977c9ef234849e817514a70.jpg", "photos": "https://media-resize.immowebstatic.be/classifieds/43130c64-103f-45ce-afaf-263b49bb12f1/736x736/fe98a353f977c9ef234849e817514a70.jpg|https://media-resize.immowebstatic.be/classifieds/43130c64-103f-45ce-afaf-263b49bb12f1/736x736/088283a9cbf00aa187a1cacbd5754cb7.jpg|https://media-resize.immowebstatic.be/classifieds/43130c64-103f-45ce-afaf-263b49bb12f1/736x736/1fd1b88386f024c9a10a7c3eaadbcdd6.jpg|https://media-resize.immowebstatic.be/classifieds/43130c64-103f-45ce-afaf-263b49bb12f1/736x736/ebe6046a50f5c8c106a92a9a5232ec4e.jpg", "url": "https://www.immoweb.be/en/classified/21888579", "lines": "8,24", "line_count": 2, "nearest_stop": "Van Riel", "nearest_stop_m": 94, "stop_count": 8, "stops": "Van Riel, Deurne Dassastraat, Florent Pauwels, Silsburg" }, "geometry": { "type": "Point", "coordinates": [ 4.475984795917665, 51.209462602432779 ] } },
{ "type": "Feature", "properties": { "id": 21898780, "title": "Apartment", "subtype": "APARTMENT", "street": "Zeelandstraat 71 box 403", "postal_code": "2660", "locality": "Hoboken", "place": "", "floor": 4, "bedrooms": 2, "surface_m2": 73.0, "rent_eur": 970, "costs_eur": 75, "total_eur": 1045, "eur_per_m2": 13.3, "agency": "Heylen Vastgoed Antwerpen", "flag": "new", "updated": "2026-10-08T09:19:13.837Z", "image": "https://media-resize.immowebstatic.be/classifieds/25b72ef6-9693-463c-b540-12b3901c1346/100x100/171eaffcc70b465840ced717a0339b63.jpg", "image_large": "https://media-resize.immowebstatic.be/classifieds/25b72ef6-9693-463c-b540-12b3901c1346/736x736/171eaffcc70b465840ced717a0339b63.jpg", "photos": "https://media-resize.immowebstatic.be/classifieds/25b72ef6-9693-463c-b540-12b3901c1346/736x736/171eaffcc70b465840ced717a0339b63.jpg|https://media-resize.immowebstatic.be/classifieds/25b72ef6-9693-463c-b540-12b3901c1346/736x736/bcb53123613551b1e025da21f4388910.jpg|https://media-resize.immowebstatic.be/classifieds/25b72ef6-9693-463c-b540-12b3901c1346/736x736/68b3083e64f25abc76f9f2a335f09182.jpg|https://media-resize.immowebstatic.be/classifieds/25b72ef6-9693-463c-b540-12b3901c1346/736x736/af6cff3dddb1a357a912ec1bf80778bd.jpg", "url": "https://www.immoweb.be/en/classified/21898780", "lines": "2,4,10", "line_count": 3, "nearest_stop": "Grens Kiel", "nearest_stop_m": 162, "stop_count": 10, "stops": "Grens Kiel, Zwaantjes, Sportstraat, Abdijstraat" }, "geometry": { "type": "Point", "coordinates": [ 4.372482295940762, 51.186298702427962 ] } },
{ "type": "Feature", "properties": { "id": 21894476, "title": null, "subtype": "APARTMENT", "street": "Van Montfortstraat 40 box 2", "postal_code": "2140", "locality": "Antwerpen Borgerhout", "place": null, "floor": 1, "bedrooms": 2, "surface_m2": 74.0, "rent_eur": 970, "costs_eur": 30, "total_eur": 1000, "eur_per_m2": 13.1, "agency": "Immo C & S", "flag": "new", "updated": "2026-10-06T16:00:19.540Z", "image": "https://media-resize.immowebstatic.be/classifieds/18622293-685f-46ef-9385-e45228ce25f0/100x100/d48a5247ed8f1ce0cc198471c2125529.jpg", "image_large": "https://media-resize.immowebstatic.be/classifieds/18622293-685f-46ef-9385-e45228ce25f0/736x736/d48a5247ed8f1ce0cc198471c2125529.jpg", "photos": "https://media-resize.immowebstatic.be/classifieds/18622293-685f-46ef-9385-e45228ce25f0/736x736/d48a5247ed8f1ce0cc198471c2125529.jpg|https://media-resize.immowebstatic.be/classifieds/18622293-685f-46ef-9385-e45228ce25f0/736x736/c3a1cf72a9d30fcab7b017f2e65b8009.jpg|https://media-resize.immowebstatic.be/classifieds/18622293-685f-46ef-9385-e45228ce25f0/736x736/fbb1d05dda829b1932e577d9f7abb741.jpg|https://media-resize.immowebstatic.be/classifieds/18622293-685f-46ef-9385-e45228ce25f0/736x736/7c4ab3299ef37886f33257c98175ca50.jpg", "url": "https://www.immoweb.be/en/classified/21894476", "lines": "24", "line_count": 1, "nearest_stop": "Drink", "nearest_stop_m": 526, "stop_count": 7, "stops": "Drink, De Roma, Kerkstraat, Stenenbrug" }, "geometry": { "type": "Point", "coordinates": [ 4.437883295928076, 51.219148602425776 ] } },
{ "type": "Feature", "properties": { "id": 21697768, "title": "Apartment To Let", "subtype": "APARTMENT", "street": "Desguinlei 166 box 3", "postal_code": "2018", "locality": "Antwerpen", "place": null, "floor": 3, "bedrooms": 2, "surface_m2": 88.0, "rent_eur": 975, "costs_eur": 150, "total_eur": 1125, "eur_per_m2": 11.1, "agency": "Maison Celine", "flag": null, "updated": "2026-09-07T10:49:08.071Z", "image": "https://media-resize.immowebstatic.be/classifieds/55e776c4-69d9-4ae4-af17-6ce87c8fa589/100x100/6452dcb5c40793529c2cb2483d90e48a.jpg", "image_large": "https://media-resize.immowebstatic.be/classifieds/55e776c4-69d9-4ae4-af17-6ce87c8fa589/736x736/6452dcb5c40793529c2cb2483d90e48a.jpg", "photos": "https://media-resize.immowebstatic.be/classifieds/55e776c4-69d9-4ae4-af17-6ce87c8fa589/736x736/6452dcb5c40793529c2cb2483d90e48a.jpg|https://media-resize.immowebstatic.be/classifieds/55e776c4-69d9-4ae4-af17-6ce87c8fa589/736x736/0d402bc2477f38e8dc84c6699a31c72e.jpg|https://media-resize.immowebstatic.be/classifieds/55e776c4-69d9-4ae4-af17-6ce87c8fa589/736x736/81a7c405f697c4b3127afb7013bec02a.jpg|https://media-resize.immowebstatic.be/classifieds/55e776c4-69d9-4ae4-af17-6ce87c8fa589/736x736/ef772321d2646910d318727bc5fc04bc.jpg", "url": "https://www.immoweb.be/en/classified/21697768", "lines": "2,6", "line_count": 2, "nearest_stop": "deSingel", "nearest_stop_m": 133, "stop_count": 7, "stops": "deSingel, Antwerp Expo, Markgravelei, Provinciehuis" }, "geometry": { "type": "Point", "coordinates": [ 4.401451795934521, 51.194869102428704 ] } },
{ "type": "Feature", "properties": { "id": 21886791, "title": "Apartment", "subtype": "APARTMENT", "street": "Adrinkhovenlaan 33 box 202", "postal_code": "2150", "locality": "ANTWERPEN", "place": "", "floor": 2, "bedrooms": 2, "surface_m2": 80.0, "rent_eur": 975, "costs_eur": 41, "total_eur": 1016, "eur_per_m2": 12.2, "agency": "Sinjoor Makelaars", "flag": "new", "updated": "2026-10-04T03:51:08.070Z", "image": "https://media-resize.immowebstatic.be/classifieds/ac0e4571-b79c-4941-be7b-4dd502a525f4/100x100/6389be58788469e4918279a17271bea4.jpg", "image_large": "https://media-resize.immowebstatic.be/classifieds/ac0e4571-b79c-4941-be7b-4dd502a525f4/736x736/6389be58788469e4918279a17271bea4.jpg", "photos": "https://media-resize.immowebstatic.be/classifieds/ac0e4571-b79c-4941-be7b-4dd502a525f4/736x736/6389be58788469e4918279a17271bea4.jpg|https://media-resize.immowebstatic.be/classifieds/ac0e4571-b79c-4941-be7b-4dd502a525f4/736x736/e95a144b2c2ee9d143c56558b268b902.jpg|https://media-resize.immowebstatic.be/classifieds/ac0e4571-b79c-4941-be7b-4dd502a525f4/736x736/38f9b6fd6be0a7a77091ddef2e3ffeed.jpg|https://media-resize.immowebstatic.be/classifieds/ac0e4571-b79c-4941-be7b-4dd502a525f4/736x736/e4f26e643b53f71c2932a015fbe01a20.jpg", "url": "https://www.immoweb.be/en/classified/21886791", "lines": "24", "line_count": 1, "nearest_stop": "Wommelgem Krijgsbaan", "nearest_stop_m": 195, "stop_count": 4, "stops": "Wommelgem Krijgsbaan, Silsburg, Deurne Dassastraat" }, "geometry": { "type": "Point", "coordinates": [ 4.483637295914983, 51.201895702435763 ] } },
{ "type": "Feature", "properties": { "id": 21861169, "title": "Apartment", "subtype": "APARTMENT", "street": "Oranjestraat 117 box 201", "postal_code": "2060", "locality": "Antwerpen", "place": "", "floor": 2, "bedrooms": 2, "surface_m2": 64.0, "rent_eur": 975, "costs_eur": 60, "total_eur": 1035, "eur_per_m2": 15.2, "agency": "Heylen Vastgoed Antwerpen", "flag": "under_option", "updated": "2026-10-08T04:55:22.495Z", "image": "https://media-resize.immowebstatic.be/classifieds/48b177b6-15c5-4701-9560-f3a7de39dce1/100x100/25eb1059b1d674a1ffe25042b714ed93.jpg", "image_large": "https://media-resize.immowebstatic.be/classifieds/48b177b6-15c5-4701-9560-f3a7de39dce1/736x736/25eb1059b1d674a1ffe25042b714ed93.jpg", "photos": "https://media-resize.immowebstatic.be/classifieds/48b177b6-15c5-4701-9560-f3a7de39dce1/736x736/25eb1059b1d674a1ffe25042b714ed93.jpg|https://media-resize.immowebstatic.be/classifieds/48b177b6-15c5-4701-9560-f3a7de39dce1/736x736/a3a21967877bd852b441e6e7b478cb43.jpg|https://media-resize.immowebstatic.be/classifieds/48b177b6-15c5-4701-9560-f3a7de39dce1/736x736/6399dd792547fbd8d0e9c88a689cc91c.jpg|https://media-resize.immowebstatic.be/classifieds/48b177b6-15c5-4701-9560-f3a7de39dce1/736x736/f667e92eec663964ac07e7a275234ab3.jpg", "url": "https://www.immoweb.be/en/classified/21861169", "lines": "1,12,24", "line_count": 3, "nearest_stop": "Gasstraat", "nearest_stop_m": 274, "stop_count": 12, "stops": "Gasstraat, Stuivenbergplein, Sint-Gummarus, Viséstraat, Richard, Ziekenhuis Cadix, Paardenmarkt" }, "geometry": { "type": "Point", "coordinates": [ 4.424559995932335, 51.228507302421605 ] } },
{ "type": "Feature", "properties": { "id": 21861168, "title": "Apartment", "subtype": "APARTMENT", "street": "Potvlietlaan 1 box 43", "postal_code": "2600", "locality": "Berchem", "place": "", "floor": 11, "bedrooms": 2, "surface_m2": 81.0, "rent_eur": 975, "costs_eur": 175, "total_eur": 1150, "eur_per_m2": 12.0, "agency": "Heylen Vastgoed Antwerpen", "flag": null, "updated": "2026-09-26T04:32:34.841Z", "image": "https://media-resize.immowebstatic.be/classifieds/23d49eb8-388b-4696-837c-56888bb86412/100x100/cdc944b338b1f9dd00528b0cea84f464.jpg", "image_large": "https://media-resize.immowebstatic.be/classifieds/23d49eb8-388b-4696-837c-56888bb86412/736x736/cdc944b338b1f9dd00528b0cea84f464.jpg", "photos": "https://media-resize.immowebstatic.be/classifieds/23d49eb8-388b-4696-837c-56888bb86412/736x736/cdc944b338b1f9dd00528b0cea84f464.jpg|https://media-resize.immowebstatic.be/classifieds/23d49eb8-388b-4696-837c-56888bb86412/736x736/a0a6dccfe7d4a53a2dfd1469aedcc4fb.jpg|https://media-resize.immowebstatic.be/classifieds/23d49eb8-388b-4696-837c-56888bb86412/736x736/526cb18d8d80f29464cf9bc8b719ef8f.jpg|https://media-resize.immowebstatic.be/classifieds/23d49eb8-388b-4696-837c-56888bb86412/736x736/94c2b966f47f9338cb189bb2126ce68d.jpg", "url": "https://www.immoweb.be/en/classified/21861168", "lines": "4,11,A9", "line_count": 3, "nearest_stop": "Keerlus Groenenhoek", "nearest_stop_m": 416, "stop_count": 6, "stops": "Keerlus Groenenhoek, Berchem Station, Draakplaats" }, "geometry": { "type": "Point", "coordinates": [ 4.442410695925332, 51.203551502430749 ] } },
{ "type": "Feature", "properties": { "id": 21707957, "title": "Apartment", "subtype": "APARTMENT", "street": "Gallifortlei 23 box 101", "postal_code": "2100", "locality": "Deurne", "place": "", "floor": 1, "bedrooms": 2, "surface_m2": 92.0, "rent_eur": 980, "costs_eur": 0, "total_eur": 980, "eur_per_m2": 10.7, "agency": "Heylen Vastgoed Deurne", "flag": "under_option", "updated": "2026-09-29T20:19:27.177Z", "image": "https://media-resize.immowebstatic.be/classifieds/a086a221-85b7-4c36-aef7-e101b8d66392/100x100/a214d981b38e2d760ef8eb0f7bab1f79.jpg", "image_large": "https://media-resize.immowebstatic.be/classifieds/a086a221-85b7-4c36-aef7-e101b8d66392/736x736/a214d981b38e2d760ef8eb0f7bab1f79.jpg", "photos": "https://media-resize.immowebstatic.be/classifieds/a086a221-85b7-4c36-aef7-e101b8d66392/736x736/a214d981b38e2d760ef8eb0f7bab1f79.jpg|https://media-resize.immowebstatic.be/classifieds/a086a221-85b7-4c36-aef7-e101b8d66392/736x736/ab4efa4002c4d9dad63da255ad3e9fa2.jpg|https://media-resize.immowebstatic.be/classifieds/a086a221-85b7-4c36-aef7-e101b8d66392/736x736/b929d8f086fce15d77ce1f798bd0c2b1.jpg|https://media-resize.immowebstatic.be/classifieds/a086a221-85b7-4c36-aef7-e101b8d66392/736x736/106529ccdc55061b0e151468515d6343.jpg", "url": "https://www.immoweb.be/en/classified/21707957", "lines": "10,A9", "line_count": 2, "nearest_stop": "Gallifortlei", "nearest_stop_m": 123, "stop_count": 12, "stops": "Gallifortlei, Lunden, Cogelsplein, Venneborg, Craeybeckx, Clara Snellings" }, "geometry": { "type": "Point", "coordinates": [ 4.461300095922486, 51.220953502427847 ] } },
{ "type": "Feature", "properties": { "id": 21830788, "title": "Apartment", "subtype": "APARTMENT", "street": "Zeelandstraat 71 box 103", "postal_code": "2660", "locality": "HOBOKEN", "place": "", "floor": 1, "bedrooms": 2, "surface_m2": 73.0, "rent_eur": 980, "costs_eur": 85, "total_eur": 1065, "eur_per_m2": 13.4, "agency": "Heylen Vastgoed Antwerpen", "flag": null, "updated": "2026-09-15T15:15:10.807Z", "image": "https://media-resize.immowebstatic.be/classifieds/598e1ca2-ee5d-475f-a72f-e1506285c758/100x100/f51aeb874b223f08db7243a764782afc.jpg", "image_large": "https://media-resize.immowebstatic.be/classifieds/598e1ca2-ee5d-475f-a72f-e1506285c758/736x736/f51aeb874b223f08db7243a764782afc.jpg", "photos": "https://media-resize.immowebstatic.be/classifieds/598e1ca2-ee5d-475f-a72f-e1506285c758/736x736/f51aeb874b223f08db7243a764782afc.jpg|https://media-resize.immowebstatic.be/classifieds/598e1ca2-ee5d-475f-a72f-e1506285c758/736x736/0f9ee10e3150ff3d27a66579733eab7a.jpg|https://media-resize.immowebstatic.be/classifieds/598e1ca2-ee5d-475f-a72f-e1506285c758/736x736/6a483030a38d3ea28c1904402f6f2258.jpg|https://media-resize.immowebstatic.be/classifieds/598e1ca2-ee5d-475f-a72f-e1506285c758/736x736/2859194de279f9d7169a405d6d481fe8.jpg", "url": "https://www.immoweb.be/en/classified/21830788", "lines": "2,4,10", "line_count": 3, "nearest_stop": "Grens Kiel", "nearest_stop_m": 162, "stop_count": 10, "stops": "Grens Kiel, Zwaantjes, Sportstraat, Abdijstraat" }, "geometry": { "type": "Point", "coordinates": [ 4.372482295940762, 51.186298702427962 ] } },
{ "type": "Feature", "properties": { "id": 21842514, "title": null, "subtype": "APARTMENT", "street": "De Pretstraat 35 box 301", "postal_code": "2060", "locality": "Antwerpen", "place": null, "floor": 3, "bedrooms": 2, "surface_m2": 86.0, "rent_eur": 980, "costs_eur": 40, "total_eur": 1020, "eur_per_m2": 11.4, "agency": "PRIVATE", "flag": null, "updated": "2026-09-15T14:24:29.520Z", "image": "https://media-resize.immowebstatic.be/classifieds/64464fac-d7cf-461c-89a8-455667c928c5/100x100/f82553611afd6aaec3c124f999749a08.jpg", "image_large": "https://media-resize.immowebstatic.be/classifieds/64464fac-d7cf-461c-89a8-455667c928c5/736x736/f82553611afd6aaec3c124f999749a08.jpg", "photos": "https://media-resize.immowebstatic.be/classifieds/64464fac-d7cf-461c-89a8-455667c928c5/736x736/f82553611afd6aaec3c124f999749a08.jpg|https://media-resize.immowebstatic.be/classifieds/64464fac-d7cf-461c-89a8-455667c928c5/736x736/87e5a3e058c510e0072b668f7e45fa60.jpg|https://media-resize.immowebstatic.be/classifieds/64464fac-d7cf-461c-89a8-455667c928c5/736x736/54842eea393959b312d4646114fa3a5d.jpg|https://media-resize.immowebstatic.be/classifieds/64464fac-d7cf-461c-89a8-455667c928c5/736x736/b4159a6b0a7ec1f578a08c9897dd92af.jpg", "url": "https://www.immoweb.be/en/classified/21842514", "lines": "1,12,24", "line_count": 3, "nearest_stop": "Paardenmarkt", "nearest_stop_m": 318, "stop_count": 19, "stops": "Paardenmarkt, Noorderplaats, Sint-Gummarus, Ziekenhuis Cadix, Richard, Gasstraat, Londen, De Coninck, Roosevelt, Stuivenbergplein" }, "geometry": { "type": "Point", "coordinates": [ 4.417386595934023, 51.22774380242106 ] } },
{ "type": "Feature", "properties": { "id": 21872343, "title": null, "subtype": "APARTMENT", "street": "Bisschoppenhoflaan 198", "postal_code": "2100", "locality": "Antwerpen", "place": null, "floor": 1, "bedrooms": 2, "surface_m2": 95.0, "rent_eur": 980, "costs_eur": 20, "total_eur": 1000, "eur_per_m2": 10.3, "agency": "PRIVATE", "flag": "new", "updated": "2026-09-28T08:57:01.157Z", "image": "https://media-resize.immowebstatic.be/classifieds/e9e5a00d-ed1a-43e3-9b48-ea06af8ddb26/100x100/4180257d22aab3efc844e57e48c8a0d4.jpg", "image_large": "https://media-resize.immowebstatic.be/classifieds/e9e5a00d-ed1a-43e3-9b48-ea06af8ddb26/736x736/4180257d22aab3efc844e57e48c8a0d4.jpg", "photos": "https://media-resize.immowebstatic.be/classifieds/e9e5a00d-ed1a-43e3-9b48-ea06af8ddb26/736x736/4180257d22aab3efc844e57e48c8a0d4.jpg|https://media-resize.immowebstatic.be/classifieds/e9e5a00d-ed1a-43e3-9b48-ea06af8ddb26/736x736/7801a254b72dfb965ee6fb5e194a9869.jpg|https://media-resize.immowebstatic.be/classifieds/e9e5a00d-ed1a-43e3-9b48-ea06af8ddb26/736x736/a2a734766c215560e811ab1afd1808ad.jpg|https://media-resize.immowebstatic.be/classifieds/e9e5a00d-ed1a-43e3-9b48-ea06af8ddb26/736x736/5c86c1de07c694fc357dec9c33eb30a7.jpg", "url": "https://www.immoweb.be/en/classified/21872343", "lines": "A9", "line_count": 1, "nearest_stop": "Confortalei", "nearest_stop_m": 488, "stop_count": 8, "stops": "Confortalei, Lakborslei, Ten Eekhove, Craeybeckx" }, "geometry": { "type": "Point", "coordinates": [ 4.452598195925733, 51.231472202423873 ] } },
{ "type": "Feature", "properties": { "id": 21851348, "title": "Spacious 2-bedroom apartment with additional office space", "subtype": "APARTMENT", "street": "Van Erstenstraat 61 box 201", "postal_code": "2100", "locality": "Deurne (2100)", "place": "", "floor": 1, "bedrooms": 2, "surface_m2": 94.0, "rent_eur": 980, "costs_eur": 0, "total_eur": 980, "eur_per_m2": 10.4, "agency": "Wellimmo", "flag": null, "updated": "2026-10-05T14:01:15.756Z", "image": "https://media-resize.immowebstatic.be/classifieds/d9f185c1-efdc-45bb-927d-e6dd7b109182/100x100/55400e5c9ad6816c0b9c571119146b47.jpg", "image_large": "https://media-resize.immowebstatic.be/classifieds/d9f185c1-efdc-45bb-927d-e6dd7b109182/736x736/55400e5c9ad6816c0b9c571119146b47.jpg", "photos": "https://media-resize.immowebstatic.be/classifieds/d9f185c1-efdc-45bb-927d-e6dd7b109182/736x736/55400e5c9ad6816c0b9c571119146b47.jpg|https://media-resize.immowebstatic.be/classifieds/d9f185c1-efdc-45bb-927d-e6dd7b109182/736x736/706702382ea354443fb2faa172f3f980.jpg|https://media-resize.immowebstatic.be/classifieds/d9f185c1-efdc-45bb-927d-e6dd7b109182/736x736/663835a53a7b55a1c7e850b6502b4eb7.jpg|https://media-resize.immowebstatic.be/classifieds/d9f185c1-efdc-45bb-927d-e6dd7b109182/736x736/da80741001ca064d70de6f5d31d670d1.jpg", "url": "https://www.immoweb.be/en/classified/21851348", "lines": "8,24", "line_count": 2, "nearest_stop": "Muggenberg", "nearest_stop_m": 554, "stop_count": 4, "stops": "Muggenberg, Morckhoven" }, "geometry": { "type": "Point", "coordinates": [ 4.453625095922687, 51.204719502431665 ] } },
{ "type": "Feature", "properties": { "id": 21845840, "title": "Modern dakappartement te Boechout.", "subtype": "PENTHOUSE", "street": "Provinciesteenweg 237 box 6", "postal_code": "2530", "locality": "Boechout", "place": "", "floor": 2, "bedrooms": 2, "surface_m2": 85.0, "rent_eur": 980, "costs_eur": 0, "total_eur": 980, "eur_per_m2": 11.5, "agency": "Onid Real Estate", "flag": "under_option", "updated": "2026-10-07T18:04:53.832Z", "image": "https://media-resize.immowebstatic.be/classifieds/1186fa8f-4fb8-4120-a767-defeb8fb0bb5/100x100/f9b30452c8dcc00f072a5c17ebb85554.jpg", "image_large": "https://media-resize.immowebstatic.be/classifieds/1186fa8f-4fb8-4120-a767-defeb8fb0bb5/736x736/f9b30452c8dcc00f072a5c17ebb85554.jpg", "photos": "https://media-resize.immowebstatic.be/classifieds/1186fa8f-4fb8-4120-a767-defeb8fb0bb5/736x736/f9b30452c8dcc00f072a5c17ebb85554.jpg|https://media-resize.immowebstatic.be/classifieds/1186fa8f-4fb8-4120-a767-defeb8fb0bb5/736x736/479fcbf05b94cf1467f595ec63bb4f73.jpg|https://media-resize.immowebstatic.be/classifieds/1186fa8f-4fb8-4120-a767-defeb8fb0bb5/736x736/bd8e386bff254409653c3c91dd72848c.jpg|https://media-resize.immowebstatic.be/classifieds/1186fa8f-4fb8-4120-a767-defeb8fb0bb5/736x736/93b6046c2ccb219cf4f6c8359da8c341.jpg", "url": "https://www.immoweb.be/en/classified/21845840", "lines": "A3", "line_count": 1, "nearest_stop": "Boechout P+R Boechout", "nearest_stop_m": 678, "stop_count": 2, "stops": "Boechout P+R Boechout" }, "geometry": { "type": "Point", "coordinates": [ 4.500345995906972, 51.164758102448332 ] } },
{ "type": "Feature", "properties": { "id": 21884339, "title": null, "subtype": "APARTMENT", "street": "Eksterlaar 23 box 202", "postal_code": "2100", "locality": "Deurne", "place": null, "floor": 0, "bedrooms": 2, "surface_m2": 78.0, "rent_eur": 985, "costs_eur": 0, "total_eur": 985, "eur_per_m2": 12.6, "agency": "Immo Jamar Antwerpen", "flag": "new", "updated": "2026-10-02T09:02:12.856Z", "image": "https://media-resize.immowebstatic.be/classifieds/84561ea8-ded6-4792-83d7-46e2f6e7a5aa/100x100/751b85de79d880e504ee7e3ca1fff0f5.jpg", "image_large": "https://media-resize.immowebstatic.be/classifieds/84561ea8-ded6-4792-83d7-46e2f6e7a5aa/736x736/751b85de79d880e504ee7e3ca1fff0f5.jpg", "photos": "https://media-resize.immowebstatic.be/classifieds/84561ea8-ded6-4792-83d7-46e2f6e7a5aa/736x736/751b85de79d880e504ee7e3ca1fff0f5.jpg|https://media-resize.immowebstatic.be/classifieds/84561ea8-ded6-4792-83d7-46e2f6e7a5aa/736x736/f7460e594faf6f4417e7efe3400ca4ba.jpg|https://media-resize.immowebstatic.be/classifieds/84561ea8-ded6-4792-83d7-46e2f6e7a5aa/736x736/fd822c79784021c359e3eb2ce4290446.jpg|https://media-resize.immowebstatic.be/classifieds/84561ea8-ded6-4792-83d7-46e2f6e7a5aa/736x736/c5169d35c600bc624b8244e3e65b6b43.jpg", "url": "https://www.immoweb.be/en/classified/21884339", "lines": "8,24", "line_count": 2, "nearest_stop": "Florent Pauwels", "nearest_stop_m": 680, "stop_count": 3, "stops": "Florent Pauwels" }, "geometry": { "type": "Point", "coordinates": [ 4.465746695919261, 51.200564202434208 ] } },
{ "type": "Feature", "properties": { "id": 21893538, "title": null, "subtype": "APARTMENT", "street": "Sint-Katelijnevest 20 box 104", "postal_code": "2000", "locality": "Antwerpen", "place": null, "floor": 1, "bedrooms": 2, "surface_m2": 96.0, "rent_eur": 990, "costs_eur": 25, "total_eur": 1015, "eur_per_m2": 10.3, "agency": "Walls Vastgoedmakelaars", "flag": "new", "updated": "2026-10-08T08:18:42.034Z", "image": "https://media-resize.immowebstatic.be/classifieds/21eb0518-9e13-4a2d-bc84-9ad2120ba734/100x100/f7bef098c67a886b9c4830782f4b5aeb.jpg", "image_large": "https://media-resize.immowebstatic.be/classifieds/21eb0518-9e13-4a2d-bc84-9ad2120ba734/736x736/f7bef098c67a886b9c4830782f4b5aeb.jpg", "photos": "https://media-resize.immowebstatic.be/classifieds/21eb0518-9e13-4a2d-bc84-9ad2120ba734/736x736/f7bef098c67a886b9c4830782f4b5aeb.jpg|https://media-resize.immowebstatic.be/classifieds/21eb0518-9e13-4a2d-bc84-9ad2120ba734/736x736/ff8e0b730997a91e5d28ab3ea9640678.jpg|https://media-resize.immowebstatic.be/classifieds/21eb0518-9e13-4a2d-bc84-9ad2120ba734/736x736/6156d7385c624d47c6d6009c0f9df01d.jpg|https://media-resize.immowebstatic.be/classifieds/21eb0518-9e13-4a2d-bc84-9ad2120ba734/736x736/2784fae2a793fbf7e2c61caad217bc88.jpg", "url": "https://www.immoweb.be/en/classified/21893538", "lines": "1,4,7,11,24", "line_count": 5, "nearest_stop": "Melkmarkt", "nearest_stop_m": 52, "stop_count": 24, "stops": "Melkmarkt, Meirbrug, Keizerstraat, Sint-Jacob, Groenplaats, Klapdorp, Oudaan, Sint-Paulusplaats, Sint-Andries, Opera, Mechelseplein, Roosevelt" }, "geometry": { "type": "Point", "coordinates": [ 4.405168895936267, 51.22037810242179 ] } },
{ "type": "Feature", "properties": { "id": 21849060, "title": null, "subtype": "APARTMENT", "street": "Italiëlei 173 box 101", "postal_code": "2000", "locality": "Antwerpen", "place": null, "floor": 1, "bedrooms": 2, "surface_m2": 81.0, "rent_eur": 990, "costs_eur": 80, "total_eur": 1070, "eur_per_m2": 12.2, "agency": "Walls Vastgoedmakelaars", "flag": null, "updated": "2026-10-08T10:22:34.951Z", "image": "https://media-resize.immowebstatic.be/classifieds/1da6cc1f-f19c-49ab-a9d8-38a26c0da6b0/100x100/7ac83729a46d2ba936336dd780670e3a.jpg", "image_large": "https://media-resize.immowebstatic.be/classifieds/1da6cc1f-f19c-49ab-a9d8-38a26c0da6b0/736x736/7ac83729a46d2ba936336dd780670e3a.jpg", "photos": "https://media-resize.immowebstatic.be/classifieds/1da6cc1f-f19c-49ab-a9d8-38a26c0da6b0/736x736/7ac83729a46d2ba936336dd780670e3a.jpg|https://media-resize.immowebstatic.be/classifieds/1da6cc1f-f19c-49ab-a9d8-38a26c0da6b0/736x736/1d3398cb8abec22cd36b273e854711ce.jpg|https://media-resize.immowebstatic.be/classifieds/1da6cc1f-f19c-49ab-a9d8-38a26c0da6b0/736x736/ff6e695cafed5b79a577132220b17b42.jpg|https://media-resize.immowebstatic.be/classifieds/1da6cc1f-f19c-49ab-a9d8-38a26c0da6b0/736x736/fab4a575d298ef8ea51659db8683c690.jpg", "url": "https://www.immoweb.be/en/classified/21849060", "lines": "1,11,12,24", "line_count": 4, "nearest_stop": "Paardenmarkt", "nearest_stop_m": 76, "stop_count": 23, "stops": "Paardenmarkt, Richard, Roosevelt, De Coninck, Sint-Gummarus, Opera, Centraal Station, Sint-Jacob, Gasstraat, Noorderplaats, Ommeganck" }, "geometry": { "type": "Point", "coordinates": [ 4.416361995933817, 51.223338602422189 ] } },
{ "type": "Feature", "properties": { "id": 21544592, "title": null, "subtype": "APARTMENT", "street": "Karel Van Overmeirelaan 44", "postal_code": "2100", "locality": "Antwerpen", "place": null, "floor": 3, "bedrooms": 2, "surface_m2": 100.0, "rent_eur": 990, "costs_eur": 50, "total_eur": 1040, "eur_per_m2": 9.9, "agency": "PRIVATE", "flag": null, "updated": "2026-08-12T15:45:17.455Z", "image": "https://media-resize.immowebstatic.be/classifieds/0219678e-c247-4ae4-940e-259e6e6a1833/100x100/24fde08da97c8fa8a2dda500c6cdabec.jpg", "image_large": "https://media-resize.immowebstatic.be/classifieds/0219678e-c247-4ae4-940e-259e6e6a1833/736x736/24fde08da97c8fa8a2dda500c6cdabec.jpg", "photos": "https://media-resize.immowebstatic.be/classifieds/0219678e-c247-4ae4-940e-259e6e6a1833/736x736/24fde08da97c8fa8a2dda500c6cdabec.jpg|https://media-resize.immowebstatic.be/classifieds/0219678e-c247-4ae4-940e-259e6e6a1833/736x736/3b42bbaf687c2639bb81d450821b0745.jpg|https://media-resize.immowebstatic.be/classifieds/0219678e-c247-4ae4-940e-259e6e6a1833/736x736/35cfeb1ad387b5a2c83cee4eea8d20a3.jpg|https://media-resize.immowebstatic.be/classifieds/0219678e-c247-4ae4-940e-259e6e6a1833/736x736/756e5887d89ac11fffbabfaabe31d3fb.jpg", "url": "https://www.immoweb.be/en/classified/21544592", "lines": "A9", "line_count": 1, "nearest_stop": "Van Overmeire", "nearest_stop_m": 215, "stop_count": 8, "stops": "Van Overmeire, Ruggeveldlaan, Hermans, Frans Van Dijck" }, "geometry": { "type": "Point", "coordinates": [ 4.482131595918199, 51.229129402427816 ] } },
{ "type": "Feature", "properties": { "id": 21843898, "title": null, "subtype": "APARTMENT", "street": "Dambruggestraat 343 box 302", "postal_code": "2060", "locality": "Antwerpen", "place": "Regio Antwerpen", "floor": 3, "bedrooms": 2, "surface_m2": 65.0, "rent_eur": 990, "costs_eur": 100, "total_eur": 1090, "eur_per_m2": 15.2, "agency": "Bricks'n Stones", "flag": null, "updated": "2026-09-16T08:01:24.840Z", "image": "https://media-resize.immowebstatic.be/classifieds/f505ae42-0e02-4085-b418-463342fe0576/100x100/b84636cc2213797efa0e93054a176d2f.jpg", "image_large": "https://media-resize.immowebstatic.be/classifieds/f505ae42-0e02-4085-b418-463342fe0576/736x736/b84636cc2213797efa0e93054a176d2f.jpg", "photos": "https://media-resize.immowebstatic.be/classifieds/f505ae42-0e02-4085-b418-463342fe0576/736x736/b84636cc2213797efa0e93054a176d2f.jpg|https://media-resize.immowebstatic.be/classifieds/f505ae42-0e02-4085-b418-463342fe0576/736x736/abb9da6b477f70b81dcccfa4055afb03.jpg|https://media-resize.immowebstatic.be/classifieds/f505ae42-0e02-4085-b418-463342fe0576/736x736/d629723f58dc3e8db23d05a436147949.jpg|https://media-resize.immowebstatic.be/classifieds/f505ae42-0e02-4085-b418-463342fe0576/736x736/cb21d43e8c4234bda9611b8a7a178d73.jpg", "url": "https://www.immoweb.be/en/classified/21843898", "lines": "1,12,24", "line_count": 3, "nearest_stop": "Ziekenhuis Cadix", "nearest_stop_m": 396, "stop_count": 19, "stops": "Ziekenhuis Cadix, Gasstraat, Sint-Gummarus, Noorderplaats, Stuivenbergplein, Paardenmarkt, Richard, IJzerlaan, Viséstraat, Londen" }, "geometry": { "type": "Point", "coordinates": [ 4.420982895933311, 51.22944140242091 ] } },
{ "type": "Feature", "properties": { "id": 21836896, "title": null, "subtype": "APARTMENT", "street": "Sprinkhaanveldestraat 36 box 0", "postal_code": "2150", "locality": "District Borsbeek", "place": null, "floor": 0, "bedrooms": 2, "surface_m2": 79.0, "rent_eur": 990, "costs_eur": 25, "total_eur": 1015, "eur_per_m2": 12.5, "agency": "PRIVATE", "flag": "under_option", "updated": "2026-09-25T12:10:27.565Z", "image": "https://media-resize.immowebstatic.be/classifieds/54865dc4-7d6b-40c6-b5a1-4195930b9f98/100x100/9b557db2f368dc2d3d8618cef025cf3c.jpg", "image_large": "https://media-resize.immowebstatic.be/classifieds/54865dc4-7d6b-40c6-b5a1-4195930b9f98/736x736/9b557db2f368dc2d3d8618cef025cf3c.jpg", "photos": "https://media-resize.immowebstatic.be/classifieds/54865dc4-7d6b-40c6-b5a1-4195930b9f98/736x736/9b557db2f368dc2d3d8618cef025cf3c.jpg|https://media-resize.immowebstatic.be/classifieds/54865dc4-7d6b-40c6-b5a1-4195930b9f98/736x736/f9ac48d87d74d624895a6f13b142eca2.jpg|https://media-resize.immowebstatic.be/classifieds/54865dc4-7d6b-40c6-b5a1-4195930b9f98/736x736/44a975eec5b851585ccc27bcb4f62c83.jpg|https://media-resize.immowebstatic.be/classifieds/54865dc4-7d6b-40c6-b5a1-4195930b9f98/736x736/cc5cf70a6d473125ed109ae7b1f5768c.jpg", "url": "https://www.immoweb.be/en/classified/21836896", "lines": "24", "line_count": 1, "nearest_stop": "Wommelgem Krijgsbaan", "nearest_stop_m": 577, "stop_count": 3, "stops": "Wommelgem Krijgsbaan, Silsburg, Deurne Dassastraat" }, "geometry": { "type": "Point", "coordinates": [ 4.482737295914843, 51.19840150243671 ] } },
{ "type": "Feature", "properties": { "id": 21890649, "title": "Appartement", "subtype": "APARTMENT", "street": "Nationalestraat 135", "postal_code": "2000", "locality": "ANTWERPEN 2000", "place": "", "floor": 2, "bedrooms": 2, "surface_m2": 79.0, "rent_eur": 995, "costs_eur": 55, "total_eur": 1050, "eur_per_m2": 12.6, "agency": "Coprimmo Immobiliën", "flag": "new", "updated": "2026-10-07T01:23:30.459Z", "image": "https://media-resize.immowebstatic.be/classifieds/c65889c5-df18-4099-8504-d8ab26e46d61/100x100/80093756d2303faafc3f0cbfe50ec82c.jpg", "image_large": "https://media-resize.immowebstatic.be/classifieds/c65889c5-df18-4099-8504-d8ab26e46d61/736x736/80093756d2303faafc3f0cbfe50ec82c.jpg", "photos": "https://media-resize.immowebstatic.be/classifieds/c65889c5-df18-4099-8504-d8ab26e46d61/736x736/80093756d2303faafc3f0cbfe50ec82c.jpg|https://media-resize.immowebstatic.be/classifieds/c65889c5-df18-4099-8504-d8ab26e46d61/736x736/d6ace25e17da896d0d6fff4da17bf514.jpg|https://media-resize.immowebstatic.be/classifieds/c65889c5-df18-4099-8504-d8ab26e46d61/736x736/24ed02f7cc70e876d6891bc4f95293e2.jpg|https://media-resize.immowebstatic.be/classifieds/c65889c5-df18-4099-8504-d8ab26e46d61/736x736/6f0500d395650cd85320720ef7bdd274.jpg", "url": "https://www.immoweb.be/en/classified/21890649", "lines": "1,4,7,10", "line_count": 4, "nearest_stop": "Tropisch Instituut", "nearest_stop_m": 23, "stop_count": 23, "stops": "Tropisch Instituut, Sint-Andries, Mechelseplein, Museum, Oudaan, Kasteelplein, Groenplaats, Bres, Nationale Bank, Meirbrug, Bestorming" }, "geometry": { "type": "Point", "coordinates": [ 4.397918195937319, 51.213363802423004 ] } },
{ "type": "Feature", "properties": { "id": 21872002, "title": null, "subtype": "APARTMENT", "street": "Collegelaan 123 box 3", "postal_code": "2140", "locality": "Antwerpen", "place": null, "floor": 3, "bedrooms": 2, "surface_m2": null, "rent_eur": 995, "costs_eur": 80, "total_eur": 1075, "eur_per_m2": null, "agency": "PRIVATE", "flag": "new", "updated": "2026-09-29T16:08:56.714Z", "image": "https://media-resize.immowebstatic.be/classifieds/f8c1541b-ab61-4da1-a5f1-2a250aba2e19/100x100/c904663b67ae4dd56eb708d8ad169c00.jpg", "image_large": "https://media-resize.immowebstatic.be/classifieds/f8c1541b-ab61-4da1-a5f1-2a250aba2e19/736x736/c904663b67ae4dd56eb708d8ad169c00.jpg", "photos": "https://media-resize.immowebstatic.be/classifieds/f8c1541b-ab61-4da1-a5f1-2a250aba2e19/736x736/c904663b67ae4dd56eb708d8ad169c00.jpg|https://media-resize.immowebstatic.be/classifieds/f8c1541b-ab61-4da1-a5f1-2a250aba2e19/736x736/5b1f4e32402cb01abb63560342df72d7.jpg|https://media-resize.immowebstatic.be/classifieds/f8c1541b-ab61-4da1-a5f1-2a250aba2e19/736x736/1b8216848b0cc5430546acd9f11f55c2.jpg|https://media-resize.immowebstatic.be/classifieds/f8c1541b-ab61-4da1-a5f1-2a250aba2e19/736x736/d84b841c47889b32c73d42e5a6581712.jpg", "url": "https://www.immoweb.be/en/classified/21872002", "lines": "8,10,24", "line_count": 3, "nearest_stop": "Morckhoven", "nearest_stop_m": 396, "stop_count": 14, "stops": "Morckhoven, Muggenberg, Joe English, Hof Ter Lo, Cogelsplein, Stenenbrug, Gallifortlei" }, "geometry": { "type": "Point", "coordinates": [ 4.455301595923218, 51.213777602429232 ] } },
{ "type": "Feature", "properties": { "id": 21891031, "title": "Property with character", "subtype": "APARTMENT", "street": "Florastraat 171", "postal_code": "2140", "locality": "Borgerhout", "place": "", "floor": 0, "bedrooms": 2, "surface_m2": 90.0, "rent_eur": 995, "costs_eur": 0, "total_eur": 995, "eur_per_m2": 11.1, "agency": "Heylen Vastgoed Antwerpen", "flag": "new", "updated": "2026-10-08T04:55:36.657Z", "image": "https://media-resize.immowebstatic.be/classifieds/c3933e0a-5846-4f87-a1f1-f0ae19ab8054/100x100/a0d709b71db98c90a0a7fb068daf11b4.jpg", "image_large": "https://media-resize.immowebstatic.be/classifieds/c3933e0a-5846-4f87-a1f1-f0ae19ab8054/736x736/a0d709b71db98c90a0a7fb068daf11b4.jpg", "photos": "https://media-resize.immowebstatic.be/classifieds/c3933e0a-5846-4f87-a1f1-f0ae19ab8054/736x736/a0d709b71db98c90a0a7fb068daf11b4.jpg|https://media-resize.immowebstatic.be/classifieds/c3933e0a-5846-4f87-a1f1-f0ae19ab8054/736x736/b23c54a03324847c8fae06a7d2ddd784.jpg|https://media-resize.immowebstatic.be/classifieds/c3933e0a-5846-4f87-a1f1-f0ae19ab8054/736x736/4e6ac47070f969137c9528aad8055a5f.jpg|https://media-resize.immowebstatic.be/classifieds/c3933e0a-5846-4f87-a1f1-f0ae19ab8054/736x736/45abc474778780b390bf28b906a3d18e.jpg", "url": "https://www.immoweb.be/en/classified/21891031", "lines": "10,24", "line_count": 2, "nearest_stop": "Hof Ter Lo", "nearest_stop_m": 558, "stop_count": 8, "stops": "Hof Ter Lo, Stenenbrug, De Roma, Drink" }, "geometry": { "type": "Point", "coordinates": [ 4.441579695927183, 51.219328202426141 ] } },
{ "type": "Feature", "properties": { "id": 21792381, "title": null, "subtype": "APARTMENT", "street": "Grotesteenweg 459 box 101", "postal_code": "2600", "locality": "Antwerpen", "place": null, "floor": 1, "bedrooms": 2, "surface_m2": null, "rent_eur": 1000, "costs_eur": 15, "total_eur": 1015, "eur_per_m2": null, "agency": "PRIVATE", "flag": null, "updated": "2026-10-06T15:23:35.752Z", "image": "https://media-resize.immowebstatic.be/classifieds/f4d785a6-2d0d-493e-b44f-758e4f8be02a/100x100/d98e13400fa4f22c209f0443ef8ab0de.jpg", "image_large": "https://media-resize.immowebstatic.be/classifieds/f4d785a6-2d0d-493e-b44f-758e4f8be02a/736x736/d98e13400fa4f22c209f0443ef8ab0de.jpg", "photos": "https://media-resize.immowebstatic.be/classifieds/f4d785a6-2d0d-493e-b44f-758e4f8be02a/736x736/d98e13400fa4f22c209f0443ef8ab0de.jpg|https://media-resize.immowebstatic.be/classifieds/f4d785a6-2d0d-493e-b44f-758e4f8be02a/736x736/c97d5370fd88d1fc5491bb82c59d3c10.jpg|https://media-resize.immowebstatic.be/classifieds/f4d785a6-2d0d-493e-b44f-758e4f8be02a/736x736/45a9dd56728c8bafd85ae1aa34bcb4bf.jpg|https://media-resize.immowebstatic.be/classifieds/f4d785a6-2d0d-493e-b44f-758e4f8be02a/736x736/ce74cac4bcfe5b7645e9b4759fcf3524.jpg", "url": "https://www.immoweb.be/en/classified/21792381", "lines": "7,A3", "line_count": 2, "nearest_stop": "Pulhof", "nearest_stop_m": 68, "stop_count": 9, "stops": "Pulhof, Fruithoflaan, Jan Moorkens, Koninklijkelaan, Kuijpers" }, "geometry": { "type": "Point", "coordinates": [ 4.430568995926101, 51.182948402435358 ] } },
{ "type": "Feature", "properties": { "id": 21895785, "title": "Renovated 2-bedroom apartment", "subtype": "APARTMENT", "street": "Julius De Geyterstraat 160 box 201", "postal_code": "2610", "locality": "Antwerpen", "place": null, "floor": 2, "bedrooms": 2, "surface_m2": null, "rent_eur": 1000, "costs_eur": 0, "total_eur": 1000, "eur_per_m2": null, "agency": "PRIVATE", "flag": "new", "updated": "2026-10-07T09:07:50.774Z", "image": "https://media-resize.immowebstatic.be/classifieds/71d1ed94-b2c1-4279-aa83-2a449ce8a19a/100x100/3975a9df4ac06d3c8296aa9221aac97d.heic", "image_large": "https://media-resize.immowebstatic.be/classifieds/71d1ed94-b2c1-4279-aa83-2a449ce8a19a/736x736/3975a9df4ac06d3c8296aa9221aac97d.heic", "photos": "https://media-resize.immowebstatic.be/classifieds/71d1ed94-b2c1-4279-aa83-2a449ce8a19a/736x736/3975a9df4ac06d3c8296aa9221aac97d.heic|https://media-resize.immowebstatic.be/classifieds/71d1ed94-b2c1-4279-aa83-2a449ce8a19a/736x736/79e12b27846df8c7dfa70f23a5a712ed.heic|https://media-resize.immowebstatic.be/classifieds/71d1ed94-b2c1-4279-aa83-2a449ce8a19a/736x736/13f8f3484a9d1d616622e518f63c78d3.heic|https://media-resize.immowebstatic.be/classifieds/71d1ed94-b2c1-4279-aa83-2a449ce8a19a/736x736/18e9aaa4f1c4089c5a237fa9278bac05.heic", "url": "https://www.immoweb.be/en/classified/21895785", "lines": "2,4,10", "line_count": 3, "nearest_stop": "Sportstraat", "nearest_stop_m": 87, "stop_count": 13, "stops": "Sportstraat, Schijfwerper, Zwaantjes, Grens Kiel, De Bosschaert, Abdijstraat" }, "geometry": { "type": "Point", "coordinates": [ 4.379979495938597, 51.183227002429696 ] } },
{ "type": "Feature", "properties": { "id": 21860620, "title": "Ruim appartement met 2 slaapkamers in Tentoonstellingswijk", "subtype": "APARTMENT", "street": "Camille Huysmanslaan 46-48 box 3", "postal_code": "2020", "locality": "Antwerpen (2020)", "place": "", "floor": 1, "bedrooms": 2, "surface_m2": 95.0, "rent_eur": 1000, "costs_eur": 200, "total_eur": 1200, "eur_per_m2": 10.5, "agency": "Onid Real Estate", "flag": null, "updated": "2026-10-07T18:08:58.036Z", "image": "https://media-resize.immowebstatic.be/classifieds/63bfd55e-c903-41dc-b78b-213014557e8d/100x100/21086378156f0561ac92f6c49084f5cc.jpg", "image_large": "https://media-resize.immowebstatic.be/classifieds/63bfd55e-c903-41dc-b78b-213014557e8d/736x736/21086378156f0561ac92f6c49084f5cc.jpg", "photos": "https://media-resize.immowebstatic.be/classifieds/63bfd55e-c903-41dc-b78b-213014557e8d/736x736/21086378156f0561ac92f6c49084f5cc.jpg|https://media-resize.immowebstatic.be/classifieds/63bfd55e-c903-41dc-b78b-213014557e8d/736x736/51cbc773dfe99a2d58141bc52159eb22.jpg|https://media-resize.immowebstatic.be/classifieds/63bfd55e-c903-41dc-b78b-213014557e8d/736x736/0621cd4376e0959e325e9e8d091bb797.jpg|https://media-resize.immowebstatic.be/classifieds/63bfd55e-c903-41dc-b78b-213014557e8d/736x736/fd09bc034287c2a824f5525ab686dda5.jpg", "url": "https://www.immoweb.be/en/classified/21860620", "lines": "2,4,6,10", "line_count": 4, "nearest_stop": "Antwerp Expo", "nearest_stop_m": 208, "stop_count": 10, "stops": "Antwerp Expo, Volhardingstraat, deSingel, Kolonel Silvertop, Olympiade" }, "geometry": { "type": "Point", "coordinates": [ 4.395068095935748, 51.191549902428932 ] } },
{ "type": "Feature", "properties": { "id": 21788138, "title": "Appartement", "subtype": "APARTMENT", "street": "Coremansstraat 16 box 0602", "postal_code": "2600", "locality": "BERCHEM", "place": "", "floor": 6, "bedrooms": 2, "surface_m2": 106.0, "rent_eur": 1000, "costs_eur": 235, "total_eur": 1235, "eur_per_m2": 9.4, "agency": "Coprimmo Immobiliën", "flag": null, "updated": "2026-10-05T16:26:31.452Z", "image": "https://media-resize.immowebstatic.be/classifieds/38be05a0-b56d-427f-8e4d-2c45773f616b/100x100/f73b90e79142811e9369396388dc0e81.jpg", "image_large": "https://media-resize.immowebstatic.be/classifieds/38be05a0-b56d-427f-8e4d-2c45773f616b/736x736/f73b90e79142811e9369396388dc0e81.jpg", "photos": "https://media-resize.immowebstatic.be/classifieds/38be05a0-b56d-427f-8e4d-2c45773f616b/736x736/f73b90e79142811e9369396388dc0e81.jpg|https://media-resize.immowebstatic.be/classifieds/38be05a0-b56d-427f-8e4d-2c45773f616b/736x736/ae979289b1837c1d3104570090c2738f.jpg|https://media-resize.immowebstatic.be/classifieds/38be05a0-b56d-427f-8e4d-2c45773f616b/736x736/071bc84a48774cd432c9f4a059d20f90.jpg|https://media-resize.immowebstatic.be/classifieds/38be05a0-b56d-427f-8e4d-2c45773f616b/736x736/44d34c27eba6f4507b64045baa948a66.jpg", "url": "https://www.immoweb.be/en/classified/21788138", "lines": "7,A3", "line_count": 2, "nearest_stop": "Koninklijkelaan", "nearest_stop_m": 425, "stop_count": 8, "stops": "Koninklijkelaan, Sint-Willibrordus, Jan Moorkens, Driekoningen" }, "geometry": { "type": "Point", "coordinates": [ 4.419874895929373, 51.18902530243242 ] } },
{ "type": "Feature", "properties": { "id": 21867789, "title": null, "subtype": "APARTMENT", "street": "Monnikenplein 10 box 2", "postal_code": "2610", "locality": "Antwerpen", "place": null, "floor": 1, "bedrooms": 2, "surface_m2": 80.0, "rent_eur": 1000, "costs_eur": 50, "total_eur": 1050, "eur_per_m2": 12.5, "agency": "PRIVATE", "flag": "new", "updated": "2026-09-25T08:27:32.833Z", "image": "https://media-resize.immowebstatic.be/classifieds/80405f22-28e3-4417-8d8d-aa9a4920756a/100x100/fd3d62631156b587febc1e5c2882a76d.jpg", "image_large": "https://media-resize.immowebstatic.be/classifieds/80405f22-28e3-4417-8d8d-aa9a4920756a/736x736/fd3d62631156b587febc1e5c2882a76d.jpg", "photos": "https://media-resize.immowebstatic.be/classifieds/80405f22-28e3-4417-8d8d-aa9a4920756a/736x736/fd3d62631156b587febc1e5c2882a76d.jpg|https://media-resize.immowebstatic.be/classifieds/80405f22-28e3-4417-8d8d-aa9a4920756a/736x736/e8ec90fff29751a9b690176489ad1bb7.jpg|https://media-resize.immowebstatic.be/classifieds/80405f22-28e3-4417-8d8d-aa9a4920756a/736x736/b7c6c139c85d9743519bd5f9f921294f.jpg|https://media-resize.immowebstatic.be/classifieds/80405f22-28e3-4417-8d8d-aa9a4920756a/736x736/6cfde9467d5c1f5b018fa950493c7ecc.jpg", "url": "https://www.immoweb.be/en/classified/21867789", "lines": "7,A3", "line_count": 2, "nearest_stop": "Kuijpers", "nearest_stop_m": 457, "stop_count": 6, "stops": "Kuijpers, Fruithoflaan, Gevaert" }, "geometry": { "type": "Point", "coordinates": [ 4.43042349592529, 51.174848002437678 ] } },
{ "type": "Feature", "properties": { "id": 21875244, "title": null, "subtype": "APARTMENT", "street": "Kreeftstraat 29 box 4", "postal_code": "2018", "locality": "Antwerpen", "place": null, "floor": 4, "bedrooms": 2, "surface_m2": 97.0, "rent_eur": 1010, "costs_eur": 90, "total_eur": 1100, "eur_per_m2": 10.4, "agency": "UGLY", "flag": "new", "updated": "2026-09-29T07:34:51.245Z", "image": "https://media-resize.immowebstatic.be/classifieds/a5230610-0de5-42db-96ff-d3fd16c671bc/100x100/7efdb17b79facf70fb6b83210d10b99e.jpg", "image_large": "https://media-resize.immowebstatic.be/classifieds/a5230610-0de5-42db-96ff-d3fd16c671bc/736x736/7efdb17b79facf70fb6b83210d10b99e.jpg", "photos": "https://media-resize.immowebstatic.be/classifieds/a5230610-0de5-42db-96ff-d3fd16c671bc/736x736/7efdb17b79facf70fb6b83210d10b99e.jpg|https://media-resize.immowebstatic.be/classifieds/a5230610-0de5-42db-96ff-d3fd16c671bc/736x736/7d6c83987e2b1e921231335b34f83fee.jpg|https://media-resize.immowebstatic.be/classifieds/a5230610-0de5-42db-96ff-d3fd16c671bc/736x736/8044e23336667b3dff0cd334de6255c2.jpg|https://media-resize.immowebstatic.be/classifieds/a5230610-0de5-42db-96ff-d3fd16c671bc/736x736/ccc9b7b2e642cbc6961d4dccdee97dcb.jpg", "url": "https://www.immoweb.be/en/classified/21875244", "lines": "4,11,A9", "line_count": 3, "nearest_stop": "Dageraadplaats", "nearest_stop_m": 191, "stop_count": 20, "stops": "Dageraadplaats, Draakplaats, Van Ruusbroec, Zurenborg, Plantin & Moretus, Cuperus, Berchem Station, Lente, Lamorinièrestraat" }, "geometry": { "type": "Point", "coordinates": [ 4.432118095928306, 51.207736802428414 ] } },
{ "type": "Feature", "properties": { "id": 21855302, "title": null, "subtype": "APARTMENT", "street": "Schotensesteenweg 379 box 301", "postal_code": "2100", "locality": "Deurne", "place": null, "floor": 3, "bedrooms": 2, "surface_m2": 116.0, "rent_eur": 1010, "costs_eur": 70, "total_eur": 1080, "eur_per_m2": 8.7, "agency": "Geyskens Vastgoed", "flag": null, "updated": "2026-09-21T09:15:07.020Z", "image": "https://media-resize.immowebstatic.be/classifieds/12450bbc-aa8d-4c91-a235-2470d03795f4/100x100/db803e61dc59bdc11a892d354b01bf05.jpg", "image_large": "https://media-resize.immowebstatic.be/classifieds/12450bbc-aa8d-4c91-a235-2470d03795f4/736x736/db803e61dc59bdc11a892d354b01bf05.jpg", "photos": "https://media-resize.immowebstatic.be/classifieds/12450bbc-aa8d-4c91-a235-2470d03795f4/736x736/db803e61dc59bdc11a892d354b01bf05.jpg|https://media-resize.immowebstatic.be/classifieds/12450bbc-aa8d-4c91-a235-2470d03795f4/736x736/0757993213e14e7aba772ede350f00a7.jpg|https://media-resize.immowebstatic.be/classifieds/12450bbc-aa8d-4c91-a235-2470d03795f4/736x736/d804556990e0526ae9f7d525849c0d17.jpg|https://media-resize.immowebstatic.be/classifieds/12450bbc-aa8d-4c91-a235-2470d03795f4/736x736/6418df7aa51e1af59ecf9cc618a5715c.jpg", "url": "https://www.immoweb.be/en/classified/21855302", "lines": "A9", "line_count": 1, "nearest_stop": "Van Overmeire", "nearest_stop_m": 253, "stop_count": 8, "stops": "Van Overmeire, Ruggeveldlaan, Frans Van Dijck, Hermans" }, "geometry": { "type": "Point", "coordinates": [ 4.482580895918047, 51.228725502427999 ] } },
{ "type": "Feature", "properties": { "id": 21843125, "title": "", "subtype": "APARTMENT", "street": "August Van De Wielelei 289 box 4", "postal_code": "2100", "locality": "Antwerpen", "place": "Zwarte Arend", "floor": 1, "bedrooms": 2, "surface_m2": 100.0, "rent_eur": 1015, "costs_eur": 60, "total_eur": 1075, "eur_per_m2": 10.2, "agency": "PRIVATE", "flag": null, "updated": "2026-09-17T06:00:36.527Z", "image": "https://media-resize.immowebstatic.be/classifieds/0ddbb76f-5564-426e-b4ac-264cdf7d3caa/100x100/1242a2e698b0509c9397b8788495b0b9.jpg", "image_large": "https://media-resize.immowebstatic.be/classifieds/0ddbb76f-5564-426e-b4ac-264cdf7d3caa/736x736/1242a2e698b0509c9397b8788495b0b9.jpg", "photos": "https://media-resize.immowebstatic.be/classifieds/0ddbb76f-5564-426e-b4ac-264cdf7d3caa/736x736/1242a2e698b0509c9397b8788495b0b9.jpg|https://media-resize.immowebstatic.be/classifieds/0ddbb76f-5564-426e-b4ac-264cdf7d3caa/736x736/829c15f2809efe4b2244336fcb358277.jpg|https://media-resize.immowebstatic.be/classifieds/0ddbb76f-5564-426e-b4ac-264cdf7d3caa/736x736/0071d9b44188cfc898fe87f8fe145069.jpg|https://media-resize.immowebstatic.be/classifieds/0ddbb76f-5564-426e-b4ac-264cdf7d3caa/736x736/1fdd169a6522c30c640133dd69f2d8c5.jpg", "url": "https://www.immoweb.be/en/classified/21843125", "lines": "10,A9", "line_count": 2, "nearest_stop": "Havik", "nearest_stop_m": 30, "stop_count": 8, "stops": "Havik, Ertbrugge, Ruggeveld, Frans Van Dijck" }, "geometry": { "type": "Point", "coordinates": [ 4.488000095915928, 51.221251702430706 ] } },
{ "type": "Feature", "properties": { "id": 21828600, "title": "Apartment", "subtype": "APARTMENT", "street": "Strijdhoflaan 7 box 201", "postal_code": "2600", "locality": "BERCHEM", "place": "", "floor": 2, "bedrooms": 2, "surface_m2": 65.0, "rent_eur": 1020, "costs_eur": 10, "total_eur": 1030, "eur_per_m2": 15.7, "agency": "Heylen Vastgoed Antwerpen", "flag": null, "updated": "2026-09-15T15:14:28.854Z", "image": "https://media-resize.immowebstatic.be/classifieds/80375395-dcb1-41a0-9adb-43c93c73e599/100x100/ccd3b4d3205a8c4800a279f626d99bc4.jpg", "image_large": "https://media-resize.immowebstatic.be/classifieds/80375395-dcb1-41a0-9adb-43c93c73e599/736x736/ccd3b4d3205a8c4800a279f626d99bc4.jpg", "photos": "https://media-resize.immowebstatic.be/classifieds/80375395-dcb1-41a0-9adb-43c93c73e599/736x736/ccd3b4d3205a8c4800a279f626d99bc4.jpg|https://media-resize.immowebstatic.be/classifieds/80375395-dcb1-41a0-9adb-43c93c73e599/736x736/a32cee526851c5d7eaad9c556c01f5d4.jpg|https://media-resize.immowebstatic.be/classifieds/80375395-dcb1-41a0-9adb-43c93c73e599/736x736/39ca4601884233b4d6335b0953b198e3.jpg|https://media-resize.immowebstatic.be/classifieds/80375395-dcb1-41a0-9adb-43c93c73e599/736x736/ca4a430931739104a84856728560293c.jpg", "url": "https://www.immoweb.be/en/classified/21828600", "lines": "7,A3", "line_count": 2, "nearest_stop": "Jan Moorkens", "nearest_stop_m": 212, "stop_count": 8, "stops": "Jan Moorkens, Koninklijkelaan, Pulhof, Sint-Willibrordus" }, "geometry": { "type": "Point", "coordinates": [ 4.425391995927757, 51.186582902433734 ] } },
{ "type": "Feature", "properties": { "id": 21804625, "title": null, "subtype": "APARTMENT", "street": "Dascottelei 79 box 304", "postal_code": "2100", "locality": "Antwerpen", "place": null, "floor": 3, "bedrooms": 2, "surface_m2": 80.0, "rent_eur": 1025, "costs_eur": 85, "total_eur": 1110, "eur_per_m2": 12.8, "agency": "Innclusive BV", "flag": null, "updated": "2026-09-17T13:00:47.950Z", "image": "https://media-resize.immowebstatic.be/classifieds/18d1e7be-0ccf-4b19-8c2e-9d5ee6b2fd0d/100x100/4035f19885e3af64980bd480a95bdab8.jpg", "image_large": "https://media-resize.immowebstatic.be/classifieds/18d1e7be-0ccf-4b19-8c2e-9d5ee6b2fd0d/736x736/4035f19885e3af64980bd480a95bdab8.jpg", "photos": "https://media-resize.immowebstatic.be/classifieds/18d1e7be-0ccf-4b19-8c2e-9d5ee6b2fd0d/736x736/4035f19885e3af64980bd480a95bdab8.jpg|https://media-resize.immowebstatic.be/classifieds/18d1e7be-0ccf-4b19-8c2e-9d5ee6b2fd0d/736x736/9da9b45649ffc925b0809bb129056ac8.jpg|https://media-resize.immowebstatic.be/classifieds/18d1e7be-0ccf-4b19-8c2e-9d5ee6b2fd0d/736x736/9851e8bb29a783c9d40e3c9cbf130c65.jpg|https://media-resize.immowebstatic.be/classifieds/18d1e7be-0ccf-4b19-8c2e-9d5ee6b2fd0d/736x736/7a2de2547ddf47270209ed27bc99477c.jpg", "url": "https://www.immoweb.be/en/classified/21804625", "lines": "8,24", "line_count": 2, "nearest_stop": "Florent Pauwels", "nearest_stop_m": 356, "stop_count": 7, "stops": "Florent Pauwels, Deurne Dassastraat, Waterbaan" }, "geometry": { "type": "Point", "coordinates": [ 4.468667195918782, 51.202893102433848 ] } },
{ "type": "Feature", "properties": { "id": 21878126, "title": "Appartement", "subtype": "APARTMENT", "street": "Koninklijkelaan 91 box 101", "postal_code": "2600", "locality": "BERCHEM", "place": "", "floor": 1, "bedrooms": 2, "surface_m2": 85.0, "rent_eur": 1025, "costs_eur": 150, "total_eur": 1175, "eur_per_m2": 12.1, "agency": "Coprimmo Immobiliën", "flag": "new", "updated": "2026-10-08T08:04:48.908Z", "image": "https://media-resize.immowebstatic.be/classifieds/ca6615d0-ec85-4f54-bef1-5a9bfa07136e/100x100/ed2c97e6eeaf1ccc6a9d0758c03dfdb0.jpg", "image_large": "https://media-resize.immowebstatic.be/classifieds/ca6615d0-ec85-4f54-bef1-5a9bfa07136e/736x736/ed2c97e6eeaf1ccc6a9d0758c03dfdb0.jpg", "photos": "https://media-resize.immowebstatic.be/classifieds/ca6615d0-ec85-4f54-bef1-5a9bfa07136e/736x736/ed2c97e6eeaf1ccc6a9d0758c03dfdb0.jpg|https://media-resize.immowebstatic.be/classifieds/ca6615d0-ec85-4f54-bef1-5a9bfa07136e/736x736/dece650fc44fe363b1567a79a310b63a.jpg|https://media-resize.immowebstatic.be/classifieds/ca6615d0-ec85-4f54-bef1-5a9bfa07136e/736x736/a99e1dced2cca6d8299431283dfbd3b4.jpg|https://media-resize.immowebstatic.be/classifieds/ca6615d0-ec85-4f54-bef1-5a9bfa07136e/736x736/3278aefd8b49f2a6c187811bf785e32b.jpg", "url": "https://www.immoweb.be/en/classified/21878126", "lines": "7,A3", "line_count": 2, "nearest_stop": "Koninklijkelaan", "nearest_stop_m": 406, "stop_count": 7, "stops": "Koninklijkelaan, Jan Moorkens, Sint-Willibrordus, Pulhof" }, "geometry": { "type": "Point", "coordinates": [ 4.421076195928871, 51.187079502433129 ] } },
{ "type": "Feature", "properties": { "id": 21888463, "title": null, "subtype": "APARTMENT", "street": "Kardinaal Cardijnlaan 25 box 2", "postal_code": "2640", "locality": "Mortsel", "place": null, "floor": 2, "bedrooms": 2, "surface_m2": 97.0, "rent_eur": 1045, "costs_eur": 20, "total_eur": 1065, "eur_per_m2": 10.8, "agency": "PRIVATE", "flag": "new", "updated": "2026-10-04T17:26:26.524Z", "image": "https://media-resize.immowebstatic.be/classifieds/c9779d09-a2d9-4cf6-bfeb-15639939af0d/100x100/7a5749ddbc049ab22c4a4e95483d729f.jpg", "image_large": "https://media-resize.immowebstatic.be/classifieds/c9779d09-a2d9-4cf6-bfeb-15639939af0d/736x736/7a5749ddbc049ab22c4a4e95483d729f.jpg", "photos": "https://media-resize.immowebstatic.be/classifieds/c9779d09-a2d9-4cf6-bfeb-15639939af0d/736x736/7a5749ddbc049ab22c4a4e95483d729f.jpg|https://media-resize.immowebstatic.be/classifieds/c9779d09-a2d9-4cf6-bfeb-15639939af0d/736x736/0109c206a7133f903406f0ea4351e5fc.jpg|https://media-resize.immowebstatic.be/classifieds/c9779d09-a2d9-4cf6-bfeb-15639939af0d/736x736/123332714190ec899bb04312aa7b9b1b.jpg|https://media-resize.immowebstatic.be/classifieds/c9779d09-a2d9-4cf6-bfeb-15639939af0d/736x736/cede321c1206420ebe668b90fc482ef4.jpg", "url": "https://www.immoweb.be/en/classified/21888463", "lines": "A3", "line_count": 1, "nearest_stop": "Kaphaan", "nearest_stop_m": 454, "stop_count": 4, "stops": "Kaphaan, Hof Savelkoul" }, "geometry": { "type": "Point", "coordinates": [ 4.475326195913949, 51.172359002443365 ] } },
{ "type": "Feature", "properties": { "id": 21884832, "title": null, "subtype": "APARTMENT", "street": "Mechelsesteenweg 235 box 301", "postal_code": "2018", "locality": "Antwerpen", "place": null, "floor": 3, "bedrooms": 2, "surface_m2": 85.0, "rent_eur": 1050, "costs_eur": 100, "total_eur": 1150, "eur_per_m2": 12.4, "agency": "SIDIMEX Antwerpen", "flag": "new", "updated": "2026-10-06T12:12:50.435Z", "image": "https://media-resize.immowebstatic.be/classifieds/a4cc5f77-037a-4559-8bc4-95b408d09640/100x100/f18c88ecd530fe8a5e57c6d2d5291a2a.jpg", "image_large": "https://media-resize.immowebstatic.be/classifieds/a4cc5f77-037a-4559-8bc4-95b408d09640/736x736/f18c88ecd530fe8a5e57c6d2d5291a2a.jpg", "photos": "https://media-resize.immowebstatic.be/classifieds/a4cc5f77-037a-4559-8bc4-95b408d09640/736x736/f18c88ecd530fe8a5e57c6d2d5291a2a.jpg|https://media-resize.immowebstatic.be/classifieds/a4cc5f77-037a-4559-8bc4-95b408d09640/736x736/94a344c39d2822ae085c4ce6bb68ec28.jpg|https://media-resize.immowebstatic.be/classifieds/a4cc5f77-037a-4559-8bc4-95b408d09640/736x736/0909839143b0b143e4524c36023a4ddc.jpg|https://media-resize.immowebstatic.be/classifieds/a4cc5f77-037a-4559-8bc4-95b408d09640/736x736/c64f0649b509abe3a6d00db82cee3e51.jpg", "url": "https://www.immoweb.be/en/classified/21884832", "lines": "2,4,6,7,A3", "line_count": 5, "nearest_stop": "Harmonie", "nearest_stop_m": 24, "stop_count": 21, "stops": "Harmonie, Provinciehuis, De Merode, Gounod, Belgiëlei, Lange Leemstraat, Sint-Vincentius, Lamorinièrestraat, Markgravelei, Driekoningen, Hemel" }, "geometry": { "type": "Point", "coordinates": [ 4.412946295932412, 51.201791302427999 ] } },
{ "type": "Feature", "properties": { "id": 21883143, "title": "Bright 2-bed top-floor apartment with terrace, Antwerp Zuid", "subtype": "APARTMENT", "street": "Brederodestraat 29 box 301", "postal_code": "2018", "locality": "Antwerp", "place": null, "floor": 3, "bedrooms": 2, "surface_m2": 53.0, "rent_eur": 1050, "costs_eur": 0, "total_eur": 1050, "eur_per_m2": 19.8, "agency": "PRIVATE", "flag": "new", "updated": "2026-10-02T08:46:31.550Z", "image": "https://media-resize.immowebstatic.be/classifieds/4bcf21d2-3aa0-4e5f-93fa-aac0ff27310c/100x100/9d4d0715882181eeba3ae7e623cc6487.jpg", "image_large": "https://media-resize.immowebstatic.be/classifieds/4bcf21d2-3aa0-4e5f-93fa-aac0ff27310c/736x736/9d4d0715882181eeba3ae7e623cc6487.jpg", "photos": "https://media-resize.immowebstatic.be/classifieds/4bcf21d2-3aa0-4e5f-93fa-aac0ff27310c/736x736/9d4d0715882181eeba3ae7e623cc6487.jpg|https://media-resize.immowebstatic.be/classifieds/4bcf21d2-3aa0-4e5f-93fa-aac0ff27310c/736x736/abe6fb6b5b74b727d2b19e993b8bf873.jpg|https://media-resize.immowebstatic.be/classifieds/4bcf21d2-3aa0-4e5f-93fa-aac0ff27310c/736x736/9efbec1c971c03688de7994fc6ecda69.jpg|https://media-resize.immowebstatic.be/classifieds/4bcf21d2-3aa0-4e5f-93fa-aac0ff27310c/736x736/8db0c4315a36caf68c363a5c2695e9e0.jpg", "url": "https://www.immoweb.be/en/classified/21883143", "lines": "1,4,10", "line_count": 3, "nearest_stop": "Bestorming", "nearest_stop_m": 32, "stop_count": 22, "stops": "Bestorming, Bres, Montigny, Broedermin, Museum, Kasteelplein, Pacificatie, Bolivarplaats, Tropisch Instituut, Zuid" }, "geometry": { "type": "Point", "coordinates": [ 4.396677195936874, 51.206131802424927 ] } },
{ "type": "Feature", "properties": { "id": 21831555, "title": null, "subtype": "APARTMENT", "street": "August Michielsstraat 24 box 102", "postal_code": "2000", "locality": "Antwerpen", "place": null, "floor": 1, "bedrooms": 2, "surface_m2": null, "rent_eur": 1050, "costs_eur": 25, "total_eur": 1075, "eur_per_m2": null, "agency": "PRIVATE", "flag": null, "updated": "2026-09-10T15:09:24.223Z", "image": "https://media-resize.immowebstatic.be/classifieds/ecb9bd49-e83e-4261-bc83-8ff058eca68a/100x100/79efd4fc20679692f01898a8b4079878.jpg", "image_large": "https://media-resize.immowebstatic.be/classifieds/ecb9bd49-e83e-4261-bc83-8ff058eca68a/736x736/79efd4fc20679692f01898a8b4079878.jpg", "photos": "https://media-resize.immowebstatic.be/classifieds/ecb9bd49-e83e-4261-bc83-8ff058eca68a/736x736/79efd4fc20679692f01898a8b4079878.jpg|https://media-resize.immowebstatic.be/classifieds/ecb9bd49-e83e-4261-bc83-8ff058eca68a/736x736/ce64061e9b98cb97e447259de65c8274.jpg|https://media-resize.immowebstatic.be/classifieds/ecb9bd49-e83e-4261-bc83-8ff058eca68a/736x736/300cd8570c73f973e8eb02186a2f003b.jpg|https://media-resize.immowebstatic.be/classifieds/ecb9bd49-e83e-4261-bc83-8ff058eca68a/736x736/606a981b4f36e96c3a94990d6f3aaef7.jpg", "url": "https://www.immoweb.be/en/classified/21831555", "lines": "1,7,24", "line_count": 3, "nearest_stop": "Londen", "nearest_stop_m": 76, "stop_count": 12, "stops": "Londen, Noorderplaats, Ziekenhuis Cadix, Amsterdam, MAS, Paardenmarkt" }, "geometry": { "type": "Point", "coordinates": [ 4.41077159593605, 51.231564502419204 ] } },
{ "type": "Feature", "properties": { "id": 21836858, "title": "Bright, renovated two-bedroom apartment", "subtype": "APARTMENT", "street": "Hogeweg 20", "postal_code": "2140", "locality": "Antwerp", "place": null, "floor": 2, "bedrooms": 2, "surface_m2": 78.0, "rent_eur": 1050, "costs_eur": 100, "total_eur": 1150, "eur_per_m2": 13.5, "agency": "PRIVATE", "flag": "under_option", "updated": "2026-10-07T11:35:42.606Z", "image": "https://media-resize.immowebstatic.be/classifieds/64b38bf7-f66e-4d48-a9fa-d79fe578a1da/100x100/17475a5743c5136ce8db4c9d0a72556a.jpg", "image_large": "https://media-resize.immowebstatic.be/classifieds/64b38bf7-f66e-4d48-a9fa-d79fe578a1da/736x736/17475a5743c5136ce8db4c9d0a72556a.jpg", "photos": "https://media-resize.immowebstatic.be/classifieds/64b38bf7-f66e-4d48-a9fa-d79fe578a1da/736x736/17475a5743c5136ce8db4c9d0a72556a.jpg|https://media-resize.immowebstatic.be/classifieds/64b38bf7-f66e-4d48-a9fa-d79fe578a1da/736x736/29c762e86ffb0f47c4392f116f453f09.jpg|https://media-resize.immowebstatic.be/classifieds/64b38bf7-f66e-4d48-a9fa-d79fe578a1da/736x736/7740e07afbca851406745c3a64fbfb70.jpg|https://media-resize.immowebstatic.be/classifieds/64b38bf7-f66e-4d48-a9fa-d79fe578a1da/736x736/ccbdd6d67e2a8182466a8aff5ae12711.jpg", "url": "https://www.immoweb.be/en/classified/21836858", "lines": "10,24", "line_count": 2, "nearest_stop": "De Roma", "nearest_stop_m": 96, "stop_count": 11, "stops": "De Roma, Stenenbrug, Joe English, Drink, Morckhoven, Hof Ter Lo" }, "geometry": { "type": "Point", "coordinates": [ 4.441783895926489, 51.21318860242792 ] } },
{ "type": "Feature", "properties": { "id": 21793022, "title": null, "subtype": "APARTMENT", "street": "Victor Driessensstraat 2a box 101", "postal_code": "2018", "locality": "Antwerpen", "place": null, "floor": 1, "bedrooms": 2, "surface_m2": 80.0, "rent_eur": 1050, "costs_eur": 50, "total_eur": 1100, "eur_per_m2": 13.1, "agency": "PRIVATE", "flag": null, "updated": "2026-09-17T17:09:51.253Z", "image": "https://media-resize.immowebstatic.be/classifieds/fca6c019-1593-49bb-b76a-3c7a9ce6b2e5/100x100/28ceab1140c448b0dc9496753f979837.jpg", "image_large": "https://media-resize.immowebstatic.be/classifieds/fca6c019-1593-49bb-b76a-3c7a9ce6b2e5/736x736/28ceab1140c448b0dc9496753f979837.jpg", "photos": "https://media-resize.immowebstatic.be/classifieds/fca6c019-1593-49bb-b76a-3c7a9ce6b2e5/736x736/28ceab1140c448b0dc9496753f979837.jpg|https://media-resize.immowebstatic.be/classifieds/fca6c019-1593-49bb-b76a-3c7a9ce6b2e5/736x736/ebb6e27fca979eb9f9e71a1a1e5edf2e.jpg|https://media-resize.immowebstatic.be/classifieds/fca6c019-1593-49bb-b76a-3c7a9ce6b2e5/736x736/bfcfdb8b4f6767c19d5c8d488f7c0aa4.jpg|https://media-resize.immowebstatic.be/classifieds/fca6c019-1593-49bb-b76a-3c7a9ce6b2e5/736x736/1f4178b8b3d35494ceb9d71654355184.jpg", "url": "https://www.immoweb.be/en/classified/21793022", "lines": "1,4,10", "line_count": 3, "nearest_stop": "Zuid", "nearest_stop_m": 98, "stop_count": 17, "stops": "Zuid, Station Zuid, Bolivarplaats, Broedermin, Kolonel Silvertop, Montigny, Pacificatie, Bestorming" }, "geometry": { "type": "Point", "coordinates": [ 4.391915095937356, 51.199523302426329 ] } },
{ "type": "Feature", "properties": { "id": 21688501, "title": null, "subtype": "APARTMENT", "street": "Kruishofstraat 54", "postal_code": "2020", "locality": "Antwerpen", "place": null, "floor": 1, "bedrooms": 2, "surface_m2": null, "rent_eur": 1050, "costs_eur": 44, "total_eur": 1094, "eur_per_m2": null, "agency": "PRIVATE", "flag": null, "updated": "2026-09-22T12:03:14.127Z", "image": "https://media-resize.immowebstatic.be/classifieds/71f3aa6a-1800-40fa-b041-33da4bef6e58/100x100/4b8e6edadc1078fe8aad5b5bd83ebbc6.jpg", "image_large": "https://media-resize.immowebstatic.be/classifieds/71f3aa6a-1800-40fa-b041-33da4bef6e58/736x736/4b8e6edadc1078fe8aad5b5bd83ebbc6.jpg", "photos": "https://media-resize.immowebstatic.be/classifieds/71f3aa6a-1800-40fa-b041-33da4bef6e58/736x736/4b8e6edadc1078fe8aad5b5bd83ebbc6.jpg|https://media-resize.immowebstatic.be/classifieds/71f3aa6a-1800-40fa-b041-33da4bef6e58/736x736/944b7bcfa9df8e34ce5d8df19c318787.jpg|https://media-resize.immowebstatic.be/classifieds/71f3aa6a-1800-40fa-b041-33da4bef6e58/736x736/8eab0ea7fa2cc1ae1da74d0fea8a7753.jpg|https://media-resize.immowebstatic.be/classifieds/71f3aa6a-1800-40fa-b041-33da4bef6e58/736x736/18b831c8be7ca7c7e65d1b94881fcbb7.jpg", "url": "https://www.immoweb.be/en/classified/21688501", "lines": "2,6", "line_count": 2, "nearest_stop": "Volhardingstraat", "nearest_stop_m": 127, "stop_count": 12, "stops": "Volhardingstraat, Olympiade, P+R Olympiade, De Bosschaert, Kruishof, Antwerp Expo, Schijfwerper" }, "geometry": { "type": "Point", "coordinates": [ 4.394232695935369, 51.185923202430459 ] } },
{ "type": "Feature", "properties": { "id": 21888419, "title": null, "subtype": "APARTMENT", "street": "Mutsaardstraat 4 box 202", "postal_code": "2000", "locality": "Antwerpen", "place": null, "floor": 2, "bedrooms": 2, "surface_m2": 81.0, "rent_eur": 1050, "costs_eur": 75, "total_eur": 1125, "eur_per_m2": 13.0, "agency": "PRIVATE", "flag": "new", "updated": "2026-10-04T19:33:42.330Z", "image": "https://media-resize.immowebstatic.be/classifieds/4dfb5cca-d3b6-46cc-a974-967319e965f1/100x100/f3d3ba2c299bbfaac0c3d8095e80c704.heic", "image_large": "https://media-resize.immowebstatic.be/classifieds/4dfb5cca-d3b6-46cc-a974-967319e965f1/736x736/f3d3ba2c299bbfaac0c3d8095e80c704.heic", "photos": "https://media-resize.immowebstatic.be/classifieds/4dfb5cca-d3b6-46cc-a974-967319e965f1/736x736/f3d3ba2c299bbfaac0c3d8095e80c704.heic|https://media-resize.immowebstatic.be/classifieds/4dfb5cca-d3b6-46cc-a974-967319e965f1/736x736/e8442c8e33d4e2fcf31e74fbaa05f87c.jpg|https://media-resize.immowebstatic.be/classifieds/4dfb5cca-d3b6-46cc-a974-967319e965f1/736x736/ea15adf8bd48328b6287daa07189b05d.jpg|https://media-resize.immowebstatic.be/classifieds/4dfb5cca-d3b6-46cc-a974-967319e965f1/736x736/3a0eea2cdddf352ffe3596e776001e8a.jpg", "url": "https://www.immoweb.be/en/classified/21888419", "lines": "1,4,7,11,24", "line_count": 5, "nearest_stop": "Klapdorp", "nearest_stop_m": 170, "stop_count": 23, "stops": "Klapdorp, Sint-Paulusplaats, Keizerstraat, Brouwersvliet, Melkmarkt, Sint-Jacob, Meirbrug, MAS, Paardenmarkt, Groenplaats, Amsterdam, Londen" }, "geometry": { "type": "Point", "coordinates": [ 4.405030995936737, 51.224537102420591 ] } },
{ "type": "Feature", "properties": { "id": 21891861, "title": null, "subtype": "GROUND_FLOOR", "street": "Vijf-Aprilwarande 26 box 1L", "postal_code": "2640", "locality": "Mortsel", "place": null, "floor": 0, "bedrooms": 2, "surface_m2": 90.0, "rent_eur": 1050, "costs_eur": 210, "total_eur": 1260, "eur_per_m2": 11.7, "agency": "PRIVATE", "flag": "new", "updated": "2026-10-05T19:27:02.125Z", "image": "https://media-resize.immowebstatic.be/classifieds/ba29cf5c-7d93-40e4-a735-89366b8cc1ae/100x100/b857056ba1e5185f5da7abdb37176a2c.jpg", "image_large": "https://media-resize.immowebstatic.be/classifieds/ba29cf5c-7d93-40e4-a735-89366b8cc1ae/736x736/b857056ba1e5185f5da7abdb37176a2c.jpg", "photos": "https://media-resize.immowebstatic.be/classifieds/ba29cf5c-7d93-40e4-a735-89366b8cc1ae/736x736/b857056ba1e5185f5da7abdb37176a2c.jpg|https://media-resize.immowebstatic.be/classifieds/ba29cf5c-7d93-40e4-a735-89366b8cc1ae/736x736/6ed2b45e1b181b1281e1b4c56c4ac0be.jpg|https://media-resize.immowebstatic.be/classifieds/ba29cf5c-7d93-40e4-a735-89366b8cc1ae/736x736/5aad2471adeb88ed1fda1946c9852507.jpg|https://media-resize.immowebstatic.be/classifieds/ba29cf5c-7d93-40e4-a735-89366b8cc1ae/736x736/24d3504ccf9358042effed7c39928ce2.jpg", "url": "https://www.immoweb.be/en/classified/21891861", "lines": "7,A3", "line_count": 2, "nearest_stop": "Vredebaan", "nearest_stop_m": 428, "stop_count": 7, "stops": "Vredebaan, Gemeenteplein, Gevaert, Mortsel" }, "geometry": { "type": "Point", "coordinates": [ 4.442274495921813, 51.169550202440512 ] } },
{ "type": "Feature", "properties": { "id": 21860874, "title": "Midden Boechout", "subtype": "APARTMENT", "street": "Ijzerlei 18", "postal_code": "2530", "locality": "Boechout", "place": "", "floor": 2, "bedrooms": 2, "surface_m2": 85.0, "rent_eur": 1050, "costs_eur": 0, "total_eur": 1050, "eur_per_m2": 12.4, "agency": "Metropool Vastgoed Centrum", "flag": "under_option", "updated": "2026-10-07T19:33:52.625Z", "image": "https://media-resize.immowebstatic.be/classifieds/a8e1806a-679c-4bef-84fb-dcc4fe796b63/100x100/5944c02b083a22a44ec958f8b20e860c.jpg", "image_large": "https://media-resize.immowebstatic.be/classifieds/a8e1806a-679c-4bef-84fb-dcc4fe796b63/736x736/5944c02b083a22a44ec958f8b20e860c.jpg", "photos": "https://media-resize.immowebstatic.be/classifieds/a8e1806a-679c-4bef-84fb-dcc4fe796b63/736x736/5944c02b083a22a44ec958f8b20e860c.jpg|https://media-resize.immowebstatic.be/classifieds/a8e1806a-679c-4bef-84fb-dcc4fe796b63/736x736/19adf405e0ae6f075c9a3458c2d2a39d.jpg|https://media-resize.immowebstatic.be/classifieds/a8e1806a-679c-4bef-84fb-dcc4fe796b63/736x736/57925d64ce9df40fb38c296cf77ddafc.jpg|https://media-resize.immowebstatic.be/classifieds/a8e1806a-679c-4bef-84fb-dcc4fe796b63/736x736/c0e65b79ee0045b9da32029840b39cd6.jpg", "url": "https://www.immoweb.be/en/classified/21860874", "lines": "A3", "line_count": 1, "nearest_stop": "Boechout P+R Boechout", "nearest_stop_m": 578, "stop_count": 2, "stops": "Boechout P+R Boechout" }, "geometry": { "type": "Point", "coordinates": [ 4.490503495909294, 51.163689102447599 ] } },
{ "type": "Feature", "properties": { "id": 21841381, "title": "APPARTEMENT MET TERRAS", "subtype": "APARTMENT", "street": "Boekenberglei 23", "postal_code": "2100", "locality": "Deurne (2100)", "place": "", "floor": 1, "bedrooms": 2, "surface_m2": 70.0, "rent_eur": 1050, "costs_eur": 60, "total_eur": 1110, "eur_per_m2": 15.0, "agency": "Immobilien Carl Martens NV", "flag": null, "updated": "2026-10-07T18:23:23.050Z", "image": "https://media-resize.immowebstatic.be/classifieds/9f683ea6-c0a6-4001-a0c0-60048b0aceb5/100x100/b1c07e4989b96de0fbae822b123bcd3b.jpg", "image_large": "https://media-resize.immowebstatic.be/classifieds/9f683ea6-c0a6-4001-a0c0-60048b0aceb5/736x736/b1c07e4989b96de0fbae822b123bcd3b.jpg", "photos": "https://media-resize.immowebstatic.be/classifieds/9f683ea6-c0a6-4001-a0c0-60048b0aceb5/736x736/b1c07e4989b96de0fbae822b123bcd3b.jpg|https://media-resize.immowebstatic.be/classifieds/9f683ea6-c0a6-4001-a0c0-60048b0aceb5/736x736/3a0705251eeb832ec0820c026cd5b76b.jpg|https://media-resize.immowebstatic.be/classifieds/9f683ea6-c0a6-4001-a0c0-60048b0aceb5/736x736/70364ce41511d9d595b0a570efd034ff.jpg|https://media-resize.immowebstatic.be/classifieds/9f683ea6-c0a6-4001-a0c0-60048b0aceb5/736x736/44a27e8668fc962ef18ecd6d8d7f4db3.jpg", "url": "https://www.immoweb.be/en/classified/21841381", "lines": "8,24", "line_count": 2, "nearest_stop": "Waterbaan", "nearest_stop_m": 596, "stop_count": 5, "stops": "Waterbaan, Florent Pauwels" }, "geometry": { "type": "Point", "coordinates": [ 4.463686695919966, 51.202452602433425 ] } },
{ "type": "Feature", "properties": { "id": 21862310, "title": null, "subtype": "APARTMENT", "street": "Lange Kongostraat 45 box 301", "postal_code": "2060", "locality": "Antwerpen", "place": null, "floor": 3, "bedrooms": 2, "surface_m2": 82.0, "rent_eur": 1050, "costs_eur": 100, "total_eur": 1150, "eur_per_m2": 12.8, "agency": "ERA Rental", "flag": "new", "updated": "2026-09-29T13:34:16.547Z", "image": "https://media-resize.immowebstatic.be/classifieds/057aa1ff-d6ed-4f2a-86be-e0e9d37dabd0/100x100/06784fb382103f8d6f6f79a217b922f9.jpg", "image_large": "https://media-resize.immowebstatic.be/classifieds/057aa1ff-d6ed-4f2a-86be-e0e9d37dabd0/736x736/06784fb382103f8d6f6f79a217b922f9.jpg", "photos": "https://media-resize.immowebstatic.be/classifieds/057aa1ff-d6ed-4f2a-86be-e0e9d37dabd0/736x736/06784fb382103f8d6f6f79a217b922f9.jpg|https://media-resize.immowebstatic.be/classifieds/057aa1ff-d6ed-4f2a-86be-e0e9d37dabd0/736x736/48621628d6e1f2bc76aca48cc7758c26.jpg|https://media-resize.immowebstatic.be/classifieds/057aa1ff-d6ed-4f2a-86be-e0e9d37dabd0/736x736/87cf98ef1563446b2ecb6da04c7c51c2.jpg|https://media-resize.immowebstatic.be/classifieds/057aa1ff-d6ed-4f2a-86be-e0e9d37dabd0/736x736/85657a1cec392cdd3777008f64443db3.jpg", "url": "https://www.immoweb.be/en/classified/21862310", "lines": "12,A9", "line_count": 2, "nearest_stop": "Viséstraat", "nearest_stop_m": 788, "stop_count": 2, "stops": "Viséstraat, Ten Eekhove" }, "geometry": { "type": "Point", "coordinates": [ 4.440091095927956, 51.223228302424843 ] } },
{ "type": "Feature", "properties": { "id": 21892660, "title": null, "subtype": "APARTMENT", "street": "Vinçotteplein 28", "postal_code": "2140", "locality": "Antwerpen", "place": null, "floor": 1, "bedrooms": 2, "surface_m2": 90.0, "rent_eur": 1060, "costs_eur": 60, "total_eur": 1120, "eur_per_m2": 11.8, "agency": "PRIVATE", "flag": "new", "updated": "2026-10-08T07:55:43.753Z", "image": "https://media-resize.immowebstatic.be/classifieds/4f1cc01f-df3b-4b75-856d-2219d609eb28/100x100/072b0b72ca308a7bef09e8cb19d2b2fe.jpg", "image_large": "https://media-resize.immowebstatic.be/classifieds/4f1cc01f-df3b-4b75-856d-2219d609eb28/736x736/072b0b72ca308a7bef09e8cb19d2b2fe.jpg", "photos": "https://media-resize.immowebstatic.be/classifieds/4f1cc01f-df3b-4b75-856d-2219d609eb28/736x736/072b0b72ca308a7bef09e8cb19d2b2fe.jpg|https://media-resize.immowebstatic.be/classifieds/4f1cc01f-df3b-4b75-856d-2219d609eb28/736x736/e5579518b8c5741d4481c39ac2dc0a06.jpg|https://media-resize.immowebstatic.be/classifieds/4f1cc01f-df3b-4b75-856d-2219d609eb28/736x736/874df3360f8ea70cfba763a4880ff386.jpg|https://media-resize.immowebstatic.be/classifieds/4f1cc01f-df3b-4b75-856d-2219d609eb28/736x736/09596cc0d5ae68f7ac039e8a2129d8eb.jpg", "url": "https://www.immoweb.be/en/classified/21892660", "lines": "24", "line_count": 1, "nearest_stop": "Drink", "nearest_stop_m": 257, "stop_count": 8, "stops": "Drink, De Roma, Stenenbrug, Kerkstraat, Joe English" }, "geometry": { "type": "Point", "coordinates": [ 4.438268295927652, 51.215981402426713 ] } },
{ "type": "Feature", "properties": { "id": 21883810, "title": "trendy two-bedroom apartment on Paleisstraat", "subtype": "APARTMENT", "street": "Paleisstraat 149 box 101", "postal_code": "2018", "locality": "Antwerpen", "place": null, "floor": 1, "bedrooms": 2, "surface_m2": 70.0, "rent_eur": 1080, "costs_eur": 90, "total_eur": 1170, "eur_per_m2": 15.4, "agency": "Provas", "flag": "new", "updated": "2026-10-05T11:01:26.155Z", "image": "https://media-resize.immowebstatic.be/classifieds/40aed454-834b-4d64-9102-34dccf99d437/100x100/4e5b14063f9d9dc6d073376674716606.jpg", "image_large": "https://media-resize.immowebstatic.be/classifieds/40aed454-834b-4d64-9102-34dccf99d437/736x736/4e5b14063f9d9dc6d073376674716606.jpg", "photos": "https://media-resize.immowebstatic.be/classifieds/40aed454-834b-4d64-9102-34dccf99d437/736x736/4e5b14063f9d9dc6d073376674716606.jpg|https://media-resize.immowebstatic.be/classifieds/40aed454-834b-4d64-9102-34dccf99d437/736x736/d057ab2d366b382243b3cbd1852ee785.jpg|https://media-resize.immowebstatic.be/classifieds/40aed454-834b-4d64-9102-34dccf99d437/736x736/586b2d408e4ddbfa9eb8937d92296610.jpg|https://media-resize.immowebstatic.be/classifieds/40aed454-834b-4d64-9102-34dccf99d437/736x736/bb0d787b0c11bdd98235a105d4586a90.jpg", "url": "https://www.immoweb.be/en/classified/21883810", "lines": "1,4,10", "line_count": 3, "nearest_stop": "Bestorming", "nearest_stop_m": 147, "stop_count": 20, "stops": "Bestorming, Broedermin, Montigny, Bres, Pacificatie, Museum, Bolivarplaats, Kasteelplein, Zuid" }, "geometry": { "type": "Point", "coordinates": [ 4.396369995936796, 51.204666802425344 ] } },
{ "type": "Feature", "properties": { "id": 21828454, "title": "Zonnig en ruim  app met 2 slpk, bur, terras en garage.", "subtype": "APARTMENT", "street": "Schotensesteenweg 379", "postal_code": "2100", "locality": "Deurne (2100)", "place": "", "floor": 1, "bedrooms": 2, "surface_m2": 110.0, "rent_eur": 1080, "costs_eur": 0, "total_eur": 1080, "eur_per_m2": 9.8, "agency": "Immassur", "flag": null, "updated": "2026-10-07T18:09:21.791Z", "image": "https://media-resize.immowebstatic.be/classifieds/7280902d-6e57-41ca-b1f1-177f6b97cd8a/100x100/25b3dea065535a2d715a548b94a00346.jpg", "image_large": "https://media-resize.immowebstatic.be/classifieds/7280902d-6e57-41ca-b1f1-177f6b97cd8a/736x736/25b3dea065535a2d715a548b94a00346.jpg", "photos": "https://media-resize.immowebstatic.be/classifieds/7280902d-6e57-41ca-b1f1-177f6b97cd8a/736x736/25b3dea065535a2d715a548b94a00346.jpg|https://media-resize.immowebstatic.be/classifieds/7280902d-6e57-41ca-b1f1-177f6b97cd8a/736x736/74a194317ec1ef37f79b12c234dd3079.jpg|https://media-resize.immowebstatic.be/classifieds/7280902d-6e57-41ca-b1f1-177f6b97cd8a/736x736/49e4c1fa6fef4380e2d388053cad3b8d.jpg|https://media-resize.immowebstatic.be/classifieds/7280902d-6e57-41ca-b1f1-177f6b97cd8a/736x736/534e2d53e59232e43ed626f51d085b75.jpg", "url": "https://www.immoweb.be/en/classified/21828454", "lines": "A9", "line_count": 1, "nearest_stop": "Van Overmeire", "nearest_stop_m": 253, "stop_count": 8, "stops": "Van Overmeire, Ruggeveldlaan, Frans Van Dijck, Hermans" }, "geometry": { "type": "Point", "coordinates": [ 4.482580895918047, 51.228725502427999 ] } },
{ "type": "Feature", "properties": { "id": 21873483, "title": null, "subtype": "APARTMENT", "street": "Turnhoutsebaan 201", "postal_code": "2100", "locality": "Antwerpen", "place": null, "floor": 1, "bedrooms": 2, "surface_m2": 105.0, "rent_eur": 1085, "costs_eur": 85, "total_eur": 1170, "eur_per_m2": 10.3, "agency": "PRIVATE", "flag": "new", "updated": "2026-09-28T18:47:50.744Z", "image": "https://media-resize.immowebstatic.be/classifieds/5162f69b-59f2-4317-815e-68934f7ce376/100x100/5abaec089f8ad711e63762878df42bca.jpg", "image_large": "https://media-resize.immowebstatic.be/classifieds/5162f69b-59f2-4317-815e-68934f7ce376/736x736/5abaec089f8ad711e63762878df42bca.jpg", "photos": "https://media-resize.immowebstatic.be/classifieds/5162f69b-59f2-4317-815e-68934f7ce376/736x736/5abaec089f8ad711e63762878df42bca.jpg|https://media-resize.immowebstatic.be/classifieds/5162f69b-59f2-4317-815e-68934f7ce376/736x736/23f7131c8efd7db30e4ba58f748efcdf.jpg|https://media-resize.immowebstatic.be/classifieds/5162f69b-59f2-4317-815e-68934f7ce376/736x736/398484c9f6381879029a5cc25c527b20.jpg|https://media-resize.immowebstatic.be/classifieds/5162f69b-59f2-4317-815e-68934f7ce376/736x736/b63ab05b50d790c7690bbe28b49f38ea.jpg", "url": "https://www.immoweb.be/en/classified/21873483", "lines": "10,A9", "line_count": 2, "nearest_stop": "Lunden", "nearest_stop_m": 24, "stop_count": 12, "stops": "Lunden, Gallifortlei, Venneborg, Cogelsplein, Craeybeckx, Clara Snellings" }, "geometry": { "type": "Point", "coordinates": [ 4.463832395921789, 51.22023290242835 ] } },
{ "type": "Feature", "properties": { "id": 21843579, "title": null, "subtype": "APARTMENT", "street": "Autolei 30", "postal_code": "2160", "locality": "Wommelgem", "place": null, "floor": 1, "bedrooms": 2, "surface_m2": 85.0, "rent_eur": 1090, "costs_eur": 60, "total_eur": 1150, "eur_per_m2": 12.8, "agency": "PRIVATE", "flag": null, "updated": "2026-10-05T21:31:56.550Z", "image": "https://media-resize.immowebstatic.be/classifieds/eebeb115-de29-48ab-b2ca-9c1fa3e8d2dd/100x100/a52e3e3a22d88652276f6a9edebb8223.jpg", "image_large": "https://media-resize.immowebstatic.be/classifieds/eebeb115-de29-48ab-b2ca-9c1fa3e8d2dd/736x736/a52e3e3a22d88652276f6a9edebb8223.jpg", "photos": "https://media-resize.immowebstatic.be/classifieds/eebeb115-de29-48ab-b2ca-9c1fa3e8d2dd/736x736/a52e3e3a22d88652276f6a9edebb8223.jpg|https://media-resize.immowebstatic.be/classifieds/eebeb115-de29-48ab-b2ca-9c1fa3e8d2dd/736x736/b25f6fb9cce265bd0d8fa347d9aa5aea.jpg|https://media-resize.immowebstatic.be/classifieds/eebeb115-de29-48ab-b2ca-9c1fa3e8d2dd/736x736/68810e2a981be05cde8552be84ebf2d7.jpg|https://media-resize.immowebstatic.be/classifieds/eebeb115-de29-48ab-b2ca-9c1fa3e8d2dd/736x736/e2d73a0a5eece39a39d4ca75e877880d.jpg", "url": "https://www.immoweb.be/en/classified/21843579", "lines": "24", "line_count": 1, "nearest_stop": "Wommelgem Krijgsbaan", "nearest_stop_m": 249, "stop_count": 4, "stops": "Wommelgem Krijgsbaan, Silsburg, Deurne Dassastraat" }, "geometry": { "type": "Point", "coordinates": [ 4.486424095914436, 51.203225402435734 ] } },
{ "type": "Feature", "properties": { "id": 21864248, "title": null, "subtype": "DUPLEX", "street": "Guido Gezellestraat 34", "postal_code": "2530", "locality": "Boechout", "place": null, "floor": 0, "bedrooms": 2, "surface_m2": null, "rent_eur": 1090, "costs_eur": 30, "total_eur": 1120, "eur_per_m2": null, "agency": "PRIVATE", "flag": "new", "updated": "2026-09-24T07:39:35.302Z", "image": "https://media-resize.immowebstatic.be/classifieds/5bc8eea2-3972-40e7-9e81-0af24a36fa03/100x100/0ec3baebf45aaa7121b02cc482f59d2c.jpg", "image_large": "https://media-resize.immowebstatic.be/classifieds/5bc8eea2-3972-40e7-9e81-0af24a36fa03/736x736/0ec3baebf45aaa7121b02cc482f59d2c.jpg", "photos": "https://media-resize.immowebstatic.be/classifieds/5bc8eea2-3972-40e7-9e81-0af24a36fa03/736x736/0ec3baebf45aaa7121b02cc482f59d2c.jpg|https://media-resize.immowebstatic.be/classifieds/5bc8eea2-3972-40e7-9e81-0af24a36fa03/736x736/d42516ba4f895c8882622230817f972e.jpg|https://media-resize.immowebstatic.be/classifieds/5bc8eea2-3972-40e7-9e81-0af24a36fa03/736x736/2507c768bafa1170d36c609a35ea5ad8.jpg", "url": "https://www.immoweb.be/en/classified/21864248", "lines": "A3", "line_count": 1, "nearest_stop": "Boechout P+R Boechout", "nearest_stop_m": 482, "stop_count": 2, "stops": "Boechout P+R Boechout" }, "geometry": { "type": "Point", "coordinates": [ 4.499989395907383, 51.167856602447408 ] } },
{ "type": "Feature", "properties": { "id": 21893095, "title": "Duplex", "subtype": "APARTMENT", "street": "Samberstraat 6D box 3.02", "postal_code": "2060", "locality": "Antwerpen", "place": "", "floor": 3, "bedrooms": 2, "surface_m2": 95.0, "rent_eur": 1090, "costs_eur": 190, "total_eur": 1280, "eur_per_m2": 11.5, "agency": "Heylen Vastgoed Antwerpen", "flag": "new", "updated": "2026-10-08T04:55:27.439Z", "image": "https://media-resize.immowebstatic.be/classifieds/95b409b2-9229-480c-95ea-2913b227b95b/100x100/b8533990a621691079425103a1dab99f.jpg", "image_large": "https://media-resize.immowebstatic.be/classifieds/95b409b2-9229-480c-95ea-2913b227b95b/736x736/b8533990a621691079425103a1dab99f.jpg", "photos": "https://media-resize.immowebstatic.be/classifieds/95b409b2-9229-480c-95ea-2913b227b95b/736x736/b8533990a621691079425103a1dab99f.jpg|https://media-resize.immowebstatic.be/classifieds/95b409b2-9229-480c-95ea-2913b227b95b/736x736/d55a8fa38e79794592607f80787a98e4.jpg|https://media-resize.immowebstatic.be/classifieds/95b409b2-9229-480c-95ea-2913b227b95b/736x736/ccfbfd394a947c90fa2b2154eddb3871.jpg|https://media-resize.immowebstatic.be/classifieds/95b409b2-9229-480c-95ea-2913b227b95b/736x736/6ec53c2ed20dd535e715a0ecaa4fcb52.jpg", "url": "https://www.immoweb.be/en/classified/21893095", "lines": "1,12", "line_count": 2, "nearest_stop": "Viséstraat", "nearest_stop_m": 517, "stop_count": 9, "stops": "Viséstraat, Stuivenbergplein, IJzerlaan, Gasstraat, Ziekenhuis Cadix" }, "geometry": { "type": "Point", "coordinates": [ 4.427783495931904, 51.232002902420959 ] } },
{ "type": "Feature", "properties": { "id": 21685969, "title": "Appartement", "subtype": "APARTMENT", "street": "Samberstraat 6D-302 box A3.8", "postal_code": "2060", "locality": "ANTWERPEN", "place": "", "floor": 3, "bedrooms": 2, "surface_m2": 95.0, "rent_eur": 1090, "costs_eur": 190, "total_eur": 1280, "eur_per_m2": 11.5, "agency": "REANT ZUID", "flag": null, "updated": "2026-09-29T14:21:34.830Z", "image": "https://media-resize.immowebstatic.be/classifieds/a484941b-1961-49de-b2d3-c9bf9a57c63c/100x100/c768bc7449d0e54119902b26a2a448ce.jpg", "image_large": "https://media-resize.immowebstatic.be/classifieds/a484941b-1961-49de-b2d3-c9bf9a57c63c/736x736/c768bc7449d0e54119902b26a2a448ce.jpg", "photos": "https://media-resize.immowebstatic.be/classifieds/a484941b-1961-49de-b2d3-c9bf9a57c63c/736x736/c768bc7449d0e54119902b26a2a448ce.jpg|https://media-resize.immowebstatic.be/classifieds/a484941b-1961-49de-b2d3-c9bf9a57c63c/736x736/68b4c382f1ef67ae240df5c9987795db.jpg|https://media-resize.immowebstatic.be/classifieds/a484941b-1961-49de-b2d3-c9bf9a57c63c/736x736/7fe949d49f394798be04bb43ef3ec370.jpg|https://media-resize.immowebstatic.be/classifieds/a484941b-1961-49de-b2d3-c9bf9a57c63c/736x736/afeea2e20a7de5022c6c569bf8f03711.jpg", "url": "https://www.immoweb.be/en/classified/21685969", "lines": "1,12", "line_count": 2, "nearest_stop": "Viséstraat", "nearest_stop_m": 517, "stop_count": 9, "stops": "Viséstraat, Stuivenbergplein, IJzerlaan, Gasstraat, Ziekenhuis Cadix" }, "geometry": { "type": "Point", "coordinates": [ 4.427783495931904, 51.232002902420959 ] } },
{ "type": "Feature", "properties": { "id": 21885362, "title": null, "subtype": "APARTMENT", "street": "Italiëlei 159 box 701", "postal_code": "2000", "locality": "Antwerpen", "place": null, "floor": 7, "bedrooms": 2, "surface_m2": 138.0, "rent_eur": 1100, "costs_eur": 100, "total_eur": 1200, "eur_per_m2": 8.0, "agency": "Walls Vastgoedmakelaars", "flag": "new", "updated": "2026-10-08T10:22:35.350Z", "image": "https://media-resize.immowebstatic.be/classifieds/ad92702b-27c3-48f5-b53b-6601574fc265/100x100/8a18f4a6d8e3918c202e2681d3d62c5b.jpg", "image_large": "https://media-resize.immowebstatic.be/classifieds/ad92702b-27c3-48f5-b53b-6601574fc265/736x736/8a18f4a6d8e3918c202e2681d3d62c5b.jpg", "photos": "https://media-resize.immowebstatic.be/classifieds/ad92702b-27c3-48f5-b53b-6601574fc265/736x736/8a18f4a6d8e3918c202e2681d3d62c5b.jpg|https://media-resize.immowebstatic.be/classifieds/ad92702b-27c3-48f5-b53b-6601574fc265/736x736/9ed621d81f817282b4a549fb2a332723.jpg|https://media-resize.immowebstatic.be/classifieds/ad92702b-27c3-48f5-b53b-6601574fc265/736x736/96fbaac9780b569051bddb0abdbffa8d.jpg|https://media-resize.immowebstatic.be/classifieds/ad92702b-27c3-48f5-b53b-6601574fc265/736x736/3302044e35c911768c15edd64147252c.jpg", "url": "https://www.immoweb.be/en/classified/21885362", "lines": "1,11,12,24", "line_count": 4, "nearest_stop": "Paardenmarkt", "nearest_stop_m": 43, "stop_count": 24, "stops": "Paardenmarkt, Richard, Roosevelt, Sint-Gummarus, De Coninck, Opera, Sint-Jacob, Centraal Station, Gasstraat, Noorderplaats" }, "geometry": { "type": "Point", "coordinates": [ 4.416110295933941, 51.223937902422001 ] } },
{ "type": "Feature", "properties": { "id": 21647183, "title": "Jan Van Rijswijcklaan ∣ Fully renovated flat + P", "subtype": "APARTMENT", "street": "Jan Van Rijswijcklaan 166b box 6c", "postal_code": "2020", "locality": "ANTWERPEN", "place": "", "floor": 6, "bedrooms": 2, "surface_m2": 113.0, "rent_eur": 1100, "costs_eur": 0, "total_eur": 1100, "eur_per_m2": 9.7, "agency": "Las Immobilien", "flag": null, "updated": "2026-10-07T01:20:45.375Z", "image": "https://media-resize.immowebstatic.be/classifieds/d2266068-c156-47ba-a3ee-a904255e2847/100x100/cff1f0878a6cef148afdd91582dacc47.jpg", "image_large": "https://media-resize.immowebstatic.be/classifieds/d2266068-c156-47ba-a3ee-a904255e2847/736x736/cff1f0878a6cef148afdd91582dacc47.jpg", "photos": "https://media-resize.immowebstatic.be/classifieds/d2266068-c156-47ba-a3ee-a904255e2847/736x736/cff1f0878a6cef148afdd91582dacc47.jpg|https://media-resize.immowebstatic.be/classifieds/d2266068-c156-47ba-a3ee-a904255e2847/736x736/6a807cc0520c5d08c7fce4a6097455b2.jpg|https://media-resize.immowebstatic.be/classifieds/d2266068-c156-47ba-a3ee-a904255e2847/736x736/e3c8e1b6b9ebe92dc7f77f8126f4fa2a.jpg|https://media-resize.immowebstatic.be/classifieds/d2266068-c156-47ba-a3ee-a904255e2847/736x736/fb97caa314d633de020268279ad43699.jpg", "url": "https://www.immoweb.be/en/classified/21647183", "lines": "2,6", "line_count": 2, "nearest_stop": "Antwerp Expo", "nearest_stop_m": 43, "stop_count": 8, "stops": "Antwerp Expo, deSingel, Volhardingstraat, Olympiade" }, "geometry": { "type": "Point", "coordinates": [ 4.397363295935147, 51.191210202429296 ] } },
{ "type": "Feature", "properties": { "id": 21860325, "title": "Kwalitatief gerenoveerd app 5deV met 2slk in hartje Mortsel", "subtype": "APARTMENT", "street": "Statielei 25 box 9", "postal_code": "2640", "locality": "Mortsel", "place": "", "floor": 5, "bedrooms": 2, "surface_m2": 85.0, "rent_eur": 1100, "costs_eur": 125, "total_eur": 1225, "eur_per_m2": 12.9, "agency": "Leximmo", "flag": null, "updated": "2026-10-07T18:57:06.761Z", "image": "https://media-resize.immowebstatic.be/classifieds/f0dd52b1-2195-4a1d-b7cc-2f0741df2ef0/100x100/6bac0884243d5f761d66cac7164eb3c6.jpg", "image_large": "https://media-resize.immowebstatic.be/classifieds/f0dd52b1-2195-4a1d-b7cc-2f0741df2ef0/736x736/6bac0884243d5f761d66cac7164eb3c6.jpg", "photos": "https://media-resize.immowebstatic.be/classifieds/f0dd52b1-2195-4a1d-b7cc-2f0741df2ef0/736x736/6bac0884243d5f761d66cac7164eb3c6.jpg|https://media-resize.immowebstatic.be/classifieds/f0dd52b1-2195-4a1d-b7cc-2f0741df2ef0/736x736/0d1eac5e560ce411da6b735a8c7991a9.jpg|https://media-resize.immowebstatic.be/classifieds/f0dd52b1-2195-4a1d-b7cc-2f0741df2ef0/736x736/99ed6455a48aa84c54fc1d3bc0e71424.jpg|https://media-resize.immowebstatic.be/classifieds/f0dd52b1-2195-4a1d-b7cc-2f0741df2ef0/736x736/606a222f56525fe60528d7c00577fcd9.jpg", "url": "https://www.immoweb.be/en/classified/21860325", "lines": "7,A3", "line_count": 2, "nearest_stop": "Mortsel", "nearest_stop_m": 46, "stop_count": 8, "stops": "Mortsel, Gemeenteplein, Station Oude God, Vredebaan, Gevaert" }, "geometry": { "type": "Point", "coordinates": [ 4.450720895919869, 51.170875302441068 ] } },
{ "type": "Feature", "properties": { "id": 21824894, "title": null, "subtype": "APARTMENT", "street": "Kattendijkdok-Westkaai 29 box 202", "postal_code": "2000", "locality": "Antwerpen", "place": null, "floor": 2, "bedrooms": 2, "surface_m2": null, "rent_eur": 1100, "costs_eur": 95, "total_eur": 1195, "eur_per_m2": null, "agency": "PRIVATE", "flag": null, "updated": "2026-09-15T12:23:37.530Z", "image": "https://media-resize.immowebstatic.be/classifieds/6a2356a1-7c84-4215-8930-e96c52e387eb/100x100/852448331e2e917ddb440d11890175f0.jpg", "image_large": "https://media-resize.immowebstatic.be/classifieds/6a2356a1-7c84-4215-8930-e96c52e387eb/736x736/852448331e2e917ddb440d11890175f0.jpg", "photos": "https://media-resize.immowebstatic.be/classifieds/6a2356a1-7c84-4215-8930-e96c52e387eb/736x736/852448331e2e917ddb440d11890175f0.jpg|https://media-resize.immowebstatic.be/classifieds/6a2356a1-7c84-4215-8930-e96c52e387eb/736x736/586606481a069669e2d9ec142b05248b.jpg|https://media-resize.immowebstatic.be/classifieds/6a2356a1-7c84-4215-8930-e96c52e387eb/736x736/a71cb753a041871939270228ed072d68.jpg|https://media-resize.immowebstatic.be/classifieds/6a2356a1-7c84-4215-8930-e96c52e387eb/736x736/d6960249e8dacf982a49cc614b068d55.jpg", "url": "https://www.immoweb.be/en/classified/21824894", "lines": "1,7,24", "line_count": 3, "nearest_stop": "Amsterdam", "nearest_stop_m": 60, "stop_count": 14, "stops": "Amsterdam, MAS, Londen, Brouwersvliet, Noorderplaats, Sint-Paulusplaats, Ziekenhuis Cadix" }, "geometry": { "type": "Point", "coordinates": [ 4.404828695937532, 51.231737202418529 ] } },
{ "type": "Feature", "properties": { "id": 21383429, "title": null, "subtype": "APARTMENT", "street": "Montignystraat 1", "postal_code": "2018", "locality": "Antwerpen", "place": null, "floor": 6, "bedrooms": 2, "surface_m2": 100.0, "rent_eur": 1100, "costs_eur": 150, "total_eur": 1250, "eur_per_m2": 11.0, "agency": "PRIVATE", "flag": null, "updated": "2026-09-10T15:15:00.857Z", "image": "https://media-resize.immowebstatic.be/classifieds/cc6a2297-799a-4f2d-b2a0-9ca8fa72f961/100x100/4154410a80a68de676fbc75cd999c3d0.jpg", "image_large": "https://media-resize.immowebstatic.be/classifieds/cc6a2297-799a-4f2d-b2a0-9ca8fa72f961/736x736/4154410a80a68de676fbc75cd999c3d0.jpg", "photos": "https://media-resize.immowebstatic.be/classifieds/cc6a2297-799a-4f2d-b2a0-9ca8fa72f961/736x736/4154410a80a68de676fbc75cd999c3d0.jpg|https://media-resize.immowebstatic.be/classifieds/cc6a2297-799a-4f2d-b2a0-9ca8fa72f961/736x736/e5ac2bb80d3bdc1c052e5c6b39eb1484.jpg|https://media-resize.immowebstatic.be/classifieds/cc6a2297-799a-4f2d-b2a0-9ca8fa72f961/736x736/7aa70bde079324cccb8fbc93a6d11263.jpg|https://media-resize.immowebstatic.be/classifieds/cc6a2297-799a-4f2d-b2a0-9ca8fa72f961/736x736/333389e626626c4c7f8d3df684c7b927.jpg", "url": "https://www.immoweb.be/en/classified/21383429", "lines": "1,4,10", "line_count": 3, "nearest_stop": "Montigny", "nearest_stop_m": 65, "stop_count": 20, "stops": "Montigny, Pacificatie, Broedermin, Bestorming, Bolivarplaats, Bres, Museum, Zuid, Kasteelplein, Station Zuid" }, "geometry": { "type": "Point", "coordinates": [ 4.392519695937794, 51.20515910242478 ] } },
{ "type": "Feature", "properties": { "id": 21898811, "title": "Appartement Korte Leemstraat", "subtype": "APARTMENT", "street": "Korte Leemstraat 31", "postal_code": "2018", "locality": "Antwerp", "place": null, "floor": 2, "bedrooms": 2, "surface_m2": 75.0, "rent_eur": 1100, "costs_eur": 50, "total_eur": 1150, "eur_per_m2": 14.7, "agency": "PRIVATE", "flag": "new", "updated": "2026-10-08T09:32:49.360Z", "image": "https://media-resize.immowebstatic.be/classifieds/e71f63e9-af22-4d47-a4f8-cea7fb0f37a6/100x100/3e0cd72033d3f68b230fd7200376b65b.jpg", "image_large": "https://media-resize.immowebstatic.be/classifieds/e71f63e9-af22-4d47-a4f8-cea7fb0f37a6/736x736/3e0cd72033d3f68b230fd7200376b65b.jpg", "photos": "https://media-resize.immowebstatic.be/classifieds/e71f63e9-af22-4d47-a4f8-cea7fb0f37a6/736x736/3e0cd72033d3f68b230fd7200376b65b.jpg|https://media-resize.immowebstatic.be/classifieds/e71f63e9-af22-4d47-a4f8-cea7fb0f37a6/736x736/00b71f172681eee41d81c4b218fbf0c0.jpg|https://media-resize.immowebstatic.be/classifieds/e71f63e9-af22-4d47-a4f8-cea7fb0f37a6/736x736/46bb2a9053b4c78ddd0cbf6b6b6e7db9.jpg|https://media-resize.immowebstatic.be/classifieds/e71f63e9-af22-4d47-a4f8-cea7fb0f37a6/736x736/406e82f5b376f162f29ccb539e213a74.jpg", "url": "https://www.immoweb.be/en/classified/21898811", "lines": "1,2,4,6,7,10,A3", "line_count": 7, "nearest_stop": "Hemel", "nearest_stop_m": 80, "stop_count": 26, "stops": "Hemel, Sint-Vincentius, Van Bree, Gounod, Nationale Bank, Belgiëlei, Lange Leemstraat, Kasteelplein, Stadspark, Lamorinièrestraat, Harmonie, Mechelseplein" }, "geometry": { "type": "Point", "coordinates": [ 4.411545795933395, 51.207901602426077 ] } },
{ "type": "Feature", "properties": { "id": 21757856, "title": null, "subtype": "APARTMENT", "street": "Herculusstraat 2 box 9", "postal_code": "2600", "locality": "Antwerpen", "place": null, "floor": 2, "bedrooms": 2, "surface_m2": 96.0, "rent_eur": 1100, "costs_eur": 45, "total_eur": 1145, "eur_per_m2": 11.5, "agency": "PRIVATE", "flag": null, "updated": "2026-09-16T10:17:02.510Z", "image": "https://media-resize.immowebstatic.be/classifieds/410603cb-3f09-46c2-bcb3-72da6e93129a/100x100/b464c6ca9041fc3a3c000f4b4c8b7b49.jpg", "image_large": "https://media-resize.immowebstatic.be/classifieds/410603cb-3f09-46c2-bcb3-72da6e93129a/736x736/b464c6ca9041fc3a3c000f4b4c8b7b49.jpg", "photos": "https://media-resize.immowebstatic.be/classifieds/410603cb-3f09-46c2-bcb3-72da6e93129a/736x736/b464c6ca9041fc3a3c000f4b4c8b7b49.jpg|https://media-resize.immowebstatic.be/classifieds/410603cb-3f09-46c2-bcb3-72da6e93129a/736x736/bba814c26beefd0c598d70c5d69f2de6.jpg|https://media-resize.immowebstatic.be/classifieds/410603cb-3f09-46c2-bcb3-72da6e93129a/736x736/3decedca28c735acde19fff16799a911.jpg|https://media-resize.immowebstatic.be/classifieds/410603cb-3f09-46c2-bcb3-72da6e93129a/736x736/877e168b4e51d5a55da9348d67ee87d0.jpg", "url": "https://www.immoweb.be/en/classified/21757856", "lines": "4,11,A9", "line_count": 3, "nearest_stop": "Keerlus Groenenhoek", "nearest_stop_m": 86, "stop_count": 7, "stops": "Keerlus Groenenhoek, Berchem Station, Draakplaats, Cuperus" }, "geometry": { "type": "Point", "coordinates": [ 4.439089095925919, 51.201367002431013 ] } },
{ "type": "Feature", "properties": { "id": 21865235, "title": "Twee slaapkamer app te huur in de gegeerde Pulhofwijk", "subtype": "APARTMENT", "street": "Leopold De Vriesstraat 35", "postal_code": "2600", "locality": "Antwerp", "place": null, "floor": 3, "bedrooms": 2, "surface_m2": 100.0, "rent_eur": 1100, "costs_eur": 150, "total_eur": 1250, "eur_per_m2": 11.0, "agency": "PRIVATE", "flag": "new", "updated": "2026-09-24T13:26:10.026Z", "image": "https://media-resize.immowebstatic.be/classifieds/0c86c612-aa40-4229-b937-024bc14f07ff/100x100/106731159a960fa8d0ba31dcf2e96785.jpg", "image_large": "https://media-resize.immowebstatic.be/classifieds/0c86c612-aa40-4229-b937-024bc14f07ff/736x736/106731159a960fa8d0ba31dcf2e96785.jpg", "photos": "https://media-resize.immowebstatic.be/classifieds/0c86c612-aa40-4229-b937-024bc14f07ff/736x736/106731159a960fa8d0ba31dcf2e96785.jpg|https://media-resize.immowebstatic.be/classifieds/0c86c612-aa40-4229-b937-024bc14f07ff/736x736/554c4c6c385f35ef18d20fa1e3bcbd32.jpg|https://media-resize.immowebstatic.be/classifieds/0c86c612-aa40-4229-b937-024bc14f07ff/736x736/7e9685990ef1e10f32566cbeffad76f5.jpg|https://media-resize.immowebstatic.be/classifieds/0c86c612-aa40-4229-b937-024bc14f07ff/736x736/d09ef8759e6c7341760a707501afe980.jpg", "url": "https://www.immoweb.be/en/classified/21865235", "lines": "7,A3", "line_count": 2, "nearest_stop": "Jan Moorkens", "nearest_stop_m": 135, "stop_count": 8, "stops": "Jan Moorkens, Pulhof, Koninklijkelaan, Fruithoflaan" }, "geometry": { "type": "Point", "coordinates": [ 4.427781795927046, 51.185421602434353 ] } },
{ "type": "Feature", "properties": { "id": 21871416, "title": "Apartment", "subtype": "APARTMENT", "street": "Van Breestraat 5 box 6", "postal_code": "2018", "locality": "ANTWERPEN", "place": "", "floor": 3, "bedrooms": 2, "surface_m2": 109.0, "rent_eur": 1100, "costs_eur": 110, "total_eur": 1210, "eur_per_m2": 10.1, "agency": "Bolt Immo Antwerpen", "flag": "new", "updated": "2026-09-30T11:29:48.514Z", "image": "https://media-resize.immowebstatic.be/classifieds/4dbd1e5d-7fb5-4456-8f11-6d1954ff966f/100x100/989a1e87ef8f6e0f81bdc1f44e233a6e.jpg", "image_large": "https://media-resize.immowebstatic.be/classifieds/4dbd1e5d-7fb5-4456-8f11-6d1954ff966f/736x736/989a1e87ef8f6e0f81bdc1f44e233a6e.jpg", "photos": "https://media-resize.immowebstatic.be/classifieds/4dbd1e5d-7fb5-4456-8f11-6d1954ff966f/736x736/989a1e87ef8f6e0f81bdc1f44e233a6e.jpg|https://media-resize.immowebstatic.be/classifieds/4dbd1e5d-7fb5-4456-8f11-6d1954ff966f/736x736/86b31754da9364dca53b9d21b6af0c0c.jpg|https://media-resize.immowebstatic.be/classifieds/4dbd1e5d-7fb5-4456-8f11-6d1954ff966f/736x736/db9f695eac87b3e841c79783cdd566d7.jpg|https://media-resize.immowebstatic.be/classifieds/4dbd1e5d-7fb5-4456-8f11-6d1954ff966f/736x736/20373671f51474c6677e33948c3d9bdb.jpg", "url": "https://www.immoweb.be/en/classified/21871416", "lines": "1,2,4,6,7,10,A3", "line_count": 7, "nearest_stop": "Hemel", "nearest_stop_m": 143, "stop_count": 23, "stops": "Hemel, Nationale Bank, Van Bree, Stadspark, Mechelseplein, Sint-Vincentius, Kasteelplein, Gounod, Oudaan, Belgiëlei, Lange Leemstraat" }, "geometry": { "type": "Point", "coordinates": [ 4.410278995933998, 51.210696402425135 ] } },
{ "type": "Feature", "properties": { "id": 21891469, "title": null, "subtype": "APARTMENT", "street": "Sint-Vincentiusstraat 65", "postal_code": "2018", "locality": "Antwerpen", "place": null, "floor": 3, "bedrooms": 2, "surface_m2": 90.0, "rent_eur": 1100, "costs_eur": 250, "total_eur": 1350, "eur_per_m2": 12.2, "agency": "PRIVATE", "flag": "new", "updated": "2026-10-05T16:41:49.122Z", "image": "https://media-resize.immowebstatic.be/classifieds/d83eb1b9-8262-4d7c-aaa3-49d939b0697d/100x100/3b857f8b1eedc2fb1c2e2a5cd1045eca.jpg", "image_large": "https://media-resize.immowebstatic.be/classifieds/d83eb1b9-8262-4d7c-aaa3-49d939b0697d/736x736/3b857f8b1eedc2fb1c2e2a5cd1045eca.jpg", "photos": "https://media-resize.immowebstatic.be/classifieds/d83eb1b9-8262-4d7c-aaa3-49d939b0697d/736x736/3b857f8b1eedc2fb1c2e2a5cd1045eca.jpg|https://media-resize.immowebstatic.be/classifieds/d83eb1b9-8262-4d7c-aaa3-49d939b0697d/736x736/64d968c0fd8c3ee4915dffff4c220ad7.jpg|https://media-resize.immowebstatic.be/classifieds/d83eb1b9-8262-4d7c-aaa3-49d939b0697d/736x736/10bac7205bd213053ac6fbdd1dcdd681.jpg|https://media-resize.immowebstatic.be/classifieds/d83eb1b9-8262-4d7c-aaa3-49d939b0697d/736x736/d72399ec8b2c8e578fe3514b9b14c89c.jpg", "url": "https://www.immoweb.be/en/classified/21891469", "lines": "2,4,6,7,A3", "line_count": 5, "nearest_stop": "Sint-Vincentius", "nearest_stop_m": 221, "stop_count": 21, "stops": "Sint-Vincentius, Gounod, Belgiëlei, Lange Leemstraat, Harmonie, Hemel, Lamorinièrestraat, Van Bree, Provinciehuis, De Merode" }, "geometry": { "type": "Point", "coordinates": [ 4.413775795932549, 51.20506360242716 ] } },
{ "type": "Feature", "properties": { "id": 21694359, "title": "Apartment", "subtype": "APARTMENT", "street": "Plankenbergstraat 100 box 2", "postal_code": "2100", "locality": "DEURNE", "place": "", "floor": 1, "bedrooms": 2, "surface_m2": 72.0, "rent_eur": 1100, "costs_eur": 50, "total_eur": 1150, "eur_per_m2": 15.3, "agency": "Immo Matrix-Kolum", "flag": null, "updated": "2026-08-27T01:32:08.419Z", "image": "https://media-resize.immowebstatic.be/classifieds/8c7ddd6d-2af6-491d-a7e2-51c739d52123/100x100/0cbf10caa8499768ec9d2dc89afb3e65.jpg", "image_large": "https://media-resize.immowebstatic.be/classifieds/8c7ddd6d-2af6-491d-a7e2-51c739d52123/736x736/0cbf10caa8499768ec9d2dc89afb3e65.jpg", "photos": "https://media-resize.immowebstatic.be/classifieds/8c7ddd6d-2af6-491d-a7e2-51c739d52123/736x736/0cbf10caa8499768ec9d2dc89afb3e65.jpg|https://media-resize.immowebstatic.be/classifieds/8c7ddd6d-2af6-491d-a7e2-51c739d52123/736x736/5b26c4790639cd2e66c3ff02787bf279.jpg|https://media-resize.immowebstatic.be/classifieds/8c7ddd6d-2af6-491d-a7e2-51c739d52123/736x736/fb88c5e95b2ab23c0e7aaf5c93c78faf.jpg|https://media-resize.immowebstatic.be/classifieds/8c7ddd6d-2af6-491d-a7e2-51c739d52123/736x736/c778e645a69899485088d403954ab39f.jpg", "url": "https://www.immoweb.be/en/classified/21694359", "lines": "10,A9", "line_count": 2, "nearest_stop": "Venneborg", "nearest_stop_m": 235, "stop_count": 11, "stops": "Venneborg, Lunden, Gallifortlei, Schotensesteenweg, Clara Snellings, Craeybeckx" }, "geometry": { "type": "Point", "coordinates": [ 4.466969395921108, 51.221142002428429 ] } },
{ "type": "Feature", "properties": { "id": 21815580, "title": null, "subtype": "APARTMENT", "street": "Stijfselrui 26 box 31", "postal_code": "2000", "locality": "Antwerpen", "place": "Antwerpen Centrum", "floor": 3, "bedrooms": 2, "surface_m2": 85.0, "rent_eur": 1100, "costs_eur": 150, "total_eur": 1250, "eur_per_m2": 12.9, "agency": "At Home & Partners", "flag": null, "updated": "2026-09-04T12:15:28.901Z", "image": "https://media-resize.immowebstatic.be/classifieds/21d89f0f-584e-42f7-90d6-82339c356d59/100x100/8fd181159ee39f0083de13a95e7a57ad.jpg", "image_large": "https://media-resize.immowebstatic.be/classifieds/21d89f0f-584e-42f7-90d6-82339c356d59/736x736/8fd181159ee39f0083de13a95e7a57ad.jpg", "photos": "https://media-resize.immowebstatic.be/classifieds/21d89f0f-584e-42f7-90d6-82339c356d59/736x736/8fd181159ee39f0083de13a95e7a57ad.jpg|https://media-resize.immowebstatic.be/classifieds/21d89f0f-584e-42f7-90d6-82339c356d59/736x736/0a87b9b280df90dd4fee335a6076545b.jpg|https://media-resize.immowebstatic.be/classifieds/21d89f0f-584e-42f7-90d6-82339c356d59/736x736/914a14f32a0be68ccd3df0c73dd8a83f.jpg|https://media-resize.immowebstatic.be/classifieds/21d89f0f-584e-42f7-90d6-82339c356d59/736x736/f4af4d0f44b00d3f5dadc46739285c7c.jpg", "url": "https://www.immoweb.be/en/classified/21815580", "lines": "1,7,11,12,24", "line_count": 5, "nearest_stop": "Paardenmarkt", "nearest_stop_m": 237, "stop_count": 32, "stops": "Paardenmarkt, Noorderplaats, Sint-Jacob, Richard, Londen, Roosevelt, Klapdorp, Keizerstraat, Sint-Paulusplaats, Sint-Gummarus, MAS, Ziekenhuis Cadix, Brouwersvliet, Amsterdam, Melkmarkt, De Coninck, Opera" }, "geometry": { "type": "Point", "coordinates": [ 4.411699995935211, 51.225687002420997 ] } },
{ "type": "Feature", "properties": { "id": 21891362, "title": "Spacious Duplex Apartment in Residence Zuidervelodroom", "subtype": "DUPLEX", "street": "Sint-Laureisstraat 65 box 2.1", "postal_code": "2018", "locality": "ANTWERPEN", "place": null, "floor": 1, "bedrooms": 2, "surface_m2": 92.0, "rent_eur": 1100, "costs_eur": 200, "total_eur": 1300, "eur_per_m2": 12.0, "agency": "Quares by TREVI", "flag": "new", "updated": "2026-10-05T16:03:49.716Z", "image": "https://media-resize.immowebstatic.be/classifieds/3d58ad23-f537-47b5-9e05-b55a03551bf1/100x100/26cf606b44b3722149f0186999ebb63e.jpg", "image_large": "https://media-resize.immowebstatic.be/classifieds/3d58ad23-f537-47b5-9e05-b55a03551bf1/736x736/26cf606b44b3722149f0186999ebb63e.jpg", "photos": "https://media-resize.immowebstatic.be/classifieds/3d58ad23-f537-47b5-9e05-b55a03551bf1/736x736/26cf606b44b3722149f0186999ebb63e.jpg|https://media-resize.immowebstatic.be/classifieds/3d58ad23-f537-47b5-9e05-b55a03551bf1/736x736/0d51bcdde752c2625a46f2d80d783eda.jpg|https://media-resize.immowebstatic.be/classifieds/3d58ad23-f537-47b5-9e05-b55a03551bf1/736x736/1c747d3b45983202546c5d02fabee5b0.jpg|https://media-resize.immowebstatic.be/classifieds/3d58ad23-f537-47b5-9e05-b55a03551bf1/736x736/27df93a5a505ee50a5b37e64c8f3199d.jpg", "url": "https://www.immoweb.be/en/classified/21891362", "lines": "1,4,10", "line_count": 3, "nearest_stop": "Broedermin", "nearest_stop_m": 247, "stop_count": 21, "stops": "Broedermin, Bestorming, Montigny, Bres, Bolivarplaats, Zuid, Pacificatie, Kasteelplein, Museum, Station Zuid" }, "geometry": { "type": "Point", "coordinates": [ 4.39734739593639, 51.203065902425898 ] } },
{ "type": "Feature", "properties": { "id": 21893126, "title": null, "subtype": "APARTMENT", "street": "Eugène De Plynstraat 29", "postal_code": "2060", "locality": "Antwerpen", "place": null, "floor": 3, "bedrooms": 2, "surface_m2": 77.0, "rent_eur": 1100, "costs_eur": 70, "total_eur": 1170, "eur_per_m2": 14.3, "agency": "PRIVATE", "flag": "new", "updated": "2026-10-06T12:38:54.556Z", "image": "https://media-resize.immowebstatic.be/classifieds/93c5c6b6-37b9-424d-ba3e-db2ab926a563/100x100/d1d7a2a4cd7f82e7c254092d65289329.jpg", "image_large": "https://media-resize.immowebstatic.be/classifieds/93c5c6b6-37b9-424d-ba3e-db2ab926a563/736x736/d1d7a2a4cd7f82e7c254092d65289329.jpg", "photos": "https://media-resize.immowebstatic.be/classifieds/93c5c6b6-37b9-424d-ba3e-db2ab926a563/736x736/d1d7a2a4cd7f82e7c254092d65289329.jpg|https://media-resize.immowebstatic.be/classifieds/93c5c6b6-37b9-424d-ba3e-db2ab926a563/736x736/6413d39a4c41ccc3676f53013bb94586.jpg|https://media-resize.immowebstatic.be/classifieds/93c5c6b6-37b9-424d-ba3e-db2ab926a563/736x736/7e43c4dc33e70d327047c353a562c340.jpg|https://media-resize.immowebstatic.be/classifieds/93c5c6b6-37b9-424d-ba3e-db2ab926a563/736x736/adc860a69bee691243002b5e3074aa2b.jpg", "url": "https://www.immoweb.be/en/classified/21893126", "lines": "12", "line_count": 1, "nearest_stop": "Viséstraat", "nearest_stop_m": 254, "stop_count": 6, "stops": "Viséstraat, Stuivenbergplein, Gasstraat" }, "geometry": { "type": "Point", "coordinates": [ 4.432138695930634, 51.230106002422005 ] } },
{ "type": "Feature", "properties": { "id": 21880530, "title": "Beautiful new 2br. apartment with balcony", "subtype": "APARTMENT", "street": "Eugène De Plynstraat 15 box 102", "postal_code": "2060", "locality": "Antwerpen", "place": null, "floor": 1, "bedrooms": 2, "surface_m2": 63.0, "rent_eur": 1100, "costs_eur": 200, "total_eur": 1300, "eur_per_m2": 17.5, "agency": "Skyline Renting Services", "flag": "new", "updated": "2026-10-01T05:52:54.499Z", "image": "https://media-resize.immowebstatic.be/classifieds/9eae9c59-5c63-486a-b3a4-53cb0d5d0534/100x100/56d6c8f47f4072ca8ca75c00de5d5109.jpg", "image_large": "https://media-resize.immowebstatic.be/classifieds/9eae9c59-5c63-486a-b3a4-53cb0d5d0534/736x736/56d6c8f47f4072ca8ca75c00de5d5109.jpg", "photos": "https://media-resize.immowebstatic.be/classifieds/9eae9c59-5c63-486a-b3a4-53cb0d5d0534/736x736/56d6c8f47f4072ca8ca75c00de5d5109.jpg|https://media-resize.immowebstatic.be/classifieds/9eae9c59-5c63-486a-b3a4-53cb0d5d0534/736x736/7bf52075daa728748c18c6cf2878e4f1.jpg|https://media-resize.immowebstatic.be/classifieds/9eae9c59-5c63-486a-b3a4-53cb0d5d0534/736x736/2783c56ecc7d3d132fb48090120cb265.jpg|https://media-resize.immowebstatic.be/classifieds/9eae9c59-5c63-486a-b3a4-53cb0d5d0534/736x736/eb0026c3e49f116d2f5e1ca40f80d5f2.jpg", "url": "https://www.immoweb.be/en/classified/21880530", "lines": "12", "line_count": 1, "nearest_stop": "Viséstraat", "nearest_stop_m": 258, "stop_count": 6, "stops": "Viséstraat, Stuivenbergplein, Gasstraat" }, "geometry": { "type": "Point", "coordinates": [ 4.433179095930361, 51.229934402422153 ] } },
{ "type": "Feature", "properties": { "id": 21836353, "title": null, "subtype": "APARTMENT", "street": "Generaal Eisenhowerlei 36", "postal_code": "2140", "locality": "Antwerpen", "place": null, "floor": 2, "bedrooms": 2, "surface_m2": 86.0, "rent_eur": 1100, "costs_eur": 50, "total_eur": 1150, "eur_per_m2": 12.8, "agency": "PRIVATE", "flag": null, "updated": "2026-09-12T15:09:55.924Z", "image": "https://media-resize.immowebstatic.be/classifieds/de1d17f6-319a-45da-a099-a1f23188e992/100x100/d0bfb46ce63a2b6b1dc5140219764595.jpg", "image_large": "https://media-resize.immowebstatic.be/classifieds/de1d17f6-319a-45da-a099-a1f23188e992/736x736/d0bfb46ce63a2b6b1dc5140219764595.jpg", "photos": "https://media-resize.immowebstatic.be/classifieds/de1d17f6-319a-45da-a099-a1f23188e992/736x736/d0bfb46ce63a2b6b1dc5140219764595.jpg|https://media-resize.immowebstatic.be/classifieds/de1d17f6-319a-45da-a099-a1f23188e992/736x736/446f3210e46d8363b3237443330ab62c.jpg|https://media-resize.immowebstatic.be/classifieds/de1d17f6-319a-45da-a099-a1f23188e992/736x736/1c1a009b90aae809a71c1f0abe0e46ba.jpg|https://media-resize.immowebstatic.be/classifieds/de1d17f6-319a-45da-a099-a1f23188e992/736x736/7f94c1ef3be22e4d34ae98080843f816.jpg", "url": "https://www.immoweb.be/en/classified/21836353", "lines": "11,24", "line_count": 2, "nearest_stop": "Drink", "nearest_stop_m": 261, "stop_count": 10, "stops": "Drink, De Roma, Kerkstraat, Stenenbrug, Ploeg" }, "geometry": { "type": "Point", "coordinates": [ 4.436570495928168, 51.216910602426296 ] } },
{ "type": "Feature", "properties": { "id": 21891847, "title": null, "subtype": "APARTMENT", "street": "Kloosterstraat 6", "postal_code": "2660", "locality": "Antwerpen", "place": null, "floor": 3, "bedrooms": 2, "surface_m2": null, "rent_eur": 1100, "costs_eur": 0, "total_eur": 1100, "eur_per_m2": null, "agency": "PRIVATE", "flag": "new", "updated": "2026-10-05T19:18:35.217Z", "image": "https://media-resize.immowebstatic.be/classifieds/b96a247a-7859-4d9f-97f8-dbb84378ff05/100x100/4ef420351965f77867c98e5ff68a37a0.jpg", "image_large": "https://media-resize.immowebstatic.be/classifieds/b96a247a-7859-4d9f-97f8-dbb84378ff05/736x736/4ef420351965f77867c98e5ff68a37a0.jpg", "photos": "https://media-resize.immowebstatic.be/classifieds/b96a247a-7859-4d9f-97f8-dbb84378ff05/736x736/4ef420351965f77867c98e5ff68a37a0.jpg|https://media-resize.immowebstatic.be/classifieds/b96a247a-7859-4d9f-97f8-dbb84378ff05/736x736/44893d640b624062c58c3cfcc2ca1f1a.jpg|https://media-resize.immowebstatic.be/classifieds/b96a247a-7859-4d9f-97f8-dbb84378ff05/736x736/c1df3909c4824bd4d5db83df785d6530.jpg|https://media-resize.immowebstatic.be/classifieds/b96a247a-7859-4d9f-97f8-dbb84378ff05/736x736/86dbb1a50a9e44091ec30be5ec47b74a.jpg", "url": "https://www.immoweb.be/en/classified/21891847", "lines": "4,7,11", "line_count": 3, "nearest_stop": "Sint-Andries", "nearest_stop_m": 274, "stop_count": 15, "stops": "Sint-Andries, Groenplaats, Tropisch Instituut, Meirbrug, Oudaan, Melkmarkt, Mechelseplein, Keizerstraat" }, "geometry": { "type": "Point", "coordinates": [ 4.395766095938268, 51.217370202421627 ] } },
{ "type": "Feature", "properties": { "id": 21871948, "title": "Other", "subtype": "APARTMENT", "street": "Elisabethlaan 146 box 3", "postal_code": "2600", "locality": "BERCHEM", "place": "", "floor": 2, "bedrooms": 2, "surface_m2": 110.0, "rent_eur": 1100, "costs_eur": 80, "total_eur": 1180, "eur_per_m2": 10.0, "agency": "Immo Matrix-Kolum", "flag": "new", "updated": "2026-10-05T01:52:23.736Z", "image": "https://media-resize.immowebstatic.be/classifieds/27c814a7-445f-4a32-8789-d41d8f26fb31/100x100/6ed14099b3b843994b58be4d5163da83.jpg", "image_large": "https://media-resize.immowebstatic.be/classifieds/27c814a7-445f-4a32-8789-d41d8f26fb31/736x736/6ed14099b3b843994b58be4d5163da83.jpg", "photos": "https://media-resize.immowebstatic.be/classifieds/27c814a7-445f-4a32-8789-d41d8f26fb31/736x736/6ed14099b3b843994b58be4d5163da83.jpg|https://media-resize.immowebstatic.be/classifieds/27c814a7-445f-4a32-8789-d41d8f26fb31/736x736/9921976c36eea37012a4368b3812d70b.jpg|https://media-resize.immowebstatic.be/classifieds/27c814a7-445f-4a32-8789-d41d8f26fb31/736x736/7c059353a9e289132b4752fef21d162a.jpg|https://media-resize.immowebstatic.be/classifieds/27c814a7-445f-4a32-8789-d41d8f26fb31/736x736/eded612165d7a3858781505cb5dc1b8d.jpg", "url": "https://www.immoweb.be/en/classified/21871948", "lines": "7,A3", "line_count": 2, "nearest_stop": "Jan Moorkens", "nearest_stop_m": 350, "stop_count": 7, "stops": "Jan Moorkens, Koninklijkelaan, Pulhof, Fruithoflaan" }, "geometry": { "type": "Point", "coordinates": [ 4.424353995927865, 51.185164102434037 ] } },
{ "type": "Feature", "properties": { "id": 21857251, "title": "Appartement", "subtype": "APARTMENT", "street": "Jan Moorkensstraat 97 box 0201", "postal_code": "2600", "locality": "BERCHEM", "place": "", "floor": 0, "bedrooms": 2, "surface_m2": null, "rent_eur": 1100, "costs_eur": 0, "total_eur": 1100, "eur_per_m2": null, "agency": "Coprimmo Immobiliën", "flag": null, "updated": "2026-10-05T16:27:16.832Z", "image": "https://media-resize.immowebstatic.be/classifieds/97426060-9cda-4cd7-95af-fb34f0e15979/100x100/5b0091107d4e9e51d9d31b43f2d20095.jpg", "image_large": "https://media-resize.immowebstatic.be/classifieds/97426060-9cda-4cd7-95af-fb34f0e15979/736x736/5b0091107d4e9e51d9d31b43f2d20095.jpg", "photos": "https://media-resize.immowebstatic.be/classifieds/97426060-9cda-4cd7-95af-fb34f0e15979/736x736/5b0091107d4e9e51d9d31b43f2d20095.jpg|https://media-resize.immowebstatic.be/classifieds/97426060-9cda-4cd7-95af-fb34f0e15979/736x736/8b4dda2ced2bb002a48a9884d4529c97.jpg|https://media-resize.immowebstatic.be/classifieds/97426060-9cda-4cd7-95af-fb34f0e15979/736x736/c2ec8fc4ca56adde3fd949a5834bd7fb.jpg|https://media-resize.immowebstatic.be/classifieds/97426060-9cda-4cd7-95af-fb34f0e15979/736x736/8ded6829abff1a2c0cb23e4205bd2c61.jpg", "url": "https://www.immoweb.be/en/classified/21857251", "lines": "7,A3", "line_count": 2, "nearest_stop": "Jan Moorkens", "nearest_stop_m": 358, "stop_count": 6, "stops": "Jan Moorkens, Koninklijkelaan, Pulhof" }, "geometry": { "type": "Point", "coordinates": [ 4.433001195926068, 51.188386802434081 ] } },
{ "type": "Feature", "properties": { "id": 21857622, "title": "Johan Westerlundplein", "subtype": "APARTMENT", "street": "Johan Westerlundplein 3 box 302", "postal_code": "2000", "locality": "Antwerpen (2000)", "place": "", "floor": 3, "bedrooms": 2, "surface_m2": 72.0, "rent_eur": 1100, "costs_eur": 0, "total_eur": 1100, "eur_per_m2": 15.3, "agency": "Metropool Vastgoed Centrum", "flag": null, "updated": "2026-10-08T08:00:21.975Z", "image": "https://media-resize.immowebstatic.be/classifieds/d3d4e3a8-7837-45f7-aedc-bc5856272ef2/100x100/914bd516c038fe0af44c074f5df3208d.jpg", "image_large": "https://media-resize.immowebstatic.be/classifieds/d3d4e3a8-7837-45f7-aedc-bc5856272ef2/736x736/914bd516c038fe0af44c074f5df3208d.jpg", "photos": "https://media-resize.immowebstatic.be/classifieds/d3d4e3a8-7837-45f7-aedc-bc5856272ef2/736x736/914bd516c038fe0af44c074f5df3208d.jpg|https://media-resize.immowebstatic.be/classifieds/d3d4e3a8-7837-45f7-aedc-bc5856272ef2/736x736/29e6e138792efede20f4eb3844720768.jpg|https://media-resize.immowebstatic.be/classifieds/d3d4e3a8-7837-45f7-aedc-bc5856272ef2/736x736/06d08db3604678c1d9789cd46b7d8c33.jpg|https://media-resize.immowebstatic.be/classifieds/d3d4e3a8-7837-45f7-aedc-bc5856272ef2/736x736/c6b0ec192542781138bfe225a8e1c5af.jpg", "url": "https://www.immoweb.be/en/classified/21857622", "lines": "1,7,11,24", "line_count": 4, "nearest_stop": "Sint-Paulusplaats", "nearest_stop_m": 366, "stop_count": 22, "stops": "Sint-Paulusplaats, Brouwersvliet, Klapdorp, MAS, Amsterdam, Keizerstraat, Londen, Noorderplaats, Paardenmarkt, Sint-Jacob, Melkmarkt" }, "geometry": { "type": "Point", "coordinates": [ 4.406332795936623, 51.226555502420176 ] } },
{ "type": "Feature", "properties": { "id": 21791164, "title": null, "subtype": "APARTMENT", "street": "Volhardingstraat 49 box 101", "postal_code": "2020", "locality": "Antwerpen", "place": null, "floor": 1, "bedrooms": 2, "surface_m2": 105.0, "rent_eur": 1100, "costs_eur": 0, "total_eur": 1100, "eur_per_m2": 10.5, "agency": "PRIVATE", "flag": null, "updated": "2026-09-13T12:10:08.445Z", "image": "https://media-resize.immowebstatic.be/classifieds/797840fe-fecd-4df6-9e48-7942d91945ad/100x100/6add2969d8c15463a0fcdd20a4556bba.jpg", "image_large": "https://media-resize.immowebstatic.be/classifieds/797840fe-fecd-4df6-9e48-7942d91945ad/736x736/6add2969d8c15463a0fcdd20a4556bba.jpg", "photos": "https://media-resize.immowebstatic.be/classifieds/797840fe-fecd-4df6-9e48-7942d91945ad/736x736/6add2969d8c15463a0fcdd20a4556bba.jpg|https://media-resize.immowebstatic.be/classifieds/797840fe-fecd-4df6-9e48-7942d91945ad/736x736/ec98e968dc17f7baccdad8269b0b8ef4.jpg|https://media-resize.immowebstatic.be/classifieds/797840fe-fecd-4df6-9e48-7942d91945ad/736x736/596f58c496568307d0b88fc7a3531e08.jpg|https://media-resize.immowebstatic.be/classifieds/797840fe-fecd-4df6-9e48-7942d91945ad/736x736/e8985e6a04908ff11c977bb28818ee9e.jpg", "url": "https://www.immoweb.be/en/classified/21791164", "lines": "2,4,6,10", "line_count": 4, "nearest_stop": "Volhardingstraat", "nearest_stop_m": 380, "stop_count": 14, "stops": "Volhardingstraat, Antwerp Expo, Olympiade, Kolonel Silvertop, P+R Olympiade, De Bosschaert, Kielpark" }, "geometry": { "type": "Point", "coordinates": [ 4.391130495936603, 51.190420702428824 ] } },
{ "type": "Feature", "properties": { "id": 21825610, "title": "Gelijkvloers app.", "subtype": "GROUND_FLOOR", "street": "Septestraat 1 box glv", "postal_code": "2640", "locality": "MORTSEL", "place": "", "floor": 0, "bedrooms": 2, "surface_m2": 82.0, "rent_eur": 1100, "costs_eur": 50, "total_eur": 1150, "eur_per_m2": 13.4, "agency": "Coprimmo Immobiliën", "flag": null, "updated": "2026-10-05T16:26:56.278Z", "image": "https://media-resize.immowebstatic.be/classifieds/adc21051-da18-47f9-912c-4550478b1428/100x100/6c6a2146f2d2a57c61c901a214916edc.jpg", "image_large": "https://media-resize.immowebstatic.be/classifieds/adc21051-da18-47f9-912c-4550478b1428/736x736/6c6a2146f2d2a57c61c901a214916edc.jpg", "photos": "https://media-resize.immowebstatic.be/classifieds/adc21051-da18-47f9-912c-4550478b1428/736x736/6c6a2146f2d2a57c61c901a214916edc.jpg|https://media-resize.immowebstatic.be/classifieds/adc21051-da18-47f9-912c-4550478b1428/736x736/8aad3626a474689d8de4cc60926782da.jpg|https://media-resize.immowebstatic.be/classifieds/adc21051-da18-47f9-912c-4550478b1428/736x736/aba13ca0b037f36f86e680fb5147eedc.jpg|https://media-resize.immowebstatic.be/classifieds/adc21051-da18-47f9-912c-4550478b1428/736x736/b62439785e9761f9d78bf248f61e91c4.jpg", "url": "https://www.immoweb.be/en/classified/21825610", "lines": "7,A3", "line_count": 2, "nearest_stop": "Gevaert", "nearest_stop_m": 414, "stop_count": 8, "stops": "Gevaert, Vredebaan, Kuijpers, Gemeenteplein" }, "geometry": { "type": "Point", "coordinates": [ 4.444780395921994, 51.177191102438563 ] } },
{ "type": "Feature", "properties": { "id": 21871421, "title": null, "subtype": "APARTMENT", "street": "Zaaldenrode 3", "postal_code": "2640", "locality": "Mortsel", "place": null, "floor": 1, "bedrooms": 2, "surface_m2": 88.0, "rent_eur": 1100, "costs_eur": 0, "total_eur": 1100, "eur_per_m2": 12.5, "agency": "PRIVATE", "flag": "under_option", "updated": "2026-10-04T19:16:22.919Z", "image": "https://media-resize.immowebstatic.be/classifieds/e2d7b9d2-d984-41d5-8cdf-7da4571e52c0/100x100/a223548fe4148edc11c949b81cf34516.jpg", "image_large": "https://media-resize.immowebstatic.be/classifieds/e2d7b9d2-d984-41d5-8cdf-7da4571e52c0/736x736/a223548fe4148edc11c949b81cf34516.jpg", "photos": "https://media-resize.immowebstatic.be/classifieds/e2d7b9d2-d984-41d5-8cdf-7da4571e52c0/736x736/a223548fe4148edc11c949b81cf34516.jpg|https://media-resize.immowebstatic.be/classifieds/e2d7b9d2-d984-41d5-8cdf-7da4571e52c0/736x736/e259a22ff347f4effa8d21f942108e29.jpg|https://media-resize.immowebstatic.be/classifieds/e2d7b9d2-d984-41d5-8cdf-7da4571e52c0/736x736/29cef837013827fe82422da7f437dd56.jpg|https://media-resize.immowebstatic.be/classifieds/e2d7b9d2-d984-41d5-8cdf-7da4571e52c0/736x736/4e8c9cbaec7dd404abdf34cb10ddfd15.jpg", "url": "https://www.immoweb.be/en/classified/21871421", "lines": "A3", "line_count": 1, "nearest_stop": "Kerkstraat", "nearest_stop_m": 512, "stop_count": 4, "stops": "Kerkstraat, Kaphaan" }, "geometry": { "type": "Point", "coordinates": [ 4.467764995915913, 51.173270302442276 ] } },
{ "type": "Feature", "properties": { "id": 21894394, "title": "Appartement", "subtype": "APARTMENT", "street": "Fruithoflaan 91 box 19", "postal_code": "2600", "locality": "BERCHEM", "place": "", "floor": 5, "bedrooms": 2, "surface_m2": 120.0, "rent_eur": 1100, "costs_eur": 110, "total_eur": 1210, "eur_per_m2": 9.2, "agency": "Coprimmo Immobiliën", "flag": "new", "updated": "2026-10-08T01:25:34.114Z", "image": "https://media-resize.immowebstatic.be/classifieds/354dedfd-1b33-4db5-b152-ce27daa66f7e/100x100/33b78972aa994c8d766d7735963f61bb.jpg", "image_large": "https://media-resize.immowebstatic.be/classifieds/354dedfd-1b33-4db5-b152-ce27daa66f7e/736x736/33b78972aa994c8d766d7735963f61bb.jpg", "photos": "https://media-resize.immowebstatic.be/classifieds/354dedfd-1b33-4db5-b152-ce27daa66f7e/736x736/33b78972aa994c8d766d7735963f61bb.jpg|https://media-resize.immowebstatic.be/classifieds/354dedfd-1b33-4db5-b152-ce27daa66f7e/736x736/7902a0d729b43e4a00edf0296ff5a207.jpg|https://media-resize.immowebstatic.be/classifieds/354dedfd-1b33-4db5-b152-ce27daa66f7e/736x736/88280ed5452bd0115e7d66593763bee0.jpg|https://media-resize.immowebstatic.be/classifieds/354dedfd-1b33-4db5-b152-ce27daa66f7e/736x736/a642466995ddf562f9d673873eae981b.jpg", "url": "https://www.immoweb.be/en/classified/21894394", "lines": "7,A3", "line_count": 2, "nearest_stop": "Fruithoflaan", "nearest_stop_m": 607, "stop_count": 7, "stops": "Fruithoflaan, Pulhof, Kuijpers, Jan Moorkens" }, "geometry": { "type": "Point", "coordinates": [ 4.439961195923826, 51.183348902436279 ] } },
{ "type": "Feature", "properties": { "id": 21884579, "title": "Appartement", "subtype": "APARTMENT", "street": "Boekenberglei 29 box 1V", "postal_code": "2100", "locality": "DEURNE", "place": "", "floor": 1, "bedrooms": 2, "surface_m2": 99.0, "rent_eur": 1100, "costs_eur": 50, "total_eur": 1150, "eur_per_m2": 11.1, "agency": "Immovasta", "flag": "new", "updated": "2026-10-07T01:17:24.534Z", "image": "https://media-resize.immowebstatic.be/classifieds/567d2538-192c-46dd-923f-991835d76054/100x100/e2c99771bd12ebd05beea749001e3328.jpg", "image_large": "https://media-resize.immowebstatic.be/classifieds/567d2538-192c-46dd-923f-991835d76054/736x736/e2c99771bd12ebd05beea749001e3328.jpg", "photos": "https://media-resize.immowebstatic.be/classifieds/567d2538-192c-46dd-923f-991835d76054/736x736/e2c99771bd12ebd05beea749001e3328.jpg|https://media-resize.immowebstatic.be/classifieds/567d2538-192c-46dd-923f-991835d76054/736x736/dd30cbf4f3a04d2e1db44b3255626dfd.jpg|https://media-resize.immowebstatic.be/classifieds/567d2538-192c-46dd-923f-991835d76054/736x736/f77a2a4f9bedb318db0783257d518831.jpg|https://media-resize.immowebstatic.be/classifieds/567d2538-192c-46dd-923f-991835d76054/736x736/b45a602341178a35cddaaaebeada5cc5.jpg", "url": "https://www.immoweb.be/en/classified/21884579", "lines": "8,24", "line_count": 2, "nearest_stop": "Waterbaan", "nearest_stop_m": 612, "stop_count": 5, "stops": "Waterbaan, Florent Pauwels" }, "geometry": { "type": "Point", "coordinates": [ 4.463037495920119, 51.202361802433387 ] } },
{ "type": "Feature", "properties": { "id": 21830726, "title": "Apartment", "subtype": "APARTMENT", "street": "Deurnestraat 164 box 16", "postal_code": "2640", "locality": "MORTSEL", "place": "", "floor": 7, "bedrooms": 2, "surface_m2": 90.0, "rent_eur": 1100, "costs_eur": 250, "total_eur": 1350, "eur_per_m2": 12.2, "agency": "Goetstouwers Immobiliën", "flag": null, "updated": "2026-10-08T03:40:48.004Z", "image": "https://media-resize.immowebstatic.be/classifieds/9be933a1-47bf-4349-929c-308db745a20a/100x100/a93def8853bcfd6c0ff1566858f332d2.jpg", "image_large": "https://media-resize.immowebstatic.be/classifieds/9be933a1-47bf-4349-929c-308db745a20a/736x736/a93def8853bcfd6c0ff1566858f332d2.jpg", "photos": "https://media-resize.immowebstatic.be/classifieds/9be933a1-47bf-4349-929c-308db745a20a/736x736/a93def8853bcfd6c0ff1566858f332d2.jpg|https://media-resize.immowebstatic.be/classifieds/9be933a1-47bf-4349-929c-308db745a20a/736x736/5951084e70fbb61a31deecada72ee9a2.jpg|https://media-resize.immowebstatic.be/classifieds/9be933a1-47bf-4349-929c-308db745a20a/736x736/2ad227f5df22c0ac99536ab45f8489d3.jpg|https://media-resize.immowebstatic.be/classifieds/9be933a1-47bf-4349-929c-308db745a20a/736x736/bd1441dda11e237efc36240b3c36f33a.jpg", "url": "https://www.immoweb.be/en/classified/21830726", "lines": "7,A3", "line_count": 2, "nearest_stop": "Gevaert", "nearest_stop_m": 666, "stop_count": 6, "stops": "Gevaert, Vredebaan, Kuijpers" }, "geometry": { "type": "Point", "coordinates": [ 4.44670519592172, 51.179116502438269 ] } },
{ "type": "Feature", "properties": { "id": 21890725, "title": "Moderne 2-slaapkamer appartement te huur in Borgerhout, r...", "subtype": "APARTMENT", "street": "Gitschotellei 277 box A", "postal_code": "2140", "locality": "Borgerhout", "place": "", "floor": 1, "bedrooms": 2, "surface_m2": 80.0, "rent_eur": 1100, "costs_eur": 0, "total_eur": 1100, "eur_per_m2": 13.8, "agency": "VBN Vastgoed", "flag": "new", "updated": "2026-10-07T19:39:13.134Z", "image": "https://media-resize.immowebstatic.be/classifieds/a1198ec0-9e40-4e1c-82a0-7f2ad8ebf2e8/100x100/50b82ec36263627f6895a166e74e00ab.jpg", "image_large": "https://media-resize.immowebstatic.be/classifieds/a1198ec0-9e40-4e1c-82a0-7f2ad8ebf2e8/736x736/50b82ec36263627f6895a166e74e00ab.jpg", "photos": "https://media-resize.immowebstatic.be/classifieds/a1198ec0-9e40-4e1c-82a0-7f2ad8ebf2e8/736x736/50b82ec36263627f6895a166e74e00ab.jpg|https://media-resize.immowebstatic.be/classifieds/a1198ec0-9e40-4e1c-82a0-7f2ad8ebf2e8/736x736/d32f8468d14c1acf8eddad479c69c96b.jpg|https://media-resize.immowebstatic.be/classifieds/a1198ec0-9e40-4e1c-82a0-7f2ad8ebf2e8/736x736/bbbc606062676e6ecd9ad0b3a87200f3.jpg|https://media-resize.immowebstatic.be/classifieds/a1198ec0-9e40-4e1c-82a0-7f2ad8ebf2e8/736x736/099a0b2cac7a53159e21aa275253dd9c.jpg", "url": "https://www.immoweb.be/en/classified/21890725", "lines": "4,11,A9", "line_count": 3, "nearest_stop": "Keerlus Groenenhoek", "nearest_stop_m": 736, "stop_count": 1, "stops": "Keerlus Groenenhoek" }, "geometry": { "type": "Point", "coordinates": [ 4.449126695923291, 51.199877802432539 ] } }
]
}
