{
"type": "FeatureCollection",
"name": "line_catchments_800m",
"crs": { "type": "name", "properties": { "name": "urn:ogc:def:crs:OGC:1.3:CRS84" } },
"features": [
{ "type": "Feature", "properties": { "line": "1", "stop_count": 40, "buffer_m": 800, "area_km2": 14.97 }, "geometry": { "type": "Polygon", "coordinates": [ [ [ 4.397092950845201, 51.194027400164423 ], [ 4.396129448756796, 51.193664845987875 ], [ 4.395114044174788, 51.193363369911673 ], [ 4.394056512839131, 51.193125874128654 ], [ 4.392967035504089, 51.192954644879478 ], [ 4.391856100039932, 51.192851330472323 ], [ 4.390734400597732, 51.192816925436539 ], [ 4.389612734801857, 51.192851760961844 ], [ 4.388501899953248, 51.192955501714593 ], [ 4.387412589235771, 51.193127149061311 ], [ 4.386355288917994, 51.193365050669051 ], [ 4.385340177533253, 51.193666916390299 ], [ 4.384377028002608, 51.194029840280955 ], [ 4.383475113637547, 51.194450328540512 ], [ 4.382643118923049, 51.194924333107252 ], [ 4.381889055936741, 51.195447290586735 ], [ 4.381220187206962, 51.196014166141104 ], [ 4.380642955751913, 51.196619501918661 ], [ 4.380162922974359, 51.197257469559311 ], [ 4.379784715012131, 51.197921926272961 ], [ 4.379511978064563, 51.198606473952296 ], [ 4.379347343129728, 51.199304520752555 ], [ 4.379320258130835, 51.19965197952417 ], [ 4.378707554091966, 51.200171170217381 ], [ 4.378130238593924, 51.200776492752738 ], [ 4.377650128675292, 51.201414449164893 ], [ 4.377271851217111, 51.202078896771923 ], [ 4.376999053088477, 51.202763437554339 ], [ 4.376834365877291, 51.203461479733917 ], [ 4.376779380377896, 51.204166301228362 ], [ 4.376834631087717, 51.204871114371478 ], [ 4.376999590869286, 51.205569131276306 ], [ 4.377272675836348, 51.206253629212043 ], [ 4.377651260424335, 51.206918015364664 ], [ 4.37813170250709, 51.207555890357234 ], [ 4.378709378324511, 51.208161109916816 ], [ 4.379378726890332, 51.208727844092884 ], [ 4.380133303457167, 51.209250633454985 ], [ 4.380965841527313, 51.209724441726522 ], [ 4.3818683228143, 51.210144704345744 ], [ 4.382832054482128, 51.210507372483612 ], [ 4.383847752917644, 51.21080895209284 ], [ 4.384905633227135, 51.211046537609541 ], [ 4.385089372376987, 51.211075417940251 ], [ 4.385461234167308, 51.211287014442149 ], [ 4.386363786198447, 51.211707242484671 ], [ 4.387327585111223, 51.212069873751382 ], [ 4.388343346644191, 51.212371414550105 ], [ 4.388626412160321, 51.212434974069758 ], [ 4.389105335881174, 51.212577142235624 ], [ 4.389656408100542, 51.212700874622193 ], [ 4.390176606632102, 51.21294304464849 ], [ 4.391140460730375, 51.213305644654397 ], [ 4.392156273831081, 51.213607152545642 ], [ 4.392768118962641, 51.213744509195109 ], [ 4.393672114961598, 51.214084558221302 ], [ 4.394687961395691, 51.214386044267201 ], [ 4.394928557382109, 51.21444005079681 ], [ 4.395234631756101, 51.214582512806508 ], [ 4.396198559064668, 51.214945071340701 ], [ 4.397214440575993, 51.215246535575986 ], [ 4.397661981423733, 51.215346981808793 ], [ 4.398313371895854, 51.215591966203981 ], [ 4.398954855643685, 51.215782312136483 ], [ 4.399275284346589, 51.216053420120097 ], [ 4.400030202478166, 51.216576080961374 ], [ 4.400262536771359, 51.216708214678 ], [ 4.400565001559462, 51.216917616888011 ], [ 4.401397884076479, 51.217391279825897 ], [ 4.401575323398737, 51.217473848621324 ], [ 4.401998383912376, 51.217916669567352 ], [ 4.402668155524077, 51.218483269684491 ], [ 4.403423151022302, 51.219005908363613 ], [ 4.403595328448921, 51.219103815451369 ], [ 4.404008705060981, 51.219389962607139 ], [ 4.4041109771438, 51.219821498514875 ], [ 4.404384543551928, 51.220505929964801 ], [ 4.404763630140062, 51.2211702255441 ], [ 4.404831597578173, 51.221260352754896 ], [ 4.404577419230129, 51.221707143784514 ], [ 4.404304907164486, 51.222391742311217 ], [ 4.404140559435635, 51.223089817151148 ], [ 4.404139960447287, 51.223097550165541 ], [ 4.404072286991303, 51.223216498216644 ], [ 4.403799758687264, 51.223901095173531 ], [ 4.403635398075092, 51.224599168897484 ], [ 4.403580792809167, 51.225303997001433 ], [ 4.403632134591317, 51.225953868829393 ], [ 4.403079948290141, 51.22653295847185 ], [ 4.402599914565474, 51.227171009791682 ], [ 4.402221783732352, 51.227835530537561 ], [ 4.40194920125416, 51.228520121984999 ], [ 4.401845520803682, 51.228960356659897 ], [ 4.401795369433214, 51.229086307691652 ], [ 4.401630960527423, 51.229784377203892 ], [ 4.401576318883701, 51.230489202941946 ], [ 4.401631975693887, 51.231193997197707 ], [ 4.401797399914811, 51.231891972265117 ], [ 4.402071003191829, 51.232576405815202 ], [ 4.402450154972158, 51.233240705652982 ], [ 4.402931207669507, 51.233878473231776 ], [ 4.403509531644209, 51.234483565312274 ], [ 4.404179559667605, 51.235050153170903 ], [ 4.404934840447202, 51.235572778785759 ], [ 4.405768100700585, 51.236046407456854 ], [ 4.406671315182384, 51.236466476351893 ], [ 4.407256747411468, 51.236686492370147 ], [ 4.407430698565428, 51.236806847111055 ], [ 4.408264006240104, 51.237280457966456 ], [ 4.409139201336946, 51.237687456186571 ], [ 4.409047621319577, 51.238076494443668 ], [ 4.408993082109535, 51.238781321289196 ], [ 4.409048860973729, 51.239486109733996 ], [ 4.409086244948759, 51.239643709234265 ], [ 4.409106759918086, 51.239902915201377 ], [ 4.40914151900375, 51.240049446880612 ], [ 4.409050143743085, 51.240437595374516 ], [ 4.408995601808718, 51.241142421559239 ], [ 4.409051383537211, 51.24184720934052 ], [ 4.409187589322175, 51.242421376619674 ], [ 4.409142307233729, 51.242535113235384 ], [ 4.408977960932407, 51.243233189233202 ], [ 4.408923414635202, 51.243938014599308 ], [ 4.408949757623772, 51.244270840354424 ], [ 4.408904661305572, 51.244462382527679 ], [ 4.408850112461333, 51.245167207514122 ], [ 4.408905896807817, 51.245871994232274 ], [ 4.408924529717514, 51.245950535139549 ], [ 4.408960866127115, 51.246409599384023 ], [ 4.409126454129559, 51.247107559973017 ], [ 4.409400254383906, 51.247791972420373 ], [ 4.409737191210207, 51.248381930124026 ], [ 4.409726173721255, 51.248396570980532 ], [ 4.409347972281513, 51.249061108905742 ], [ 4.409075370340092, 51.249745710999171 ], [ 4.4089109976064, 51.250443784891196 ], [ 4.40885644185705, 51.251148608192985 ], [ 4.408912233461165, 51.251853393219669 ], [ 4.40892299322844, 51.251898741558726 ], [ 4.408966688129872, 51.252450698304841 ], [ 4.409132297689158, 51.253148657195133 ], [ 4.409406133529208, 51.253833067970284 ], [ 4.409646982610909, 51.254254727196844 ], [ 4.409353628266798, 51.25477011427634 ], [ 4.409080993007833, 51.255454714813041 ], [ 4.408916600218688, 51.25615278711134 ], [ 4.408862037870292, 51.256857608797752 ], [ 4.408917836396541, 51.257562392202999 ], [ 4.408927195907488, 51.257601834053382 ], [ 4.408971490625392, 51.258161297209845 ], [ 4.40909380611106, 51.258676731371025 ], [ 4.408721963936603, 51.258991681155443 ], [ 4.408144309581421, 51.259597136195467 ], [ 4.407664004538272, 51.260235199655803 ], [ 4.40728567757847, 51.260899727823343 ], [ 4.407012976060113, 51.261584321902149 ], [ 4.406848530653697, 51.262282389599932 ], [ 4.406793929838065, 51.262987208587624 ], [ 4.406849704418852, 51.263691991222018 ], [ 4.40701532222555, 51.264389949908654 ], [ 4.407289193045633, 51.265074362476035 ], [ 4.407668683755539, 51.265738636930905 ], [ 4.408150143509826, 51.26637637497064 ], [ 4.408728938752518, 51.266981433640048 ], [ 4.409399497719048, 51.267547984536861 ], [ 4.410155364004992, 51.268070569994741 ], [ 4.41098925868916, 51.268544155700134 ], [ 4.411893150414889, 51.268964179234175 ], [ 4.41285833275536, 51.269326594070108 ], [ 4.41387550811715, 51.269627908600157 ], [ 4.414934877371821, 51.269865219813539 ], [ 4.416026234348871, 51.27003624129987 ], [ 4.417139064275325, 51.27013932530587 ], [ 4.418262645208254, 51.270173478631861 ], [ 4.419386151476821, 51.270138372214085 ], [ 4.420498758130561, 51.27003434429929 ], [ 4.421589745380737, 51.269862397181548 ], [ 4.422648602021455, 51.269624187532123 ], [ 4.423665126827588, 51.269322010417163 ], [ 4.42462952694641, 51.268958777157209 ], [ 4.425532512329703, 51.268537987243953 ], [ 4.426365385292234, 51.268063694585983 ], [ 4.427120124330591, 51.2675404684109 ], [ 4.42778946139312, 51.266973349202352 ], [ 4.428366951855999, 51.266367800098593 ], [ 4.428847036532383, 51.265729654223016 ], [ 4.429225095119538, 51.265065058455882 ], [ 4.429497490572768, 51.264380414190924 ], [ 4.429661603983492, 51.263682315649106 ], [ 4.429715859631274, 51.262977486344774 ], [ 4.429659739975084, 51.262272714317646 ], [ 4.429537187510942, 51.261757302183682 ], [ 4.429908911022971, 51.261442287358641 ], [ 4.430486305375225, 51.260836726557287 ], [ 4.430966304024992, 51.260198570656151 ], [ 4.431344287497481, 51.25953396663197 ], [ 4.431616619470658, 51.258849315957875 ], [ 4.431780681646376, 51.258151212916424 ], [ 4.431834898796566, 51.25744638106525 ], [ 4.431778753749802, 51.256741608468445 ], [ 4.431769375067312, 51.256702168413746 ], [ 4.431724807990003, 51.256142713489425 ], [ 4.431558849362568, 51.255444787095158 ], [ 4.431284678663333, 51.254760428063278 ], [ 4.431043631165176, 51.254338812984301 ], [ 4.431336742865569, 51.253823372065128 ], [ 4.431609041574344, 51.253138719833267 ], [ 4.431773083757919, 51.252440615196988 ], [ 4.431827294379596, 51.251735781729245 ], [ 4.431771156329601, 51.251031007509738 ], [ 4.431760374527579, 51.2509856612349 ], [ 4.431716411009667, 51.250433712609038 ], [ 4.431550472841329, 51.249735784601626 ], [ 4.431276335855436, 51.249051423980895 ], [ 4.430939121517251, 51.248461527802881 ], [ 4.430950132356386, 51.248446884971983 ], [ 4.431328020742277, 51.247782277858768 ], [ 4.431600284281318, 51.24709762398809 ], [ 4.431764305332193, 51.246399517673325 ], [ 4.431818509060482, 51.245694682503512 ], [ 4.431778751050592, 51.245195483421853 ], [ 4.43183635184159, 51.24495031111924 ], [ 4.431890552795016, 51.244245475508329 ], [ 4.431834422812257, 51.243540699205866 ], [ 4.431790386889646, 51.243355462406583 ], [ 4.431779845955079, 51.243223104372071 ], [ 4.431690923009364, 51.242849044598586 ], [ 4.431745131283051, 51.242712712630585 ], [ 4.431909134733448, 51.242014604892759 ], [ 4.431963331172728, 51.2413097684232 ], [ 4.431907203625478, 51.240604991330457 ], [ 4.431822962629227, 51.240250610501455 ], [ 4.431907015674526, 51.239892805665754 ], [ 4.431961209679068, 51.239187968601811 ], [ 4.431905084719348, 51.238483190913101 ], [ 4.431867624521736, 51.238325598559605 ], [ 4.431846983672562, 51.238066396390202 ], [ 4.431717253145609, 51.237520616871564 ], [ 4.431803529002751, 51.237303610034942 ], [ 4.431967512547748, 51.236605500714127 ], [ 4.43202170181617, 51.235900662702058 ], [ 4.431965579900525, 51.235195884122149 ], [ 4.431963970084221, 51.235189111314583 ], [ 4.431928469794053, 51.234743287566268 ], [ 4.431762584308212, 51.234045355491141 ], [ 4.431488536483996, 51.233360991083757 ], [ 4.431108969945815, 51.232696784420959 ], [ 4.430627543976225, 51.232059131199222 ], [ 4.430048898127197, 51.231454171178342 ], [ 4.42937860741748, 51.230887729097809 ], [ 4.428623128552184, 51.230365258633505 ], [ 4.427789737685957, 51.229891789932395 ], [ 4.42762124004749, 51.22981346113486 ], [ 4.427533728676886, 51.2295948543536 ], [ 4.427154249147878, 51.228930634010723 ], [ 4.426672916161265, 51.228292963743002 ], [ 4.426094368373445, 51.227687983474496 ], [ 4.425909059521458, 51.22753135611859 ], [ 4.42599368424318, 51.227382488966441 ], [ 4.426265906990778, 51.226697841828219 ], [ 4.426429936152398, 51.225999737259372 ], [ 4.426430531480923, 51.225992004141254 ], [ 4.426498151920402, 51.225873043429694 ], [ 4.426770358447173, 51.225188394723503 ], [ 4.426934374745574, 51.22449028904034 ], [ 4.426973098329263, 51.223987189807758 ], [ 4.427153299836835, 51.223747451440772 ], [ 4.427531042165391, 51.223082849946358 ], [ 4.427803217236825, 51.222398198111946 ], [ 4.427967208256902, 51.221700090231259 ], [ 4.42802144067521, 51.220995249908547 ], [ 4.427965397165461, 51.220290465289629 ], [ 4.427799622416965, 51.219592523682699 ], [ 4.427525717698373, 51.21890814619865 ], [ 4.427454254607239, 51.218783033398914 ], [ 4.427269091119701, 51.218320369488843 ], [ 4.427075028391834, 51.217980607711368 ], [ 4.42699247491389, 51.217632999237111 ], [ 4.42671859355114, 51.216948619358512 ], [ 4.426339228545171, 51.216284393101354 ], [ 4.426064899858628, 51.215920853967248 ], [ 4.425914911620508, 51.215658230374871 ], [ 4.425433732573953, 51.215020551741752 ], [ 4.424855365521125, 51.214415562261479 ], [ 4.424185382794724, 51.213849086957545 ], [ 4.423467786864547, 51.213352561306955 ], [ 4.423365349859026, 51.212921041067439 ], [ 4.423091549395745, 51.212236651528784 ], [ 4.422712274377055, 51.211572412413261 ], [ 4.422231181275248, 51.210934719730332 ], [ 4.421652906434618, 51.210329713620219 ], [ 4.420983021299768, 51.209763219266669 ], [ 4.420227978669676, 51.209240690849249 ], [ 4.420055802743383, 51.20914280760848 ], [ 4.419604875530693, 51.208830732678962 ], [ 4.418771961006923, 51.208357196437092 ], [ 4.418594525929611, 51.208274653159215 ], [ 4.41817139531922, 51.207831889946391 ], [ 4.417501588344791, 51.207265375314655 ], [ 4.416746625152423, 51.206742824154162 ], [ 4.41651429380701, 51.206610722321741 ], [ 4.416211824259732, 51.20640136007971 ], [ 4.415378987565751, 51.205927799483938 ], [ 4.414476286029258, 51.2055077920568 ], [ 4.413512411707271, 51.205145381229983 ], [ 4.412871014852413, 51.20495511350196 ], [ 4.412550583375345, 51.204684041201581 ], [ 4.411795717428956, 51.204161457897634 ], [ 4.410962965562693, 51.203687865776409 ], [ 4.410060347137912, 51.203267824260479 ], [ 4.409096553411942, 51.202905377109715 ], [ 4.408080863892325, 51.202604013534483 ], [ 4.407633422873438, 51.202503606246097 ], [ 4.406982166228782, 51.202258671958468 ], [ 4.405966504450698, 51.201957290138076 ], [ 4.405725960071071, 51.201903305810696 ], [ 4.40541993685386, 51.201760870262881 ], [ 4.40445621032022, 51.201398385062149 ], [ 4.403440583593072, 51.201096981435285 ], [ 4.402828872929774, 51.200959679348024 ], [ 4.402601562206319, 51.200874174218626 ], [ 4.402633602036589, 51.200460508291251 ], [ 4.402577966766929, 51.199755706051164 ], [ 4.402412644830391, 51.199057723319086 ], [ 4.402139233131602, 51.198373281603089 ], [ 4.40176036916401, 51.197708971725746 ], [ 4.401279705440763, 51.197071190378736 ], [ 4.400701874171294, 51.196466078556817 ], [ 4.40062292440248, 51.196399255312585 ], [ 4.400251719830955, 51.196010514092194 ], [ 4.399582300193169, 51.195443895348461 ], [ 4.398827729023625, 51.19492122736802 ], [ 4.397995273738622, 51.194447542200471 ], [ 4.397092950845201, 51.194027400164423 ] ] ] } },
{ "type": "Feature", "properties": { "line": "10", "stop_count": 56, "buffer_m": 800, "area_km2": 21.11 }, "geometry": { "type": "MultiPolygon", "coordinates": [ [ [ [ 4.370801463890802, 51.164233086863995 ], [ 4.369969840227371, 51.163759198784199 ], [ 4.369068362732065, 51.163338837891224 ], [ 4.368105711682167, 51.162976051020664 ], [ 4.367091155589491, 51.16267433065412 ], [ 4.366034462029628, 51.162436581336578 ], [ 4.364945803696036, 51.162265091749703 ], [ 4.363835660579103, 51.162161512707954 ], [ 4.362714719206511, 51.162126841288291 ], [ 4.36159376990888, 51.162161411244703 ], [ 4.360483603093021, 51.162264889799921 ], [ 4.359394905514459, 51.162436280844389 ], [ 4.358338157540884, 51.162673934512313 ], [ 4.357323532388939, 51.162975563042899 ], [ 4.356360798298248, 51.163338262775298 ], [ 4.355459224579152, 51.163758542066972 ], [ 4.35462749243433, 51.164232354868005 ], [ 4.353873611409629, 51.164755139630344 ], [ 4.353204842276621, 51.165321863179308 ], [ 4.35262762708884, 51.165927069127065 ], [ 4.352147527085994, 51.16656493036416 ], [ 4.351769169046275, 51.16722930512568 ], [ 4.351496200606907, 51.167913796094282 ], [ 4.35133125498781, 51.168611811972212 ], [ 4.351275925463828, 51.169316630931355 ], [ 4.351330749837801, 51.170021465330969 ], [ 4.351495205071042, 51.170719527080465 ], [ 4.351767712130244, 51.171404093018275 ], [ 4.352145651011464, 51.172068569676583 ], [ 4.352625385803479, 51.172706556807881 ], [ 4.353202299555698, 51.17331190906026 ], [ 4.353539944637791, 51.173598216631817 ], [ 4.353584871648772, 51.173677196800298 ], [ 4.354064642646467, 51.174315177698389 ], [ 4.354108321505037, 51.174361006701695 ], [ 4.354345884888414, 51.174676901260796 ], [ 4.354765714235334, 51.175117385531628 ], [ 4.354819393183064, 51.175345140437784 ], [ 4.355091976005345, 51.176029697509712 ], [ 4.355469999669714, 51.176694162369067 ], [ 4.355949827448924, 51.177332134881901 ], [ 4.35652684149715, 51.177937469836891 ], [ 4.356816944109141, 51.178183416016424 ], [ 4.356861127204574, 51.178370832801242 ], [ 4.357133757646611, 51.179055384376895 ], [ 4.357237569638351, 51.179237832352136 ], [ 4.357268102876814, 51.179314496625317 ], [ 4.357646184130923, 51.179978953693094 ], [ 4.358126075431424, 51.180616916571225 ], [ 4.358703158320963, 51.18122224014116 ], [ 4.359371877523159, 51.1817890934513 ], [ 4.360125794352635, 51.182312015924403 ], [ 4.36095764866743, 51.182785970002342 ], [ 4.361041249337649, 51.182824946157318 ], [ 4.36103379126468, 51.182920176101732 ], [ 4.361088779002197, 51.183625002336925 ], [ 4.361253428145273, 51.184323046897092 ], [ 4.361526157795551, 51.185007586785815 ], [ 4.361904345807348, 51.18567202878571 ], [ 4.362384353871593, 51.186309972982684 ], [ 4.362669289393238, 51.186608778737863 ], [ 4.362798282262852, 51.186780207731971 ], [ 4.36337550198428, 51.187385507056263 ], [ 4.363582617673211, 51.187561028049203 ], [ 4.363727971605528, 51.187925788544035 ], [ 4.364106214622823, 51.188590222755543 ], [ 4.364586282811475, 51.18922815729556 ], [ 4.365017872665939, 51.189680695278263 ], [ 4.365125085017113, 51.189869012582179 ], [ 4.365605180293362, 51.190506942670375 ], [ 4.366182482532479, 51.191112227418699 ], [ 4.36685143434574, 51.191679036249248 ], [ 4.367120526292444, 51.191865604356174 ], [ 4.367177367970084, 51.192008204991481 ], [ 4.367555693205513, 51.192672627121546 ], [ 4.368035850564747, 51.193310546648163 ], [ 4.368613219028834, 51.193915818869897 ], [ 4.368692175271573, 51.193982711449252 ], [ 4.368752239983187, 51.194062506859872 ], [ 4.369329627047043, 51.19466777540655 ], [ 4.36999866807601, 51.195234565646288 ], [ 4.370172659662598, 51.195355178929788 ], [ 4.370502292849607, 51.195793054083289 ], [ 4.371079724035806, 51.196398313676305 ], [ 4.371373970719754, 51.196647570577753 ], [ 4.371562474258393, 51.196845151862412 ], [ 4.372231573640557, 51.197411928985666 ], [ 4.372985887077704, 51.197934766258193 ], [ 4.373818150606927, 51.198408626942125 ], [ 4.374720348586926, 51.198828945970995 ], [ 4.375683790911728, 51.199191673972599 ], [ 4.376699196756696, 51.199493316323093 ], [ 4.377756784048193, 51.19973096685419 ], [ 4.37859735449635, 51.199863172718345 ], [ 4.378863576680309, 51.200088625403666 ], [ 4.378875488081057, 51.200118482614954 ], [ 4.37925404570483, 51.20078286521025 ], [ 4.379403636244456, 51.200981491693419 ], [ 4.379415998819757, 51.201003187894926 ], [ 4.379512666937057, 51.201412172165419 ], [ 4.379785764443914, 51.202096665395189 ], [ 4.380164351086708, 51.202761044567204 ], [ 4.380644784718604, 51.203398910371675 ], [ 4.38122244166005, 51.204004118624148 ], [ 4.381301376505399, 51.204070954630978 ], [ 4.381672487279561, 51.20445975415587 ], [ 4.382199327448864, 51.204905827485895 ], [ 4.382388720923228, 51.205238140949639 ], [ 4.382869210488575, 51.205875997100478 ], [ 4.3834469269706, 51.206481193900423 ], [ 4.383699339675044, 51.20669489192904 ], [ 4.38375198236351, 51.206764771324607 ], [ 4.384329721308385, 51.20736996360128 ], [ 4.384999126810035, 51.207936666124155 ], [ 4.385396837318115, 51.208212174750138 ], [ 4.385699621806196, 51.208743333435812 ], [ 4.386180192762745, 51.209381175259281 ], [ 4.386757995626385, 51.209986355052266 ], [ 4.386957798247245, 51.21015548375582 ], [ 4.387254940214849, 51.210466694315961 ], [ 4.38792442570834, 51.211033379590432 ], [ 4.388679135365597, 51.211556113928751 ], [ 4.389511801406086, 51.212029861584263 ], [ 4.390414404309722, 51.212450058578874 ], [ 4.39044209423975, 51.212460475701263 ], [ 4.390972864842392, 51.212828068429744 ], [ 4.391805576893235, 51.213301799693873 ], [ 4.392708225081289, 51.213721978966483 ], [ 4.393672114961598, 51.214084558221302 ], [ 4.394687961395691, 51.214386044267201 ], [ 4.394928557382109, 51.21444005079681 ], [ 4.395234631756101, 51.214582512806508 ], [ 4.396198559064668, 51.214945071340701 ], [ 4.397214440575993, 51.215246535575986 ], [ 4.397661981423733, 51.215346981808793 ], [ 4.398313371895854, 51.215591966203981 ], [ 4.398954855643685, 51.215782312136483 ], [ 4.399275284346589, 51.216053420120097 ], [ 4.400030202478166, 51.216576080961374 ], [ 4.400262536771359, 51.216708214678 ], [ 4.400565001559462, 51.216917616888011 ], [ 4.401397884076479, 51.217391279825897 ], [ 4.401575323398737, 51.217473848621324 ], [ 4.401998383912376, 51.217916669567352 ], [ 4.402668155524077, 51.218483269684491 ], [ 4.403423151022302, 51.219005908363613 ], [ 4.403595328448921, 51.219103815451369 ], [ 4.404046247852091, 51.219415950194296 ], [ 4.404879210355484, 51.219889588144028 ], [ 4.405782103863823, 51.220309666505607 ], [ 4.406746231567492, 51.220672138224693 ], [ 4.407762306035436, 51.22097351114602 ], [ 4.408820538748686, 51.221210881696742 ], [ 4.409910734490835, 51.221381962895094 ], [ 4.411022389681819, 51.2214851064128 ], [ 4.41214479370227, 51.221519318476929 ], [ 4.413267132226104, 51.221484269457846 ], [ 4.414378591559175, 51.221380297049237 ], [ 4.415468462971793, 51.221208403010181 ], [ 4.416526246012985, 51.220970243500354 ], [ 4.417541749804497, 51.220668113102484 ], [ 4.418505191332494, 51.22030492268663 ], [ 4.419407289784684, 51.219884171331323 ], [ 4.42023935601968, 51.219409912573212 ], [ 4.420993376303493, 51.218886715312962 ], [ 4.421662089504601, 51.218319619755199 ], [ 4.422239057003489, 51.217714088810013 ], [ 4.42271872464408, 51.217075955425564 ], [ 4.423096476132673, 51.216411366361626 ], [ 4.423368677373512, 51.215726722947245 ], [ 4.423532711318799, 51.215028619395135 ], [ 4.423587003003191, 51.214323779268021 ], [ 4.423531034528159, 51.213618990710017 ], [ 4.423365349859026, 51.212921041067439 ], [ 4.423091549395745, 51.212236651528784 ], [ 4.422712274377055, 51.211572412413261 ], [ 4.422231181275248, 51.210934719730332 ], [ 4.421652906434618, 51.210329713620219 ], [ 4.420983021299768, 51.209763219266669 ], [ 4.420227978669676, 51.209240690849249 ], [ 4.420055802743383, 51.20914280760848 ], [ 4.419604875530693, 51.208830732678962 ], [ 4.418771961006923, 51.208357196437092 ], [ 4.418594525929611, 51.208274653159215 ], [ 4.41817139531922, 51.207831889946391 ], [ 4.417501588344791, 51.207265375314655 ], [ 4.416746625152423, 51.206742824154162 ], [ 4.41651429380701, 51.206610722321741 ], [ 4.416211824259732, 51.20640136007971 ], [ 4.415378987565751, 51.205927799483938 ], [ 4.414476286029258, 51.2055077920568 ], [ 4.413512411707271, 51.205145381229983 ], [ 4.412871014852413, 51.20495511350196 ], [ 4.412550583375345, 51.204684041201581 ], [ 4.411795717428956, 51.204161457897634 ], [ 4.410962965562693, 51.203687865776409 ], [ 4.410060347137912, 51.203267824260479 ], [ 4.409096553411942, 51.202905377109715 ], [ 4.408080863892325, 51.202604013534483 ], [ 4.407633422873438, 51.202503606246097 ], [ 4.406982166228782, 51.202258671958468 ], [ 4.405966504450698, 51.201957290138076 ], [ 4.405725960071071, 51.201903305810696 ], [ 4.405632912234399, 51.201859997771386 ], [ 4.405119192615913, 51.201425291540254 ], [ 4.404721423503895, 51.201149848557243 ], [ 4.404418471725406, 51.200618737052331 ], [ 4.403937741679638, 51.199980967232037 ], [ 4.403359839890072, 51.199375869085195 ], [ 4.403107376734624, 51.199162212443355 ], [ 4.40305471363404, 51.199092341465004 ], [ 4.402476834306275, 51.198487238793113 ], [ 4.401949872753287, 51.198041254757321 ], [ 4.40176036916401, 51.197708971725746 ], [ 4.401279705440763, 51.197071190378736 ], [ 4.401268312267184, 51.197059259491368 ], [ 4.401220351165867, 51.196856735345413 ], [ 4.400946969858297, 51.196172290291258 ], [ 4.400568140741487, 51.195507976029262 ], [ 4.400418477652304, 51.195309375923848 ], [ 4.400399098012767, 51.195275390903468 ], [ 4.399918477970896, 51.194637603423139 ], [ 4.399340694496856, 51.194032484379612 ], [ 4.39905617970591, 51.193791647318704 ], [ 4.399024678638464, 51.193712766421619 ], [ 4.39864589686275, 51.193048445370138 ], [ 4.398165323727022, 51.19241065021437 ], [ 4.397587590568008, 51.19180552208222 ], [ 4.396918263614607, 51.191238887333164 ], [ 4.396163790292153, 51.190716201499349 ], [ 4.395331437074884, 51.190242496802433 ], [ 4.394429219487326, 51.189822333749134 ], [ 4.393465824929358, 51.189459757269823 ], [ 4.392450529067529, 51.189158257820175 ], [ 4.391393106595595, 51.188920737818052 ], [ 4.390505627852387, 51.18878122276513 ], [ 4.390296187738572, 51.188603871084993 ], [ 4.390107638174255, 51.188406319064669 ], [ 4.389438450815914, 51.187839641212001 ], [ 4.389264437460485, 51.187719055951305 ], [ 4.388934685259319, 51.187281231793051 ], [ 4.388357135316186, 51.186676057347718 ], [ 4.388278163249486, 51.186609177723085 ], [ 4.388218074744128, 51.186529392012609 ], [ 4.387640543400126, 51.185924213890729 ], [ 4.386971421596658, 51.185357521528793 ], [ 4.386702287823876, 51.185170998170648 ], [ 4.386645394811358, 51.185028406560193 ], [ 4.386266859763271, 51.184364043630758 ], [ 4.385786545256464, 51.183726196022569 ], [ 4.385354809089614, 51.183273732890633 ], [ 4.385247530260359, 51.183085433475796 ], [ 4.384767242845827, 51.182447581413186 ], [ 4.384189806766453, 51.181842385483129 ], [ 4.383982638961011, 51.181666900238085 ], [ 4.383837146218235, 51.181302163805306 ], [ 4.383458681371852, 51.180637790937048 ], [ 4.382978443595809, 51.179999931008972 ], [ 4.382693418405053, 51.179701173492219 ], [ 4.382564372027635, 51.179529765763583 ], [ 4.381987000614992, 51.178924558396098 ], [ 4.381318047813914, 51.178357832509327 ], [ 4.380563957447642, 51.177835044513472 ], [ 4.379731992304154, 51.177361227614249 ], [ 4.379648385814869, 51.17732226460592 ], [ 4.379655805012253, 51.177227033287267 ], [ 4.379600544429251, 51.176522214005864 ], [ 4.379435648416067, 51.175824192970673 ], [ 4.379162709771606, 51.175139692059581 ], [ 4.379058821196212, 51.174957263076955 ], [ 4.379028255017999, 51.174880604312953 ], [ 4.378649910691052, 51.174216214423794 ], [ 4.378169804701484, 51.173578333397501 ], [ 4.377592563886669, 51.172973103189605 ], [ 4.377319022458438, 51.172741306755128 ], [ 4.377239692624501, 51.172405399702974 ], [ 4.376966806173325, 51.171720892834358 ], [ 4.376588516798356, 51.171056495550282 ], [ 4.376108471476851, 51.170418605385194 ], [ 4.375670796049336, 51.169959649053183 ], [ 4.375653134497717, 51.169884849042241 ], [ 4.375380286046295, 51.169200337858257 ], [ 4.375002039677763, 51.16853593486244 ], [ 4.374522041954926, 51.167898037644406 ], [ 4.374478349104662, 51.167852216080043 ], [ 4.374240684227062, 51.167536361211276 ], [ 4.373663569063365, 51.166931110425452 ], [ 4.373325848797862, 51.16664485967074 ], [ 4.373280895158138, 51.166565886804769 ], [ 4.372800941209344, 51.165927982119726 ], [ 4.372223864594474, 51.16532272393308 ], [ 4.371555225219899, 51.164755939857542 ], [ 4.370801463890802, 51.164233086863995 ] ] ], [ [ [ 4.44711436483392, 51.211133862691575 ], [ 4.446024845588325, 51.211306049085366 ], [ 4.444967432460717, 51.211544473372413 ], [ 4.443952305072858, 51.211846840373461 ], [ 4.442989236503549, 51.212210239318537 ], [ 4.442087499289687, 51.212631171833387 ], [ 4.441255776216597, 51.213105585578759 ], [ 4.440502076753292, 51.21362891322002 ], [ 4.439833659935403, 51.214196116354451 ], [ 4.439256964437625, 51.214801733974994 ], [ 4.43877754650992, 51.215439935006287 ], [ 4.438400026377326, 51.216104574409194 ], [ 4.438128043622989, 51.216789252315202 ], [ 4.437964221988817, 51.217487375623392 ], [ 4.437910143938413, 51.218192221467739 ], [ 4.437966335233752, 51.218897001945066 ], [ 4.438132259681188, 51.219594929480444 ], [ 4.438406324104678, 51.220279282201325 ], [ 4.438785893505726, 51.22094346868986 ], [ 4.439267316270987, 51.221581091489924 ], [ 4.439845959191403, 51.222186008755635 ], [ 4.440516251961145, 51.22275239344642 ], [ 4.441271740732638, 51.223274789496614 ], [ 4.442105150215274, 51.223748164417152 ], [ 4.443008453721935, 51.224167957819681 ], [ 4.443972950489472, 51.224530125394629 ], [ 4.444989349527756, 51.22483117791645 ], [ 4.446047859187639, 51.22506821489889 ], [ 4.447138281581764, 51.225238952573818 ], [ 4.447533380017336, 51.225275482352735 ], [ 4.447646463768224, 51.225339700917075 ], [ 4.448549848000606, 51.225759451724443 ], [ 4.449514420733824, 51.226121573872547 ], [ 4.450530890245339, 51.226422578573356 ], [ 4.450743782430148, 51.226470240563131 ], [ 4.450914835759533, 51.226520892505448 ], [ 4.45197341390452, 51.226757876287223 ], [ 4.453063897513043, 51.226928559206307 ], [ 4.454175780228954, 51.227031296771543 ], [ 4.455252641435512, 51.22706372299529 ], [ 4.45600127489964, 51.227231287787177 ], [ 4.457091784324959, 51.227401933531198 ], [ 4.458203687203985, 51.227504633205193 ], [ 4.459326270528911, 51.227538397312628 ], [ 4.459606486209182, 51.227529536653549 ], [ 4.459847950977637, 51.227536797254551 ], [ 4.460970398257824, 51.227501295530132 ], [ 4.462081894411846, 51.227396874981508 ], [ 4.463091233627891, 51.227237270838771 ], [ 4.463631434344787, 51.227253497590439 ], [ 4.464753871920959, 51.227217959950814 ], [ 4.465865352843791, 51.22711350382987 ], [ 4.466955168176512, 51.226941135647081 ], [ 4.467180295289201, 51.226890345050265 ], [ 4.467453874290185, 51.226933129316727 ], [ 4.468565788801138, 51.22703573157942 ], [ 4.469688368326652, 51.227069397327824 ], [ 4.470810796848504, 51.227033802195898 ], [ 4.471922259805414, 51.226929289139122 ], [ 4.473012048433913, 51.226756865125608 ], [ 4.4740696630829, 51.226518191421086 ], [ 4.474144946094681, 51.226495751665553 ], [ 4.47470273923975, 51.226369868267781 ], [ 4.475476161349197, 51.22613932367485 ], [ 4.475552172252669, 51.22614159914454 ], [ 4.47655313168186, 51.226109806226205 ], [ 4.476793624372067, 51.226200015838074 ], [ 4.477810271640169, 51.226500786024353 ], [ 4.478868985964723, 51.226737529031439 ], [ 4.479959567484278, 51.226907963923367 ], [ 4.481071508898061, 51.227010448598627 ], [ 4.48195516220205, 51.227036856288393 ], [ 4.48282131075381, 51.227361687300487 ], [ 4.483838022236137, 51.227662405526566 ], [ 4.484896793544219, 51.227899094458444 ], [ 4.4857292789606, 51.228029147032579 ], [ 4.485786414765618, 51.228041918946488 ], [ 4.486877052080633, 51.228212289955032 ], [ 4.487801759561011, 51.228297460858407 ], [ 4.488164114362077, 51.228433327776528 ], [ 4.489180883674674, 51.228733999939529 ], [ 4.49023970644123, 51.228970640935145 ], [ 4.491084527336858, 51.229102576913888 ], [ 4.49112832760077, 51.229112365391934 ], [ 4.492219009476215, 51.229282687061925 ], [ 4.493331034462741, 51.229385056364997 ], [ 4.494453688374838, 51.229418486987612 ], [ 4.49467516595218, 51.229411418066121 ], [ 4.495283010766511, 51.229693451245232 ], [ 4.49624802770678, 51.230055191559956 ], [ 4.497264884523556, 51.230355794024241 ], [ 4.498323785152867, 51.230592362487535 ], [ 4.499294873054503, 51.230743941189381 ], [ 4.499545350823694, 51.230799896059942 ], [ 4.500636102924268, 51.230970139987377 ], [ 4.501148519118366, 51.231017273673153 ], [ 4.501251093404841, 51.231055716669999 ], [ 4.50226800430372, 51.231356275996902 ], [ 4.503326953044638, 51.231592799569405 ], [ 4.504417737505702, 51.231763008565579 ], [ 4.504567113186015, 51.231776743742337 ], [ 4.505005322520642, 51.231845119333677 ], [ 4.505439399686735, 51.231885030150636 ], [ 4.505573580438138, 51.231935311094936 ], [ 4.50659053839137, 51.232235833149545 ], [ 4.50764952904165, 51.232472317935546 ], [ 4.508740349862961, 51.232642487004654 ], [ 4.509852491247033, 51.232744700816433 ], [ 4.510975237886059, 51.232777974555468 ], [ 4.512097772150686, 51.232741987632743 ], [ 4.513209278460619, 51.23263708677851 ], [ 4.514299047635335, 51.232464282697293 ], [ 4.515356580212641, 51.232225240316595 ], [ 4.516371687732972, 51.231922262724886 ], [ 4.517334591007566, 51.231558268953918 ], [ 4.517423348203309, 51.231516766977187 ], [ 4.51810434867351, 51.231259328122007 ], [ 4.519005759343906, 51.230837819072306 ], [ 4.519837007089755, 51.230362861888992 ], [ 4.520590086072658, 51.229839032199394 ], [ 4.521257744239878, 51.229271376298563 ], [ 4.521833553145926, 51.228665362491874 ], [ 4.522311969805502, 51.228026828375853 ], [ 4.522688389984328, 51.227361924566964 ], [ 4.522959192418163, 51.226677055422371 ], [ 4.523121773538827, 51.225978817325043 ], [ 4.523174572378547, 51.225273935129543 ], [ 4.523117085419317, 51.224569197381072 ], [ 4.522949871251263, 51.223871390932487 ], [ 4.522674545002565, 51.223187235589272 ], [ 4.52229376260184, 51.222523319411529 ], [ 4.52181119503159, 51.221886035295398 ], [ 4.521231492827159, 51.221281519443714 ], [ 4.520560241168741, 51.220715592316658 ], [ 4.519803906003551, 51.220193702629878 ], [ 4.518969771720477, 51.219720874936833 ], [ 4.518065870979551, 51.219301661298452 ], [ 4.517100907372637, 51.218940097502959 ], [ 4.516084171659485, 51.218639664255392 ], [ 4.515025452383616, 51.218403253708587 ], [ 4.513934941725356, 51.218233141655524 ], [ 4.512823137494068, 51.218130965649401 ], [ 4.511700742197679, 51.218097709260924 ], [ 4.511424480234509, 51.218106568740595 ], [ 4.510521882138353, 51.217904978167596 ], [ 4.509431399563752, 51.217734824543427 ], [ 4.509282067432106, 51.217721095434399 ], [ 4.508843984555465, 51.217652735309478 ], [ 4.50833170744442, 51.217605634718701 ], [ 4.508229156907231, 51.217567197659861 ], [ 4.507212508293019, 51.217266687961853 ], [ 4.506153865172959, 51.217030197848601 ], [ 4.505183040561795, 51.216878674650772 ], [ 4.504932630804607, 51.216822731414354 ], [ 4.503842193935225, 51.216652526167465 ], [ 4.502730449513004, 51.216550255191613 ], [ 4.501608099470592, 51.216516902971662 ], [ 4.50138668418681, 51.216523984912563 ], [ 4.500778974121038, 51.216241981647549 ], [ 4.499814207884477, 51.215880276343668 ], [ 4.498797650279541, 51.215579694090444 ], [ 4.497739088136674, 51.215343128475304 ], [ 4.496894497684925, 51.215211239322997 ], [ 4.496850709267341, 51.215201452927126 ], [ 4.495760339811905, 51.215031173033054 ], [ 4.494835880859174, 51.214946063918092 ], [ 4.494473611420274, 51.214810216724345 ], [ 4.493457111566157, 51.214509588425734 ], [ 4.492398600807342, 51.214272974894548 ], [ 4.491566342358993, 51.214142968568616 ], [ 4.49150922199988, 51.214130199377642 ], [ 4.490418897097522, 51.213959870149047 ], [ 4.489307246321251, 51.213857472843294 ], [ 4.488528878133142, 51.213834253731498 ], [ 4.488525819138936, 51.213832833647032 ], [ 4.487561197789487, 51.213471028018738 ], [ 4.486544771688654, 51.213170340130624 ], [ 4.485486326402014, 51.212933664587084 ], [ 4.484396051474642, 51.212763279732265 ], [ 4.483284442448574, 51.212660825745594 ], [ 4.482162199954055, 51.21262728887362 ], [ 4.481935769194066, 51.212634494502026 ], [ 4.481565001327916, 51.21249539856106 ], [ 4.480548635153601, 51.212194659005831 ], [ 4.479490242443074, 51.211957929688317 ], [ 4.478400012235738, 51.211787489470318 ], [ 4.47728843964351, 51.211684979064231 ], [ 4.476166224946195, 51.211651385259778 ], [ 4.475044170725243, 51.211687031437556 ], [ 4.473933078019477, 51.211791574460413 ], [ 4.472843642495582, 51.211964007972078 ], [ 4.47274954863889, 51.211985248424604 ], [ 4.472196430170523, 51.212072789982315 ], [ 4.471139133522652, 51.212311448283231 ], [ 4.470365919295657, 51.212541965757737 ], [ 4.470289930810841, 51.212539686942172 ], [ 4.469167850729824, 51.212575277332263 ], [ 4.468056723692836, 51.212679765088112 ], [ 4.466967245696774, 51.212852144385451 ], [ 4.466220225236583, 51.213020726646739 ], [ 4.465540811275792, 51.212914433840091 ], [ 4.464429240105082, 51.212811802566883 ], [ 4.463307007572654, 51.212778086706223 ], [ 4.462184916431641, 51.212813610813669 ], [ 4.461073768076025, 51.21291803292717 ], [ 4.459984258707679, 51.21309034785434 ], [ 4.459675804070459, 51.213159937489685 ], [ 4.459539515975247, 51.213164248551493 ], [ 4.459370178863204, 51.213159154766508 ], [ 4.459269855955561, 51.213129447508365 ], [ 4.458211550086177, 51.212892527778401 ], [ 4.457543214691185, 51.212787919844857 ], [ 4.457396030230075, 51.212704335427063 ], [ 4.456492819271999, 51.212284650058123 ], [ 4.455528478541424, 51.211922582872276 ], [ 4.454512292807446, 51.211621619421351 ], [ 4.453454045324308, 51.211384656962736 ], [ 4.452363923735099, 51.211213976602728 ], [ 4.451750098411882, 51.211157231505581 ], [ 4.451581238174184, 51.211130791078652 ], [ 4.450469740253534, 51.211028028478879 ], [ 4.449347560754626, 51.210994180079865 ], [ 4.448225501920411, 51.211029571713055 ], [ 4.44711436483392, 51.211133862691575 ] ] ] ] } },
{ "type": "Feature", "properties": { "line": "11", "stop_count": 24, "buffer_m": 800, "area_km2": 8.11 }, "geometry": { "type": "Polygon", "coordinates": [ [ [ 4.414620827382373, 51.212347424193702 ], [ 4.41460744664809, 51.212520715096105 ], [ 4.414394444988508, 51.212540645639436 ], [ 4.413304772178391, 51.212712530361046 ], [ 4.412420958363883, 51.212911530277303 ], [ 4.412241234199838, 51.212871216331898 ], [ 4.411151228860736, 51.212700156052087 ], [ 4.410039782788171, 51.212597013391509 ], [ 4.408917595045911, 51.212562781226161 ], [ 4.407795467956488, 51.212597789081684 ], [ 4.406684203259393, 51.212701699965514 ], [ 4.405594498274852, 51.212873513606546 ], [ 4.404793859212766, 51.213053726653087 ], [ 4.404458482628242, 51.213043482347778 ], [ 4.403336340627251, 51.213078447870792 ], [ 4.402225054543305, 51.213182316818738 ], [ 4.401135321902322, 51.213354089324184 ], [ 4.400077633033276, 51.213592111849444 ], [ 4.399062170209306, 51.213894093083098 ], [ 4.398098709734705, 51.214257125969056 ], [ 4.397196527915111, 51.214677715657643 ], [ 4.396364311811745, 51.215151813110651 ], [ 4.395610075635744, 51.215674854039392 ], [ 4.394941083585614, 51.216241802802507 ], [ 4.394363779870218, 51.216847200843247 ], [ 4.393883726591884, 51.217485219201862 ], [ 4.393505550090045, 51.218149714599612 ], [ 4.393232896265565, 51.218834288556302 ], [ 4.393068395320669, 51.219532348973715 ], [ 4.393013636259774, 51.22023717359334 ], [ 4.393069151403214, 51.220941974718201 ], [ 4.393234411070078, 51.221639964576433 ], [ 4.393507828488708, 51.222324420697014 ], [ 4.393886774894842, 51.222988750667881 ], [ 4.394367604679094, 51.223626555652629 ], [ 4.394945690348073, 51.224231692051916 ], [ 4.395615466968115, 51.22479833071565 ], [ 4.396370485668348, 51.225321013132842 ], [ 4.397203475691248, 51.225794704056632 ], [ 4.398106414395283, 51.226214840055221 ], [ 4.399070604536193, 51.226577373519113 ], [ 4.400086758081941, 51.226878811698136 ], [ 4.401145085751982, 51.227116250390715 ], [ 4.402235391415101, 51.227287401958591 ], [ 4.403347170432006, 51.227390617395464 ], [ 4.404469710989906, 51.227424902235491 ], [ 4.404818466175337, 51.227414036353906 ], [ 4.405775832752657, 51.227628778957623 ], [ 4.406866167398907, 51.227799887795406 ], [ 4.407977968886121, 51.227903059675057 ], [ 4.409100525184821, 51.227937300550444 ], [ 4.410223020501073, 51.227902280514272 ], [ 4.411334639629332, 51.227798336980996 ], [ 4.412424672299553, 51.22762647143152 ], [ 4.413482616506366, 51.227388339751073 ], [ 4.414498279818087, 51.227086236254308 ], [ 4.415418546337501, 51.226739402738154 ], [ 4.415520254073344, 51.22674883407025 ], [ 4.416642788112657, 51.22678300336645 ], [ 4.417765249964708, 51.226747911724146 ], [ 4.418876824746573, 51.226643897247726 ], [ 4.419966802615822, 51.226471962101584 ], [ 4.420005162675331, 51.226463324900813 ], [ 4.42044705153567, 51.22642196809575 ], [ 4.421537018425249, 51.226250018461577 ], [ 4.422031122418665, 51.226138756222063 ], [ 4.422097699984532, 51.226136672028886 ], [ 4.423209250524894, 51.226032616803494 ], [ 4.424299198123562, 51.225860641683532 ], [ 4.424649894804482, 51.225781662225167 ], [ 4.424782562296586, 51.225760728332631 ], [ 4.425840401031584, 51.225522485925673 ], [ 4.426855943607075, 51.22522027607512 ], [ 4.427081589196413, 51.22513519951341 ], [ 4.427623030547349, 51.225049750204406 ], [ 4.428680838635529, 51.224811482321492 ], [ 4.429696347312058, 51.22450924799324 ], [ 4.430659773516803, 51.22414595909099 ], [ 4.431561836586094, 51.223725115641983 ], [ 4.432393847720633, 51.223250772070053 ], [ 4.433147793718615, 51.222727498092624 ], [ 4.433816414165642, 51.222160334653225 ], [ 4.434393271337269, 51.221554745315572 ], [ 4.434872812141763, 51.220916563589981 ], [ 4.435250421508698, 51.220251936701466 ], [ 4.435317531885347, 51.220083038458569 ], [ 4.435372364572537, 51.219986525611858 ], [ 4.435644406437627, 51.219301854901637 ], [ 4.435712606134479, 51.219011300009562 ], [ 4.435858593468313, 51.218858023664261 ], [ 4.436338086486461, 51.218219835322145 ], [ 4.436715653132177, 51.217555203052775 ], [ 4.436987661091194, 51.216870528600829 ], [ 4.437151495178205, 51.216172406477519 ], [ 4.437205582353365, 51.215467560423811 ], [ 4.437149406688102, 51.214762778640385 ], [ 4.437138288074209, 51.214716001937816 ], [ 4.437299253968599, 51.214310800370107 ], [ 4.437463074399097, 51.213612677117617 ], [ 4.437517153896932, 51.212907830217638 ], [ 4.43746995597205, 51.21231570157115 ], [ 4.437847728825196, 51.212203205723029 ], [ 4.438810837310582, 51.211839848663452 ], [ 4.439712588797778, 51.211418941012795 ], [ 4.440544297489992, 51.210944537813177 ], [ 4.441297953099455, 51.210421209356198 ], [ 4.441966298009187, 51.209853997109839 ], [ 4.442542897148598, 51.209248365107683 ], [ 4.442622104802793, 51.20914289713452 ], [ 4.442697168428142, 51.209064052165999 ], [ 4.443176467185148, 51.208425833657756 ], [ 4.443553857101417, 51.207761177018199 ], [ 4.443825707563636, 51.207076484226477 ], [ 4.443831815866874, 51.207050433997942 ], [ 4.444066468618025, 51.206980534162888 ], [ 4.445029420812713, 51.206617125704724 ], [ 4.445931015208666, 51.206196169767608 ], [ 4.44676256752308, 51.205721721858637 ], [ 4.447516068975128, 51.205198352700016 ], [ 4.448184263433173, 51.204631104151616 ], [ 4.448760717276031, 51.204025440596482 ], [ 4.449239881296162, 51.2033871962592 ], [ 4.449617144050893, 51.202722518967292 ], [ 4.449888876151228, 51.20203781089851 ], [ 4.450052465066546, 51.201339666887208 ], [ 4.450106340115603, 51.200634810884686 ], [ 4.450049987409733, 51.199930031186817 ], [ 4.449883954611344, 51.199232115053526 ], [ 4.449609845469227, 51.198547783349532 ], [ 4.449230304190607, 51.197883625836262 ], [ 4.448748989807493, 51.197246037736491 ], [ 4.448170540790624, 51.196641158182693 ], [ 4.44750053025751, 51.196074811139361 ], [ 4.446745412210527, 51.195552449367291 ], [ 4.445912459326316, 51.195079101966883 ], [ 4.445009692897663, 51.194659326004142 ], [ 4.444045805603312, 51.194297162682105 ], [ 4.443030077848658, 51.193996098478401 ], [ 4.441972288480934, 51.193759031620594 ], [ 4.44088262073522, 51.193588244220038 ], [ 4.439771564312412, 51.193485380331474 ], [ 4.438649814526487, 51.19345143014737 ], [ 4.437528169485898, 51.193486720478951 ], [ 4.4364174262922, 51.193590911614514 ], [ 4.435328277248323, 51.193763000585072 ], [ 4.434271207068738, 51.194001330806316 ], [ 4.433256392074401, 51.194303608004503 ], [ 4.433221817187118, 51.194316655272566 ], [ 4.432283512041225, 51.19440463535436 ], [ 4.431194328754733, 51.194576686169299 ], [ 4.430137219023091, 51.194814979336186 ], [ 4.429122359547677, 51.19511722093803 ], [ 4.428159520827879, 51.195480501411929 ], [ 4.427883985286016, 51.195609116733152 ], [ 4.427834242378591, 51.195627884227093 ], [ 4.426932688955524, 51.196048703833974 ], [ 4.426101107418092, 51.196523013992383 ], [ 4.425347505870569, 51.197046248365041 ], [ 4.424679142403225, 51.197613369447311 ], [ 4.424102455173978, 51.198218917022388 ], [ 4.423623000349699, 51.198857060689654 ], [ 4.423245398506935, 51.199521655962648 ], [ 4.422973290011718, 51.200206303398247 ], [ 4.422809299812826, 51.20090441018943 ], [ 4.422791244853742, 51.201138828318676 ], [ 4.422331274523816, 51.201353474985936 ], [ 4.421905903091154, 51.201480106558527 ], [ 4.420942876842152, 51.201843327343511 ], [ 4.420593204257127, 51.202006492555995 ], [ 4.420270524099436, 51.202128191785611 ], [ 4.419368776813865, 51.202548952633222 ], [ 4.418537002487996, 51.203023208375413 ], [ 4.417783211081617, 51.203546393198963 ], [ 4.417114662512568, 51.204113470076564 ], [ 4.416537796720835, 51.204718979217269 ], [ 4.416058171592704, 51.205357090590773 ], [ 4.415680409344941, 51.206021660021918 ], [ 4.415408151888792, 51.206706288316738 ], [ 4.41524402560836, 51.207404382852829 ], [ 4.415189615898218, 51.208109221042164 ], [ 4.415223534486545, 51.208537364910391 ], [ 4.415214635450864, 51.208553018922835 ], [ 4.414942356381499, 51.209237645472562 ], [ 4.414938479932707, 51.209254132174678 ], [ 4.414841396661459, 51.209498236026455 ], [ 4.414677252073287, 51.210196329019027 ], [ 4.414622830540947, 51.210901166183149 ], [ 4.414678661132482, 51.211605959700165 ], [ 4.414737172389521, 51.211852646794767 ], [ 4.414620827382373, 51.212347424193702 ] ] ] } },
{ "type": "Feature", "properties": { "line": "12", "stop_count": 13, "buffer_m": 800, "area_km2": 4.44 }, "geometry": { "type": "Polygon", "coordinates": [ [ [ 4.432528234503629, 51.216529780730802 ], [ 4.432148790156057, 51.215865573008905 ], [ 4.431667523729054, 51.21522791980189 ], [ 4.431089073235717, 51.214622960869491 ], [ 4.430419011811603, 51.2140565209409 ], [ 4.429663793952502, 51.213534053671367 ], [ 4.428830693298942, 51.213060589177289 ], [ 4.427927732568714, 51.212640685651998 ], [ 4.426963606312855, 51.212278385526659 ], [ 4.425947597238292, 51.211977176595923 ], [ 4.424889486900853, 51.211739958480507 ], [ 4.42379946162521, 51.211569014747866 ], [ 4.422688014553155, 51.211465990957521 ], [ 4.421565844757818, 51.211431878841175 ], [ 4.420443754388964, 51.211467006768842 ], [ 4.419332544832862, 51.21157103659214 ], [ 4.418242912879425, 51.211742966895024 ], [ 4.417185347889336, 51.211981142620687 ], [ 4.416170030944431, 51.212283270982816 ], [ 4.415206736946112, 51.212646443508937 ], [ 4.414304740598939, 51.213067164004791 ], [ 4.413472727180236, 51.213541382172664 ], [ 4.412718708951489, 51.214064532561338 ], [ 4.412203906597813, 51.214501037751319 ], [ 4.411853464453901, 51.21474416896605 ], [ 4.411184683249634, 51.215311209835093 ], [ 4.410607601945156, 51.215916687397559 ], [ 4.410127780502686, 51.216554771927598 ], [ 4.409749843030507, 51.217219319508665 ], [ 4.409477433128727, 51.217903931157586 ], [ 4.409313178651314, 51.218602014412511 ], [ 4.409258666229509, 51.219306846794311 ], [ 4.409314425808385, 51.220011640530636 ], [ 4.409461331284448, 51.220631191527289 ], [ 4.409066798858114, 51.221155781976549 ], [ 4.408688808971811, 51.221820324969116 ], [ 4.408416356611077, 51.222504932939586 ], [ 4.408252070039582, 51.223203013461656 ], [ 4.408197536198554, 51.223907844082568 ], [ 4.408253285240312, 51.224612637046995 ], [ 4.408418785231959, 51.225310604660955 ], [ 4.408692447087532, 51.225995024667057 ], [ 4.409071639688441, 51.22665930500056 ], [ 4.409552715053624, 51.227297047302443 ], [ 4.410131043323522, 51.227902108576707 ], [ 4.410801057226669, 51.228468660396388 ], [ 4.411556305605299, 51.228991245086618 ], [ 4.412389515488009, 51.229464828341619 ], [ 4.413292662113788, 51.229884847766556 ], [ 4.413761653032542, 51.230061093112525 ], [ 4.413785360328511, 51.230077495448306 ], [ 4.414618612269566, 51.230551062794866 ], [ 4.415521800022487, 51.230971065015922 ], [ 4.416486223942007, 51.23133345579042 ], [ 4.416847573557287, 51.231440574046331 ], [ 4.416963943261461, 51.231506704661136 ], [ 4.417867170659485, 51.23192668881174 ], [ 4.418831632581122, 51.232289060323069 ], [ 4.419848038374018, 51.232590328004953 ], [ 4.420906596325521, 51.232827589298246 ], [ 4.421997108084057, 51.232998558273806 ], [ 4.422199151913012, 51.233017279611531 ], [ 4.422911640217508, 51.233128975122213 ], [ 4.423030396756803, 51.233139978151598 ], [ 4.423169739193836, 51.233181273868034 ], [ 4.423268728902237, 51.233218460256523 ], [ 4.423815398380548, 51.233380468985928 ], [ 4.423897871470649, 51.233427326027659 ], [ 4.424801198550509, 51.233847256901051 ], [ 4.425765754107146, 51.234209571588643 ], [ 4.426782246585429, 51.234510779447668 ], [ 4.427840883436907, 51.234747978495335 ], [ 4.428931465549239, 51.234918883402067 ], [ 4.43004348561765, 51.235021847537951 ], [ 4.431166229505293, 51.235055878858418 ], [ 4.431544208605567, 51.235044018860421 ], [ 4.431549488615396, 51.235044178859816 ], [ 4.432672138148405, 51.235008945838608 ], [ 4.433783876636848, 51.234904791580249 ], [ 4.434873992660601, 51.234732719595954 ], [ 4.435931983411641, 51.234494387759845 ], [ 4.436947656010775, 51.234192092314991 ], [ 4.437911225818647, 51.233828745721553 ], [ 4.4388134107885, 51.233407848562649 ], [ 4.439645520947396, 51.232933455779452 ], [ 4.440399542140652, 51.232410137563569 ], [ 4.441068213230865, 51.231842935284583 ], [ 4.441645096007407, 51.231237312880275 ], [ 4.442124637133799, 51.23059910417934 ], [ 4.442502221538577, 51.229934456666477 ], [ 4.442774216738988, 51.229249772233096 ], [ 4.442938007675298, 51.22855164548632 ], [ 4.442992021725989, 51.227846800211516 ], [ 4.442935743669424, 51.227142024601612 ], [ 4.442769720454983, 51.226444105877384 ], [ 4.442495555744997, 51.225759764928746 ], [ 4.442115894287415, 51.225095591606227 ], [ 4.441634396276728, 51.224457981284921 ], [ 4.441055701956527, 51.223853073311282 ], [ 4.440385386810298, 51.223286691923363 ], [ 4.439629907776598, 51.222764290212545 ], [ 4.438796541010075, 51.222290897663648 ], [ 4.437893311789803, 51.221871071777095 ], [ 4.436928917250663, 51.221508854236369 ], [ 4.435912642681191, 51.221207732040867 ], [ 4.435488480213117, 51.221112699806994 ], [ 4.435013547865435, 51.220891924214861 ], [ 4.434049195948742, 51.220529683047552 ], [ 4.433808900611905, 51.220458475994462 ], [ 4.433709929587608, 51.220421298241256 ], [ 4.432758584356036, 51.22013937662777 ], [ 4.432806094309119, 51.220019824143833 ], [ 4.432970002065105, 51.219321708675814 ], [ 4.433024156098075, 51.218616865403682 ], [ 4.432968039836194, 51.21791208250152 ], [ 4.432802198668838, 51.217214147260769 ], [ 4.432528234503629, 51.216529780730802 ] ] ] } },
{ "type": "Feature", "properties": { "line": "2", "stop_count": 40, "buffer_m": 800, "area_km2": 15.74 }, "geometry": { "type": "MultiPolygon", "coordinates": [ [ [ [ 4.371049363629024, 51.175712225207 ], [ 4.369960391194363, 51.175883712791588 ], [ 4.368903392564834, 51.176121459802147 ], [ 4.367888543369711, 51.176423177579302 ], [ 4.366925614005551, 51.176785961603251 ], [ 4.366023875663185, 51.177206319419874 ], [ 4.365192011131226, 51.177680204223329 ], [ 4.364438031231606, 51.178203053772329 ], [ 4.363769197689808, 51.178769834268365 ], [ 4.363191953181839, 51.179375088775174 ], [ 4.362711859232379, 51.180012989715557 ], [ 4.362333542564232, 51.180677394942094 ], [ 4.362060650419306, 51.181361906843755 ], [ 4.361895815285957, 51.182059933920932 ], [ 4.361840629378148, 51.182764754237233 ], [ 4.361895629118608, 51.183469580138421 ], [ 4.362060289782486, 51.184167623615352 ], [ 4.362333030360409, 51.184852161681931 ], [ 4.362711228601373, 51.18551660113831 ], [ 4.363191246097707, 51.186154542094833 ], [ 4.363768463176942, 51.186759839643884 ], [ 4.364437323270335, 51.187326663084313 ], [ 4.365191386335345, 51.187849552126409 ], [ 4.366023390821121, 51.188323469533898 ], [ 4.366925323582343, 51.188743849694141 ], [ 4.36788849706886, 51.189106642646188 ], [ 4.368903633047035, 51.189408353140536 ], [ 4.369960952044374, 51.189646074352666 ], [ 4.371050267652572, 51.189817515922712 ], [ 4.372161084776147, 51.189921026050492 ], [ 4.372183659215044, 51.189921722165309 ], [ 4.372409366371587, 51.189957241213641 ], [ 4.373520189836128, 51.190060738558962 ], [ 4.374641810299963, 51.190095307036501 ], [ 4.375763420990253, 51.190060613582652 ], [ 4.375963347889505, 51.190041964084884 ], [ 4.377071432385367, 51.190145171997329 ], [ 4.378193057507747, 51.190179706763963 ], [ 4.378733121443322, 51.190162986702028 ], [ 4.378798750837475, 51.190165006795645 ], [ 4.379920360109629, 51.190130273883888 ], [ 4.380643095822678, 51.190062828397707 ], [ 4.381302900464344, 51.190166608547692 ], [ 4.382413748630499, 51.190270022275485 ], [ 4.383002172100093, 51.190288114413875 ], [ 4.383123442358807, 51.190390822309887 ], [ 4.38337672420942, 51.190727160044432 ], [ 4.383954259700454, 51.191332357896556 ], [ 4.384623430544525, 51.191899066051185 ], [ 4.385377793704084, 51.192421825328488 ], [ 4.38621008473561, 51.192895599741838 ], [ 4.387062339408577, 51.193292560660623 ], [ 4.387373298674736, 51.193838198821666 ], [ 4.387853738979322, 51.194476037512374 ], [ 4.388431378952218, 51.195081212610752 ], [ 4.389100657949898, 51.195647894594323 ], [ 4.389855131892895, 51.19617062453532 ], [ 4.39063787205836, 51.196616102553719 ], [ 4.390722219519267, 51.196687514131845 ], [ 4.391476728444314, 51.197210233510823 ], [ 4.391758698721248, 51.197370701115595 ], [ 4.392043760766636, 51.197669299456429 ], [ 4.392713120773595, 51.1982359604159 ], [ 4.393467677050192, 51.198758666771823 ], [ 4.394155292113256, 51.199149946965669 ], [ 4.39468755527718, 51.199600505782506 ], [ 4.395442155748618, 51.200123199256836 ], [ 4.396274686392029, 51.200596901374084 ], [ 4.397100342945604, 51.200981300134885 ], [ 4.397451773792433, 51.201349329150297 ], [ 4.39812125229843, 51.201915958673069 ], [ 4.398875928701218, 51.202438629755413 ], [ 4.399708535538972, 51.202912307259872 ], [ 4.40061105386059, 51.203332427884135 ], [ 4.40157479047143, 51.20369494416699 ], [ 4.401822824606703, 51.20376855408454 ], [ 4.402167885037829, 51.204373511184507 ], [ 4.402648636155838, 51.205011287121025 ], [ 4.403226598541144, 51.205616387427504 ], [ 4.403896208444518, 51.206182983301368 ], [ 4.404651018598447, 51.206705616643859 ], [ 4.405483760252328, 51.207179252680866 ], [ 4.406386413155844, 51.207599328509453 ], [ 4.407115575062051, 51.20787353518002 ], [ 4.407134222937142, 51.207920194842778 ], [ 4.407513246391403, 51.208584484867579 ], [ 4.40799411400848, 51.209222238019045 ], [ 4.408572197927256, 51.20982731119684 ], [ 4.409241933227861, 51.210393875859545 ], [ 4.40999687143471, 51.21091647420883 ], [ 4.410258360431746, 51.211065167030263 ], [ 4.410762768638191, 51.211414325640071 ], [ 4.411595656435207, 51.211887917750857 ], [ 4.412498455522822, 51.21230794613561 ], [ 4.413462470000374, 51.212670364221502 ], [ 4.414478413527262, 51.212971680369904 ], [ 4.415536498845929, 51.213208991555042 ], [ 4.416626532160221, 51.213380011367136 ], [ 4.417738011455423, 51.213483092069303 ], [ 4.41886022780752, 51.213517240493935 ], [ 4.419982368699386, 51.213482127624559 ], [ 4.421093622341977, 51.213378091770004 ], [ 4.42218328198841, 51.213206135300616 ], [ 4.423240849229074, 51.212967914977511 ], [ 4.424256135265881, 51.212665725969273 ], [ 4.425219359183878, 51.21230247971053 ], [ 4.426121242268073, 51.211881675817594 ], [ 4.426953097452552, 51.21140736833317 ], [ 4.427706913036915, 51.21088412662705 ], [ 4.428375429861735, 51.21031699133183 ], [ 4.428952211199069, 51.209711425740117 ], [ 4.429431704685673, 51.209073263133554 ], [ 4.429809295704635, 51.208408650553054 ], [ 4.430081351704869, 51.207723989553919 ], [ 4.430245257036238, 51.207025874517868 ], [ 4.430299437970635, 51.206321029118008 ], [ 4.430243377674504, 51.205616241548896 ], [ 4.430077620995665, 51.204918299147074 ], [ 4.429803769025663, 51.204233923031055 ], [ 4.429424463497344, 51.203569703390571 ], [ 4.428943361174936, 51.202932036047436 ], [ 4.428365098489745, 51.20232706089763 ], [ 4.427695246767717, 51.201760602826688 ], [ 4.426940258484691, 51.201238115664836 ], [ 4.426678771406806, 51.201089459181375 ], [ 4.426174355726062, 51.200740367094703 ], [ 4.425341518972269, 51.200266875661853 ], [ 4.424438837290232, 51.199846943403912 ], [ 4.424285610819885, 51.199789342521264 ], [ 4.424265842097165, 51.199706048202422 ], [ 4.423992105987081, 51.199021657245034 ], [ 4.423612925586813, 51.198357417619377 ], [ 4.42313195645517, 51.197719725339894 ], [ 4.422553833740659, 51.19711472054297 ], [ 4.422523668338195, 51.197089204569167 ], [ 4.422454680813494, 51.19691669798037 ], [ 4.422075539411546, 51.196252452883854 ], [ 4.421594612994942, 51.19561475383118 ], [ 4.421267032505736, 51.195271911663525 ], [ 4.421166641182661, 51.195138789746686 ], [ 4.420588575935753, 51.194533774735405 ], [ 4.419918930526842, 51.193967270893516 ], [ 4.419164155445374, 51.193444732492154 ], [ 4.418331520068683, 51.192971190332962 ], [ 4.417429042635511, 51.192551203357468 ], [ 4.416465413045079, 51.192188814800495 ], [ 4.415449909224429, 51.191887513308401 ], [ 4.414392307867328, 51.191650199393152 ], [ 4.413891097510697, 51.191571516473481 ], [ 4.413749472016389, 51.191505598758511 ], [ 4.413344010085888, 51.19135309923751 ], [ 4.413043209891073, 51.191038176695784 ], [ 4.412373706265186, 51.190471629339655 ], [ 4.411619072232623, 51.189949042047793 ], [ 4.41093144633358, 51.189557862091306 ], [ 4.410399140888876, 51.189107374705934 ], [ 4.40964455103481, 51.188584774530952 ], [ 4.409362572350094, 51.18842434906545 ], [ 4.40907745596479, 51.188125791449579 ], [ 4.408408042277062, 51.187559220993279 ], [ 4.407653499758323, 51.187036607793573 ], [ 4.406870757861007, 51.186591240855535 ], [ 4.406786403939066, 51.186519840528838 ], [ 4.406031896388843, 51.185997216765877 ], [ 4.405199527177961, 51.185523580732557 ], [ 4.404347260132181, 51.1851267494567 ], [ 4.404036160454875, 51.184581154159964 ], [ 4.403555600849362, 51.1839433788642 ], [ 4.402977902622446, 51.183338275131035 ], [ 4.402854325641886, 51.183233655958112 ], [ 4.402761686349876, 51.183110702451067 ], [ 4.40259114493769, 51.182811581557296 ], [ 4.402110623302815, 51.182173799954484 ], [ 4.402023122203951, 51.182082141497581 ], [ 4.401731547373107, 51.181695131703378 ], [ 4.401153900627694, 51.181090018533723 ], [ 4.400484684057523, 51.180523401670605 ], [ 4.399730344023747, 51.180000736474021 ], [ 4.39889814571627, 51.179527054966982 ], [ 4.397996103167496, 51.179106917432954 ], [ 4.397032902091799, 51.178744368556778 ], [ 4.396120614650043, 51.178473429157478 ], [ 4.396096013597234, 51.178459424797389 ], [ 4.395194016908334, 51.178039265696896 ], [ 4.394230859633737, 51.177676693827003 ], [ 4.393215815155912, 51.177375199599133 ], [ 4.393065507974147, 51.177341430495446 ], [ 4.39259718702857, 51.177202322073796 ], [ 4.391540034685764, 51.176964802303779 ], [ 4.390450943829275, 51.176793548798834 ], [ 4.389576839464816, 51.176712212360641 ], [ 4.388750965685898, 51.176466862674005 ], [ 4.387693849575828, 51.17622930841712 ], [ 4.386604789995149, 51.17605801940396 ], [ 4.38549427079452, 51.1759546445181 ], [ 4.384372982119859, 51.175920178871117 ], [ 4.383909920117045, 51.175934541766054 ], [ 4.383530611919892, 51.175922878860298 ], [ 4.382409346750897, 51.175957646229328 ], [ 4.381686832006849, 51.176025102880445 ], [ 4.381027226423361, 51.175921324315667 ], [ 4.37991672283157, 51.17581789698832 ], [ 4.378795441563891, 51.175783378394804 ], [ 4.378255544036945, 51.175800098832603 ], [ 4.378189934865163, 51.175798078426105 ], [ 4.377068668718914, 51.175832795101414 ], [ 4.376868803126042, 51.175851446569951 ], [ 4.37576105842511, 51.175748236196057 ], [ 4.375738490788076, 51.175747540760931 ], [ 4.375512849814005, 51.175712027879676 ], [ 4.374402363424498, 51.175608548702662 ], [ 4.373281091267396, 51.175573977761658 ], [ 4.372159826855966, 51.175608647843461 ], [ 4.371049363629024, 51.175712225207 ] ] ], [ [ [ 4.450099432832579, 51.234173861937172 ], [ 4.449428859397801, 51.233607534126527 ], [ 4.448673111758185, 51.233085192325142 ], [ 4.447839468654203, 51.232611865440759 ], [ 4.446935958024777, 51.232192110341344 ], [ 4.44597127971311, 51.231829968028656 ], [ 4.444954721738505, 51.231528924777706 ], [ 4.443896070938375, 51.231291878614002 ], [ 4.442805518837485, 51.231121111449482 ], [ 4.441693563646354, 51.231018267143796 ], [ 4.440570909326837, 51.230984335700803 ], [ 4.439448362690537, 51.231019643751324 ], [ 4.43833672951391, 51.231123851413109 ], [ 4.437246710663318, 51.231295955558153 ], [ 4.436188799222997, 51.231534299456335 ], [ 4.435173179609687, 51.2318365887025 ], [ 4.43420962963897, 51.232199913275338 ], [ 4.433307426480857, 51.232620775516935 ], [ 4.432475257405604, 51.233095123764855 ], [ 4.431721136175889, 51.233618391315446 ], [ 4.431052325888438, 51.234185540344924 ], [ 4.430799298253158, 51.234451072710847 ], [ 4.430601375877639, 51.2346189047 ], [ 4.430024307773365, 51.235224472418537 ], [ 4.429544553395916, 51.235862630879033 ], [ 4.429166736212336, 51.236527235452726 ], [ 4.428894498669132, 51.237211886606985 ], [ 4.428730466965244, 51.237909991498938 ], [ 4.428676225591182, 51.238614827440365 ], [ 4.428732301886048, 51.239319606623852 ], [ 4.428898160768182, 51.240017541487298 ], [ 4.429172209697514, 51.240701910087864 ], [ 4.429452434541017, 51.24119223431854 ], [ 4.429344342351912, 51.241652251754772 ], [ 4.429290105906979, 51.242357086928017 ], [ 4.429346195988469, 51.243061864770212 ], [ 4.429512077382731, 51.243759797732245 ], [ 4.42978615733364, 51.24444416388949 ], [ 4.430165800698259, 51.245108371694897 ], [ 4.430647355155666, 51.245746023487207 ], [ 4.431226186232699, 51.246350977141304 ], [ 4.431896721814937, 51.246917405266124 ], [ 4.432652505718989, 51.247439851377656 ], [ 4.433486259813605, 51.247913282504342 ], [ 4.434083961668891, 51.248190975653401 ], [ 4.434240092727626, 51.248279627948421 ], [ 4.435143800903678, 51.248699477340644 ], [ 4.436108744287464, 51.249061705531219 ], [ 4.436997671399665, 51.249324933310994 ], [ 4.437355249025185, 51.249572068757601 ], [ 4.438189089046828, 51.250045466336786 ], [ 4.439092867047752, 51.250465285266642 ], [ 4.439649004830815, 51.250674021123686 ], [ 4.439829421711206, 51.250757824133132 ], [ 4.440794444140823, 51.251120013807778 ], [ 4.441480094694584, 51.251323006154372 ], [ 4.441914190790333, 51.25162297643859 ], [ 4.442748113827527, 51.252096341496767 ], [ 4.443651972680815, 51.252516125254495 ], [ 4.444192222433161, 51.252718860547681 ], [ 4.444456100352704, 51.252841409560197 ], [ 4.444558183294776, 51.252948039367645 ], [ 4.444766076921693, 51.253123566122369 ], [ 4.444998535647998, 51.253366374129371 ], [ 4.445235534570066, 51.253566470343486 ], [ 4.445255465776072, 51.253601311871854 ], [ 4.445737314503488, 51.254238900055469 ], [ 4.446316446996844, 51.254843777803629 ], [ 4.446716562785656, 51.255181567509965 ], [ 4.446849753098768, 51.255357793487754 ], [ 4.447428913941717, 51.255962665518531 ], [ 4.447568078979733, 51.256080146966028 ], [ 4.447607426545707, 51.256148919397837 ], [ 4.448089333806028, 51.256786497349069 ], [ 4.448668528501827, 51.257391362964199 ], [ 4.449229988173066, 51.257865304454775 ], [ 4.449551714335089, 51.258290920120203 ], [ 4.450130946719586, 51.258895778210089 ], [ 4.450801892674893, 51.259462096309967 ], [ 4.451558092063845, 51.25998441899501 ], [ 4.451567820481833, 51.259989938838046 ], [ 4.451828738578605, 51.260640392476233 ], [ 4.452208828179799, 51.261304525189544 ], [ 4.452690851745607, 51.261942083072299 ], [ 4.453270170284997, 51.262546924903113 ], [ 4.453941206988031, 51.263113224367189 ], [ 4.454697500843412, 51.263635526219183 ], [ 4.454924607253129, 51.263764363172129 ], [ 4.45545649758794, 51.264131677107663 ], [ 4.456290782147303, 51.264604944319515 ], [ 4.457195005728575, 51.265024622495154 ], [ 4.458160458703407, 51.265386668434459 ], [ 4.459177840867046, 51.26568759408319 ], [ 4.460237351095273, 51.265924500176993 ], [ 4.461328781856726, 51.266095104208475 ], [ 4.462441617665731, 51.266197762446275 ], [ 4.463565136521762, 51.266231485792986 ], [ 4.46468851335206, 51.266195949327631 ], [ 4.465800924454189, 51.266091495440406 ], [ 4.466891651925256, 51.265919130529497 ], [ 4.467950187064822, 51.265680515291415 ], [ 4.468966331748517, 51.265377948699765 ], [ 4.469930296789655, 51.265014345827083 ], [ 4.470832796335838, 51.26459320972549 ], [ 4.471665137386787, 51.264118597638102 ], [ 4.47241930356784, 51.26359508186885 ], [ 4.473088032350245, 51.263027705690178 ], [ 4.473664884973835, 51.26242193471451 ], [ 4.47414430839947, 51.261783604200986 ], [ 4.474521688696791, 51.261118862806903 ], [ 4.474793395356595, 51.260434113326951 ], [ 4.474956816105875, 51.259735950993658 ], [ 4.475010381895843, 51.259031099933956 ], [ 4.474953581828923, 51.258326348395187 ], [ 4.474786967887946, 51.257628483364932 ], [ 4.474512149429386, 51.256944225214674 ], [ 4.474131777500994, 51.256280162996212 ], [ 4.473649519141889, 51.255642691013456 ], [ 4.473070021919127, 51.255037947279426 ], [ 4.472398869047915, 51.254471754449582 ], [ 4.471642525532366, 51.253949563798678 ], [ 4.471415420741138, 51.253820758419224 ], [ 4.470883522314738, 51.25345351468588 ], [ 4.470873792973601, 51.253447996416376 ], [ 4.470612649301027, 51.252797582905309 ], [ 4.47023236679675, 51.252133507044697 ], [ 4.469750204701137, 51.251496018107268 ], [ 4.469170809654019, 51.250891254269419 ], [ 4.468609231219487, 51.250417406079741 ], [ 4.468287385364263, 51.249991840893685 ], [ 4.467708028004287, 51.249387069527657 ], [ 4.467568832185252, 51.249269611454771 ], [ 4.467529460970059, 51.249200845473069 ], [ 4.467047366194826, 51.248563344771426 ], [ 4.466468042687449, 51.247958566987165 ], [ 4.466067845760585, 51.247620843101856 ], [ 4.465934604890467, 51.247444638214816 ], [ 4.465355309731319, 51.24683985471092 ], [ 4.465118258638505, 51.246639798263963 ], [ 4.465098315560421, 51.246604959985483 ], [ 4.464616280896641, 51.24596744871527 ], [ 4.464037021208068, 51.245362658398967 ], [ 4.463829089627461, 51.24518716496366 ], [ 4.46359657359875, 51.244944393163657 ], [ 4.462925681185903, 51.244378144313117 ], [ 4.462169607630309, 51.243855891000585 ], [ 4.461335634809596, 51.243382661281395 ], [ 4.460439025134598, 51.242966368611981 ], [ 4.46033692772462, 51.242859752082254 ], [ 4.45966610492422, 51.242293484275457 ], [ 4.458910101712853, 51.241771209696537 ], [ 4.458076199291093, 51.241297956605678 ], [ 4.457172428093683, 51.240878281160192 ], [ 4.456632259137733, 51.24067560417695 ], [ 4.456361187454389, 51.24054972394832 ], [ 4.455396262936056, 51.240187659717947 ], [ 4.454710715596749, 51.239984747115656 ], [ 4.454276645545045, 51.239684822389655 ], [ 4.453442827499339, 51.239211536243154 ], [ 4.452539138478615, 51.238791825050107 ], [ 4.452004556046636, 51.238591206641459 ], [ 4.4520369562324, 51.238167424419551 ], [ 4.451980528951993, 51.237462655997831 ], [ 4.45181433355042, 51.236764752826083 ], [ 4.451539975350022, 51.236080435644055 ], [ 4.451160100963547, 51.235416294073026 ], [ 4.450678372637023, 51.234778723181932 ], [ 4.450099432832579, 51.234173861937172 ] ] ] ] } },
{ "type": "Feature", "properties": { "line": "24", "stop_count": 36, "buffer_m": 800, "area_km2": 13.0 }, "geometry": { "type": "Polygon", "coordinates": [ [ [ 4.43516584841811, 51.207544469032477 ], [ 4.434043861832887, 51.20757972610302 ], [ 4.432932775241484, 51.207683883921078 ], [ 4.431843284250927, 51.207855939838502 ], [ 4.430785876865948, 51.208094237589222 ], [ 4.430058499190594, 51.208310805858005 ], [ 4.42976519560353, 51.208376900410968 ], [ 4.428750038623489, 51.208679137235301 ], [ 4.427786917034247, 51.209042412772924 ], [ 4.426885103881837, 51.209463229837851 ], [ 4.426053282681142, 51.209937537202386 ], [ 4.425335397495604, 51.210435827115241 ], [ 4.424663414068621, 51.210587216666134 ], [ 4.423648175918377, 51.21088940941663 ], [ 4.423211356118029, 51.211054139611058 ], [ 4.422221896847871, 51.211277027793479 ], [ 4.421206627861937, 51.21157919949453 ], [ 4.42086347172184, 51.211708596598875 ], [ 4.420320067100217, 51.211725606308228 ], [ 4.419208851106683, 51.211829634958406 ], [ 4.418119212655363, 51.212001564103851 ], [ 4.417768608537946, 51.212080524619694 ], [ 4.417635976813766, 51.212101450755085 ], [ 4.417142011056192, 51.2122126952409 ], [ 4.417075453146465, 51.212214776655244 ], [ 4.415964218261083, 51.212318774786581 ], [ 4.414874556420822, 51.212490673992313 ], [ 4.413816957273831, 51.21272881951505 ], [ 4.41280160223049, 51.213030918859225 ], [ 4.411838266558655, 51.213394063831736 ], [ 4.410936225363756, 51.213814758503602 ], [ 4.410104164354538, 51.214288952825818 ], [ 4.409777911745218, 51.214515290023016 ], [ 4.409045288184086, 51.214856944505058 ], [ 4.408213189352183, 51.21533112532574 ], [ 4.407459083183438, 51.215854241802553 ], [ 4.406790232625906, 51.216421257566552 ], [ 4.406213080527324, 51.217026713415571 ], [ 4.405733187531292, 51.217664779832951 ], [ 4.405355178434892, 51.218329313076744 ], [ 4.405082697527813, 51.219013914301975 ], [ 4.404918373347781, 51.2197119911473 ], [ 4.404863793197367, 51.220416821195592 ], [ 4.404918394301104, 51.221107780624507 ], [ 4.404577419230129, 51.221707143784514 ], [ 4.404304907164486, 51.222391742311217 ], [ 4.404220949137367, 51.222748360711563 ], [ 4.403957358738471, 51.222740309668794 ], [ 4.402834982991189, 51.222775270302542 ], [ 4.40172346467735, 51.222879134143739 ], [ 4.40063350355737, 51.223050901374158 ], [ 4.399575592158739, 51.223288918506874 ], [ 4.398559914896037, 51.223590894282445 ], [ 4.39759625013735, 51.223953921697507 ], [ 4.396693876154651, 51.224374505955076 ], [ 4.39586148185913, 51.224848598069386 ], [ 4.395107083177745, 51.225371633803185 ], [ 4.394437945874154, 51.225938577565337 ], [ 4.393860515556627, 51.226543970847302 ], [ 4.393380355547661, 51.227181984735296 ], [ 4.393002093215825, 51.227846475993665 ], [ 4.392729375290133, 51.228531046182248 ], [ 4.392564832591941, 51.229229103239128 ], [ 4.392510054529737, 51.229933924938223 ], [ 4.392565573608901, 51.230638723610703 ], [ 4.392730860112695, 51.231336711508334 ], [ 4.392898942030784, 51.231757402755335 ], [ 4.392912961880089, 51.231935356742795 ], [ 4.393078258183035, 51.232633343797069 ], [ 4.393351737791008, 51.233317797313269 ], [ 4.393730771342914, 51.233982124904465 ], [ 4.39421171239194, 51.234619927756974 ], [ 4.394789932374652, 51.235225062291981 ], [ 4.395459865065005, 51.235791699377216 ], [ 4.396215060089784, 51.236314380516795 ], [ 4.397048244993612, 51.236788070476059 ], [ 4.397951395257937, 51.237208205832374 ], [ 4.398915811600394, 51.237570738982299 ], [ 4.399932203809408, 51.237872177178566 ], [ 4.400990780304497, 51.238109616219404 ], [ 4.402081342556318, 51.238280768463092 ], [ 4.403193383452427, 51.238383984896693 ], [ 4.404316188655746, 51.238418271044836 ], [ 4.405438939973084, 51.238383296563967 ], [ 4.405506043568614, 51.238377026466793 ], [ 4.406100940988034, 51.238358490318653 ], [ 4.407212818678526, 51.238254585960519 ], [ 4.408197902469518, 51.238099340170479 ], [ 4.408664629139329, 51.238142637234859 ], [ 4.409787432549067, 51.238176871451032 ], [ 4.410910173941909, 51.238141845034356 ], [ 4.411025899559843, 51.238131026187446 ], [ 4.411374744725661, 51.23812014066052 ], [ 4.412486604970094, 51.238016186719122 ], [ 4.413576872343898, 51.237844311244153 ], [ 4.414569548153172, 51.237620910071918 ], [ 4.415347715250126, 51.237548133810357 ], [ 4.416437961124372, 51.237376231931762 ], [ 4.417496106114918, 51.237138065264752 ], [ 4.418511955855145, 51.236835928461097 ], [ 4.419475723997457, 51.236472732452732 ], [ 4.420378126582577, 51.236051976372195 ], [ 4.421210471539277, 51.235577713801845 ], [ 4.421964742449121, 51.235054513679202 ], [ 4.422633675767396, 51.234487416236611 ], [ 4.42321083075587, 51.233881884402521 ], [ 4.423690651454594, 51.233243751133777 ], [ 4.424068520098125, 51.232579163189087 ], [ 4.424340801465203, 51.231894521886822 ], [ 4.42450487773949, 51.231196421419405 ], [ 4.4245336557043, 51.230822845591646 ], [ 4.424581537735142, 51.230619114184456 ], [ 4.42463583171569, 51.229914277889016 ], [ 4.42458419278504, 51.229264416221966 ], [ 4.425136144300063, 51.228685226814548 ], [ 4.425615885162265, 51.228047084425413 ], [ 4.42599368424318, 51.227382488966441 ], [ 4.426265906990778, 51.226697841828219 ], [ 4.426429936152398, 51.225999737259372 ], [ 4.426430531480923, 51.225992004141254 ], [ 4.426498151920402, 51.225873043429694 ], [ 4.426744497160086, 51.225253441442774 ], [ 4.426855943607075, 51.22522027607512 ], [ 4.427199182561202, 51.225090862259933 ], [ 4.427742740442672, 51.22507382101734 ], [ 4.428854253040837, 51.224969712687049 ], [ 4.4299441549655, 51.224797685465489 ], [ 4.431001945472082, 51.224559396795577 ], [ 4.43201743361108, 51.224257142504364 ], [ 4.432454345990761, 51.22409238062118 ], [ 4.433444028294964, 51.223869407910236 ], [ 4.434459485574164, 51.223567132565563 ], [ 4.435422855196855, 51.223203804722523 ], [ 4.436324857044947, 51.222782924783502 ], [ 4.437156802909401, 51.222308547523731 ], [ 4.43787474454707, 51.221810188137901 ], [ 4.438546846809795, 51.221658724152284 ], [ 4.439274393276764, 51.221442104779328 ], [ 4.439567765565917, 51.221375986968667 ], [ 4.440242052365552, 51.221175216956539 ], [ 4.440312026405003, 51.221181691419496 ], [ 4.44092626950043, 51.22131928153086 ], [ 4.44201658546717, 51.221490066685469 ], [ 4.443128314144835, 51.221592908342011 ], [ 4.444250744205068, 51.221626815635986 ], [ 4.445373061070573, 51.221591461874112 ], [ 4.446484451256189, 51.221487187686265 ], [ 4.447574206699391, 51.221314997739093 ], [ 4.448631828068076, 51.22107655104319 ], [ 4.449647126043705, 51.220774144948081 ], [ 4.450610319597886, 51.220410692979797 ], [ 4.451512130310248, 51.219989696736363 ], [ 4.452343871814618, 51.219515212113222 ], [ 4.452489512538653, 51.219414069044142 ], [ 4.452583771019913, 51.219360295975143 ], [ 4.452946067631235, 51.219108688321867 ], [ 4.4536970573611, 51.218884964371725 ], [ 4.454660180324326, 51.218521479144236 ], [ 4.455561917935631, 51.218100451701986 ], [ 4.45579666717599, 51.217966515385427 ], [ 4.455940131637734, 51.217899528869793 ], [ 4.456684157785838, 51.217475013836477 ], [ 4.457227554850258, 51.21731310674911 ], [ 4.458190617828053, 51.216949592539997 ], [ 4.459092293167293, 51.216528537914087 ], [ 4.459106138160796, 51.216520637653602 ], [ 4.460084908784843, 51.216299837829489 ], [ 4.461100028476742, 51.215997332829147 ], [ 4.462063034093177, 51.215633786890251 ], [ 4.462066586850737, 51.215632127662026 ], [ 4.462840793556231, 51.215339845652885 ], [ 4.462924031867675, 51.215300970082978 ], [ 4.463881269070169, 51.215329731091188 ], [ 4.465003419460402, 51.215294190916836 ], [ 4.466114615631015, 51.215189731964735 ], [ 4.46720415139001, 51.215017360681607 ], [ 4.4682615295234, 51.214778737825156 ], [ 4.469276563057847, 51.214476162441983 ], [ 4.470239473514567, 51.214112549688906 ], [ 4.471140985202531, 51.213691402712747 ], [ 4.471334515066236, 51.213580927033625 ], [ 4.471877716098121, 51.213327158163949 ], [ 4.472632059290175, 51.212896527859932 ], [ 4.472989442683376, 51.212862907579968 ], [ 4.473653086825309, 51.212757869951609 ], [ 4.47396218325464, 51.212728789440206 ], [ 4.475051632507806, 51.212556345671743 ], [ 4.476108914683681, 51.212317652401921 ], [ 4.476361826325394, 51.212242237528272 ], [ 4.476542219913786, 51.21224763801284 ], [ 4.477664286476956, 51.21221197762388 ], [ 4.478775380832253, 51.212107399549218 ], [ 4.47986479776934, 51.211934911383352 ], [ 4.480922041219936, 51.21169617501004 ], [ 4.481521393298334, 51.211517422619295 ], [ 4.482000467674868, 51.211409235640168 ], [ 4.483015338720901, 51.211106541907618 ], [ 4.483177475507634, 51.211045286853476 ], [ 4.483804599378766, 51.211025321740827 ], [ 4.48491565168987, 51.210920685907276 ], [ 4.486005018192537, 51.210748141077602 ], [ 4.487062203304804, 51.210509349681516 ], [ 4.488077021914549, 51.210206612389328 ], [ 4.489039697615363, 51.209842845917578 ], [ 4.489940956979698, 51.209421554893794 ], [ 4.490772118956755, 51.2089467980527 ], [ 4.491525178530678, 51.208423149091864 ], [ 4.492192883831306, 51.207855652565691 ], [ 4.49276880595415, 51.207249775244861 ], [ 4.492854089276824, 51.207136012951501 ], [ 4.493011363047136, 51.206970554874623 ], [ 4.493489951725972, 51.206332131990457 ], [ 4.493866607662484, 51.205667314336168 ], [ 4.494137707315915, 51.204982505439922 ], [ 4.494300644249795, 51.204284301105488 ], [ 4.494353854064117, 51.203579425863317 ], [ 4.494296829277989, 51.202874668192834 ], [ 4.494130124026337, 51.202176815139914 ], [ 4.493855348532914, 51.201492586960121 ], [ 4.493475153420006, 51.200828572416157 ], [ 4.492993204013113, 51.200191165352578 ], [ 4.492414144894401, 51.199586503157143 ], [ 4.491743555052042, 51.199020407700182 ], [ 4.490987894061982, 51.198498329319037 ], [ 4.490154439823844, 51.198025294384728 ], [ 4.489251218452771, 51.197605856954112 ], [ 4.488286927002985, 51.197244054970547 ], [ 4.487270849766598, 51.196943371432603 ], [ 4.486212768951572, 51.196706700902944 ], [ 4.48512287059554, 51.196536321677506 ], [ 4.484011646616965, 51.196433873881659 ], [ 4.482889793941167, 51.196400343702379 ], [ 4.481768111666294, 51.196436053907895 ], [ 4.480657397252456, 51.196540660744667 ], [ 4.479568342726549, 51.196713157242066 ], [ 4.478511431895038, 51.196951882892677 ], [ 4.477496839547568, 51.197254539616011 ], [ 4.476550242991379, 51.197612202747862 ], [ 4.476465196310974, 51.197614906048372 ], [ 4.475354441942454, 51.197719462996616 ], [ 4.474265340292967, 51.197891910546247 ], [ 4.473208375622235, 51.198130588661073 ], [ 4.472609163681855, 51.198309299829603 ], [ 4.472130202057028, 51.198417449297168 ], [ 4.471877358523905, 51.198492855521096 ], [ 4.471697018664027, 51.198487447889178 ], [ 4.470575277651452, 51.198523051828509 ], [ 4.469464488462651, 51.198627553381385 ], [ 4.468801035905912, 51.198732568070483 ], [ 4.468492028995672, 51.198761635244672 ], [ 4.467402877652852, 51.198934019483055 ], [ 4.466345854264787, 51.199172636125724 ], [ 4.465331134703692, 51.19947518814157 ], [ 4.464368488124668, 51.199838762979269 ], [ 4.46346718300439, 51.200259860570917 ], [ 4.462712959556241, 51.200690434501077 ], [ 4.462355662015209, 51.200724023872503 ], [ 4.461266442182049, 51.200896351428248 ], [ 4.46020934294312, 51.201134913005731 ], [ 4.459194540900272, 51.201437412104006 ], [ 4.458231806002054, 51.201800936681146 ], [ 4.45737158106617, 51.202202755000506 ], [ 4.456454967350208, 51.202175156223213 ], [ 4.455333126048092, 51.202210615439149 ], [ 4.454222214925929, 51.202314973580926 ], [ 4.453132927902813, 51.202487226071952 ], [ 4.452075751021516, 51.202725714753818 ], [ 4.451060861630675, 51.203028143827339 ], [ 4.450098030518987, 51.203391601924814 ], [ 4.450094478268027, 51.203393260801256 ], [ 4.449320389988988, 51.203685460692284 ], [ 4.44883161348159, 51.203913707335261 ], [ 4.448787966218029, 51.203920607278867 ], [ 4.447730734637139, 51.204159056964514 ], [ 4.446715785890228, 51.204461448560565 ], [ 4.445752891336974, 51.204824871060154 ], [ 4.444851321839473, 51.205245825862214 ], [ 4.444019758568652, 51.205720260412782 ], [ 4.44400063246659, 51.205733543871901 ], [ 4.443803086294721, 51.205846248161961 ], [ 4.443259776229178, 51.206008094268832 ], [ 4.442296822820432, 51.20637148839613 ], [ 4.441586029917168, 51.206703324813944 ], [ 4.440889666050916, 51.206682267148977 ], [ 4.439767704535911, 51.206717578560841 ], [ 4.438656651267295, 51.206821790215422 ], [ 4.437567201531577, 51.206993898946273 ], [ 4.436509842936704, 51.207232247978929 ], [ 4.435494754579246, 51.207534542858625 ], [ 4.435445956704201, 51.207552953286026 ], [ 4.43516584841811, 51.207544469032477 ] ] ] } },
{ "type": "Feature", "properties": { "line": "4", "stop_count": 47, "buffer_m": 800, "area_km2": 14.73 }, "geometry": { "type": "Polygon", "coordinates": [ [ [ 4.38337107978958, 51.179374196664909 ], [ 4.382793699840587, 51.178768993204557 ], [ 4.382124739473721, 51.178202271852633 ], [ 4.381370642584979, 51.17767948897562 ], [ 4.380538672025036, 51.177205677729923 ], [ 4.379636839635471, 51.176785399648487 ], [ 4.378673829109198, 51.176422700769415 ], [ 4.377658912417388, 51.176121072726971 ], [ 4.376601860605488, 51.175883419177197 ], [ 4.375512849814005, 51.175712027879676 ], [ 4.374402363424498, 51.175608548702662 ], [ 4.373281091267396, 51.175573977761658 ], [ 4.372159826855966, 51.175608647843461 ], [ 4.371049363629024, 51.175712225207 ], [ 4.369960391194363, 51.175883712791588 ], [ 4.369538663595612, 51.175978571934621 ], [ 4.369153699075064, 51.176039190513997 ], [ 4.368096692815408, 51.176276930292126 ], [ 4.367081835024964, 51.176578641120905 ], [ 4.36611889618296, 51.176941418547372 ], [ 4.365217147571396, 51.177361770181029 ], [ 4.364385272077666, 51.177835649275536 ], [ 4.36363128062916, 51.178358493644573 ], [ 4.362962435062477, 51.178925269539505 ], [ 4.362385178169343, 51.17953052006844 ], [ 4.361905071593627, 51.180168417692478 ], [ 4.361526742179675, 51.180832820296153 ], [ 4.361253837292093, 51.181517330293765 ], [ 4.361088989541939, 51.182215356203969 ], [ 4.36103379126468, 51.182920176101732 ], [ 4.361088779002197, 51.183625002336925 ], [ 4.361253428145273, 51.184323046897092 ], [ 4.361526157795551, 51.185007586785815 ], [ 4.361904345807348, 51.18567202878571 ], [ 4.362384353871593, 51.186309972982684 ], [ 4.362961562406769, 51.186915274437887 ], [ 4.363510759370325, 51.18738070001659 ], [ 4.363727971605528, 51.187925788544035 ], [ 4.364106214622823, 51.188590222755543 ], [ 4.364586282811475, 51.18922815729556 ], [ 4.365017872665939, 51.189680695278263 ], [ 4.365125085017113, 51.189869012582179 ], [ 4.365605180293362, 51.190506942670375 ], [ 4.366182482532479, 51.191112227418699 ], [ 4.36685143434574, 51.191679036249248 ], [ 4.367120526292444, 51.191865604356174 ], [ 4.367177367970084, 51.192008204991481 ], [ 4.367555693205513, 51.192672627121546 ], [ 4.368035850564747, 51.193310546648163 ], [ 4.368613219028834, 51.193915818869897 ], [ 4.368692175271573, 51.193982711449252 ], [ 4.368752239983187, 51.194062506859872 ], [ 4.369329627047043, 51.19466777540655 ], [ 4.36999866807601, 51.195234565646288 ], [ 4.370172659662598, 51.195355178929788 ], [ 4.370502292849607, 51.195793054083289 ], [ 4.371079724035806, 51.196398313676305 ], [ 4.371373970719754, 51.196647570577753 ], [ 4.371562474258393, 51.196845151862412 ], [ 4.372231573640557, 51.197411928985666 ], [ 4.372985887077704, 51.197934766258193 ], [ 4.373818150606927, 51.198408626942125 ], [ 4.374720348586926, 51.198828945970995 ], [ 4.375683790911728, 51.199191673972599 ], [ 4.376699196756696, 51.199493316323093 ], [ 4.377756784048193, 51.19973096685419 ], [ 4.37859735449635, 51.199863172718345 ], [ 4.378784847970892, 51.200021953569241 ], [ 4.378636965013296, 51.200147264495264 ], [ 4.378059648895125, 51.200752586691394 ], [ 4.377579538257148, 51.201390542822672 ], [ 4.377201259987334, 51.202054990209916 ], [ 4.376928460962576, 51.202739530835707 ], [ 4.376763772779399, 51.203437572923391 ], [ 4.3767087862415, 51.204142394391518 ], [ 4.376764035856298, 51.204847207574154 ], [ 4.376928994496871, 51.205545224583986 ], [ 4.377202078287945, 51.206229722689173 ], [ 4.377580661676278, 51.206894109074049 ], [ 4.378061102547274, 51.207531984359505 ], [ 4.378638777152497, 51.20813720426974 ], [ 4.378936141378888, 51.20838898392951 ], [ 4.379136834802868, 51.208741146339747 ], [ 4.379617315983556, 51.209379014842455 ], [ 4.380195033660502, 51.209984226712933 ], [ 4.380864426444319, 51.210550952074676 ], [ 4.381619049161699, 51.211073731582026 ], [ 4.381628713680522, 51.211079231434994 ], [ 4.382000745113061, 51.211336957194021 ], [ 4.382639910545985, 51.211700681012957 ], [ 4.382918073628121, 51.212069893187909 ], [ 4.383495867472855, 51.212675088292329 ], [ 4.384165338991563, 51.21324179436801 ], [ 4.384769039731985, 51.213659959155422 ], [ 4.385197191883957, 51.214022370211083 ], [ 4.385951919343725, 51.214545121351513 ], [ 4.38662634590209, 51.214928842697795 ], [ 4.386662761696272, 51.214992712971821 ], [ 4.386712605714422, 51.215058858526561 ], [ 4.386798584062746, 51.215274204697586 ], [ 4.387177377596405, 51.215938558002058 ], [ 4.387409690742933, 51.216246835711274 ], [ 4.38752941590702, 51.216752825382123 ], [ 4.387802720931571, 51.217437296003233 ], [ 4.388181546342713, 51.218101645528719 ], [ 4.388215668356723, 51.218146921735681 ], [ 4.388286834052404, 51.218325140146966 ], [ 4.388665673573821, 51.21898948789044 ], [ 4.389146390702146, 51.219627315105548 ], [ 4.389724359028925, 51.220232477979124 ], [ 4.390365238432678, 51.220774796672217 ], [ 4.390720248816294, 51.221397269112693 ], [ 4.391201018873755, 51.222035087371921 ], [ 4.391779043713544, 51.222640239630074 ], [ 4.39244875898803, 51.223206896584323 ], [ 4.393203716417442, 51.223729599547681 ], [ 4.394036645834714, 51.224203313075385 ], [ 4.394939525182442, 51.224623473517987 ], [ 4.395903657788502, 51.224986033030511 ], [ 4.396919756175485, 51.225287498611877 ], [ 4.397978031594599, 51.225524965796616 ], [ 4.399068288418368, 51.225696146671929 ], [ 4.40018002247835, 51.225799391949117 ], [ 4.401302522395162, 51.225833706874923 ], [ 4.40242497291841, 51.225798760828575 ], [ 4.403536559274269, 51.225694890511626 ], [ 4.404038678756766, 51.22561575425626 ], [ 4.404855770303932, 51.225640707255003 ], [ 4.405978213515337, 51.225605727478694 ], [ 4.407089787350757, 51.225501823753149 ], [ 4.40817978197665, 51.225329997175741 ], [ 4.409237695754196, 51.225091903256164 ], [ 4.410253336544772, 51.22478983594533 ], [ 4.411216920013853, 51.224426705505543 ], [ 4.412119163980901, 51.224006010437627 ], [ 4.412951377901948, 51.223531803736137 ], [ 4.413705546619646, 51.223008653800349 ], [ 4.414374407572093, 51.222441600379256 ], [ 4.414951520716159, 51.221836105977289 ], [ 4.415431330492693, 51.221198003190821 ], [ 4.415809219238937, 51.220533438485226 ], [ 4.416081551537339, 51.219848812955149 ], [ 4.416245709078265, 51.219150720641409 ], [ 4.416300115706635, 51.218445884998808 ], [ 4.416244252417732, 51.217741094128534 ], [ 4.416150555386542, 51.217346166129502 ], [ 4.416157034807388, 51.21731861062527 ], [ 4.416954755863013, 51.216863942665071 ], [ 4.417708771831913, 51.216340765831283 ], [ 4.418377488467895, 51.215773688286887 ], [ 4.418954467117779, 51.215168172768507 ], [ 4.419434153517464, 51.21453005207583 ], [ 4.419811931191888, 51.213865472846379 ], [ 4.419848101358109, 51.213774510532332 ], [ 4.420068036712178, 51.213649135697729 ], [ 4.420799091847121, 51.213141812213237 ], [ 4.421504437468838, 51.212812757679771 ], [ 4.421957815570484, 51.212554289874909 ], [ 4.422799795390095, 51.212303693428943 ], [ 4.423763023174036, 51.211940458985083 ], [ 4.424381026866318, 51.211652119676302 ], [ 4.424878001088226, 51.21146470003756 ], [ 4.425474586392938, 51.211186342304678 ], [ 4.425874237934147, 51.211148907224747 ], [ 4.426963827868247, 51.210976906543102 ], [ 4.427933649248488, 51.210758396805851 ], [ 4.428027336762017, 51.210755458257502 ], [ 4.429138507482401, 51.210651346672371 ], [ 4.430228073752164, 51.210479315870799 ], [ 4.431285538061991, 51.210241023330106 ], [ 4.432300712606209, 51.209938764914583 ], [ 4.432682623429733, 51.209794698272781 ], [ 4.432915571433579, 51.209725337327278 ], [ 4.433878667175224, 51.209362020100635 ], [ 4.434780415265406, 51.208941149668192 ], [ 4.435152979604911, 51.20872865930496 ], [ 4.435285500872782, 51.208724494399839 ], [ 4.436396606998663, 51.208620314508977 ], [ 4.437486099044283, 51.208448216675386 ], [ 4.438543480215984, 51.208209859022169 ], [ 4.439558563509714, 51.207907538040942 ], [ 4.43958299548963, 51.207898319280034 ], [ 4.439931501089347, 51.207794521264184 ], [ 4.439966084090474, 51.207781472100841 ], [ 4.440904643843804, 51.20769343147046 ], [ 4.441994097601997, 51.207521292026165 ], [ 4.443051434719819, 51.207282893963345 ], [ 4.444066468618025, 51.206980534162888 ], [ 4.445029420812713, 51.206617125704724 ], [ 4.445931015208666, 51.206196169767608 ], [ 4.44676256752308, 51.205721721858637 ], [ 4.447516068975128, 51.205198352700016 ], [ 4.448184263433173, 51.204631104151616 ], [ 4.448760717276031, 51.204025440596482 ], [ 4.449239881296162, 51.2033871962592 ], [ 4.449617144050893, 51.202722518967292 ], [ 4.449888876151228, 51.20203781089851 ], [ 4.450052465066546, 51.201339666887208 ], [ 4.450106340115603, 51.200634810884686 ], [ 4.450049987409733, 51.199930031186817 ], [ 4.449883954611344, 51.199232115053526 ], [ 4.449609845469227, 51.198547783349532 ], [ 4.449230304190607, 51.197883625836262 ], [ 4.448748989807493, 51.197246037736491 ], [ 4.448170540790624, 51.196641158182693 ], [ 4.44750053025751, 51.196074811139361 ], [ 4.446745412210527, 51.195552449367291 ], [ 4.445912459326316, 51.195079101966883 ], [ 4.445009692897663, 51.194659326004142 ], [ 4.444045805603312, 51.194297162682105 ], [ 4.443030077848658, 51.193996098478401 ], [ 4.441972288480934, 51.193759031620594 ], [ 4.44088262073522, 51.193588244220038 ], [ 4.439771564312412, 51.193485380331474 ], [ 4.438649814526487, 51.19345143014737 ], [ 4.437528169485898, 51.193486720478951 ], [ 4.4364174262922, 51.193590911614514 ], [ 4.435328277248323, 51.193763000585072 ], [ 4.434271207068738, 51.194001330806316 ], [ 4.433256392074401, 51.194303608004503 ], [ 4.433221817187118, 51.194316655272566 ], [ 4.432283512041225, 51.19440463535436 ], [ 4.431194328754733, 51.194576686169299 ], [ 4.430137219023091, 51.194814979336186 ], [ 4.429122359547677, 51.19511722093803 ], [ 4.429097932194172, 51.195126437582211 ], [ 4.428749497124814, 51.195230204163686 ], [ 4.427786653169924, 51.19559348158387 ], [ 4.426885099982405, 51.196014300833269 ], [ 4.426512599521335, 51.196226766180345 ], [ 4.426380112971663, 51.196230921270214 ], [ 4.425269279558102, 51.196335007507514 ], [ 4.424180025341483, 51.196506993544155 ], [ 4.423122836047926, 51.196745223786763 ], [ 4.422444530210327, 51.196947177853076 ], [ 4.421391231651032, 51.197045835883777 ], [ 4.420301946542608, 51.197217786128526 ], [ 4.419244721339578, 51.197455981613111 ], [ 4.418658582429217, 51.197630468611841 ], [ 4.417891729152328, 51.197702271309758 ], [ 4.416802415819184, 51.197874189254911 ], [ 4.415745157873642, 51.198112353372373 ], [ 4.414730133442696, 51.19841447098748 ], [ 4.413767114612402, 51.198777633731126 ], [ 4.41286537343853, 51.199198345503021 ], [ 4.412643922358609, 51.199324599589936 ], [ 4.412146022046255, 51.199512348118965 ], [ 4.411528103561956, 51.199800624817826 ], [ 4.411031199974152, 51.199987989177387 ], [ 4.410315193828713, 51.200322012011306 ], [ 4.409318413682313, 51.200618629029115 ], [ 4.408355307220949, 51.200981747365354 ], [ 4.407453474634184, 51.20140241748642 ], [ 4.406621599622067, 51.20187658957952 ], [ 4.406436104501572, 51.202005299625817 ], [ 4.406137400462288, 51.20217555699125 ], [ 4.405406357745758, 51.202682791958779 ], [ 4.404701051755925, 51.203011751729598 ], [ 4.403869120064596, 51.203485904154824 ], [ 4.403549141812769, 51.203707903439465 ], [ 4.403220095797586, 51.20386136251313 ], [ 4.402388133899273, 51.204335504358518 ], [ 4.402240705199828, 51.204437784016449 ], [ 4.401858721643604, 51.204114540315445 ], [ 4.40158867649455, 51.203927537261045 ], [ 4.401756220746048, 51.203632954518781 ], [ 4.402028660629968, 51.202948356864788 ], [ 4.402109196412645, 51.20260619675949 ], [ 4.402142283227767, 51.202548019601068 ], [ 4.402414711109579, 51.201863420770216 ], [ 4.402579009885672, 51.201165342560465 ], [ 4.402633602036589, 51.200460508291251 ], [ 4.402577966766929, 51.199755706051164 ], [ 4.402412644830391, 51.199057723319086 ], [ 4.402139233131602, 51.198373281603089 ], [ 4.40176036916401, 51.197708971725746 ], [ 4.401279705440763, 51.197071190378736 ], [ 4.401268312267184, 51.197059259491368 ], [ 4.401220351165867, 51.196856735345413 ], [ 4.400946969858297, 51.196172290291258 ], [ 4.400568140741487, 51.195507976029262 ], [ 4.400418477652304, 51.195309375923848 ], [ 4.400399098012767, 51.195275390903468 ], [ 4.399918477970896, 51.194637603423139 ], [ 4.399340694496856, 51.194032484379612 ], [ 4.39905617970591, 51.193791647318704 ], [ 4.399024678638464, 51.193712766421619 ], [ 4.39864589686275, 51.193048445370138 ], [ 4.398165323727022, 51.19241065021437 ], [ 4.397587590568008, 51.19180552208222 ], [ 4.396918263614607, 51.191238887333164 ], [ 4.396163790292153, 51.190716201499349 ], [ 4.395331437074884, 51.190242496802433 ], [ 4.394429219487326, 51.189822333749134 ], [ 4.393465824929358, 51.189459757269823 ], [ 4.392450529067529, 51.189158257820175 ], [ 4.391393106595595, 51.188920737818052 ], [ 4.390505627852387, 51.18878122276513 ], [ 4.390296187738572, 51.188603871084993 ], [ 4.390107638174255, 51.188406319064669 ], [ 4.389438450815914, 51.187839641212001 ], [ 4.389264437460485, 51.187719055951305 ], [ 4.388934685259319, 51.187281231793051 ], [ 4.388357135316186, 51.186676057347718 ], [ 4.388278163249486, 51.186609177723085 ], [ 4.388218074744128, 51.186529392012609 ], [ 4.387640543400126, 51.185924213890729 ], [ 4.386971421596658, 51.185357521528793 ], [ 4.386702287823876, 51.185170998170648 ], [ 4.386645394811358, 51.185028406560193 ], [ 4.386266859763271, 51.184364043630758 ], [ 4.385786545256464, 51.183726196022569 ], [ 4.385354809089614, 51.183273732890633 ], [ 4.385247530260359, 51.183085433475796 ], [ 4.384767242845827, 51.182447581413186 ], [ 4.38469215709577, 51.182368887021603 ], [ 4.38466781856867, 51.182058927175362 ], [ 4.384502827200524, 51.18136091468115 ], [ 4.384229781854263, 51.180676426916548 ], [ 4.383851316492961, 51.180012055148318 ], [ 4.38337107978958, 51.179374196664909 ] ] ] } },
{ "type": "Feature", "properties": { "line": "6", "stop_count": 34, "buffer_m": 800, "area_km2": 15.22 }, "geometry": { "type": "MultiPolygon", "coordinates": [ [ [ [ 4.401604002185737, 51.178205038068924 ], [ 4.401026400290293, 51.177599923474311 ], [ 4.400357235311176, 51.177033305139005 ], [ 4.399602953112494, 51.176510638437129 ], [ 4.398770818327106, 51.176036955406239 ], [ 4.39786884437576, 51.175616816344586 ], [ 4.396905716312433, 51.175254265951637 ], [ 4.3958907072382, 51.174952794432052 ], [ 4.394833589086467, 51.174715303934946 ], [ 4.393744538635284, 51.174544080650179 ], [ 4.392634039647215, 51.174440772828653 ], [ 4.391512782073555, 51.174406374936368 ], [ 4.390391559287131, 51.174441218094302 ], [ 4.389281164326374, 51.174544966895262 ], [ 4.388192286142592, 51.174716622628331 ], [ 4.387135406842313, 51.174954532879674 ], [ 4.386120700907351, 51.175256407418438 ], [ 4.385157937356633, 51.175619340215505 ], [ 4.384256385786392, 51.176039837384423 ], [ 4.383424727188926, 51.176513850777475 ], [ 4.382670970405369, 51.177036816915077 ], [ 4.382002375014875, 51.177603700875764 ], [ 4.381425381402197, 51.178209044726657 ], [ 4.380945548677785, 51.178847020029778 ], [ 4.380567501050439, 51.179511483921047 ], [ 4.380294883172415, 51.180196038223855 ], [ 4.380130324891661, 51.180894091029572 ], [ 4.380075415756373, 51.181598920153355 ], [ 4.380130689523795, 51.182303737855356 ], [ 4.380286139402974, 51.182961637691221 ], [ 4.380176005754288, 51.183428796142081 ], [ 4.380121094326967, 51.184133624607796 ], [ 4.380176371787096, 51.184838441608726 ], [ 4.380209846305701, 51.184980106678893 ], [ 4.380201360076648, 51.185089032392646 ], [ 4.38025663988106, 51.18579384909944 ], [ 4.380421583407177, 51.186491866345065 ], [ 4.380694606921262, 51.187176361395331 ], [ 4.381073085446761, 51.187840741463972 ], [ 4.381553377875527, 51.188478607232646 ], [ 4.381640850756822, 51.1885702806238 ], [ 4.381771634748665, 51.188743967692766 ], [ 4.381942064372928, 51.189043117952352 ], [ 4.382422381057802, 51.189680979895407 ], [ 4.382999891221024, 51.190286182654454 ], [ 4.383123442358807, 51.190390822309887 ], [ 4.38337672420942, 51.190727160044432 ], [ 4.383954259700454, 51.191332357896556 ], [ 4.384623430544525, 51.191899066051185 ], [ 4.385377793704084, 51.192421825328488 ], [ 4.38621008473561, 51.192895599741838 ], [ 4.387062339408577, 51.193292560660623 ], [ 4.387373298674736, 51.193838198821666 ], [ 4.387853738979322, 51.194476037512374 ], [ 4.388431378952218, 51.195081212610752 ], [ 4.389100657949898, 51.195647894594323 ], [ 4.389855131892895, 51.19617062453532 ], [ 4.39063787205836, 51.196616102553719 ], [ 4.390722219519267, 51.196687514131845 ], [ 4.391476728444314, 51.197210233510823 ], [ 4.391758698721248, 51.197370701115595 ], [ 4.392043760766636, 51.197669299456429 ], [ 4.392713120773595, 51.1982359604159 ], [ 4.393467677050192, 51.198758666771823 ], [ 4.394155292113256, 51.199149946965669 ], [ 4.39468755527718, 51.199600505782506 ], [ 4.395442155748618, 51.200123199256836 ], [ 4.396274686392029, 51.200596901374084 ], [ 4.397100342945604, 51.200981300134885 ], [ 4.397451773792433, 51.201349329150297 ], [ 4.39812125229843, 51.201915958673069 ], [ 4.398875928701218, 51.202438629755413 ], [ 4.399708535538972, 51.202912307259872 ], [ 4.40061105386059, 51.203332427884135 ], [ 4.40157479047143, 51.20369494416699 ], [ 4.401822824606703, 51.20376855408454 ], [ 4.402167885037829, 51.204373511184507 ], [ 4.402648636155838, 51.205011287121025 ], [ 4.403226598541144, 51.205616387427504 ], [ 4.403896208444518, 51.206182983301368 ], [ 4.404651018598447, 51.206705616643859 ], [ 4.405483760252328, 51.207179252680866 ], [ 4.406386413155844, 51.207599328509453 ], [ 4.407115575062051, 51.20787353518002 ], [ 4.407134222937142, 51.207920194842778 ], [ 4.407513246391403, 51.208584484867579 ], [ 4.40799411400848, 51.209222238019045 ], [ 4.408572197927256, 51.20982731119684 ], [ 4.409241933227861, 51.210393875859545 ], [ 4.40999687143471, 51.21091647420883 ], [ 4.410258360431746, 51.211065167030263 ], [ 4.410762768638191, 51.211414325640071 ], [ 4.411595656435207, 51.211887917750857 ], [ 4.412498455522822, 51.21230794613561 ], [ 4.413462470000374, 51.212670364221502 ], [ 4.414478413527262, 51.212971680369904 ], [ 4.415536498845929, 51.213208991555042 ], [ 4.416626532160221, 51.213380011367136 ], [ 4.417738011455423, 51.213483092069303 ], [ 4.41886022780752, 51.213517240493935 ], [ 4.419982368699386, 51.213482127624559 ], [ 4.421093622341977, 51.213378091770004 ], [ 4.42218328198841, 51.213206135300616 ], [ 4.423240849229074, 51.212967914977511 ], [ 4.424256135265881, 51.212665725969273 ], [ 4.425219359183878, 51.21230247971053 ], [ 4.426121242268073, 51.211881675817594 ], [ 4.426953097452552, 51.21140736833317 ], [ 4.427706913036915, 51.21088412662705 ], [ 4.428375429861735, 51.21031699133183 ], [ 4.428952211199069, 51.209711425740117 ], [ 4.429431704685673, 51.209073263133554 ], [ 4.429809295704635, 51.208408650553054 ], [ 4.430081351704869, 51.207723989553919 ], [ 4.430245257036238, 51.207025874517868 ], [ 4.430299437970635, 51.206321029118008 ], [ 4.430243377674504, 51.205616241548896 ], [ 4.430077620995665, 51.204918299147074 ], [ 4.429803769025663, 51.204233923031055 ], [ 4.429424463497344, 51.203569703390571 ], [ 4.428943361174936, 51.202932036047436 ], [ 4.428365098489745, 51.20232706089763 ], [ 4.427695246767717, 51.201760602826688 ], [ 4.426940258484691, 51.201238115664836 ], [ 4.426678771406806, 51.201089459181375 ], [ 4.426174355726062, 51.200740367094703 ], [ 4.425341518972269, 51.200266875661853 ], [ 4.424438837290232, 51.199846943403912 ], [ 4.424285610819885, 51.199789342521264 ], [ 4.424265842097165, 51.199706048202422 ], [ 4.423992105987081, 51.199021657245034 ], [ 4.423612925586813, 51.198357417619377 ], [ 4.42313195645517, 51.197719725339894 ], [ 4.422553833740659, 51.19711472054297 ], [ 4.422523668338195, 51.197089204569167 ], [ 4.422454680813494, 51.19691669798037 ], [ 4.422075539411546, 51.196252452883854 ], [ 4.421594612994942, 51.19561475383118 ], [ 4.421267032505736, 51.195271911663525 ], [ 4.421166641182661, 51.195138789746686 ], [ 4.420588575935753, 51.194533774735405 ], [ 4.419918930526842, 51.193967270893516 ], [ 4.419164155445374, 51.193444732492154 ], [ 4.418331520068683, 51.192971190332962 ], [ 4.417429042635511, 51.192551203357468 ], [ 4.416465413045079, 51.192188814800495 ], [ 4.415449909224429, 51.191887513308401 ], [ 4.414392307867328, 51.191650199393152 ], [ 4.413891097510697, 51.191571516473481 ], [ 4.413749472016389, 51.191505598758511 ], [ 4.413344010085888, 51.19135309923751 ], [ 4.413043209891073, 51.191038176695784 ], [ 4.412373706265186, 51.190471629339655 ], [ 4.411619072232623, 51.189949042047793 ], [ 4.41093144633358, 51.189557862091306 ], [ 4.410399140888876, 51.189107374705934 ], [ 4.40964455103481, 51.188584774530952 ], [ 4.409362572350094, 51.18842434906545 ], [ 4.40907745596479, 51.188125791449579 ], [ 4.408408042277062, 51.187559220993279 ], [ 4.407653499758323, 51.187036607793573 ], [ 4.406870757861007, 51.186591240855535 ], [ 4.406786403939066, 51.186519840528838 ], [ 4.406031896388843, 51.185997216765877 ], [ 4.405199527177961, 51.185523580732557 ], [ 4.404347260132181, 51.1851267494567 ], [ 4.404036160454875, 51.184581154159964 ], [ 4.403701021667659, 51.184136376351518 ], [ 4.40371764551085, 51.183921603118876 ], [ 4.403662013589488, 51.183216796923396 ], [ 4.403496734032739, 51.182518811287608 ], [ 4.40322340333368, 51.181834367747555 ], [ 4.402936619399862, 51.181331356920261 ], [ 4.402901757322336, 51.180889569542536 ], [ 4.402736497378181, 51.180191582225874 ], [ 4.40246319145854, 51.179507136321902 ], [ 4.402084476034571, 51.178842822693618 ], [ 4.401604002185737, 51.178205038068924 ] ] ], [ [ [ 4.450678372637023, 51.234778723181932 ], [ 4.450099432832579, 51.234173861937172 ], [ 4.449428859397801, 51.233607534126527 ], [ 4.448673111758185, 51.233085192325142 ], [ 4.447839468654203, 51.232611865440759 ], [ 4.446935958024777, 51.232192110341344 ], [ 4.44597127971311, 51.231829968028656 ], [ 4.444954721738505, 51.231528924777706 ], [ 4.443896070938375, 51.231291878614002 ], [ 4.442805518837485, 51.231121111449482 ], [ 4.441693563646354, 51.231018267143796 ], [ 4.440570909326837, 51.230984335700803 ], [ 4.439448362690537, 51.231019643751324 ], [ 4.43833672951391, 51.231123851413109 ], [ 4.437246710663318, 51.231295955558153 ], [ 4.436188799222997, 51.231534299456335 ], [ 4.435173179609687, 51.2318365887025 ], [ 4.43420962963897, 51.232199913275338 ], [ 4.433307426480857, 51.232620775516935 ], [ 4.432475257405604, 51.233095123764855 ], [ 4.431721136175889, 51.233618391315446 ], [ 4.431120355120746, 51.234127852578027 ], [ 4.431107363067302, 51.234132750714494 ], [ 4.430700257560328, 51.234322635634527 ], [ 4.430444608892007, 51.234419015686946 ], [ 4.429542328791897, 51.234839848837382 ], [ 4.428710081787468, 51.235314170176146 ], [ 4.427955882391354, 51.235837413258757 ], [ 4.427591564323367, 51.236146308301997 ], [ 4.427517498755599, 51.236157994508837 ], [ 4.426459427227733, 51.236396250917274 ], [ 4.425443638590655, 51.236698456028179 ], [ 4.42447991228608, 51.237061700630349 ], [ 4.424177725356278, 51.237202613701022 ], [ 4.423607175516262, 51.237417654463378 ], [ 4.423372677689538, 51.237526999971308 ], [ 4.422660281418843, 51.237549301544576 ], [ 4.422451043276348, 51.237568883801764 ], [ 4.422054473656987, 51.237581295841245 ], [ 4.420942645134361, 51.237685339736956 ], [ 4.419852408645379, 51.237857283115176 ], [ 4.419188260602695, 51.238006783150652 ], [ 4.419175905295227, 51.238007169528217 ], [ 4.418064060189325, 51.238111186348455 ], [ 4.416973803121513, 51.238283103165081 ], [ 4.415915629467587, 51.238521265051268 ], [ 4.414899726166654, 51.238823379354145 ], [ 4.413935873763318, 51.239186537736771 ], [ 4.413033352337071, 51.239607244141368 ], [ 4.412200852220222, 51.240081448406144 ], [ 4.411446390360712, 51.240604585214065 ], [ 4.410777233133151, 51.241171618000628 ], [ 4.410199826340731, 51.241777087399932 ], [ 4.409719733082863, 51.242415163764903 ], [ 4.409341580089036, 51.243079703258005 ], [ 4.409069013039189, 51.243764306974022 ], [ 4.408904661305572, 51.244462382527679 ], [ 4.408850112461333, 51.245167207514122 ], [ 4.408905896807817, 51.245871994232274 ], [ 4.408924529717514, 51.245950535139549 ], [ 4.408960866127115, 51.246409599384023 ], [ 4.409126454129559, 51.247107559973017 ], [ 4.409400254383906, 51.247791972420373 ], [ 4.409737191210207, 51.248381930124026 ], [ 4.409726173721255, 51.248396570980532 ], [ 4.409347972281513, 51.249061108905742 ], [ 4.409075370340092, 51.249745710999171 ], [ 4.4089109976064, 51.250443784891196 ], [ 4.40885644185705, 51.251148608192985 ], [ 4.408912233461165, 51.251853393219669 ], [ 4.40892299322844, 51.251898741558726 ], [ 4.408966688129872, 51.252450698304841 ], [ 4.409132297689158, 51.253148657195133 ], [ 4.409406133529208, 51.253833067970284 ], [ 4.409646982610909, 51.254254727196844 ], [ 4.409353628266798, 51.25477011427634 ], [ 4.409080993007833, 51.255454714813041 ], [ 4.408916600218688, 51.25615278711134 ], [ 4.408862037870292, 51.256857608797752 ], [ 4.408917836396541, 51.257562392202999 ], [ 4.408927195907488, 51.257601834053382 ], [ 4.408971490625392, 51.258161297209845 ], [ 4.409105877186514, 51.258727597926828 ], [ 4.408800458316006, 51.258986287469995 ], [ 4.408222805047791, 51.259591742894479 ], [ 4.407742501135311, 51.260229806674779 ], [ 4.407364175338988, 51.260894335094704 ], [ 4.407091475005727, 51.261578929355878 ], [ 4.406927030794613, 51.262276997164271 ], [ 4.40687243117298, 51.262981816189708 ], [ 4.406928206934963, 51.263686598788638 ], [ 4.407093825898678, 51.264384557366938 ], [ 4.407367697840454, 51.265068969754168 ], [ 4.40774718962591, 51.265733243958749 ], [ 4.408228650399252, 51.266370981680531 ], [ 4.408807446594673, 51.266976039967346 ], [ 4.40947800643842, 51.267542590420582 ], [ 4.410233873517615, 51.268065175378283 ], [ 4.41106776890342, 51.268538760531563 ], [ 4.411971661232395, 51.268958783466957 ], [ 4.412936844071909, 51.269321197663508 ], [ 4.413954019823723, 51.269622511519501 ], [ 4.415013389355637, 51.269859822030739 ], [ 4.416104746494464, 51.27003084279356 ], [ 4.41721757646568, 51.270133926061632 ], [ 4.418341157325918, 51.270168078642442 ], [ 4.419464663405033, 51.270132971479377 ], [ 4.420577269754401, 51.270028942826393 ], [ 4.421668256588211, 51.269856994984615 ], [ 4.422727112704589, 51.269618784632343 ], [ 4.423743636883459, 51.269316606842452 ], [ 4.424708036278153, 51.26895337294205 ], [ 4.425611020847433, 51.268532582428939 ], [ 4.426443892913913, 51.268058289217478 ], [ 4.427198630982827, 51.267535062540652 ], [ 4.427867967011862, 51.266967942886886 ], [ 4.428445456387165, 51.266362393398772 ], [ 4.428925539932367, 51.265724247203366 ], [ 4.42930359735564, 51.265059651184011 ], [ 4.429575991623502, 51.264375006736898 ], [ 4.429740103838787, 51.263676908084697 ], [ 4.429794358292578, 51.262972078742848 ], [ 4.429738237455346, 51.262267306751383 ], [ 4.429603589884299, 51.261701030298156 ], [ 4.429908911022971, 51.261442287358641 ], [ 4.430486305375225, 51.260836726557287 ], [ 4.430966304024992, 51.260198570656151 ], [ 4.431344287497481, 51.25953396663197 ], [ 4.431616619470658, 51.258849315957875 ], [ 4.431780681646376, 51.258151212916424 ], [ 4.431834898796566, 51.25744638106525 ], [ 4.431778753749802, 51.256741608468445 ], [ 4.431769375067312, 51.256702168413746 ], [ 4.431724807990003, 51.256142713489425 ], [ 4.431558849362568, 51.255444787095158 ], [ 4.431284678663333, 51.254760428063278 ], [ 4.431043631165176, 51.254338812984301 ], [ 4.431336742865569, 51.253823372065128 ], [ 4.431609041574344, 51.253138719833267 ], [ 4.431773083757919, 51.252440615196988 ], [ 4.431827294379596, 51.251735781729245 ], [ 4.431771156329601, 51.251031007509738 ], [ 4.431760374527579, 51.2509856612349 ], [ 4.431721025652607, 51.25049164867152 ], [ 4.43222368890122, 51.250444577610011 ], [ 4.43331417422114, 51.250272521068119 ], [ 4.434372525769888, 51.250034204657844 ], [ 4.435388547190897, 51.249731924473707 ], [ 4.436352450483189, 51.249368592829072 ], [ 4.436654679486324, 51.249227649339943 ], [ 4.437225313703736, 51.249012546657163 ], [ 4.43812779882792, 51.248591657273074 ], [ 4.438960187089913, 51.248117272179051 ], [ 4.439714461656345, 51.247593961492775 ], [ 4.440078788856981, 51.247285030522114 ], [ 4.440152868958237, 51.247273336501415 ], [ 4.441211117415184, 51.247034958633371 ], [ 4.442227029082457, 51.246732619362263 ], [ 4.443190817017196, 51.246369231570611 ], [ 4.443597976859039, 51.246179304570333 ], [ 4.443853662833454, 51.246082896539583 ], [ 4.444756031356045, 51.245661956103483 ], [ 4.445588299816261, 51.245187523822615 ], [ 4.446342452535432, 51.244664170269111 ], [ 4.446384069944464, 51.244628872236341 ], [ 4.446505297653639, 51.244583157238353 ], [ 4.447407613186909, 51.244162196325348 ], [ 4.448239827870981, 51.243687745107046 ], [ 4.44899392654546, 51.243164374337951 ], [ 4.449662647328144, 51.242597125893816 ], [ 4.449915611708586, 51.242331554041712 ], [ 4.450113497278442, 51.242163690252291 ], [ 4.450690390258035, 51.241558026212282 ], [ 4.451169913708348, 51.240919783452611 ], [ 4.451547452730495, 51.240255109785792 ], [ 4.451819375281258, 51.239570407354897 ], [ 4.451983067003083, 51.238872270940114 ], [ 4.4520369562324, 51.238167424419551 ], [ 4.451980528951993, 51.237462655997831 ], [ 4.45181433355042, 51.236764752826083 ], [ 4.451539975350022, 51.236080435644055 ], [ 4.451160100963547, 51.235416294073026 ], [ 4.450678372637023, 51.234778723181932 ] ] ] ] } },
{ "type": "Feature", "properties": { "line": "7", "stop_count": 46, "buffer_m": 800, "area_km2": 14.58 }, "geometry": { "type": "Polygon", "coordinates": [ [ [ 4.397142009415203, 51.207416942806475 ], [ 4.396869471704818, 51.208101528010715 ], [ 4.396830316800585, 51.208267779097831 ], [ 4.396186840790628, 51.208714084801095 ], [ 4.395517955594175, 51.209281038364551 ], [ 4.394940745526415, 51.209886440863777 ], [ 4.394460771787164, 51.210524463296011 ], [ 4.394082659948966, 51.211188962343265 ], [ 4.393810055288833, 51.211873539490085 ], [ 4.393645587534244, 51.212571602607483 ], [ 4.393590845368567, 51.21327642941089 ], [ 4.393646360947954, 51.21398123218232 ], [ 4.393706802890695, 51.214236542088535 ], [ 4.39371248196598, 51.214308638468296 ], [ 4.393727525212314, 51.214372181345695 ], [ 4.393584900612086, 51.214977497447336 ], [ 4.393583277997507, 51.214998388106416 ], [ 4.393507217800442, 51.215321190058695 ], [ 4.393452470316213, 51.216026016042242 ], [ 4.393507987078077, 51.2167308181224 ], [ 4.393673238388641, 51.217428808518086 ], [ 4.39378569526641, 51.21771034742703 ], [ 4.393707449827485, 51.218042410138224 ], [ 4.39365270217539, 51.218747235464861 ], [ 4.393708225204098, 51.21945203670095 ], [ 4.393729185038611, 51.21954056137082 ], [ 4.393390090117518, 51.219896121737342 ], [ 4.393356257568075, 51.219941083258284 ], [ 4.393199550005755, 51.220073868554358 ], [ 4.392951690305791, 51.220333756988992 ], [ 4.392285659895879, 51.220898096242536 ], [ 4.391708264054055, 51.221503480213478 ], [ 4.391581924418817, 51.221671362121143 ], [ 4.391078159024063, 51.222199527317805 ], [ 4.390598005681348, 51.222837530997758 ], [ 4.390219738941351, 51.223502014491601 ], [ 4.389947005574584, 51.224186579433933 ], [ 4.389782436550111, 51.224884633813474 ], [ 4.389727621528957, 51.225589455429997 ], [ 4.389728987270184, 51.225606808204574 ], [ 4.38970195441569, 51.225674656994748 ], [ 4.389537376469845, 51.226372710624666 ], [ 4.38948255599461, 51.227077531714805 ], [ 4.389538025903182, 51.227782332602374 ], [ 4.389703256951792, 51.228480325517921 ], [ 4.389976662645926, 51.229164787961061 ], [ 4.390355614335752, 51.229829127459006 ], [ 4.390836466362429, 51.230466945083599 ], [ 4.391414591019654, 51.231072097113859 ], [ 4.392084422999391, 51.231638754249126 ], [ 4.392196142400925, 51.231716091954894 ], [ 4.392342110105165, 51.231839573172309 ], [ 4.393097206146519, 51.232362275036898 ], [ 4.393133536718442, 51.232382933880459 ], [ 4.393304840955152, 51.232683188204582 ], [ 4.393785762774935, 51.233320993117204 ], [ 4.394363961115738, 51.233926130046115 ], [ 4.395033869959859, 51.234492769835981 ], [ 4.395789039163708, 51.235015453964856 ], [ 4.396622196520609, 51.235489147169353 ], [ 4.397525317777386, 51.235909285995604 ], [ 4.398489703931167, 51.236271822806721 ], [ 4.399506065061292, 51.236573264820223 ], [ 4.400564609886807, 51.236810707797517 ], [ 4.401655140183618, 51.236981864059018 ], [ 4.402767149147295, 51.237085084553094 ], [ 4.403889922748569, 51.237119374765193 ], [ 4.405012643098877, 51.237084404312668 ], [ 4.406124492823447, 51.23698051013227 ], [ 4.407214759429386, 51.236808693229406 ], [ 4.408272938656328, 51.236570609020625 ], [ 4.409288835807248, 51.236268551363374 ], [ 4.410252664077083, 51.235905430427053 ], [ 4.411155138926451, 51.235484744621083 ], [ 4.411987567587031, 51.235010546850852 ], [ 4.412741932833048, 51.23448740542981 ], [ 4.413410970210043, 51.23392036002506 ], [ 4.413988237976412, 51.233314873063918 ], [ 4.414468179084949, 51.232676777071283 ], [ 4.414846174609565, 51.232012218447153 ], [ 4.415118588106187, 51.231327598227786 ], [ 4.415282800485307, 51.230629510402913 ], [ 4.415337235066031, 51.22992467838413 ], [ 4.41528137257688, 51.229219890237864 ], [ 4.415115755965907, 51.228521933306823 ], [ 4.414841984981133, 51.227837528849847 ], [ 4.414462700580869, 51.227173267330144 ], [ 4.41398155933104, 51.226535544973089 ], [ 4.413820644725032, 51.226367208785952 ], [ 4.413858276402665, 51.226317169756115 ], [ 4.413952186720282, 51.226252029545336 ], [ 4.414621091202143, 51.225684975451756 ], [ 4.415198241288691, 51.225079480617133 ], [ 4.415678081065354, 51.224441377642101 ], [ 4.416055992580928, 51.223776812993776 ], [ 4.416328340199136, 51.223092187766383 ], [ 4.416492505463435, 51.22239409599775 ], [ 4.416546912145034, 51.221689261137428 ], [ 4.416491041239397, 51.220984471279131 ], [ 4.416430255457978, 51.220728287211628 ], [ 4.416443266347671, 51.220695578140017 ], [ 4.416607421454169, 51.219997485555673 ], [ 4.416661823602879, 51.219292649980318 ], [ 4.41660595383241, 51.218587859514528 ], [ 4.416508146140274, 51.218175626541708 ], [ 4.416497020459492, 51.218035269853573 ], [ 4.416331425378647, 51.217337311558865 ], [ 4.416292961344683, 51.217241139141855 ], [ 4.416954755863013, 51.216863942665071 ], [ 4.417708771831913, 51.216340765831283 ], [ 4.418377488467895, 51.215773688286887 ], [ 4.418954467117779, 51.215168172768507 ], [ 4.419434153517464, 51.21453005207583 ], [ 4.419811931191888, 51.213865472846379 ], [ 4.420084165792417, 51.213180836314592 ], [ 4.420248239949299, 51.212482736627052 ], [ 4.420302578309273, 51.211777897309368 ], [ 4.420246662523724, 51.211073106497999 ], [ 4.420081036050042, 51.210375151561088 ], [ 4.419807298727336, 51.209690753738236 ], [ 4.419743572983346, 51.209579128039337 ], [ 4.420194444386564, 51.209105874765555 ], [ 4.420674051473265, 51.208467747536588 ], [ 4.421051762379363, 51.207803162778163 ], [ 4.42132394339834, 51.207118521777936 ], [ 4.421346157146684, 51.207023984946098 ], [ 4.421418379738649, 51.206842312954045 ], [ 4.421571239193046, 51.20619175914571 ], [ 4.421593522040257, 51.20617629281152 ], [ 4.422262045721645, 51.205609191054265 ], [ 4.422838848211764, 51.205003654187081 ], [ 4.423160537034966, 51.20457556484422 ], [ 4.423279360506928, 51.20445081727059 ], [ 4.423728041368724, 51.203853713701257 ], [ 4.424308470089313, 51.203450794247772 ], [ 4.424976921702471, 51.202883676537986 ], [ 4.425420695396738, 51.202417730797087 ], [ 4.425794931783058, 51.20210021184208 ], [ 4.426371645023648, 51.201494656914356 ], [ 4.4268510893553, 51.200856502745552 ], [ 4.426941261241656, 51.200697778523292 ], [ 4.427187696519216, 51.200526683709597 ], [ 4.427856071228881, 51.199959549076873 ], [ 4.428432731250147, 51.199353983592239 ], [ 4.428435008271181, 51.199350952498556 ], [ 4.428783566008359, 51.19905517574103 ], [ 4.429360202810958, 51.198449605520011 ], [ 4.429589082956597, 51.198144909902055 ], [ 4.430290655296624, 51.197657756297076 ], [ 4.430958951182041, 51.197090603490572 ], [ 4.431183762761663, 51.196854488129411 ], [ 4.431335308946938, 51.19672587372699 ], [ 4.431911883836939, 51.196120290513434 ], [ 4.432391197155603, 51.195482112551801 ], [ 4.432756356581557, 51.194839109998924 ], [ 4.433216098554419, 51.194624476455957 ], [ 4.433284167148867, 51.194585643591225 ], [ 4.433383505213265, 51.194539266342133 ], [ 4.434214977353203, 51.194064904580678 ], [ 4.434968431292658, 51.193541613066927 ], [ 4.435636611355645, 51.192974432912969 ], [ 4.436213084057274, 51.192368827843168 ], [ 4.436331421143973, 51.192211234126745 ], [ 4.43641918693806, 51.192161157210109 ], [ 4.437172585413262, 51.191637851260971 ], [ 4.437840711419217, 51.191070658230494 ], [ 4.438417131991794, 51.19046504196703 ], [ 4.438542358920013, 51.190298253011534 ], [ 4.43911786336396, 51.189809657247537 ], [ 4.439694251782275, 51.18920403446198 ], [ 4.440173387614639, 51.188565823248375 ], [ 4.44055065968688, 51.187901171115243 ], [ 4.440782982199107, 51.187315883409546 ], [ 4.440927299893489, 51.187164231718633 ], [ 4.441406397917005, 51.186526015008084 ], [ 4.441783635935559, 51.18586135842078 ], [ 4.442055384794934, 51.185176663935231 ], [ 4.442161807520877, 51.184722654288827 ], [ 4.442225562044024, 51.184610318434679 ], [ 4.442410446105121, 51.184144464989664 ], [ 4.44268551159508, 51.183855385718587 ], [ 4.442946467919629, 51.183507716227624 ], [ 4.443077493702016, 51.18339644792438 ], [ 4.443653751523422, 51.18279080434381 ], [ 4.444132767362261, 51.182152575515488 ], [ 4.444255953247378, 51.181935490343754 ], [ 4.44491821425649, 51.181475288572024 ], [ 4.445089499309264, 51.181329817062498 ], [ 4.445444891256749, 51.181082849789902 ], [ 4.445643135279136, 51.180914478122432 ], [ 4.445743973992939, 51.18088442070929 ], [ 4.446279366446832, 51.180682245249784 ], [ 4.446516747338625, 51.180611486020275 ], [ 4.447479136368355, 51.180248053929326 ], [ 4.447836903807269, 51.180080905810904 ], [ 4.448190447098821, 51.180024989625124 ], [ 4.449247129612563, 51.179786533627663 ], [ 4.450261525345981, 51.179484117441319 ], [ 4.451223861965409, 51.179120654689008 ], [ 4.45212486930744, 51.1786996470722 ], [ 4.452482460359541, 51.178495466299395 ], [ 4.452618886375117, 51.178431717244223 ], [ 4.453449876020001, 51.17795721724427 ], [ 4.454202854236121, 51.177433799895397 ], [ 4.454312130820867, 51.177340959536167 ], [ 4.454811652747327, 51.177152265784422 ], [ 4.454850372018052, 51.177134171388651 ], [ 4.454940488226723, 51.177113828783632 ], [ 4.455954788977474, 51.176811363404546 ], [ 4.456917026149464, 51.176447853907341 ], [ 4.457817930537954, 51.176026802443751 ], [ 4.458648824508677, 51.175552265440743 ], [ 4.459401705623219, 51.175028814478232 ], [ 4.460069323725067, 51.174461492203584 ], [ 4.460645250743302, 51.173855763709362 ], [ 4.461123942542352, 51.17321746384512 ], [ 4.461500792224422, 51.172552740972471 ], [ 4.461772174374655, 51.171867997707636 ], [ 4.461935479827703, 51.171169829223352 ], [ 4.461989140626513, 51.170464959705953 ], [ 4.461932644939512, 51.169760177581033 ], [ 4.461766541799532, 51.169062270131391 ], [ 4.461492435626171, 51.168377958137775 ], [ 4.461112970591643, 51.167713831171454 ], [ 4.460631804987706, 51.167076284160899 ], [ 4.460053575846973, 51.166471455842775 ], [ 4.459383854164999, 51.165905169688202 ], [ 4.458629091158993, 51.165382877871743 ], [ 4.457796556084149, 51.164909608820395 ], [ 4.456894266208592, 51.164489918845945 ], [ 4.455930909621947, 51.164127848323723 ], [ 4.454915761620252, 51.163826882838237 ], [ 4.453858595470265, 51.163589919666833 ], [ 4.452769588409112, 51.16341923992298 ], [ 4.451659223779862, 51.163316486625121 ], [ 4.45053819023985, 51.163282648901259 ], [ 4.449417279005929, 51.163318052480108 ], [ 4.44830728011926, 51.163422356559764 ], [ 4.447218878721301, 51.163594557083918 ], [ 4.446162552332704, 51.163832996394213 ], [ 4.445675145387471, 51.163978334773468 ], [ 4.445637983876464, 51.163984213485691 ], [ 4.444581640597526, 51.164222638620146 ], [ 4.443567539679148, 51.164525007772731 ], [ 4.44260544432102, 51.164888410152265 ], [ 4.441704617692182, 51.165309347350998 ], [ 4.440873733811379, 51.165783766984092 ], [ 4.440750257622526, 51.165869590890146 ], [ 4.440349636279683, 51.166098331657693 ], [ 4.439596685586247, 51.166621662930176 ], [ 4.439487404829956, 51.166714490049863 ], [ 4.43898793265932, 51.166903119738407 ], [ 4.438087034535252, 51.167324029024428 ], [ 4.438034058831924, 51.167354273366293 ], [ 4.43778279816635, 51.167394000722503 ], [ 4.436726337616366, 51.167632355286237 ], [ 4.435712111752399, 51.167934656595094 ], [ 4.435176819738682, 51.168136785134898 ], [ 4.434939485095368, 51.168207521910389 ], [ 4.433977246681102, 51.16857085349433 ], [ 4.433076271193637, 51.168991724293214 ], [ 4.432245234083978, 51.169466082561577 ], [ 4.431492138214639, 51.169989361498615 ], [ 4.431293889550858, 51.170157710111823 ], [ 4.431193064706325, 51.170187755311929 ], [ 4.430230756312938, 51.170551056101331 ], [ 4.429329708826479, 51.170971898005753 ], [ 4.428498598390741, 51.17144622955793 ], [ 4.427745428573869, 51.171969484214351 ], [ 4.427574123820087, 51.172114931088522 ], [ 4.427218705608447, 51.172361845431503 ], [ 4.426550718327988, 51.172928982429205 ], [ 4.425974360353063, 51.173534544833892 ], [ 4.425495184677385, 51.174172702101856 ], [ 4.425371932027557, 51.174389768343289 ], [ 4.424709578853885, 51.174849861761963 ], [ 4.424041525478448, 51.175416984036623 ], [ 4.423465104225701, 51.176022533628178 ], [ 4.423204044642997, 51.176370161064405 ], [ 4.423072991211726, 51.17648140761986 ], [ 4.422496544247142, 51.177086952241318 ], [ 4.422017284547664, 51.177725094543042 ], [ 4.421639830807647, 51.17838969005156 ], [ 4.42145476222438, 51.178855511993973 ], [ 4.42117959470884, 51.179144542372939 ], [ 4.42070029587285, 51.179782678833995 ], [ 4.420322806737254, 51.180447269615883 ], [ 4.420050766579264, 51.181131915318716 ], [ 4.419944136939058, 51.181585905649207 ], [ 4.419880332916061, 51.181698229604159 ], [ 4.419647776223381, 51.182283477439725 ], [ 4.419503404477305, 51.182435103414704 ], [ 4.419378130607033, 51.182601872687655 ], [ 4.418802508396313, 51.183090373634457 ], [ 4.418225924381611, 51.18369589589684 ], [ 4.418121078018183, 51.1838354613405 ], [ 4.417852381375138, 51.183988724156258 ], [ 4.417098889758963, 51.184511908434125 ], [ 4.416430605572655, 51.18507898558385 ], [ 4.415853966208778, 51.185684495811714 ], [ 4.415374527370994, 51.186322609076811 ], [ 4.415009195080382, 51.18696555999837 ], [ 4.41454944483335, 51.18718012333111 ], [ 4.413717895483011, 51.187654347955714 ], [ 4.412964298318602, 51.188177505133226 ], [ 4.41229591138634, 51.188744558102421 ], [ 4.41207104330906, 51.188980638259636 ], [ 4.41191946918382, 51.189109228335973 ], [ 4.411342721473066, 51.189714715614144 ], [ 4.41111376353373, 51.190019376871476 ], [ 4.410412105846666, 51.190506418045381 ], [ 4.409743654535826, 51.191073456072033 ], [ 4.4091668543095, 51.191678932274534 ], [ 4.409164576411203, 51.191681963005813 ], [ 4.40881594939601, 51.191977682728982 ], [ 4.408239125952294, 51.192583154193287 ], [ 4.407759512080744, 51.193221234872127 ], [ 4.407669289390311, 51.193379944910987 ], [ 4.407422820292179, 51.193550999490881 ], [ 4.406754289030371, 51.194118019945037 ], [ 4.406310407870992, 51.194583897074608 ], [ 4.405936099181162, 51.19490135524304 ], [ 4.405359202216047, 51.195506811969935 ], [ 4.404910366542852, 51.196103847713843 ], [ 4.404329861714596, 51.196506673035437 ], [ 4.403661250506584, 51.197073675347383 ], [ 4.403084297155663, 51.19767912046315 ], [ 4.402762471670966, 51.19810715629071 ], [ 4.402643609497557, 51.198231883539648 ], [ 4.402163861019187, 51.198869940121078 ], [ 4.401785953371043, 51.199534466801147 ], [ 4.401513529862401, 51.200219064798013 ], [ 4.401360410261359, 51.200869594147569 ], [ 4.401338123241483, 51.200885056698667 ], [ 4.400669412914437, 51.201452041127538 ], [ 4.400092366579667, 51.202057470615003 ], [ 4.399612543859972, 51.202695515898164 ], [ 4.399234568872966, 51.203360033438742 ], [ 4.398962085576858, 51.204044624543023 ], [ 4.398939827881945, 51.204139157273296 ], [ 4.398867521929403, 51.204320815713132 ], [ 4.398703156493307, 51.205018887911351 ], [ 4.398692031897665, 51.205162347578231 ], [ 4.398207621195233, 51.205670514369658 ], [ 4.397727735526421, 51.206308551109402 ], [ 4.397349704408253, 51.206973061693063 ], [ 4.397245221019257, 51.207235520780678 ], [ 4.397142009415203, 51.207416942806475 ] ] ] } },
{ "type": "Feature", "properties": { "line": "8", "stop_count": 9, "buffer_m": 800, "area_km2": 6.32 }, "geometry": { "type": "Polygon", "coordinates": [ [ [ 4.475105691319795, 51.199165026375098 ], [ 4.474047621846398, 51.198928247132585 ], [ 4.472957716032858, 51.198757755861045 ], [ 4.471846465869796, 51.198655193764367 ], [ 4.470724568534728, 51.198621548129928 ], [ 4.469602823555569, 51.198657142837249 ], [ 4.468492028995672, 51.198761635244672 ], [ 4.467402877652852, 51.198934019483055 ], [ 4.466345854264787, 51.199172636125724 ], [ 4.465331134703692, 51.19947518814157 ], [ 4.464368488124668, 51.199838762979269 ], [ 4.46346718300439, 51.200259860570917 ], [ 4.462712959556241, 51.200690434501077 ], [ 4.462355662015209, 51.200724023872503 ], [ 4.461266442182049, 51.200896351428248 ], [ 4.46020934294312, 51.201134913005731 ], [ 4.459194540900272, 51.201437412104006 ], [ 4.458231806002054, 51.201800936681146 ], [ 4.45737158106617, 51.202202755000506 ], [ 4.456454967350208, 51.202175156223213 ], [ 4.455333126048092, 51.202210615439149 ], [ 4.454222214925929, 51.202314973580926 ], [ 4.453132927902813, 51.202487226071952 ], [ 4.452075751021516, 51.202725714753818 ], [ 4.451060861630675, 51.203028143827339 ], [ 4.450098030518987, 51.203391601924814 ], [ 4.450094478268027, 51.203393260801256 ], [ 4.449320389988988, 51.203685460692284 ], [ 4.4484188747105, 51.204106442890783 ], [ 4.447587368039418, 51.204580902748546 ], [ 4.446833877361717, 51.205104272486807 ], [ 4.446165659702963, 51.205671513297268 ], [ 4.44558915182012, 51.206277163809901 ], [ 4.445109908156208, 51.206915392632396 ], [ 4.444732547257505, 51.207580054457694 ], [ 4.444460707172774, 51.208264749201142 ], [ 4.444297010268726, 51.208962883599305 ], [ 4.444243037806247, 51.209667734679179 ], [ 4.44429931452872, 51.210372514486799 ], [ 4.444465303417878, 51.211070435453522 ], [ 4.444739410675088, 51.211754775769769 ], [ 4.445119000887327, 51.212418944136964 ], [ 4.44560042223889, 51.213056543273439 ], [ 4.446179041532511, 51.213661431561022 ], [ 4.446849288688299, 51.21422778223819 ], [ 4.447604710296626, 51.21475013956691 ], [ 4.448438031712681, 51.215223471431017 ], [ 4.449341227096808, 51.215643217856957 ], [ 4.450305596726863, 51.21600533498777 ], [ 4.451321850837227, 51.216306334083839 ], [ 4.452380199174993, 51.216543315173752 ], [ 4.453470445407297, 51.216713995027867 ], [ 4.454582085465963, 51.216816729184615 ], [ 4.455704408876618, 51.216850527815282 ], [ 4.45682660208993, 51.216815065273572 ], [ 4.457937852812744, 51.216710683237373 ], [ 4.459027454327069, 51.216538387412477 ], [ 4.460084908784843, 51.216299837829489 ], [ 4.461100028476742, 51.215997332829147 ], [ 4.462063034093177, 51.215633786890251 ], [ 4.462066586850737, 51.215632127662026 ], [ 4.462840793556231, 51.215339845652885 ], [ 4.462924031867675, 51.215300970082978 ], [ 4.463881269070169, 51.215329731091188 ], [ 4.465003419460402, 51.215294190916836 ], [ 4.466114615631015, 51.215189731964735 ], [ 4.466707749912006, 51.215095895864557 ], [ 4.466997532627988, 51.215296164724954 ], [ 4.467831060608372, 51.215769359777241 ], [ 4.468734441089265, 51.216188957942947 ], [ 4.469698972563409, 51.216550916793089 ], [ 4.47071536370419, 51.21685174911277 ], [ 4.471773822936941, 51.217088556537242 ], [ 4.472864152859084, 51.217259057509956 ], [ 4.473102861087407, 51.217281078802301 ], [ 4.473472441073864, 51.217338868699052 ], [ 4.474584140050174, 51.217441414759058 ], [ 4.475706492947799, 51.217475023504882 ], [ 4.476828685933046, 51.217439371119788 ], [ 4.477939906715094, 51.217334801110809 ], [ 4.479029448864951, 51.217162320994731 ], [ 4.48008681510743, 51.2169235925778 ], [ 4.481101818584371, 51.216620915923599 ], [ 4.482064681107395, 51.216257207164588 ], [ 4.482522930008888, 51.216043073888798 ], [ 4.482750025863687, 51.216234763078162 ], [ 4.483505882036753, 51.21675689053486 ], [ 4.484339603621773, 51.217229968915014 ], [ 4.48524316092041, 51.217649440686472 ], [ 4.486207850720349, 51.218011264637674 ], [ 4.487224380168118, 51.218311954853249 ], [ 4.488282956355161, 51.218548614337315 ], [ 4.489373380750926, 51.218718962958675 ], [ 4.490485147568783, 51.218821359446963 ], [ 4.491607545111806, 51.218854817226877 ], [ 4.492729759115837, 51.218819013936113 ], [ 4.493840977087562, 51.218714294535708 ], [ 4.494930492625394, 51.218541667981803 ], [ 4.495987808711189, 51.218302797491503 ], [ 4.497002738970955, 51.217999984497155 ], [ 4.497965505922905, 51.217636146444704 ], [ 4.498866835260977, 51.217214788651226 ], [ 4.499698045261154, 51.2167399704947 ], [ 4.500451130446127, 51.216216266263281 ], [ 4.501118838700447, 51.215648721043728 ], [ 4.501694741092816, 51.215042802075622 ], [ 4.502173293733842, 51.214404346042414 ], [ 4.502549891075738, 51.213739502809048 ], [ 4.502820910144115, 51.21305467614976 ], [ 4.502983745280646, 51.212356462039104 ], [ 4.503036833067684, 51.211651585101436 ], [ 4.502979667201341, 51.210946833832047 ], [ 4.502812803176831, 51.210248995214897 ], [ 4.502537852748276, 51.209564789366134 ], [ 4.502157468223648, 51.208900804832979 ], [ 4.501675316753174, 51.208263435170714 ], [ 4.501096044865186, 51.207658817406532 ], [ 4.50042523359672, 51.207092772982733 ], [ 4.499669344655552, 51.206570751744906 ], [ 4.498835658135609, 51.206097779513669 ], [ 4.497932202387693, 51.205678409741971 ], [ 4.49696767672159, 51.20531667972157 ], [ 4.495951367683198, 51.205016071758102 ], [ 4.494893059710864, 51.204779479686572 ], [ 4.493802941027799, 51.204609181047587 ], [ 4.492691505672266, 51.204506815190612 ], [ 4.491569452603279, 51.204473367513913 ], [ 4.490447582847051, 51.204509159991467 ], [ 4.489336695667646, 51.20461384807782 ], [ 4.48824748475448, 51.204786424020185 ], [ 4.487190435419151, 51.205025226546468 ], [ 4.486175723784575, 51.205327956836086 ], [ 4.485213118930895, 51.205691700621443 ], [ 4.484754984076897, 51.205905845186187 ], [ 4.484527930271988, 51.205714159077765 ], [ 4.483772241604821, 51.205192035912276 ], [ 4.482938740941007, 51.204718951315712 ], [ 4.482359597684002, 51.204449995376308 ], [ 4.48213403786391, 51.203887974687561 ], [ 4.481753990085465, 51.203223923060243 ], [ 4.481272176099499, 51.202586468796618 ], [ 4.480693239185539, 51.201981749739303 ], [ 4.480022757156494, 51.201415588306482 ], [ 4.47926718855165, 51.200893435470938 ], [ 4.478433810382534, 51.200420318320802 ], [ 4.477530648033213, 51.20000079170461 ], [ 4.477155349541455, 51.199859938247087 ], [ 4.477085981539243, 51.199827715178273 ], [ 4.476121738523972, 51.199465814246004 ], [ 4.475105691319795, 51.199165026375098 ] ] ] } },
{ "type": "Feature", "properties": { "line": "A3", "stop_count": 52, "buffer_m": 800, "area_km2": 21.5 }, "geometry": { "type": "MultiPolygon", "coordinates": [ [ [ [ 4.424041525478448, 51.175416984036623 ], [ 4.423465104225701, 51.176022533628178 ], [ 4.423204044642997, 51.176370161064405 ], [ 4.423072991211726, 51.17648140761986 ], [ 4.422496544247142, 51.177086952241318 ], [ 4.422017284547664, 51.177725094543042 ], [ 4.421639830807647, 51.17838969005156 ], [ 4.42145476222438, 51.178855511993973 ], [ 4.42117959470884, 51.179144542372939 ], [ 4.42070029587285, 51.179782678833995 ], [ 4.420322806737254, 51.180447269615883 ], [ 4.420050766579264, 51.181131915318716 ], [ 4.419944136939058, 51.181585905649207 ], [ 4.419880332916061, 51.181698229604159 ], [ 4.419647776223381, 51.182283477439725 ], [ 4.419503404477305, 51.182435103414704 ], [ 4.419378130607033, 51.182601872687655 ], [ 4.418802508396313, 51.183090373634457 ], [ 4.418225924381611, 51.18369589589684 ], [ 4.418121078018183, 51.1838354613405 ], [ 4.417852381375138, 51.183988724156258 ], [ 4.417098889758963, 51.184511908434125 ], [ 4.416430605572655, 51.18507898558385 ], [ 4.415853966208778, 51.185684495811714 ], [ 4.415374527370994, 51.186322609076811 ], [ 4.415009195080382, 51.18696555999837 ], [ 4.41454944483335, 51.18718012333111 ], [ 4.413717895483011, 51.187654347955714 ], [ 4.412964298318602, 51.188177505133226 ], [ 4.41229591138634, 51.188744558102421 ], [ 4.41207104330906, 51.188980638259636 ], [ 4.41191946918382, 51.189109228335973 ], [ 4.411342721473066, 51.189714715614144 ], [ 4.41111376353373, 51.190019376871476 ], [ 4.410412105846666, 51.190506418045381 ], [ 4.409743654535826, 51.191073456072033 ], [ 4.4091668543095, 51.191678932274534 ], [ 4.409164576411203, 51.191681963005813 ], [ 4.40881594939601, 51.191977682728982 ], [ 4.408239125952294, 51.192583154193287 ], [ 4.407759512080744, 51.193221234872127 ], [ 4.407669289390311, 51.193379944910987 ], [ 4.407422820292179, 51.193550999490881 ], [ 4.406754289030371, 51.194118019945037 ], [ 4.406310407870992, 51.194583897074608 ], [ 4.405936099181162, 51.19490135524304 ], [ 4.405359202216047, 51.195506811969935 ], [ 4.404910366542852, 51.196103847713843 ], [ 4.404329861714596, 51.196506673035437 ], [ 4.403661250506584, 51.197073675347383 ], [ 4.403084297155663, 51.19767912046315 ], [ 4.402762471670966, 51.19810715629071 ], [ 4.402643609497557, 51.198231883539648 ], [ 4.402163861019187, 51.198869940121078 ], [ 4.401785953371043, 51.199534466801147 ], [ 4.401513529862401, 51.200219064798013 ], [ 4.401349218474445, 51.200917141781531 ], [ 4.401294606382568, 51.201621975333246 ], [ 4.401350224487853, 51.202326777669839 ], [ 4.401515542113751, 51.203024761007427 ], [ 4.401788971926295, 51.203709202937496 ], [ 4.402167885037829, 51.204373511184507 ], [ 4.402648636155838, 51.205011287121025 ], [ 4.403226598541144, 51.205616387427504 ], [ 4.403896208444518, 51.206182983301368 ], [ 4.404651018598447, 51.206705616643859 ], [ 4.405483760252328, 51.207179252680866 ], [ 4.406386413155844, 51.207599328509453 ], [ 4.407115575062051, 51.20787353518002 ], [ 4.407134222937142, 51.207920194842778 ], [ 4.407513246391403, 51.208584484867579 ], [ 4.40799411400848, 51.209222238019045 ], [ 4.408572197927256, 51.20982731119684 ], [ 4.409241933227861, 51.210393875859545 ], [ 4.40999687143471, 51.21091647420883 ], [ 4.410258360431746, 51.211065167030263 ], [ 4.410762768638191, 51.211414325640071 ], [ 4.411595656435207, 51.211887917750857 ], [ 4.412498455522822, 51.21230794613561 ], [ 4.413462470000374, 51.212670364221502 ], [ 4.414478413527262, 51.212971680369904 ], [ 4.415536498845929, 51.213208991555042 ], [ 4.416626532160221, 51.213380011367136 ], [ 4.417738011455423, 51.213483092069303 ], [ 4.41886022780752, 51.213517240493935 ], [ 4.419982368699386, 51.213482127624559 ], [ 4.421093622341977, 51.213378091770004 ], [ 4.42218328198841, 51.213206135300616 ], [ 4.423240849229074, 51.212967914977511 ], [ 4.424256135265881, 51.212665725969273 ], [ 4.425219359183878, 51.21230247971053 ], [ 4.426121242268073, 51.211881675817594 ], [ 4.426953097452552, 51.21140736833317 ], [ 4.427706913036915, 51.21088412662705 ], [ 4.428375429861735, 51.21031699133183 ], [ 4.428952211199069, 51.209711425740117 ], [ 4.429431704685673, 51.209073263133554 ], [ 4.429809295704635, 51.208408650553054 ], [ 4.430081351704869, 51.207723989553919 ], [ 4.430245257036238, 51.207025874517868 ], [ 4.430299437970635, 51.206321029118008 ], [ 4.430243377674504, 51.205616241548896 ], [ 4.430077620995665, 51.204918299147074 ], [ 4.429803769025663, 51.204233923031055 ], [ 4.429424463497344, 51.203569703390571 ], [ 4.428943361174936, 51.202932036047436 ], [ 4.428365098489745, 51.20232706089763 ], [ 4.427695246767717, 51.201760602826688 ], [ 4.426940258484691, 51.201238115664836 ], [ 4.426678771406806, 51.201089459181375 ], [ 4.426676994900933, 51.201088229724022 ], [ 4.4268510893553, 51.200856502745552 ], [ 4.426941261241656, 51.200697778523292 ], [ 4.427187696519216, 51.200526683709597 ], [ 4.427856071228881, 51.199959549076873 ], [ 4.428432731250147, 51.199353983592239 ], [ 4.428435008271181, 51.199350952498556 ], [ 4.428783566008359, 51.19905517574103 ], [ 4.429360202810958, 51.198449605520011 ], [ 4.429589082956597, 51.198144909902055 ], [ 4.430290655296624, 51.197657756297076 ], [ 4.430958951182041, 51.197090603490572 ], [ 4.431183762761663, 51.196854488129411 ], [ 4.431335308946938, 51.19672587372699 ], [ 4.431911883836939, 51.196120290513434 ], [ 4.432391197155603, 51.195482112551801 ], [ 4.432756356581557, 51.194839109998924 ], [ 4.433216098554419, 51.194624476455957 ], [ 4.433284167148867, 51.194585643591225 ], [ 4.433383505213265, 51.194539266342133 ], [ 4.434214977353203, 51.194064904580678 ], [ 4.434968431292658, 51.193541613066927 ], [ 4.435636611355645, 51.192974432912969 ], [ 4.436213084057274, 51.192368827843168 ], [ 4.436331421143973, 51.192211234126745 ], [ 4.43641918693806, 51.192161157210109 ], [ 4.437172585413262, 51.191637851260971 ], [ 4.437840711419217, 51.191070658230494 ], [ 4.438417131991794, 51.19046504196703 ], [ 4.438542358920013, 51.190298253011534 ], [ 4.43911786336396, 51.189809657247537 ], [ 4.439694251782275, 51.18920403446198 ], [ 4.440173387614639, 51.188565823248375 ], [ 4.44055065968688, 51.187901171115243 ], [ 4.440782982199107, 51.187315883409546 ], [ 4.440927299893489, 51.187164231718633 ], [ 4.441406397917005, 51.186526015008084 ], [ 4.441783635935559, 51.18586135842078 ], [ 4.442055384794934, 51.185176663935231 ], [ 4.442161807520877, 51.184722654288827 ], [ 4.442225562044024, 51.184610318434679 ], [ 4.442410446105121, 51.184144464989664 ], [ 4.44268551159508, 51.183855385718587 ], [ 4.442946467919629, 51.183507716227624 ], [ 4.443077493702016, 51.18339644792438 ], [ 4.443653751523422, 51.18279080434381 ], [ 4.444132767362261, 51.182152575515488 ], [ 4.444255953247378, 51.181935490343754 ], [ 4.44491821425649, 51.181475288572024 ], [ 4.445089499309264, 51.181329817062498 ], [ 4.445444891256749, 51.181082849789902 ], [ 4.445643135279136, 51.180914478122432 ], [ 4.445743973992939, 51.18088442070929 ], [ 4.446279366446832, 51.180682245249784 ], [ 4.446516747338625, 51.180611486020275 ], [ 4.447479136368355, 51.180248053929326 ], [ 4.447836903807269, 51.180080905810904 ], [ 4.448190447098821, 51.180024989625124 ], [ 4.449247129612563, 51.179786533627663 ], [ 4.450261525345981, 51.179484117441319 ], [ 4.451223861965409, 51.179120654689008 ], [ 4.45212486930744, 51.1786996470722 ], [ 4.452482460359541, 51.178495466299395 ], [ 4.452618886375117, 51.178431717244223 ], [ 4.453449876020001, 51.17795721724427 ], [ 4.454202854236121, 51.177433799895397 ], [ 4.454312130820867, 51.177340959536167 ], [ 4.454516704363702, 51.177263682590514 ], [ 4.454991986723433, 51.177307641502892 ], [ 4.456113360356939, 51.177341436765303 ], [ 4.457234603297099, 51.177305969812025 ], [ 4.458344912410809, 51.177201582363473 ], [ 4.458885849657349, 51.177115971043612 ], [ 4.458901792337473, 51.177114472010722 ], [ 4.459990465895141, 51.176942164686693 ], [ 4.460945630681161, 51.176726495969184 ], [ 4.461980664008539, 51.176757637650084 ], [ 4.46310188846049, 51.176722114997837 ], [ 4.464212170557563, 51.176617672378562 ], [ 4.465018911757641, 51.176489948390589 ], [ 4.465121492301311, 51.176486696212528 ], [ 4.466231764277983, 51.176382234601476 ], [ 4.467320393688737, 51.176209859676675 ], [ 4.468376892055518, 51.175971232230701 ], [ 4.469391080884026, 51.17566865135408 ], [ 4.46953509337815, 51.175614224188251 ], [ 4.469746458355108, 51.175647311572845 ], [ 4.470857156112825, 51.175749894321655 ], [ 4.471978503778689, 51.175783538996491 ], [ 4.473099697208838, 51.1757479214344 ], [ 4.474209933747524, 51.175643384806904 ], [ 4.475021983774635, 51.17551474447545 ], [ 4.475215215637935, 51.17550860170914 ], [ 4.476325441744925, 51.175404045188642 ], [ 4.477414011051203, 51.175231577179488 ], [ 4.477632684735869, 51.175182164973812 ], [ 4.477808801664511, 51.175187439796517 ], [ 4.47781010563614, 51.17518739831371 ], [ 4.478098646314939, 51.175196039731489 ], [ 4.479219820957001, 51.175160364071068 ], [ 4.480330029807415, 51.175055769898037 ], [ 4.481418576191363, 51.174883264961856 ], [ 4.482474972431526, 51.174644511307669 ], [ 4.48348904101856, 51.174341809241909 ], [ 4.484451012773543, 51.173978075141477 ], [ 4.484816695402247, 51.173807027911955 ], [ 4.485585627299473, 51.174243736828679 ], [ 4.485617930290845, 51.174258747119936 ], [ 4.486087743449771, 51.174525567024055 ], [ 4.486990489753842, 51.174945032328523 ], [ 4.487954310454843, 51.175306847971804 ], [ 4.488969921073317, 51.17560752811896 ], [ 4.490027537555164, 51.175844175871511 ], [ 4.491116970619234, 51.176014511211513 ], [ 4.492227724033905, 51.17611689299688 ], [ 4.49334909587055, 51.176150334793981 ], [ 4.494470281752174, 51.176114514394655 ], [ 4.495580479095945, 51.17600977692468 ], [ 4.496668991338261, 51.175837131514164 ], [ 4.497725331131402, 51.175598241561651 ], [ 4.49873932151078, 51.175295408686722 ], [ 4.499701194052116, 51.174931550526409 ], [ 4.50060168306748, 51.174510172591191 ], [ 4.501432114928459, 51.174035334452469 ], [ 4.502184491652748, 51.173511610590523 ], [ 4.502851567947059, 51.172944046280648 ], [ 4.50342692096376, 51.172338108945823 ], [ 4.503905012100129, 51.171699635445954 ], [ 4.504281240247286, 51.171034775813787 ], [ 4.504551985979469, 51.170349933981193 ], [ 4.504714646262785, 51.169651706068592 ], [ 4.50476765935485, 51.168946816832943 ], [ 4.504710519662089, 51.168242054888019 ], [ 4.504543782418553, 51.167544207320489 ], [ 4.504269058148612, 51.166859994332683 ], [ 4.503888996974093, 51.166196004540893 ], [ 4.503407262924003, 51.16555863155115 ], [ 4.502828498500763, 51.16495401242306 ], [ 4.502158279849772, 51.164387968612388 ], [ 4.501403062968746, 51.163865949959217 ], [ 4.500570121478207, 51.163392982259765 ], [ 4.500537821198414, 51.163377975996546 ], [ 4.500068037644821, 51.16311121245333 ], [ 4.499165402678861, 51.162691845235344 ], [ 4.498201755531664, 51.162330119357755 ], [ 4.49718637429272, 51.162029517086744 ], [ 4.49612903447087, 51.161792932202864 ], [ 4.495039914972516, 51.161622642177811 ], [ 4.493929500221241, 51.16152028627841 ], [ 4.492808479355817, 51.161486849807154 ], [ 4.491687643470885, 51.161522654630232 ], [ 4.490577781882898, 51.161627356083258 ], [ 4.48948957841308, 51.161799946284681 ], [ 4.488433508678942, 51.162038763824889 ], [ 4.487419739376486, 51.162341509738475 ], [ 4.4864580305166, 51.162705269607038 ], [ 4.486092440856758, 51.16287632263144 ], [ 4.485323691438553, 51.162439615147683 ], [ 4.484421201912776, 51.162020135132373 ], [ 4.483457682881403, 51.161658288853253 ], [ 4.482442411201906, 51.161357559735769 ], [ 4.481385161329619, 51.161120842781642 ], [ 4.480296111306037, 51.160950416734089 ], [ 4.47918574488672, 51.160847922169289 ], [ 4.47806475074568, 51.160814345724624 ], [ 4.478063447175695, 51.1608143872105 ], [ 4.477774995382492, 51.160805745659673 ], [ 4.476654164342448, 51.160841407798571 ], [ 4.475544285258336, 51.16094596798095 ], [ 4.474456042119423, 51.16111841968516 ], [ 4.474237430942282, 51.161167826270926 ], [ 4.474061367301262, 51.161162546095305 ], [ 4.472940524860576, 51.161198172980598 ], [ 4.471830628980141, 51.161302698244462 ], [ 4.471018817348915, 51.161431317323263 ], [ 4.470825643195945, 51.161437453257065 ], [ 4.469715736892966, 51.161541958633663 ], [ 4.468627458336921, 51.161714356584596 ], [ 4.467571283867136, 51.161952987550961 ], [ 4.466557381186506, 51.162255554363526 ], [ 4.466413406426984, 51.16230997817221 ], [ 4.466202104193297, 51.162276884657359 ], [ 4.465091737187586, 51.16217425761775 ], [ 4.463970721356856, 51.162140547394216 ], [ 4.462849847747487, 51.162176078488088 ], [ 4.461739906038712, 51.162280508869983 ], [ 4.460933401401391, 51.162408211146094 ], [ 4.460830851498923, 51.162411459704281 ], [ 4.459720899678577, 51.162515871099906 ], [ 4.458632561523657, 51.162688176874966 ], [ 4.457677673260258, 51.162903828028014 ], [ 4.456642949938008, 51.162872648481077 ], [ 4.455522053180911, 51.162908110011109 ], [ 4.454412077683248, 51.163012471488209 ], [ 4.453871295643634, 51.163098062775191 ], [ 4.453855357588348, 51.163099561137024 ], [ 4.452766984182356, 51.163271812815793 ], [ 4.451710693434604, 51.163510301781628 ], [ 4.450822821248079, 51.163775104430975 ], [ 4.450078375413828, 51.163706202509424 ], [ 4.448957333661988, 51.163672349783603 ], [ 4.447836411873035, 51.163707738351924 ], [ 4.446726400189672, 51.163812027556986 ], [ 4.445637983876464, 51.163984213485691 ], [ 4.444581640597526, 51.164222638620146 ], [ 4.443567539679148, 51.164525007772731 ], [ 4.44260544432102, 51.164888410152265 ], [ 4.441704617692182, 51.165309347350998 ], [ 4.440873733811379, 51.165783766984092 ], [ 4.440750257622526, 51.165869590890146 ], [ 4.440349636279683, 51.166098331657693 ], [ 4.439596685586247, 51.166621662930176 ], [ 4.439487404829956, 51.166714490049863 ], [ 4.43898793265932, 51.166903119738407 ], [ 4.438087034535252, 51.167324029024428 ], [ 4.438034058831924, 51.167354273366293 ], [ 4.43778279816635, 51.167394000722503 ], [ 4.436726337616366, 51.167632355286237 ], [ 4.435712111752399, 51.167934656595094 ], [ 4.435176819738682, 51.168136785134898 ], [ 4.434939485095368, 51.168207521910389 ], [ 4.433977246681102, 51.16857085349433 ], [ 4.433076271193637, 51.168991724293214 ], [ 4.432245234083978, 51.169466082561577 ], [ 4.431492138214639, 51.169989361498615 ], [ 4.431293889550858, 51.170157710111823 ], [ 4.431193064706325, 51.170187755311929 ], [ 4.430230756312938, 51.170551056101331 ], [ 4.429329708826479, 51.170971898005753 ], [ 4.428498598390741, 51.17144622955793 ], [ 4.427745428573869, 51.171969484214351 ], [ 4.427574123820087, 51.172114931088522 ], [ 4.427218705608447, 51.172361845431503 ], [ 4.426550718327988, 51.172928982429205 ], [ 4.425974360353063, 51.173534544833892 ], [ 4.425495184677385, 51.174172702101856 ], [ 4.425371932027557, 51.174389768343289 ], [ 4.424709578853885, 51.174849861761963 ], [ 4.424041525478448, 51.175416984036623 ] ] ], [ [ [ 4.450678372637023, 51.234778723181932 ], [ 4.450099432832579, 51.234173861937172 ], [ 4.449428859397801, 51.233607534126527 ], [ 4.448673111758185, 51.233085192325142 ], [ 4.447839468654203, 51.232611865440759 ], [ 4.446935958024777, 51.232192110341344 ], [ 4.44597127971311, 51.231829968028656 ], [ 4.444954721738505, 51.231528924777706 ], [ 4.443896070938375, 51.231291878614002 ], [ 4.442805518837485, 51.231121111449482 ], [ 4.441693563646354, 51.231018267143796 ], [ 4.440570909326837, 51.230984335700803 ], [ 4.439448362690537, 51.231019643751324 ], [ 4.43833672951391, 51.231123851413109 ], [ 4.437246710663318, 51.231295955558153 ], [ 4.436188799222997, 51.231534299456335 ], [ 4.435173179609687, 51.2318365887025 ], [ 4.43420962963897, 51.232199913275338 ], [ 4.433307426480857, 51.232620775516935 ], [ 4.432475257405604, 51.233095123764855 ], [ 4.431721136175889, 51.233618391315446 ], [ 4.431052325888438, 51.234185540344924 ], [ 4.430799298253158, 51.234451072710847 ], [ 4.430601375877639, 51.2346189047 ], [ 4.430024307773365, 51.235224472418537 ], [ 4.429544553395916, 51.235862630879033 ], [ 4.429166736212336, 51.236527235452726 ], [ 4.428894498669132, 51.237211886606985 ], [ 4.428730466965244, 51.237909991498938 ], [ 4.428676225591182, 51.238614827440365 ], [ 4.428732301886048, 51.239319606623852 ], [ 4.428898160768182, 51.240017541487298 ], [ 4.429172209697514, 51.240701910087864 ], [ 4.429452434541017, 51.24119223431854 ], [ 4.429344342351912, 51.241652251754772 ], [ 4.429290105906979, 51.242357086928017 ], [ 4.429346195988469, 51.243061864770212 ], [ 4.429512077382731, 51.243759797732245 ], [ 4.42978615733364, 51.24444416388949 ], [ 4.430165800698259, 51.245108371694897 ], [ 4.430647355155666, 51.245746023487207 ], [ 4.431226186232699, 51.246350977141304 ], [ 4.431896721814937, 51.246917405266124 ], [ 4.432652505718989, 51.247439851377656 ], [ 4.433486259813605, 51.247913282504342 ], [ 4.434083961668891, 51.248190975653401 ], [ 4.434240092727626, 51.248279627948421 ], [ 4.435143800903678, 51.248699477340644 ], [ 4.436108744287464, 51.249061705531219 ], [ 4.436997671399665, 51.249324933310994 ], [ 4.437355249025185, 51.249572068757601 ], [ 4.438189089046828, 51.250045466336786 ], [ 4.439092867047752, 51.250465285266642 ], [ 4.439649004830815, 51.250674021123686 ], [ 4.439829421711206, 51.250757824133132 ], [ 4.440794444140823, 51.251120013807778 ], [ 4.441480094694584, 51.251323006154372 ], [ 4.441914190790333, 51.25162297643859 ], [ 4.442748113827527, 51.252096341496767 ], [ 4.443651972680815, 51.252516125254495 ], [ 4.444192222433161, 51.252718860547681 ], [ 4.444456100352704, 51.252841409560197 ], [ 4.444558183294776, 51.252948039367645 ], [ 4.444766076921693, 51.253123566122369 ], [ 4.444998535647998, 51.253366374129371 ], [ 4.445235534570066, 51.253566470343486 ], [ 4.445255465776072, 51.253601311871854 ], [ 4.445737314503488, 51.254238900055469 ], [ 4.446316446996844, 51.254843777803629 ], [ 4.446716562785656, 51.255181567509965 ], [ 4.446849753098768, 51.255357793487754 ], [ 4.447428913941717, 51.255962665518531 ], [ 4.447568078979733, 51.256080146966028 ], [ 4.447607426545707, 51.256148919397837 ], [ 4.448089333806028, 51.256786497349069 ], [ 4.448668528501827, 51.257391362964199 ], [ 4.449229988173066, 51.257865304454775 ], [ 4.449551714335089, 51.258290920120203 ], [ 4.450130946719586, 51.258895778210089 ], [ 4.450801892674893, 51.259462096309967 ], [ 4.451463114373687, 51.259918816838614 ], [ 4.451474134963267, 51.259965074259824 ], [ 4.451748632858581, 51.260649385048119 ], [ 4.45212872139118, 51.261313518016301 ], [ 4.452610743953742, 51.261951076223028 ], [ 4.453190061564902, 51.262555918443759 ], [ 4.453861097423673, 51.26312221836001 ], [ 4.454617390526903, 51.263644520722025 ], [ 4.455366162000755, 51.264069293550385 ], [ 4.45545649758794, 51.264131677107663 ], [ 4.456290782147303, 51.264604944319515 ], [ 4.457195005728575, 51.265024622495154 ], [ 4.458160458703407, 51.265386668434459 ], [ 4.459177840867046, 51.26568759408319 ], [ 4.460237351095273, 51.265924500176993 ], [ 4.461328781856726, 51.266095104208475 ], [ 4.462441617665731, 51.266197762446275 ], [ 4.463565136521762, 51.266231485792986 ], [ 4.46468851335206, 51.266195949327631 ], [ 4.465800924454189, 51.266091495440406 ], [ 4.466891651925256, 51.265919130529497 ], [ 4.467950187064822, 51.265680515291415 ], [ 4.468966331748517, 51.265377948699765 ], [ 4.469930296789655, 51.265014345827083 ], [ 4.470832796335838, 51.26459320972549 ], [ 4.471665137386787, 51.264118597638102 ], [ 4.47241930356784, 51.26359508186885 ], [ 4.473088032350245, 51.263027705690178 ], [ 4.473664884973835, 51.26242193471451 ], [ 4.47414430839947, 51.261783604200986 ], [ 4.474521688696791, 51.261118862806903 ], [ 4.474793395356595, 51.260434113326951 ], [ 4.474956816105875, 51.259735950993658 ], [ 4.475010381895843, 51.259031099933956 ], [ 4.474953581828923, 51.258326348395187 ], [ 4.474786967887946, 51.257628483364932 ], [ 4.474512149429386, 51.256944225214674 ], [ 4.474131777500994, 51.256280162996212 ], [ 4.473649519141889, 51.255642691013456 ], [ 4.473070021919127, 51.255037947279426 ], [ 4.472398869047915, 51.254471754449582 ], [ 4.471642525532366, 51.253949563798678 ], [ 4.47089826598055, 51.253527443190947 ], [ 4.4708873860364, 51.253481851253582 ], [ 4.470612649301027, 51.252797582905309 ], [ 4.47023236679675, 51.252133507044697 ], [ 4.469750204701137, 51.251496018107268 ], [ 4.469170809654019, 51.250891254269419 ], [ 4.468609231219487, 51.250417406079741 ], [ 4.468287385364263, 51.249991840893685 ], [ 4.467708028004287, 51.249387069527657 ], [ 4.467568832185252, 51.249269611454771 ], [ 4.467529460970059, 51.249200845473069 ], [ 4.467047366194826, 51.248563344771426 ], [ 4.466468042687449, 51.247958566987165 ], [ 4.466067845760585, 51.247620843101856 ], [ 4.465934604890467, 51.247444638214816 ], [ 4.465355309731319, 51.24683985471092 ], [ 4.465118258638505, 51.246639798263963 ], [ 4.465098315560421, 51.246604959985483 ], [ 4.464616280896641, 51.24596744871527 ], [ 4.464037021208068, 51.245362658398967 ], [ 4.463829089627461, 51.24518716496366 ], [ 4.46359657359875, 51.244944393163657 ], [ 4.462925681185903, 51.244378144313117 ], [ 4.462169607630309, 51.243855891000585 ], [ 4.461335634809596, 51.243382661281395 ], [ 4.460439025134598, 51.242966368611981 ], [ 4.46033692772462, 51.242859752082254 ], [ 4.45966610492422, 51.242293484275457 ], [ 4.458910101712853, 51.241771209696537 ], [ 4.458076199291093, 51.241297956605678 ], [ 4.457172428093683, 51.240878281160192 ], [ 4.456632259137733, 51.24067560417695 ], [ 4.456361187454389, 51.24054972394832 ], [ 4.455396262936056, 51.240187659717947 ], [ 4.454710715596749, 51.239984747115656 ], [ 4.454276645545045, 51.239684822389655 ], [ 4.453442827499339, 51.239211536243154 ], [ 4.452539138478615, 51.238791825050107 ], [ 4.452004556046636, 51.238591206641459 ], [ 4.4520369562324, 51.238167424419551 ], [ 4.451980528951993, 51.237462655997831 ], [ 4.45181433355042, 51.236764752826083 ], [ 4.451539975350022, 51.236080435644055 ], [ 4.451160100963547, 51.235416294073026 ], [ 4.450678372637023, 51.234778723181932 ] ] ] ] } },
{ "type": "Feature", "properties": { "line": "A9", "stop_count": 39, "buffer_m": 800, "area_km2": 14.64 }, "geometry": { "type": "MultiPolygon", "coordinates": [ [ [ [ 4.448748989807493, 51.197246037736491 ], [ 4.448170540790624, 51.196641158182693 ], [ 4.44750053025751, 51.196074811139361 ], [ 4.446745412210527, 51.195552449367291 ], [ 4.445912459326316, 51.195079101966883 ], [ 4.445009692897663, 51.194659326004142 ], [ 4.444045805603312, 51.194297162682105 ], [ 4.443030077848658, 51.193996098478401 ], [ 4.441972288480934, 51.193759031620594 ], [ 4.44088262073522, 51.193588244220038 ], [ 4.439771564312412, 51.193485380331474 ], [ 4.438649814526487, 51.19345143014737 ], [ 4.437528169485898, 51.193486720478951 ], [ 4.4364174262922, 51.193590911614514 ], [ 4.435328277248323, 51.193763000585072 ], [ 4.434271207068738, 51.194001330806316 ], [ 4.433256392074401, 51.194303608004503 ], [ 4.433221817187118, 51.194316655272566 ], [ 4.432283512041225, 51.19440463535436 ], [ 4.431194328754733, 51.194576686169299 ], [ 4.430137219023091, 51.194814979336186 ], [ 4.429122359547677, 51.19511722093803 ], [ 4.429097932194172, 51.195126437582211 ], [ 4.428749497124814, 51.195230204163686 ], [ 4.427786653169924, 51.19559348158387 ], [ 4.426885099982405, 51.196014300833269 ], [ 4.426227002371964, 51.196389661840918 ], [ 4.425956371845005, 51.196415020759581 ], [ 4.424867118293255, 51.196587013123981 ], [ 4.423809930695061, 51.196825249505842 ], [ 4.422794986500828, 51.197127436534807 ], [ 4.4218320570249, 51.197490665173454 ], [ 4.420930413463603, 51.197911438687107 ], [ 4.420098737698517, 51.198385706267395 ], [ 4.419345038740542, 51.198908901987075 ], [ 4.418676575617297, 51.19947598871385 ], [ 4.418099787445794, 51.200081506561837 ], [ 4.417907896852167, 51.200336847149615 ], [ 4.417906045803368, 51.200338790346414 ], [ 4.417426484426936, 51.200976908351961 ], [ 4.417160229466116, 51.201445385338452 ], [ 4.416903862042519, 51.201623323919684 ], [ 4.416235330344664, 51.202190396244845 ], [ 4.416094744452427, 51.202337966653609 ], [ 4.415820288200694, 51.2025707633981 ], [ 4.415243424685019, 51.20317626658268 ], [ 4.414763797712324, 51.203814373084711 ], [ 4.414386029516793, 51.204478938775921 ], [ 4.414113762066589, 51.205163564498385 ], [ 4.413949621841689, 51.205861657654538 ], [ 4.413895194370593, 51.206566495669669 ], [ 4.413951008777603, 51.207271290716967 ], [ 4.414116532496562, 51.207969255082233 ], [ 4.414390176209225, 51.208653666539135 ], [ 4.414769308968102, 51.209317933105133 ], [ 4.415250283365092, 51.209955656553781 ], [ 4.415828470510077, 51.210560694070601 ], [ 4.41649830448828, 51.211127217457495 ], [ 4.417253335872906, 51.211649769313539 ], [ 4.418086293781201, 51.212123315649301 ], [ 4.418989155878413, 51.212543294425707 ], [ 4.419953225656219, 51.212905659547758 ], [ 4.420969216240646, 51.213206919886964 ], [ 4.422027339920257, 51.213444172955271 ], [ 4.423117402528852, 51.213615132902746 ], [ 4.424228901769156, 51.213718152569307 ], [ 4.425351128524764, 51.213752239375395 ], [ 4.426473270178231, 51.213717064898212 ], [ 4.427584514933209, 51.21361296804016 ], [ 4.428674156128618, 51.213440951759374 ], [ 4.429731695532902, 51.213202673393234 ], [ 4.430746944616579, 51.212900428669464 ], [ 4.431710122821205, 51.212537129559458 ], [ 4.432611951872786, 51.212116276188709 ], [ 4.433443745226588, 51.211641923076385 ], [ 4.434197491778538, 51.211118640031799 ], [ 4.434865933034902, 51.210551468085612 ], [ 4.435006484286456, 51.210403875823708 ], [ 4.435280890856494, 51.210171035241515 ], [ 4.435857580725845, 51.20956543592542 ], [ 4.43633697822541, 51.208927245275923 ], [ 4.436522611011146, 51.208600411301049 ], [ 4.437486099044283, 51.208448216675386 ], [ 4.438543480215984, 51.208209859022169 ], [ 4.439558563509714, 51.207907538040942 ], [ 4.43958299548963, 51.207898319280034 ], [ 4.439931501089347, 51.207794521264184 ], [ 4.439966084090474, 51.207781472100841 ], [ 4.440904643843804, 51.20769343147046 ], [ 4.441994097601997, 51.207521292026165 ], [ 4.443051434719819, 51.207282893963345 ], [ 4.444066468618025, 51.206980534162888 ], [ 4.445029420812713, 51.206617125704724 ], [ 4.445931015208666, 51.206196169767608 ], [ 4.44676256752308, 51.205721721858637 ], [ 4.447516068975128, 51.205198352700016 ], [ 4.448184263433173, 51.204631104151616 ], [ 4.448760717276031, 51.204025440596482 ], [ 4.449239881296162, 51.2033871962592 ], [ 4.449617144050893, 51.202722518967292 ], [ 4.449888876151228, 51.20203781089851 ], [ 4.450052465066546, 51.201339666887208 ], [ 4.450106340115603, 51.200634810884686 ], [ 4.450049987409733, 51.199930031186817 ], [ 4.449883954611344, 51.199232115053526 ], [ 4.449609845469227, 51.198547783349532 ], [ 4.449230304190607, 51.197883625836262 ], [ 4.448748989807493, 51.197246037736491 ] ] ], [ [ [ 4.4542873308146, 51.219656400420803 ], [ 4.45384926409943, 51.2196432049154 ], [ 4.452727000560145, 51.219678639157955 ], [ 4.451692241412808, 51.219775783613407 ], [ 4.450860325064737, 51.219750704887723 ], [ 4.44973805666773, 51.219786110758697 ], [ 4.44925597052761, 51.219831358207891 ], [ 4.44851584257672, 51.219854699218523 ], [ 4.44740449584403, 51.219958992566802 ], [ 4.446314771464988, 51.220131181041381 ], [ 4.445257159690592, 51.220369607100189 ], [ 4.444241842054245, 51.220671975547077 ], [ 4.443278593465785, 51.221035375598149 ], [ 4.442376688194944, 51.221456308868689 ], [ 4.441544810645009, 51.221930723012115 ], [ 4.440790971772563, 51.222454050690175 ], [ 4.440122431956039, 51.223021253499851 ], [ 4.439545631055263, 51.223626870437229 ], [ 4.439066126336219, 51.224265070433717 ], [ 4.43868853886102, 51.224929708460138 ], [ 4.43841650886284, 51.22561438466132 ], [ 4.438252660540257, 51.226312505952748 ], [ 4.438198576615713, 51.227017349487888 ], [ 4.438254782909645, 51.227722127385768 ], [ 4.438420743085826, 51.228420052096297 ], [ 4.438694863625926, 51.229104401774066 ], [ 4.439074508992655, 51.229768585030506 ], [ 4.439556026842514, 51.230406204440555 ], [ 4.440134783051889, 51.231011118190871 ], [ 4.440805206224772, 51.231577499274643 ], [ 4.441560841258242, 51.232099891660908 ], [ 4.442394411453246, 51.232573262895706 ], [ 4.443297888574694, 51.232993052626178 ], [ 4.444262570186847, 51.233355216577969 ], [ 4.445279163518491, 51.23365626556037 ], [ 4.446337875048094, 51.233893299121156 ], [ 4.447428504942694, 51.23406403352508 ], [ 4.448540545436347, 51.234166823784932 ], [ 4.449663282194948, 51.234200679531398 ], [ 4.450785897684781, 51.234165274567843 ], [ 4.450834321622687, 51.234160730488256 ], [ 4.450919202232576, 51.234200159115019 ], [ 4.451883968032279, 51.234562260727728 ], [ 4.452900636902895, 51.234863244055248 ], [ 4.453959414594458, 51.235100209277768 ], [ 4.455050100635984, 51.235270873318463 ], [ 4.456162186720089, 51.235373591868026 ], [ 4.457284958073071, 51.235407375248045 ], [ 4.458407596827691, 51.235371897959091 ], [ 4.459519286396072, 51.235267501821298 ], [ 4.46060931583015, 51.235095192676212 ], [ 4.461667183157382, 51.234856630682984 ], [ 4.462682696689348, 51.234554114302 ], [ 4.463257289494378, 51.234337277828025 ], [ 4.464083918844939, 51.234647416110924 ], [ 4.465100668331139, 51.234948294555359 ], [ 4.465212549152236, 51.234973322131502 ], [ 4.465796519297595, 51.235376742589025 ], [ 4.466630394165949, 51.235849942367068 ], [ 4.467534153014097, 51.236269546387284 ], [ 4.468238514718891, 51.236533766684971 ], [ 4.468593130543002, 51.236698402225969 ], [ 4.469558085319998, 51.237060359301786 ], [ 4.470574922772741, 51.23736119039831 ], [ 4.471633847025552, 51.237597997162247 ], [ 4.472724656194064, 51.23776849804333 ], [ 4.473146554297941, 51.237807401687284 ], [ 4.473700739007579, 51.238015245498545 ], [ 4.474717624026793, 51.238316040866756 ], [ 4.475776591017436, 51.238552810452575 ], [ 4.476867437683046, 51.238723273063876 ], [ 4.477979654167312, 51.238825786332072 ], [ 4.479102524439157, 51.238859362556532 ], [ 4.480225229677684, 51.238823678233793 ], [ 4.481336952654296, 51.238719077178622 ], [ 4.482426982099351, 51.238546567207081 ], [ 4.483484816040927, 51.238307810413069 ], [ 4.484500263113433, 51.238005107133787 ], [ 4.485463540853885, 51.237641373758343 ], [ 4.486365370033561, 51.237220114595729 ], [ 4.48719706411186, 51.236745388074013 ], [ 4.48795061294746, 51.236221767599147 ], [ 4.488618759958467, 51.235654297451418 ], [ 4.489195071987763, 51.235048444147836 ], [ 4.489674001201492, 51.234410043739878 ], [ 4.490050938426689, 51.233745245557259 ], [ 4.490322257417965, 51.233060452940911 ], [ 4.490485349631562, 51.232362261538114 ], [ 4.490538649177658, 51.231657395755029 ], [ 4.490481647717115, 51.230952643980146 ], [ 4.490455732788917, 51.230844190147295 ], [ 4.490448595902079, 51.230755949132757 ], [ 4.490501102098456, 51.230531160502707 ], [ 4.490554399313228, 51.229826294202525 ], [ 4.490509229632231, 51.229267809351576 ], [ 4.490510258779633, 51.229254198468659 ], [ 4.490490492998788, 51.229009807069254 ], [ 4.491084527336858, 51.229102576913888 ], [ 4.49112832760077, 51.229112365391934 ], [ 4.492219009476215, 51.229282687061925 ], [ 4.493331034462741, 51.229385056364997 ], [ 4.494453688374838, 51.229418486987612 ], [ 4.49467516595218, 51.229411418066121 ], [ 4.495283010766511, 51.229693451245232 ], [ 4.49624802770678, 51.230055191559956 ], [ 4.497264884523556, 51.230355794024241 ], [ 4.498323785152867, 51.230592362487535 ], [ 4.499294873054503, 51.230743941189381 ], [ 4.499545350823694, 51.230799896059942 ], [ 4.500636102924268, 51.230970139987377 ], [ 4.501148519118366, 51.231017273673153 ], [ 4.501251093404841, 51.231055716669999 ], [ 4.50226800430372, 51.231356275996902 ], [ 4.503326953044638, 51.231592799569405 ], [ 4.504417737505702, 51.231763008565579 ], [ 4.504567113186015, 51.231776743742337 ], [ 4.505005322520642, 51.231845119333677 ], [ 4.505439399686735, 51.231885030150636 ], [ 4.505573580438138, 51.231935311094936 ], [ 4.50659053839137, 51.232235833149545 ], [ 4.50764952904165, 51.232472317935546 ], [ 4.508740349862961, 51.232642487004654 ], [ 4.509852491247033, 51.232744700816433 ], [ 4.510975237886059, 51.232777974555468 ], [ 4.512097772150686, 51.232741987632743 ], [ 4.513209278460619, 51.23263708677851 ], [ 4.514299047635335, 51.232464282697293 ], [ 4.515356580212641, 51.232225240316595 ], [ 4.516371687732972, 51.231922262724886 ], [ 4.517334591007566, 51.231558268953918 ], [ 4.517662812770585, 51.231404795036966 ], [ 4.518151049302337, 51.231220225694081 ], [ 4.519052458794388, 51.230798716281903 ], [ 4.519883705367219, 51.230323758763035 ], [ 4.520636783193734, 51.229799928768017 ], [ 4.52130444023234, 51.229232272594786 ], [ 4.521880248048421, 51.228626258551415 ], [ 4.522358663667175, 51.227987724236634 ], [ 4.522735082864348, 51.227322820268881 ], [ 4.523005884385147, 51.226637951006801 ], [ 4.523168464670183, 51.225939712834524 ], [ 4.523221262759727, 51.225234830607342 ], [ 4.523163775142984, 51.224530092870737 ], [ 4.522996560416405, 51.223832286477467 ], [ 4.522721233713546, 51.223148131232435 ], [ 4.52234045096738, 51.222484215194854 ], [ 4.521857883163726, 51.221846931259492 ], [ 4.521278180840167, 51.22124241562743 ], [ 4.520606929178036, 51.220676488756759 ], [ 4.519850594124573, 51.220154599360612 ], [ 4.519016460067587, 51.219681771989713 ], [ 4.518112559664919, 51.21926255870185 ], [ 4.517147596505182, 51.218900995281849 ], [ 4.516130861343811, 51.218600562431178 ], [ 4.515072142719016, 51.21836415229884 ], [ 4.513981632804857, 51.218194040673822 ], [ 4.51286982940353, 51.218091865105208 ], [ 4.511747435014978, 51.218058609159428 ], [ 4.511277254567831, 51.21807368724685 ], [ 4.510521882138353, 51.217904978167596 ], [ 4.509431399563752, 51.217734824543427 ], [ 4.509282067432106, 51.217721095434399 ], [ 4.508843984555465, 51.217652735309478 ], [ 4.50833170744442, 51.217605634718701 ], [ 4.508229156907231, 51.217567197659861 ], [ 4.507212508293019, 51.217266687961853 ], [ 4.506153865172959, 51.217030197848601 ], [ 4.505183040561795, 51.216878674650772 ], [ 4.504932630804607, 51.216822731414354 ], [ 4.503842193935225, 51.216652526167465 ], [ 4.502730449513004, 51.216550255191613 ], [ 4.501608099470592, 51.216516902971662 ], [ 4.50138668418681, 51.216523984912563 ], [ 4.500778974121038, 51.216241981647549 ], [ 4.499814207884477, 51.215880276343668 ], [ 4.498797650279541, 51.215579694090444 ], [ 4.497739088136674, 51.215343128475304 ], [ 4.496894497684925, 51.215211239322997 ], [ 4.496850709267341, 51.215201452927126 ], [ 4.495760339811905, 51.215031173033054 ], [ 4.494835880859174, 51.214946063918092 ], [ 4.494473611420274, 51.214810216724345 ], [ 4.493457111566157, 51.214509588425734 ], [ 4.492398600807342, 51.214272974894548 ], [ 4.491566342358993, 51.214142968568616 ], [ 4.49150922199988, 51.214130199377642 ], [ 4.490418897097522, 51.213959870149047 ], [ 4.489307246321251, 51.213857472843294 ], [ 4.488528878133142, 51.213834253731498 ], [ 4.488525819138936, 51.213832833647032 ], [ 4.487561197789487, 51.213471028018738 ], [ 4.486544771688654, 51.213170340130624 ], [ 4.485486326402014, 51.212933664587084 ], [ 4.484396051474642, 51.212763279732265 ], [ 4.483284442448574, 51.212660825745594 ], [ 4.482162199954055, 51.21262728887362 ], [ 4.481040126839958, 51.212662991948953 ], [ 4.479929024326935, 51.212767591286742 ], [ 4.478839588176145, 51.212940079988563 ], [ 4.477782305866215, 51.213178797622163 ], [ 4.476767355761591, 51.213481446184325 ], [ 4.475804509236931, 51.213845112194321 ], [ 4.474903036694447, 51.214266294706583 ], [ 4.47407161837464, 51.214740938974643 ], [ 4.473318260815952, 51.215264475443966 ], [ 4.472650219765687, 51.215831863700572 ], [ 4.47207393028401, 51.21643764095419 ], [ 4.471594944714775, 51.217075974591523 ], [ 4.471217879122791, 51.21774071829546 ], [ 4.470946368716785, 51.21842547119202 ], [ 4.470922834603815, 51.218526067405229 ], [ 4.470248151641581, 51.218994852007874 ], [ 4.469580019791869, 51.219562222088896 ], [ 4.469003644321216, 51.220167983492914 ], [ 4.468825980920805, 51.220404709251461 ], [ 4.468253691695853, 51.220276666551115 ], [ 4.46716330807297, 51.220106123261992 ], [ 4.466051561891732, 51.220003507532901 ], [ 4.465939406479827, 51.22000014053787 ], [ 4.465572934483145, 51.219966311911122 ], [ 4.465438898893752, 51.219962287496124 ], [ 4.464672304770219, 51.219735365085462 ], [ 4.463613821526268, 51.219498494330473 ], [ 4.462523473072014, 51.219327908200988 ], [ 4.461411755657733, 51.219225248814062 ], [ 4.460289370957013, 51.21919150439345 ], [ 4.459477121285817, 51.219217195964866 ], [ 4.459455155772107, 51.219215167124702 ], [ 4.458332772730359, 51.219181404130318 ], [ 4.45721052371455, 51.219216880935299 ], [ 4.456099211637644, 51.219321256032906 ], [ 4.455009534276747, 51.21949352468333 ], [ 4.4542873308146, 51.219656400420803 ] ] ] ] } }
]
}
