{
"type": "FeatureCollection",
"name": "stop_buffers_800m",
"crs": { "type": "name", "properties": { "name": "urn:ogc:def:crs:OGC:1.3:CRS84" } },
"features": [
{ "type": "Feature", "properties": { "stop_id": "osm-2119263427", "name": "Aartselaarstraat", "lines": "10", "line_count": 1, "source": "osm-overpass", "buffer_m": 800 }, "geometry": { "type": "Polygon", "coordinates": [ [ [ 4.379521341508084, 51.176967946306533 ], [ 4.379466083262422, 51.176263126893119 ], [ 4.379301190175498, 51.175565105601812 ], [ 4.379028255017999, 51.174880604312953 ], [ 4.378649910691052, 51.174216214423794 ], [ 4.378169804701484, 51.173578333397501 ], [ 4.377592563886669, 51.172973103189605 ], [ 4.376923749734444, 51.172406351143174 ], [ 4.376169804732984, 51.171883533920479 ], [ 4.375337990270785, 51.171409685008733 ], [ 4.374436316686928, 51.170989366303679 ], [ 4.373473466145972, 51.170626624234664 ], [ 4.372458709079538, 51.170324950851814 ], [ 4.371401814997111, 51.17008725024774 ], [ 4.370312958521584, 51.169915810635075 ], [ 4.369202621549775, 51.169812282347181 ], [ 4.36808149247453, 51.169777661972375 ], [ 4.366960363432455, 51.169812282773314 ], [ 4.365850026559846, 51.169915811483278 ], [ 4.364761170248614, 51.170087251509948 ], [ 4.363704276394042, 51.170324952516026 ], [ 4.362689519616875, 51.170626626284999 ], [ 4.361726669423878, 51.170989368720626 ], [ 4.360824996243396, 51.171409687769263 ], [ 4.35999318223618, 51.171883536998244 ], [ 4.359239237737015, 51.172406354508809 ], [ 4.35857042412964, 51.172973106810936 ], [ 4.357993183897067, 51.17357833723991 ], [ 4.357513078521595, 51.174216218450461 ], [ 4.357134734834749, 51.174880608485296 ], [ 4.35686180033724, 51.175565109879784 ], [ 4.356696907923893, 51.176263131235629 ], [ 4.356641650358915, 51.17696795067183 ], [ 4.356696564753836, 51.177672780542743 ], [ 4.356861127204574, 51.178370832801242 ], [ 4.357133757646611, 51.179055384376895 ], [ 4.357511834888859, 51.179719841939949 ], [ 4.357991721688408, 51.180357805426624 ], [ 4.35856879963123, 51.180963129712438 ], [ 4.359237513488572, 51.181529983838978 ], [ 4.359991424626534, 51.182052907221077 ], [ 4.360823272957973, 51.182526862291873 ], [ 4.361725046842241, 51.182947283076004 ], [ 4.362688060260289, 51.183310119221282 ], [ 4.363703036521213, 51.183611875062269 ], [ 4.364760197692014, 51.183849643337552 ], [ 4.365849358885746, 51.184021133233927 ], [ 4.366960026495431, 51.184124692485639 ], [ 4.368081499422003, 51.184159323314468 ], [ 4.369202972314833, 51.184124692056031 ], [ 4.370313639823641, 51.184021132378874 ], [ 4.371402800850343, 51.183849642065411 ], [ 4.372459961789618, 51.183611873385416 ], [ 4.373474937756803, 51.183310117156047 ], [ 4.374437950821783, 51.182947280642509 ], [ 4.375339724297136, 51.182526859513771 ], [ 4.376171572167834, 51.182052904125406 ], [ 4.37692548279774, 51.181529980455778 ], [ 4.37759419610469, 51.180963126074566 ], [ 4.378171273460167, 51.180357801569322 ], [ 4.378651159641143, 51.17971983790062 ], [ 4.379029236239617, 51.17905538019459 ], [ 4.379301866018932, 51.178370828516393 ], [ 4.379466427794416, 51.177672776196722 ], [ 4.379521341508084, 51.176967946306533 ] ] ] } },
{ "type": "Feature", "properties": { "stop_id": "osm-2119263431", "name": "Aartselaarstraat", "lines": "10", "line_count": 1, "source": "osm-overpass", "buffer_m": 800 }, "geometry": { "type": "Polygon", "coordinates": [ [ [ 4.379655805012253, 51.177227033287267 ], [ 4.379600544429251, 51.176522214005864 ], [ 4.379435648416067, 51.175824192970673 ], [ 4.379162709771606, 51.175139692059581 ], [ 4.378784361430625, 51.174475302666131 ], [ 4.378304250938638, 51.173837422248759 ], [ 4.377727005176401, 51.173232192757105 ], [ 4.377058185679405, 51.172665441527322 ], [ 4.3763042349873, 51.172142625213866 ], [ 4.375472414543369, 51.171668777295125 ], [ 4.374570734744281, 51.171248459657328 ], [ 4.373607877814418, 51.170885718719511 ], [ 4.372593114246887, 51.170584046520929 ], [ 4.371536213613735, 51.170346347142761 ], [ 4.370447350600879, 51.170174908785839 ], [ 4.369337007168047, 51.170071381771479 ], [ 4.36821587177025, 51.1700367626757 ], [ 4.367094736604924, 51.170071384748852 ], [ 4.365984393867283, 51.17017491471195 ], [ 4.364895532005673, 51.170346355960646 ], [ 4.36383863296879, 51.170584058145856 ], [ 4.362823871427257, 51.170885733039761 ], [ 4.361861016933701, 51.171248476535261 ], [ 4.360959339957873, 51.171668796568454 ], [ 4.360127522697078, 51.172142646697296 ], [ 4.359373575517446, 51.172665465014298 ], [ 4.358704759828557, 51.17323221802171 ], [ 4.358127518133494, 51.173837449047959 ], [ 4.357647411928689, 51.174475330742133 ], [ 4.357269068053703, 51.175139721142223 ], [ 4.356996134011115, 51.175824222780037 ], [ 4.356831242691416, 51.17652224425499 ], [ 4.356775986848351, 51.177227063684867 ], [ 4.356830903576917, 51.177931893424166 ], [ 4.356995468950609, 51.178629945426984 ], [ 4.357268102876814, 51.179314496625317 ], [ 4.357646184130923, 51.179978953693094 ], [ 4.358126075431424, 51.180616916571225 ], [ 4.358703158320963, 51.18122224014116 ], [ 4.359371877523159, 51.1817890934513 ], [ 4.360125794352635, 51.182312015924403 ], [ 4.36095764866743, 51.182785970002342 ], [ 4.361859428769237, 51.183206389719295 ], [ 4.362822448579102, 51.183569224733375 ], [ 4.363837431344527, 51.183870979389987 ], [ 4.364894599069815, 51.184108746439193 ], [ 4.365983766804842, 51.184280235079541 ], [ 4.367094440879585, 51.184383793057435 ], [ 4.368215920132648, 51.184418422606861 ], [ 4.369337399152428, 51.184383790075806 ], [ 4.370448072529572, 51.184280229145088 ], [ 4.371537239109449, 51.184108737609151 ], [ 4.372594405233206, 51.183870967749598 ], [ 4.373609385966225, 51.18356921039495 ], [ 4.374572403332468, 51.183206372821196 ], [ 4.375474180603083, 51.182785950707597 ], [ 4.37630603172649, 51.182311994419145 ], [ 4.377059945035241, 51.18178906994293 ], [ 4.377728660421401, 51.181222214856376 ], [ 4.378305739236453, 51.180616889753829 ], [ 4.37878562624336, 51.179978925601638 ], [ 4.379163703026214, 51.179314467530538 ], [ 4.37943633234664, 51.178629915609264 ], [ 4.379600893024437, 51.177931863170805 ], [ 4.379655805012253, 51.177227033287267 ] ] ] } },
{ "type": "Feature", "properties": { "stop_id": "osm-1035870135", "name": "Abdijstraat", "lines": "4,10", "line_count": 2, "source": "osm-overpass", "buffer_m": 800 }, "geometry": { "type": "Polygon", "coordinates": [ [ [ 4.390287401008812, 51.190670703828587 ], [ 4.390231963906967, 51.189965893134868 ], [ 4.39006686134264, 51.189267890517847 ], [ 4.389793688106272, 51.188583417677599 ], [ 4.389415079393717, 51.187919065736899 ], [ 4.388934685259319, 51.187281231793051 ], [ 4.388357135316186, 51.186676057347718 ], [ 4.387687994029324, 51.186109369206633 ], [ 4.386933707036868, 51.185586623416349 ], [ 4.38610153901972, 51.185112852776001 ], [ 4.385199503720163, 51.184692618427377 ], [ 4.384236286784051, 51.184329965987438 ], [ 4.383221162168939, 51.184028386643234 ], [ 4.382163902921039, 51.183790783581877 ], [ 4.381074687176811, 51.183619444076889 ], [ 4.379964000289775, 51.183516017497844 ], [ 4.378842534019437, 51.18348149945394 ], [ 4.377721083746725, 51.183516222222757 ], [ 4.376610444698802, 51.18361985155601 ], [ 4.375521308175312, 51.183791389892811 ], [ 4.374464158768236, 51.184029185949534 ], [ 4.37344917355809, 51.184330950594756 ], [ 4.372486124250835, 51.184693778857387 ], [ 4.371584283192283, 51.185114177857571 ], [ 4.370752334160483, 51.185588100392927 ], [ 4.369998288791722, 51.18611098385891 ], [ 4.369329409442892, 51.186677794130418 ], [ 4.368752139232357, 51.18728307398446 ], [ 4.368272039933769, 51.187920995599718 ], [ 4.367893738323098, 51.188585416629543 ], [ 4.367620881499016, 51.189269939310627 ], [ 4.36745610161156, 51.189967972039305 ], [ 4.367400990344471, 51.190672792824635 ], [ 4.367456083403406, 51.191377614007656 ], [ 4.367620855166408, 51.192075647624364 ], [ 4.367893723555557, 51.19276017078343 ], [ 4.368272065090097, 51.1934245904283 ], [ 4.368752239983187, 51.194062506859872 ], [ 4.369329627047043, 51.19466777540655 ], [ 4.36999866807601, 51.195234565646288 ], [ 4.370752921284818, 51.195757417608959 ], [ 4.37158512329085, 51.196231294415298 ], [ 4.372487259045647, 51.196651630843604 ], [ 4.373450639042917, 51.197014377354066 ], [ 4.374465983058764, 51.197316039144525 ], [ 4.375523509615522, 51.197553709859541 ], [ 4.376613030304203, 51.1977250996257 ], [ 4.377724048052441, 51.197828557141861 ], [ 4.378845858385922, 51.19786308561001 ], [ 4.37996765270156, 51.197828352351898 ], [ 4.381078622550819, 51.197724692018959 ], [ 4.382168063921539, 51.197553103363347 ], [ 4.383225480506635, 51.197315239602425 ], [ 4.384240684958085, 51.197013392469501 ], [ 4.385203897144612, 51.196650470105531 ], [ 4.386105838461041, 51.196229969006687 ], [ 4.386937821276474, 51.195755940298945 ], [ 4.387691832656335, 51.195232950666963 ], [ 4.388360611549911, 51.194666038315766 ], [ 4.388937718699278, 51.194060664391223 ], [ 4.389417598597129, 51.193422660329702 ], [ 4.389795632898943, 51.192758171646204 ], [ 4.390068184778583, 51.192073598703999 ], [ 4.390232633804851, 51.191375535038176 ], [ 4.390287401008812, 51.190670703828587 ] ] ] } },
{ "type": "Feature", "properties": { "stop_id": "osm-2109888547", "name": "Abdijstraat", "lines": "4,10", "line_count": 2, "source": "osm-overpass", "buffer_m": 800 }, "geometry": { "type": "Polygon", "coordinates": [ [ [ 4.389570716640189, 51.189918873226581 ], [ 4.389515291257332, 51.189214061993887 ], [ 4.389350202074065, 51.18851605817482 ], [ 4.389077043751831, 51.187831583481049 ], [ 4.388698451342761, 51.187167229053195 ], [ 4.388218074744128, 51.186529392012609 ], [ 4.387640543400126, 51.185924213890729 ], [ 4.386971421596658, 51.185357521528793 ], [ 4.386217154784262, 51.184834771013954 ], [ 4.385385007449581, 51.184360995190886 ], [ 4.384482993135822, 51.183940755251328 ], [ 4.383519797286874, 51.183578096866015 ], [ 4.382504693657372, 51.183276511279281 ], [ 4.381447455091598, 51.18303890173835 ], [ 4.380358259527023, 51.182867555579108 ], [ 4.379247592123005, 51.182764122235206 ], [ 4.378126144451606, 51.182729597380963 ], [ 4.377004711714799, 51.182764313359513 ], [ 4.375894088971021, 51.182867935987971 ], [ 4.374804967363023, 51.183039467769937 ], [ 4.373747831339236, 51.183277257484903 ], [ 4.372732857851354, 51.183579016062495 ], [ 4.371769818492471, 51.183941838590016 ], [ 4.370867985512581, 51.184362232242826 ], [ 4.370036042611888, 51.184836149870051 ], [ 4.369282001367551, 51.185359028914398 ], [ 4.368613124096632, 51.185925835293332 ], [ 4.368035853897344, 51.186531111821346 ], [ 4.367555752543072, 51.187169030709136 ], [ 4.367177446829405, 51.187833449636393 ], [ 4.366904583894347, 51.188517970860033 ], [ 4.366739795946599, 51.189216002790467 ], [ 4.366684674747346, 51.189920823444467 ], [ 4.366739756097724, 51.19062564516436 ], [ 4.366904514488392, 51.191323679980989 ], [ 4.367177367970084, 51.192008204991481 ], [ 4.367555693205513, 51.192672627121546 ], [ 4.368035850564747, 51.193310546648163 ], [ 4.368613219028834, 51.193915818869897 ], [ 4.369282240571255, 51.19448261332937 ], [ 4.370036473594451, 51.195005470015857 ], [ 4.370868654910282, 51.195479352004575 ], [ 4.371770769669657, 51.1958996940239 ], [ 4.372734128568628, 51.196262446480219 ], [ 4.373749451586636, 51.196564114514103 ], [ 4.374806957448421, 51.19680179170993 ], [ 4.37589645794448, 51.196973188131885 ], [ 4.3770074561971, 51.197076652414729 ], [ 4.378129247919905, 51.197111187695185 ], [ 4.379251024689203, 51.197076461229472 ], [ 4.380361978225594, 51.196972807603451 ], [ 4.381451404674142, 51.196801225504757 ], [ 4.382508807871571, 51.196563368087538 ], [ 4.383524000598852, 51.196261527023971 ], [ 4.384487202837643, 51.19589861039654 ], [ 4.385389136078562, 51.195478114646193 ], [ 4.386221112768442, 51.195004090847313 ], [ 4.386975120031614, 51.19448110563733 ], [ 4.3876438968569, 51.193914197178671 ], [ 4.388221004006158, 51.193308826579646 ], [ 4.388700885971922, 51.192670825244697 ], [ 4.389078924389578, 51.192006338662537 ], [ 4.389351482393166, 51.191321767176206 ], [ 4.389515939492322, 51.190623704306816 ], [ 4.389570716640189, 51.189918873226581 ] ] ] } },
{ "type": "Feature", "properties": { "stop_id": "osm-5907365094", "name": "Amsterdam", "lines": "24", "line_count": 1, "source": "osm-overpass", "buffer_m": 800 }, "geometry": { "type": "Polygon", "coordinates": [ [ [ 4.416425647972089, 51.23119867299534 ], [ 4.416369767501209, 51.230493885717948 ], [ 4.416204130069224, 51.22979593066222 ], [ 4.415930335624896, 51.22911152906898 ], [ 4.415551025352634, 51.22844727137376 ], [ 4.415069856067641, 51.227809553765049 ], [ 4.414491464850919, 51.227204516623175 ], [ 4.413821424270385, 51.226637985430656 ], [ 4.413066188624003, 51.226115414721868 ], [ 4.412233031726083, 51.225641835609224 ], [ 4.411329976838027, 51.225221807389715 ], [ 4.410365719419009, 51.224859373695061 ], [ 4.409349543439824, 51.224558023605802 ], [ 4.408291232063696, 51.224320658101568 ], [ 4.407200973550731, 51.224149562168613 ], [ 4.406089263287605, 51.224046382831588 ], [ 4.404966802880188, 51.224012113319461 ], [ 4.403844397274544, 51.224047083517391 ], [ 4.402732850889944, 51.22415095679537 ], [ 4.40164286375692, 51.224322733244271 ], [ 4.400584928653309, 51.224560759288515 ], [ 4.399569230221851, 51.22486274358284 ], [ 4.398605547034442, 51.225225779041885 ], [ 4.397703157540518, 51.225646370791203 ], [ 4.396870750800706, 51.226120469772937 ], [ 4.396116342861913, 51.226643511683719 ], [ 4.395447199577116, 51.227210460872918 ], [ 4.394869766612394, 51.227815858779721 ], [ 4.394389607315989, 51.228453876445812 ], [ 4.394011349049881, 51.229118370599146 ], [ 4.393738638504229, 51.229802942771649 ], [ 4.393574106429617, 51.230501000882249 ], [ 4.393519342132521, 51.231205822694697 ], [ 4.393574877986041, 51.231910620539004 ], [ 4.393740184112149, 51.232608606674908 ], [ 4.39401367329398, 51.233293058667172 ], [ 4.39439271607819, 51.233957384143437 ], [ 4.394873665928996, 51.234595184310429 ], [ 4.395451894198126, 51.235200315615167 ], [ 4.396121834579649, 51.235766948956481 ], [ 4.396877036626194, 51.23628962587452 ], [ 4.397710227814671, 51.236763311175288 ], [ 4.398613383565916, 51.237183441481037 ], [ 4.39957780454464, 51.237545969236919 ], [ 4.400594200494536, 51.237847401747693 ], [ 4.401652779799039, 51.238084834866306 ], [ 4.402743343901694, 51.238255981008116 ], [ 4.403855385672192, 51.238359191219025 ], [ 4.404978190765015, 51.238393471083512 ], [ 4.406100940988034, 51.238358490318653 ], [ 4.407212818678526, 51.238254585960519 ], [ 4.408303111074057, 51.238082759112586 ], [ 4.409361313665719, 51.237844665287312 ], [ 4.410377231531361, 51.237542598434693 ], [ 4.411341077666354, 51.237179468812791 ], [ 4.412243567359275, 51.236758774914662 ], [ 4.413076007698909, 51.236284569723686 ], [ 4.41383038134713, 51.235761421624773 ], [ 4.414499423768723, 51.235194370349348 ], [ 4.415076693173729, 51.234588878381295 ], [ 4.41555663249942, 51.23395077829371 ], [ 4.415934622837161, 51.233286216525961 ], [ 4.41620702779313, 51.232601594144612 ], [ 4.416371228360384, 51.231903505160162 ], [ 4.416425647972089, 51.23119867299534 ] ] ] } },
{ "type": "Feature", "properties": { "stop_id": "osm-5907365095", "name": "Amsterdam", "lines": "24", "line_count": 1, "source": "osm-overpass", "buffer_m": 800 }, "geometry": { "type": "Polygon", "coordinates": [ [ [ 4.415763754132029, 51.23122353709477 ], [ 4.415707883638006, 51.230518749511518 ], [ 4.415542256027032, 51.229820793535609 ], [ 4.415268471153321, 51.229136390416727 ], [ 4.41488917010916, 51.228472130605127 ], [ 4.414408009620937, 51.227834410309704 ], [ 4.413829626685011, 51.227229369936687 ], [ 4.413159593789629, 51.226662834999736 ], [ 4.41240436515883, 51.226140260069251 ], [ 4.411571214539451, 51.225666676298296 ], [ 4.410668165132516, 51.22524664302879 ], [ 4.409703912344495, 51.224884203941016 ], [ 4.408687740101662, 51.224582848167472 ], [ 4.407629431531316, 51.224345476742499 ], [ 4.406539174866606, 51.224174374709385 ], [ 4.405427465476435, 51.224071189151438 ], [ 4.404305004958291, 51.224036913357594 ], [ 4.403182598259306, 51.224071877273389 ], [ 4.402071049809268, 51.224175744329351 ], [ 4.400981059658569, 51.224347514676218 ], [ 4.399923120614062, 51.2245855347972 ], [ 4.398907417356376, 51.224887513404013 ], [ 4.397943728503817, 51.225250543466053 ], [ 4.397041332560303, 51.225671130160862 ], [ 4.396208918648474, 51.226145224479204 ], [ 4.395454502884233, 51.226668262162704 ], [ 4.394785351195825, 51.227235207601346 ], [ 4.39420790933018, 51.22784060227054 ], [ 4.393727740721179, 51.228478617243098 ], [ 4.393349472820431, 51.229143109272961 ], [ 4.393076752410823, 51.229827679912489 ], [ 4.392912210337899, 51.230525737095441 ], [ 4.392857436004404, 51.231230558594518 ], [ 4.392912961880089, 51.231935356742795 ], [ 4.393078258183035, 51.232633343797069 ], [ 4.393351737791008, 51.233317797313269 ], [ 4.393730771342914, 51.233982124904465 ], [ 4.39421171239194, 51.234619927756974 ], [ 4.394789932374652, 51.235225062291981 ], [ 4.395459865065005, 51.235791699377216 ], [ 4.396215060089784, 51.236314380516795 ], [ 4.397048244993612, 51.236788070476059 ], [ 4.397951395257937, 51.237208205832374 ], [ 4.398915811600394, 51.237570738982299 ], [ 4.399932203809408, 51.237872177178566 ], [ 4.400990780304497, 51.238109616219404 ], [ 4.402081342556318, 51.238280768463092 ], [ 4.403193383452427, 51.238383984896693 ], [ 4.404316188655746, 51.238418271044836 ], [ 4.405438939973084, 51.238383296563967 ], [ 4.406550819731165, 51.238279398429682 ], [ 4.40764111514761, 51.238107577685447 ], [ 4.408699321684378, 51.23786948978492 ], [ 4.409715244381254, 51.237567428621006 ], [ 4.410679096187019, 51.237204304396975 ], [ 4.411581592335552, 51.23678361555389 ], [ 4.41241403985338, 51.236309415026462 ], [ 4.413168421333157, 51.235786271154637 ], [ 4.413837472164161, 51.23521922362918 ], [ 4.414414750475361, 51.234613734897849 ], [ 4.414894699118181, 51.23397563750256 ], [ 4.415272699094188, 51.233311077856833 ], [ 4.415545113916692, 51.232626457006738 ], [ 4.415709324483693, 51.23192836894809 ], [ 4.415763754132029, 51.23122353709477 ] ] ] } },
{ "type": "Feature", "properties": { "stop_id": "osm-2202073275", "name": "Antwerp Expo", "lines": "2,6", "line_count": 2, "source": "osm-overpass", "buffer_m": 800 }, "geometry": { "type": "Polygon", "coordinates": [ [ [ 4.409387700741715, 51.191080754093157 ], [ 4.40933197463514, 51.19037595249592 ], [ 4.409166584901728, 51.189677976700956 ], [ 4.408893129096847, 51.188993548149277 ], [ 4.408514245136519, 51.188329257536452 ], [ 4.40803358572431, 51.187691501368477 ], [ 4.407455783026171, 51.187086420397542 ], [ 4.406786403939066, 51.186519840528838 ], [ 4.406031896388843, 51.185997216765877 ], [ 4.405199527177961, 51.185523580732557 ], [ 4.404297311983752, 51.185103492274429 ], [ 4.40333393818208, 51.184740995603633 ], [ 4.402318681238899, 51.184439580407464 ], [ 4.401261315472783, 51.184202148292684 ], [ 4.400172020044329, 51.184030984887137 ], [ 4.39906128107318, 51.183927737865133 ], [ 4.397939790819609, 51.183893401107404 ], [ 4.396818344895188, 51.183928305146452 ], [ 4.395707738485359, 51.184032113989026 ], [ 4.394618662576107, 51.18420382834622 ], [ 4.393561601176797, 51.184441795239927 ], [ 4.392546730521937, 51.184743723894101 ], [ 4.391583821216181, 51.185106707758656 ], [ 4.390682144259266, 51.185527252455564 ], [ 4.389850381851281, 51.186001309379584 ], [ 4.389096543833757, 51.186524314631967 ], [ 4.388427890569242, 51.18709123291471 ], [ 4.387850863001253, 51.187696605964341 ], [ 4.387371020568968, 51.188334605061662 ], [ 4.386992987576628, 51.188999087113366 ], [ 4.386720408537651, 51.189683653767815 ], [ 4.386555912928138, 51.190381712997194 ], [ 4.386501089694912, 51.191086542554608 ], [ 4.386556471770038, 51.191791354695788 ], [ 4.386721530748016, 51.192489361543032 ], [ 4.386994681784225, 51.193173840462023 ], [ 4.387373298674736, 51.193838198821666 ], [ 4.387853738979322, 51.194476037512374 ], [ 4.388431378952218, 51.195081212610752 ], [ 4.389100657949898, 51.195647894594323 ], [ 4.389855131892895, 51.19617062453532 ], [ 4.390687535270261, 51.196644366729515 ], [ 4.391589851091663, 51.197064557251664 ], [ 4.392553388114194, 51.197427147967346 ], [ 4.39356886459941, 51.197728645575175 ], [ 4.394626497791864, 51.197966145301351 ], [ 4.395716098253912, 51.19813735891978 ], [ 4.396827168143643, 51.198240636826462 ], [ 4.397949002483765, 51.198274983953823 ], [ 4.399070792439656, 51.198240069370861 ], [ 4.400181729604932, 51.198136229476013 ], [ 4.401271110282861, 51.197964464751465 ], [ 4.402328438751993, 51.197726430110947 ], [ 4.403343528514473, 51.19742441893402 ], [ 4.404306600545464, 51.197061340942014 ], [ 4.405208377591788, 51.196640694130267 ], [ 4.406040173606983, 51.196166531028204 ], [ 4.406793977458008, 51.195643419614946 ], [ 4.407462530095316, 51.195076399268189 ], [ 4.408039394442437, 51.19447093217368 ], [ 4.408519017332686, 51.193832850664705 ], [ 4.40889678289869, 51.193168301001592 ], [ 4.409169056904081, 51.192483684134274 ], [ 4.409333221595024, 51.191785594020189 ], [ 4.409387700741715, 51.191080754093157 ] ] ] } },
{ "type": "Feature", "properties": { "stop_id": "osm-2202073276", "name": "Antwerp Expo", "lines": "2,6", "line_count": 2, "source": "osm-overpass", "buffer_m": 800 }, "geometry": { "type": "Polygon", "coordinates": [ [ [ 4.411009555547501, 51.192120097039314 ], [ 4.410953803700268, 51.19141529648774 ], [ 4.410788386021485, 51.190717323240797 ], [ 4.410514900335797, 51.190032898714826 ], [ 4.410135984847082, 51.189368613566607 ], [ 4.409655292562579, 51.188730864249472 ], [ 4.40907745596479, 51.188125791449579 ], [ 4.408408042277062, 51.187559220993279 ], [ 4.407653499758323, 51.187036607793573 ], [ 4.406821095547601, 51.18656298337249 ], [ 4.405918845659058, 51.186142907463775 ], [ 4.404955437802411, 51.18578042415875 ], [ 4.403940147771289, 51.185479023015986 ], [ 4.402882750202608, 51.185241605506945 ], [ 4.401793424562933, 51.185070457118826 ], [ 4.400682657262561, 51.184967225381442 ], [ 4.399561140834314, 51.184932904028301 ], [ 4.398439671141598, 51.184967823443635 ], [ 4.397329043598559, 51.185071647486225 ], [ 4.396239949394563, 51.185243376720827 ], [ 4.395182872715059, 51.185481358026109 ], [ 4.394167989941687, 51.18578330048728 ], [ 4.393205071795834, 51.186146297421374 ], [ 4.392303389362461, 51.186566854324504 ], [ 4.391471624894535, 51.187040922473884 ], [ 4.39071778825363, 51.187563937862755 ], [ 4.390049139789265, 51.188130865095445 ], [ 4.389472120399011, 51.188736245822284 ], [ 4.388992289443578, 51.189374251250122 ], [ 4.388614271116991, 51.190038738224658 ], [ 4.388341709791738, 51.190723308346783 ], [ 4.388177234773626, 51.191421369555258 ], [ 4.388122434811446, 51.192126199584024 ], [ 4.388177842613391, 51.192831010684245 ], [ 4.388342929526398, 51.193529014988158 ], [ 4.388616110436965, 51.194213489885918 ], [ 4.388994758853553, 51.194877842784983 ], [ 4.38947523203235, 51.195515674628425 ], [ 4.390052905910969, 51.196120841558638 ], [ 4.390722219519267, 51.196687514131845 ], [ 4.391476728444314, 51.197210233510823 ], [ 4.39230916683807, 51.197683964093088 ], [ 4.393211517372736, 51.198104142065176 ], [ 4.394175088470826, 51.198466719413574 ], [ 4.395190598065435, 51.198768202965617 ], [ 4.39624826308194, 51.199005688082941 ], [ 4.397337893775909, 51.199176886680149 ], [ 4.39844899201398, 51.199280149298005 ], [ 4.399570852545576, 51.199314481016202 ], [ 4.400692666283598, 51.199279551052214 ], [ 4.401803624592427, 51.199175695952668 ], [ 4.402893023571553, 51.199003916346271 ], [ 4.403950367323188, 51.198765867290113 ], [ 4.40496546920226, 51.198463842302651 ], [ 4.405928550067276, 51.198100751238265 ], [ 4.406830332580065, 51.197680092218192 ], [ 4.407662130641667, 51.197205917889526 ], [ 4.408415933099522, 51.196682796339495 ], [ 4.40908448091775, 51.196115767043437 ], [ 4.409661337066551, 51.195510292273255 ], [ 4.410140948458499, 51.194872204436123 ], [ 4.410518699337263, 51.194207649853311 ], [ 4.41079095560823, 51.193523029522083 ], [ 4.410955099688658, 51.192824937433166 ], [ 4.411009555547501, 51.192120097039314 ] ] ] } },
{ "type": "Feature", "properties": { "stop_id": "osm-2216971990", "name": "Antwerp stadion", "lines": "A9", "line_count": 1, "source": "osm-overpass", "buffer_m": 800 }, "geometry": { "type": "Polygon", "coordinates": [ [ [ 4.480921924274714, 51.228290927007926 ], [ 4.480865072302691, 51.227586169666758 ], [ 4.480698479737793, 51.22688830440871 ], [ 4.4804237557241, 51.226204051607333 ], [ 4.480043550393641, 51.225540000262804 ], [ 4.479561529175524, 51.224902544574341 ], [ 4.47898233734823, 51.224297822398171 ], [ 4.47831155518206, 51.223731656182295 ], [ 4.477555644108378, 51.223209496945387 ], [ 4.47672188443755, 51.222736371836938 ], [ 4.47581830522746, 51.222316835781982 ], [ 4.474853606978688, 51.221954927673188 ], [ 4.47383707790013, 51.221654131530755 ], [ 4.472778504549258, 51.221417343001157 ], [ 4.471688077704148, 51.221246841516212 ], [ 4.470576294369081, 51.221144268378048 ], [ 4.469453856851753, 51.22111061098019 ], [ 4.468331569877565, 51.221146193315427 ], [ 4.467220236724784, 51.22125067286121 ], [ 4.466130555373525, 51.221423043872271 ], [ 4.465073015661422, 51.221661647049409 ], [ 4.464057798429362, 51.221964185491295 ], [ 4.463094677622118, 51.222327746777452 ], [ 4.462192926281036, 51.222748830970751 ], [ 4.461361227329447, 51.223223384271449 ], [ 4.460607590006551, 51.223746838001162 ], [ 4.45993927275243, 51.224314152542881 ], [ 4.459362713286131, 51.224919865816439 ], [ 4.458883466550972, 51.225558145825076 ], [ 4.458506151126769, 51.226222846768557 ], [ 4.45823440462859, 51.226907568185155 ], [ 4.458070848526251, 51.227605716554201 ], [ 4.458017062728987, 51.228310568767576 ], [ 4.458073570186632, 51.229015336859952 ], [ 4.458239831662601, 51.229713233374831 ], [ 4.458514250736367, 51.230397536737549 ], [ 4.45889418899458, 51.231061656004854 ], [ 4.459375991271562, 51.231699194367287 ], [ 4.459955020702619, 51.232304010791552 ], [ 4.460625703258247, 51.232870279207688 ], [ 4.46138158133506, 51.233392544669549 ], [ 4.462215375890743, 51.233865775945453 ], [ 4.463119056526812, 51.234285414030445 ], [ 4.464083918844939, 51.234647416110924 ], [ 4.465100668331139, 51.234948294555359 ], [ 4.466159509957794, 51.23518515055445 ], [ 4.467250242637141, 51.235355702083595 ], [ 4.468362357611863, 51.235458305917511 ], [ 4.469485139829537, 51.235491973483008 ], [ 4.470607771318115, 51.235456380396556 ], [ 4.471719435559843, 51.235351869593963 ], [ 4.472809421851034, 51.235179448021562 ], [ 4.473867228635386, 51.234940776921633 ], [ 4.47488266480858, 51.234638155805797 ], [ 4.475845948012052, 51.234274500271525 ], [ 4.476747798963661, 51.233853313878015 ], [ 4.477579530912104, 51.233378654352336 ], [ 4.478333133350127, 51.232855094455154 ], [ 4.479001349178258, 51.232287677883406 ], [ 4.479577744575192, 51.231681870638177 ], [ 4.480056770902706, 51.231043508327531 ], [ 4.480433818051133, 51.230378739914535 ], [ 4.48070525871508, 51.229693968453716 ], [ 4.480868483177779, 51.228995789388961 ], [ 4.480921924274714, 51.228290927007926 ] ] ] } },
{ "type": "Feature", "properties": { "stop_id": "osm-2216972000", "name": "Antwerp stadion", "lines": "A9", "line_count": 1, "source": "osm-overpass", "buffer_m": 800 }, "geometry": { "type": "Polygon", "coordinates": [ [ [ 4.481282448337142, 51.228389192095491 ], [ 4.481225590795358, 51.227684434954959 ], [ 4.481058992482864, 51.226986570231865 ], [ 4.480784262599106, 51.226302318294501 ], [ 4.480404051332631, 51.225638268134766 ], [ 4.479922024169705, 51.225000813940483 ], [ 4.479342826446039, 51.224396093553409 ], [ 4.478672038488682, 51.223829929404367 ], [ 4.477916121784729, 51.223307772492085 ], [ 4.477082356698729, 51.2228346499437 ], [ 4.476178772340657, 51.222415116659555 ], [ 4.475214069260626, 51.222053211505646 ], [ 4.474197535714007, 51.221752418473706 ], [ 4.473138958301247, 51.221515633180296 ], [ 4.472048527839498, 51.221345135026063 ], [ 4.470936741367825, 51.221242565281038 ], [ 4.469814301224102, 51.221208911306178 ], [ 4.468692012158993, 51.221244497061242 ], [ 4.46758067747089, 51.221348979990744 ], [ 4.466490995154687, 51.221521354316913 ], [ 4.465433455057314, 51.221759960708582 ], [ 4.464418238023383, 51.222062502233484 ], [ 4.463455117995786, 51.222426066441514 ], [ 4.462553368008388, 51.222847153367326 ], [ 4.46172167097153, 51.22332170918493 ], [ 4.460968036106014, 51.223845165191676 ], [ 4.460299721828306, 51.224412481748644 ], [ 4.459723165828847, 51.225018196756274 ], [ 4.459243923017613, 51.225656478201039 ], [ 4.458866611936681, 51.226321180268897 ], [ 4.458594870159343, 51.227005902487292 ], [ 4.458431319109991, 51.227704051327805 ], [ 4.45837753864923, 51.228408903677789 ], [ 4.45843405167552, 51.229113671570509 ], [ 4.458600318898674, 51.229811567551479 ], [ 4.458874743842814, 51.230495870051122 ], [ 4.459254688038056, 51.231159988134451 ], [ 4.459736496261528, 51.231797525003444 ], [ 4.460315531591243, 51.23240233963913 ], [ 4.460986219940859, 51.232968605988816 ], [ 4.46174210365115, 51.233490869126214 ], [ 4.462575903625501, 51.233964097842041 ], [ 4.463479589413189, 51.234383733156008 ], [ 4.464444456566228, 51.234745732281155 ], [ 4.465461210524013, 51.235046607614485 ], [ 4.466520056215812, 51.235283460376642 ], [ 4.467610792514668, 51.235454008574195 ], [ 4.468722910628359, 51.235556609013969 ], [ 4.469845695474203, 51.235590273155466 ], [ 4.470968329054818, 51.235554676648185 ], [ 4.472079994832278, 51.235450162460815 ], [ 4.473169982088106, 51.23527773757236 ], [ 4.474227789256716, 51.235039063257084 ], [ 4.475243225230095, 51.234736439057464 ], [ 4.476206507651636, 51.234372780600836 ], [ 4.477108357246761, 51.23395159147438 ], [ 4.477940087277264, 51.233476929431674 ], [ 4.478693687254416, 51.232953367257444 ], [ 4.479361900102491, 51.232385948670689 ], [ 4.479938292028931, 51.231780139691836 ], [ 4.480417314429, 51.231141775945687 ], [ 4.480794357230893, 51.230477006409053 ], [ 4.481065793171133, 51.229792234147332 ], [ 4.481229012578479, 51.229094054612062 ], [ 4.481282448337142, 51.228389192095491 ] ] ] } },
{ "type": "Feature", "properties": { "stop_id": "osm-616349071", "name": "Barnkracht", "lines": "2,A3", "line_count": 2, "source": "osm-overpass", "buffer_m": 800 }, "geometry": { "type": "Polygon", "coordinates": [ [ [ 4.45690500567418, 51.244474453075398 ], [ 4.456848497140977, 51.243769688747847 ], [ 4.456682206351773, 51.243071794169687 ], [ 4.456407739548641, 51.242387489997682 ], [ 4.456027744391111, 51.24172336572758 ], [ 4.455545884288933, 51.241085816261538 ], [ 4.454966802973645, 51.240480980359415 ], [ 4.454296079655724, 51.239914681564763 ], [ 4.453540175203883, 51.239392372173199 ], [ 4.452706369868258, 51.238919080780221 ], [ 4.451802693149365, 51.238499363911963 ], [ 4.450837846488923, 51.238137262202009 ], [ 4.449821119526309, 51.237836261534362 ], [ 4.448762300725016, 51.237599259524544 ], [ 4.447671583226298, 51.237428537659298 ], [ 4.446559466832046, 51.237325739362227 ], [ 4.44543665705511, 51.237291854194282 ], [ 4.44431396220282, 51.23732720834078 ], [ 4.443202189477764, 51.237431461475758 ], [ 4.442112041089127, 51.237603610033531 ], [ 4.441054011367792, 51.237841996856446 ], [ 4.440038285868977, 51.238144327126115 ], [ 4.439074643427658, 51.238507690426424 ], [ 4.438172362104329, 51.238928588726537 ], [ 4.437340129922251, 51.239402970016954 ], [ 4.436585961252383, 51.239926267275877 ], [ 4.435917119649104, 51.240493442393415 ], [ 4.435340047879159, 51.241099034632697 ], [ 4.434860305818424, 51.241737213163098 ], [ 4.434482516816677, 51.242401833162504 ], [ 4.434210323050446, 51.243086494949573 ], [ 4.434046350298515, 51.243784605578853 ], [ 4.433992182485065, 51.244489442306715 ], [ 4.434048346242098, 51.245194217317938 ], [ 4.434214305646818, 51.245892143090373 ], [ 4.434488467192066, 51.246576497768515 ], [ 4.434868194949209, 51.247240689915678 ], [ 4.435349835784535, 51.247878322021208 ], [ 4.435928754392813, 51.248483252149498 ], [ 4.436599377816306, 51.249049653135877 ], [ 4.437355249025185, 51.249572068757601 ], [ 4.438189089046828, 51.250045466336786 ], [ 4.439092867047752, 51.250465285266642 ], [ 4.440057877694031, 51.250827480991404 ], [ 4.441074825044399, 51.25112856401411 ], [ 4.442133912165994, 51.251365633554435 ], [ 4.443224935606152, 51.251536405530423 ], [ 4.444337383805834, 51.251639234592766 ], [ 4.445460538501087, 51.251673129998238 ], [ 4.446583578129562, 51.251637765168056 ], [ 4.447695682239114, 51.251533480838773 ], [ 4.448786135885644, 51.251361281774869 ], [ 4.449844433007372, 51.251122827074902 ], [ 4.450860377773035, 51.250820414165737 ], [ 4.451824182921354, 51.250456956639297 ], [ 4.4527265641391, 51.250035956147428 ], [ 4.453558829564123, 51.249561468626865 ], [ 4.454312963547957, 51.249038065181715 ], [ 4.454981703869191, 51.248470788002564 ], [ 4.455558611653289, 51.247865101748509 ], [ 4.456038133326267, 51.247226840863028 ], [ 4.456415654007716, 51.24656215333313 ], [ 4.456687541832514, 51.245877441435304 ], [ 4.456851182779033, 51.245179300040739 ], [ 4.45690500567418, 51.244474453075398 ] ] ] } },
{ "type": "Feature", "properties": { "stop_id": "osm-616349074", "name": "Barnkracht", "lines": "2,A3", "line_count": 2, "source": "osm-overpass", "buffer_m": 800 }, "geometry": { "type": "Polygon", "coordinates": [ [ [ 4.457641577440526, 51.244766881748689 ], [ 4.457585057414105, 51.244062117855371 ], [ 4.457418754551777, 51.243364224394121 ], [ 4.457144275211919, 51.2426799220109 ], [ 4.456764267174796, 51.242015800184255 ], [ 4.456282393974189, 51.241378253792739 ], [ 4.455703299467742, 51.240773421566608 ], [ 4.455032562992913, 51.24020712701401 ], [ 4.454276645545045, 51.239684822389655 ], [ 4.453442827499339, 51.239211536243154 ], [ 4.452539138478615, 51.238791825050107 ], [ 4.451574280042949, 51.238429729389438 ], [ 4.450557541945005, 51.238128735086946 ], [ 4.449498712755396, 51.237891739696785 ], [ 4.448407985715316, 51.237721024642063 ], [ 4.447295860718436, 51.237618233280763 ], [ 4.446173043360373, 51.237584355107067 ], [ 4.44505034202139, 51.237619716239003 ], [ 4.443938563966495, 51.237723976283327 ], [ 4.442848411456169, 51.23789613160789 ], [ 4.441790378860984, 51.238134524989832 ], [ 4.440774651763848, 51.238436861547669 ], [ 4.439811009015166, 51.238800230804735 ], [ 4.438908728678452, 51.239221134672874 ], [ 4.438076498767541, 51.239695521088962 ], [ 4.437322333631609, 51.240218822981788 ], [ 4.436653496791108, 51.240786002196899 ], [ 4.436076430967035, 51.241391597957922 ], [ 4.435596695978107, 51.242029779400333 ], [ 4.435218915106125, 51.242694401673944 ], [ 4.434946730449425, 51.243379065075466 ], [ 4.434782767699168, 51.244077176643927 ], [ 4.434728610683305, 51.244782013626562 ], [ 4.434784785929915, 51.245486788205696 ], [ 4.434950757405609, 51.246184712863339 ], [ 4.435224931487006, 51.246869065754659 ], [ 4.435604672124756, 51.247533255460134 ], [ 4.436086326061081, 51.248170884492637 ], [ 4.436665257864544, 51.248775810946086 ], [ 4.437335894450274, 51.249342207691249 ], [ 4.438091778661607, 51.249864618546191 ], [ 4.438925631400605, 51.250338010878906 ], [ 4.439829421711206, 51.250757824133132 ], [ 4.440794444140823, 51.251120013807778 ], [ 4.441811402634594, 51.251421090464177 ], [ 4.442870500152219, 51.251658153383332 ], [ 4.443961533140812, 51.251828918547048 ], [ 4.445073989949265, 51.251931740671651 ], [ 4.446197152230635, 51.25196562908075 ], [ 4.447320198349442, 51.251930257263005 ], [ 4.44843230779099, 51.251825966022317 ], [ 4.449522765559783, 51.251653760189647 ], [ 4.450581065554346, 51.251415298928855 ], [ 4.451597011915757, 51.251112879730023 ], [ 4.452560817367414, 51.250749416245625 ], [ 4.453463197593215, 51.250328410184949 ], [ 4.454295460740647, 51.249853917538303 ], [ 4.455049591183268, 51.249330509459256 ], [ 4.455718326733876, 51.248763228182938 ], [ 4.456295228563993, 51.248157538407959 ], [ 4.456774743157087, 51.247519274611626 ], [ 4.457152255701057, 51.246854584809071 ], [ 4.457424134409254, 51.246169871298527 ], [ 4.457587765347952, 51.245471728966784 ], [ 4.457641577440526, 51.244766881748689 ] ] ] } },
{ "type": "Feature", "properties": { "stop_id": "osm-1636529225", "name": "Belgiëlei", "lines": "4", "line_count": 1, "source": "osm-overpass", "buffer_m": 800 }, "geometry": { "type": "Polygon", "coordinates": [ [ [ 4.429958032407375, 51.205483262170247 ], [ 4.429901978276834, 51.204778474210507 ], [ 4.429736229683482, 51.204080531103543 ], [ 4.429462387640844, 51.203396153974701 ], [ 4.429083093786019, 51.202731933023486 ], [ 4.428602004770709, 51.202094264084302 ], [ 4.428023756897984, 51.201489287068597 ], [ 4.427353921351096, 51.200922826879832 ], [ 4.426598950450098, 51.200400337368656 ], [ 4.425766115457319, 51.199926848865701 ], [ 4.424863436532779, 51.199506919795716 ], [ 4.423899605514782, 51.199144592835943 ], [ 4.422883902268643, 51.198843356039525 ], [ 4.421826105406998, 51.198606109295554 ], [ 4.420736398238007, 51.198435136447245 ], [ 4.419625270842581, 51.198332083334407 ], [ 4.418503419218001, 51.198297941971042 ], [ 4.417381642452707, 51.198333041008773 ], [ 4.416270738915538, 51.198437042577297 ], [ 4.415181402451843, 51.198608945532449 ], [ 4.414124119578857, 51.198847095080708 ], [ 4.413109068663378, 51.199149198687635 ], [ 4.412146022046255, 51.199512348118965 ], [ 4.411244252050596, 51.199933047402702 ], [ 4.410412441774244, 51.200407246445216 ], [ 4.409658601522184, 51.200930379979333 ], [ 4.408989991681528, 51.201497411471678 ], [ 4.408413052781132, 51.202102881568443 ], [ 4.407933343410133, 51.202740960615515 ], [ 4.407555486595405, 51.203405504749206 ], [ 4.407283125157808, 51.204090115019447 ], [ 4.407118886481833, 51.204788198977695 ], [ 4.407064357043634, 51.205493034138087 ], [ 4.407120066949195, 51.206197832701619 ], [ 4.407285484638624, 51.206895806920464 ], [ 4.407559021814851, 51.207580234473717 ], [ 4.40793804855662, 51.20824452322406 ], [ 4.408418918477234, 51.208882274731621 ], [ 4.408997003693308, 51.209487345911853 ], [ 4.409666739272395, 51.210053908242642 ], [ 4.410421676736151, 51.210576503948104 ], [ 4.411254546107218, 51.211050098616568 ], [ 4.412157325904445, 51.211470129743418 ], [ 4.413121320413041, 51.211832550729454 ], [ 4.414137243484843, 51.212133869908151 ], [ 4.415195308059442, 51.212371184224416 ], [ 4.416285320540615, 51.212542207238428 ], [ 4.417396779114473, 51.21264529118244 ], [ 4.418518975056734, 51.212679442857599 ], [ 4.419641096047022, 51.212644333216083 ], [ 4.420752330488127, 51.212540300535657 ], [ 4.421841971818242, 51.212368347156094 ], [ 4.422899521804286, 51.212130129808742 ], [ 4.42391479181446, 51.211827943633438 ], [ 4.424878001088226, 51.21146470003756 ], [ 4.425779871051671, 51.211043898611791 ], [ 4.42661171476525, 51.210569593374998 ], [ 4.427365520639002, 51.210046353675388 ], [ 4.42803402960696, 51.209479220126155 ], [ 4.428610805016747, 51.208873656003163 ], [ 4.429090294562078, 51.208235494573827 ], [ 4.429467883663857, 51.207570882867799 ], [ 4.429739939789285, 51.206886222431876 ], [ 4.429903847286841, 51.206188107642483 ], [ 4.429958032407375, 51.205483262170247 ] ] ] } },
{ "type": "Feature", "properties": { "stop_id": "osm-592475442", "name": "Belgiëlei", "lines": "4", "line_count": 1, "source": "osm-overpass", "buffer_m": 800 }, "geometry": { "type": "Polygon", "coordinates": [ [ [ 4.428843249293434, 51.205959070135073 ], [ 4.428787211435277, 51.205254281776526 ], [ 4.428621477831276, 51.204556337234877 ], [ 4.428347649350743, 51.203871957649298 ], [ 4.427968367500328, 51.203207733242998 ], [ 4.427487288816293, 51.202570059883726 ], [ 4.426909049502399, 51.201965077525472 ], [ 4.426239220659643, 51.201398611123217 ], [ 4.425484254543694, 51.200876114587381 ], [ 4.424651422370953, 51.200402618316339 ], [ 4.423748744274419, 51.199982680809569 ], [ 4.422784912084538, 51.199620344825597 ], [ 4.421769205677996, 51.199319098504418 ], [ 4.420711403697911, 51.199081841826839 ], [ 4.419621689501754, 51.198910858731658 ], [ 4.418510553238099, 51.198807795157379 ], [ 4.417388690989569, 51.198773643218694 ], [ 4.416266901946837, 51.198808731669011 ], [ 4.415155984596862, 51.198912722739912 ], [ 4.414066632917882, 51.199084615388372 ], [ 4.413009333573497, 51.199322754920011 ], [ 4.411994265088965, 51.19962484889686 ], [ 4.411031199974152, 51.199987989177387 ], [ 4.410129410730132, 51.200408679877668 ], [ 4.409297580639945, 51.200882870986739 ], [ 4.408543720199237, 51.20140599731387 ], [ 4.407875089989408, 51.201973022395059 ], [ 4.407298130735363, 51.202578486938243 ], [ 4.406818401222179, 51.203216561342863 ], [ 4.406440524670659, 51.203881101789953 ], [ 4.406168144091714, 51.204565709364985 ], [ 4.406003887054206, 51.205263791645429 ], [ 4.405949340211168, 51.205968626161649 ], [ 4.406005033836291, 51.206673425120812 ], [ 4.406170436526592, 51.207371400771386 ], [ 4.406443960129585, 51.208055830778711 ], [ 4.406822974854894, 51.20872012298188 ], [ 4.407303834431724, 51.209357878907745 ], [ 4.407881911076483, 51.209962955429354 ], [ 4.40855163993945, 51.210529523973051 ], [ 4.409306572607137, 51.211052126703201 ], [ 4.410139439148529, 51.211525729140419 ], [ 4.411042218109869, 51.211945768705327 ], [ 4.412006213784531, 51.212308198717373 ], [ 4.413022140013199, 51.212609527423112 ], [ 4.414080209705117, 51.212846851675721 ], [ 4.415170229214796, 51.213017884939582 ], [ 4.416281696660638, 51.213120979348176 ], [ 4.41740390323287, 51.213155141601916 ], [ 4.418526036508651, 51.213120042550997 ], [ 4.419637284772336, 51.213016020371121 ], [ 4.420726941328867, 51.212844077300929 ], [ 4.42178450779836, 51.212605869972407 ], [ 4.422799795390095, 51.212303693428943 ], [ 4.423763023174036, 51.211940458985083 ], [ 4.424664912397829, 51.211519666143346 ], [ 4.425496775936265, 51.211045368839976 ], [ 4.426250602008303, 51.210522136346675 ], [ 4.426919131353316, 51.20995500920737 ], [ 4.427495927122568, 51.209349450636097 ], [ 4.427975436813624, 51.208711293846925 ], [ 4.428353045653315, 51.208046685824769 ], [ 4.428625120918744, 51.207362028081086 ], [ 4.428789046774082, 51.20666391496632 ], [ 4.428843249293434, 51.205959070135073 ] ] ] } },
{ "type": "Feature", "properties": { "stop_id": "osm-11301850755", "name": "Berchem Station", "lines": "4,A9", "line_count": 2, "source": "osm-overpass", "buffer_m": 800 }, "geometry": { "type": "Polygon", "coordinates": [ [ [ 4.445599168271038, 51.201562047385352 ], [ 4.445542882540552, 51.200857265791541 ], [ 4.445376913872467, 51.200159343576964 ], [ 4.445102865398323, 51.199475001665114 ], [ 4.444723380741545, 51.198810829915836 ], [ 4.444242118389377, 51.198173223689153 ], [ 4.443663716312066, 51.197568322292241 ], [ 4.442993747175694, 51.197001949900034 ], [ 4.442238664584604, 51.196479559517449 ], [ 4.44140574087459, 51.196006180520506 ], [ 4.440502997058064, 51.195586370279464 ], [ 4.439539125596518, 51.195224170327322 ], [ 4.438523406743307, 51.194923067494464 ], [ 4.437465619260282, 51.194685960380312 ], [ 4.436375946364601, 51.194515131483847 ], [ 4.435264877806863, 51.194412225259121 ], [ 4.434143109017901, 51.194378232306228 ], [ 4.433021438289035, 51.194413479848116 ], [ 4.431910662968956, 51.194517628584926 ], [ 4.430821475669622, 51.194689675955829 ], [ 4.429764361473465, 51.194927965777033 ], [ 4.428749497124814, 51.195230204163686 ], [ 4.427786653169924, 51.19559348158387 ], [ 4.426885099982405, 51.196014300833269 ], [ 4.426053518574368, 51.196488610663081 ], [ 4.425299917048838, 51.197011844739166 ], [ 4.424631553495866, 51.197578965559828 ], [ 4.42405486607418, 51.198184512910707 ], [ 4.423575410952504, 51.19882265639334 ], [ 4.423197808710235, 51.199487251523109 ], [ 4.422925699717243, 51.20017189885823 ], [ 4.42276170892709, 51.200870005592648 ], [ 4.422707420428456, 51.20157484902051 ], [ 4.422763362006323, 51.202279641262557 ], [ 4.422928999868621, 51.2029775946312 ], [ 4.423202743596486, 51.203661987005695 ], [ 4.423581961277723, 51.204326226586993 ], [ 4.424063004684811, 51.204963915408264 ], [ 4.424641244261434, 51.205568910988319 ], [ 4.425311113586326, 51.206135385532782 ], [ 4.426066162890844, 51.206657882111116 ], [ 4.426899121118375, 51.207131367266221 ], [ 4.42780196593002, 51.207551279548312 ], [ 4.428766000983104, 51.207913573502907 ], [ 4.429781939737542, 51.208214758687227 ], [ 4.430839994980799, 51.208451933337116 ], [ 4.431929973205847, 51.208622812358243 ], [ 4.433041372928445, 51.208725749370259 ], [ 4.434163485991282, 51.208759752589955 ], [ 4.435285500872782, 51.208724494399839 ], [ 4.436396606998663, 51.208620314508977 ], [ 4.437486099044283, 51.208448216675386 ], [ 4.438543480215984, 51.208209859022169 ], [ 4.439558563509714, 51.207907538040942 ], [ 4.440521569965282, 51.2075441664376 ], [ 4.441423222964266, 51.207123245035937 ], [ 4.442254837658862, 51.206648829010398 ], [ 4.443008404666861, 51.206125488776117 ], [ 4.443676667224699, 51.205558265914455 ], [ 4.444253191054834, 51.204952624561102 ], [ 4.444732426275281, 51.204314398727007 ], [ 4.445109760757319, 51.2036497360615 ], [ 4.445381564420956, 51.202965038601747 ], [ 4.445545224046262, 51.202266901080037 ], [ 4.445599168271038, 51.201562047385352 ] ] ] } },
{ "type": "Feature", "properties": { "stop_id": "osm-11301904699", "name": "Berchem Station", "lines": "4,11,A9", "line_count": 3, "source": "osm-overpass", "buffer_m": 800 }, "geometry": { "type": "Polygon", "coordinates": [ [ [ 4.445972040483839, 51.201449011273766 ], [ 4.445915749256306, 51.200744229826824 ], [ 4.445749775411943, 51.200046308105456 ], [ 4.445475722132104, 51.199361967028416 ], [ 4.44509623308645, 51.198697796447455 ], [ 4.444614966804441, 51.198060191711377 ], [ 4.444036561294123, 51.19745529211297 ], [ 4.443366589254575, 51.196888921809844 ], [ 4.442611504318046, 51.196366533786829 ], [ 4.441778578842873, 51.195893157397165 ], [ 4.440875833858416, 51.195473349986003 ], [ 4.43991196183737, 51.195111153059123 ], [ 4.438896243038451, 51.194810053417818 ], [ 4.437838456222964, 51.194572949630711 ], [ 4.43674878460162, 51.194402124164782 ], [ 4.435637717912746, 51.194299221441121 ], [ 4.43451595156919, 51.194265232026005 ], [ 4.433394283838733, 51.194300483108407 ], [ 4.432283512041225, 51.19440463535436 ], [ 4.431194328754733, 51.194576686169299 ], [ 4.430137219023091, 51.194814979336186 ], [ 4.429122359547677, 51.19511722093803 ], [ 4.428159520827879, 51.195480501411929 ], [ 4.427257973186935, 51.195901323524197 ], [ 4.426426397583597, 51.196375635998407 ], [ 4.425672802065046, 51.196898872475032 ], [ 4.42500444466352, 51.197465995429177 ], [ 4.424427763478556, 51.198071544625961 ], [ 4.423948314618839, 51.198709689649178 ], [ 4.423570718603488, 51.199374285999269 ], [ 4.423298615742415, 51.200058934222767 ], [ 4.423134630930134, 51.200757041505014 ], [ 4.423080348197741, 51.20146188513489 ], [ 4.423136295274671, 51.202166677231119 ], [ 4.423301938315864, 51.202864630107541 ], [ 4.423575686852544, 51.203549021648165 ], [ 4.423954908926161, 51.204213260061898 ], [ 4.424435956266835, 51.204850947393183 ], [ 4.425014199280322, 51.205455941175167 ], [ 4.4256840715122, 51.206022413630798 ], [ 4.426439123165774, 51.206544907849604 ], [ 4.427272083161754, 51.207018390397245 ], [ 4.428174929144166, 51.207438299849045 ], [ 4.429138964759017, 51.207800590777779 ], [ 4.430154903460779, 51.208101772769808 ], [ 4.431212958037403, 51.208338944091757 ], [ 4.432302934988264, 51.20850981968136 ], [ 4.433414332841394, 51.208612753191282 ], [ 4.434536443457492, 51.208646752872099 ], [ 4.435658455338569, 51.208611491140417 ], [ 4.436769557939264, 51.208507307739396 ], [ 4.437859045968922, 51.208335206460923 ], [ 4.438916422672606, 51.208096845461235 ], [ 4.439931501089347, 51.207794521264184 ], [ 4.44089450230597, 51.207431146606694 ], [ 4.441796149754572, 51.20701022234195 ], [ 4.442627758640845, 51.206535803671947 ], [ 4.443381319638574, 51.206012461037339 ], [ 4.444049576042134, 51.205445236042571 ], [ 4.444626093633281, 51.204839592843896 ], [ 4.445105322590154, 51.204201365469963 ], [ 4.445482650844371, 51.203536701585023 ], [ 4.445754448375935, 51.202852003237872 ], [ 4.445918102023972, 51.202153865169379 ], [ 4.445972040483839, 51.201449011273766 ] ] ] } },
{ "type": "Feature", "properties": { "stop_id": "osm-1475208807", "name": "Berchem Station", "lines": "11", "line_count": 1, "source": "osm-overpass", "buffer_m": 800 }, "geometry": { "type": "Polygon", "coordinates": [ [ [ 4.445646776703962, 51.201596442775269 ], [ 4.445590490212687, 51.20089166121349 ], [ 4.445424520709959, 51.200193739075026 ], [ 4.445150471335372, 51.199509397282654 ], [ 4.444770985721021, 51.19884522569501 ], [ 4.444289722363372, 51.198207619670661 ], [ 4.443711319242365, 51.197602718514752 ], [ 4.443041349034117, 51.197036346399898 ], [ 4.442286265353297, 51.196513956328388 ], [ 4.441453340546188, 51.196040577673216 ], [ 4.44055059563576, 51.195620767801309 ], [ 4.439586723094033, 51.195258568242203 ], [ 4.438571003184753, 51.194957465822419 ], [ 4.437513214679933, 51.194720359137463 ], [ 4.436423540806563, 51.19454953068211 ], [ 4.435312471324646, 51.194446624906256 ], [ 4.434190701673907, 51.194412632405623 ], [ 4.433069030153957, 51.194447880398776 ], [ 4.431958254121102, 51.194552029581565 ], [ 4.430869066194159, 51.194724077388848 ], [ 4.429811951461595, 51.194962367632591 ], [ 4.428797086672907, 51.195264606423969 ], [ 4.427834242378591, 51.195627884227093 ], [ 4.426932688955524, 51.196048703833974 ], [ 4.426101107418092, 51.196523013992383 ], [ 4.425347505870569, 51.197046248365041 ], [ 4.424679142403225, 51.197613369447311 ], [ 4.424102455173978, 51.198218917022388 ], [ 4.423623000349699, 51.198857060689654 ], [ 4.423245398506935, 51.199521655962648 ], [ 4.422973290011718, 51.200206303398247 ], [ 4.422809299812826, 51.20090441018943 ], [ 4.42275501199325, 51.20160925362979 ], [ 4.422810954331446, 51.202314045839948 ], [ 4.422976593028025, 51.203011999132613 ], [ 4.423250337656093, 51.203696391387787 ], [ 4.423629556294792, 51.204360630807528 ], [ 4.424110600707376, 51.204998319426608 ], [ 4.424688841327854, 51.205603314765725 ], [ 4.425358711724896, 51.20616978903292 ], [ 4.426113762119536, 51.206692285300214 ], [ 4.426946721444653, 51.207165770113569 ], [ 4.427849567350774, 51.207585682026476 ], [ 4.428813603484674, 51.207947975588006 ], [ 4.429829543295845, 51.208249160359173 ], [ 4.430887599561577, 51.208486334579803 ], [ 4.431977578764969, 51.208657213159682 ], [ 4.433088979412364, 51.208760149722707 ], [ 4.434211093337526, 51.208794152490022 ], [ 4.435333109010573, 51.208758893848504 ], [ 4.43644421584959, 51.208654713511507 ], [ 4.437533708523061, 51.208482615241422 ], [ 4.438591090231279, 51.208244257165539 ], [ 4.439606173965025, 51.207941935779466 ], [ 4.440569180759868, 51.20757856379312 ], [ 4.441470833994124, 51.207157642033899 ], [ 4.442302448817723, 51.206683225679711 ], [ 4.443056015847218, 51.206159885148878 ], [ 4.443724278318856, 51.205592662025595 ], [ 4.444300801955922, 51.204987020448094 ], [ 4.444780036878305, 51.204348794429436 ], [ 4.445157370960163, 51.203684131620804 ], [ 4.445429174125365, 51.202999434060665 ], [ 4.445592833158796, 51.202301296482318 ], [ 4.445646776703962, 51.201596442775269 ] ] ] } },
{ "type": "Feature", "properties": { "stop_id": "osm-2213402203", "name": "Bestorming", "lines": "10", "line_count": 1, "source": "osm-overpass", "buffer_m": 800 }, "geometry": { "type": "Polygon", "coordinates": [ [ [ 4.407721157686386, 51.205986215660808 ], [ 4.407665438951048, 51.205281417322873 ], [ 4.407500021301592, 51.204583443199262 ], [ 4.407226502565342, 51.203899014714864 ], [ 4.406847521267293, 51.203234722564616 ], [ 4.406366731051024, 51.202596963269293 ], [ 4.405788765344391, 51.201991877611114 ], [ 4.405119192615913, 51.201425291540254 ], [ 4.404364462657443, 51.200902660119915 ], [ 4.403531844413881, 51.200429015047504 ], [ 4.402629355960793, 51.200008916255506 ], [ 4.401665687304953, 51.199646408055393 ], [ 4.400650116750629, 51.199344980245364 ], [ 4.399592421634789, 51.199107534553448 ], [ 4.398502784287528, 51.198936356738088 ], [ 4.397391694118652, 51.198833094612276 ], [ 4.396269846767684, 51.198798742202058 ], [ 4.395148041282093, 51.198833630190585 ], [ 4.394037076306907, 51.198937422739171 ], [ 4.392947646278186, 51.199109120715789 ], [ 4.391890238612742, 51.199347071300096 ], [ 4.390875032877222, 51.199648983873139 ], [ 4.389911802901099, 51.200011952039794 ], [ 4.389009822770647, 51.200432481573337 ], [ 4.388177777604541, 51.200906524014663 ], [ 4.387423679966897, 51.201429515604694 ], [ 4.386754792720634, 51.201996421177078 ], [ 4.386177559063356, 51.20260178259101 ], [ 4.385697540420295, 51.203239771239502 ], [ 4.385319362794539, 51.203904244129987 ], [ 4.385046672094731, 51.204588802999289 ], [ 4.384882098875022, 51.205286855894641 ], [ 4.384827232832643, 51.20599168063027 ], [ 4.384882607315081, 51.206696489508445 ], [ 4.385047693993147, 51.207394494682937 ], [ 4.385320907758564, 51.208078973535557 ], [ 4.385699621806196, 51.208743333435812 ], [ 4.386180192762745, 51.209381175259281 ], [ 4.386757995626385, 51.209986355052266 ], [ 4.387427468186567, 51.210553043247039 ], [ 4.38818216450084, 51.211075780855815 ], [ 4.38901481691724, 51.211549532100427 ], [ 4.389917406046958, 51.211969732968271 ], [ 4.390881238014268, 51.212332335225135 ], [ 4.391897028238943, 51.212633845458299 ], [ 4.392954990942207, 51.212871358772261 ], [ 4.394044933510723, 51.213042586809841 ], [ 4.395156354805207, 51.213145879828097 ], [ 4.39627854646116, 51.213180242613781 ], [ 4.397400696199671, 51.213145344085028 ], [ 4.398511992146258, 51.213041520485575 ], [ 4.399601727145822, 51.212869772140714 ], [ 4.400659402061682, 51.212631753806384 ], [ 4.401674827056919, 51.212329758705195 ], [ 4.402638219876027, 51.211966696403728 ], [ 4.403540300174763, 51.21154606474628 ], [ 4.404372378985052, 51.211071916116516 ], [ 4.40512644244984, 51.210548818354283 ], [ 4.405795229019459, 51.209981810706054 ], [ 4.406372299365254, 51.209376355235356 ], [ 4.406852098337964, 51.208738284163765 ], [ 4.407230008376302, 51.208073743651219 ], [ 4.407502393854864, 51.207389134559698 ], [ 4.40766663594898, 51.206691050771902 ], [ 4.407721157686386, 51.205986215660808 ] ] ] } },
{ "type": "Feature", "properties": { "stop_id": "osm-3174604072", "name": "Bestorming", "lines": "10", "line_count": 1, "source": "osm-overpass", "buffer_m": 800 }, "geometry": { "type": "Polygon", "coordinates": [ [ [ 4.408218275518427, 51.206466467524052 ], [ 4.408162548697712, 51.205761669551642 ], [ 4.407997121906395, 51.205063696253568 ], [ 4.407723593059921, 51.204379269046782 ], [ 4.407344600780704, 51.203714978613853 ], [ 4.406863798818124, 51.203077221459026 ], [ 4.406285820713167, 51.202472138343865 ], [ 4.405616235053746, 51.201905555194074 ], [ 4.404861491756211, 51.201382927044662 ], [ 4.404028859893871, 51.200909285561593 ], [ 4.403126357673368, 51.20048919064272 ], [ 4.402162675233976, 51.200126686562264 ], [ 4.401147091012589, 51.199825263078708 ], [ 4.400089382477689, 51.199587821878481 ], [ 4.398999732088476, 51.19941664867676 ], [ 4.397888629380242, 51.199313391242079 ], [ 4.39676677011315, 51.199279043555386 ], [ 4.395644953449317, 51.199313936254327 ], [ 4.394533978141328, 51.199417733454844 ], [ 4.393444538724678, 51.199589435980194 ], [ 4.392387122706535, 51.19982739096622 ], [ 4.39137190973394, 51.200129307751581 ], [ 4.390408673706055, 51.200492279900637 ], [ 4.389506688767445, 51.200912813148321 ], [ 4.388674640083124, 51.201386858999733 ], [ 4.387920540251152, 51.201909853662954 ], [ 4.387251652155651, 51.202476761942116 ], [ 4.3866744190025, 51.203082125670292 ], [ 4.386194402212177, 51.203720116218165 ], [ 4.385816227770053, 51.204384590574968 ], [ 4.385543541554227, 51.205069150463281 ], [ 4.385378974075791, 51.205767203920587 ], [ 4.385324114976799, 51.206472028755641 ], [ 4.38537949753798, 51.207176837269735 ], [ 4.385544593352438, 51.207874841620146 ], [ 4.385817817223987, 51.20855931919661 ], [ 4.386196542250222, 51.209223677380862 ], [ 4.386677124952151, 51.209861517065043 ], [ 4.387254940214849, 51.210466694315961 ], [ 4.38792442570834, 51.211033379590432 ], [ 4.388679135365597, 51.211556113928751 ], [ 4.389511801406086, 51.212029861584263 ], [ 4.390414404309722, 51.212450058578874 ], [ 4.391378250068034, 51.212812656715727 ], [ 4.392394053967871, 51.213114162621764 ], [ 4.393452030098641, 51.213351671443135 ], [ 4.394541985717574, 51.213522894866017 ], [ 4.395653419559575, 51.213626183191863 ], [ 4.396775623139196, 51.213660541252644 ], [ 4.39789778406258, 51.213625638012019 ], [ 4.399009090347439, 51.213521809759136 ], [ 4.400098834739025, 51.21335005686413 ], [ 4.401156518010154, 51.213112034126787 ], [ 4.402171950243397, 51.21281003481208 ], [ 4.403135349113532, 51.21244696852721 ], [ 4.404037434218058, 51.212026333154903 ], [ 4.404869516542642, 51.211552181114577 ], [ 4.405623582196447, 51.211029080278919 ], [ 4.406292369608801, 51.210462069923999 ], [ 4.406869439443025, 51.209856612139447 ], [ 4.407349236554891, 51.209218539169065 ], [ 4.407727143401151, 51.20855399719111 ], [ 4.407999524387267, 51.207869387081672 ], [ 4.408163760731949, 51.207171302733201 ], [ 4.408218275518427, 51.206466467524052 ] ] ] } },
{ "type": "Feature", "properties": { "stop_id": "osm-2216116075", "name": "Boechout P+R Boechout", "lines": "A3", "line_count": 1, "source": "osm-overpass", "buffer_m": 800 }, "geometry": { "type": "Polygon", "coordinates": [ [ [ 4.50476765935485, 51.168946816832943 ], [ 4.504710519662089, 51.168242054888019 ], [ 4.504543782418553, 51.167544207320489 ], [ 4.504269058148612, 51.166859994332683 ], [ 4.503888996974093, 51.166196004540893 ], [ 4.503407262924003, 51.16555863155115 ], [ 4.502828498500763, 51.16495401242306 ], [ 4.502158279849772, 51.164387968612388 ], [ 4.501403062968746, 51.163865949959217 ], [ 4.500570121478207, 51.163392982259765 ], [ 4.499667476554623, 51.162973618923736 ], [ 4.498703819701539, 51.162611897181371 ], [ 4.49768842910184, 51.162311299259052 ], [ 4.496631080354417, 51.162074718895447 ], [ 4.49554195245154, 51.161904433518743 ], [ 4.494431529897651, 51.16180208235096 ], [ 4.493310501906594, 51.161768650649101 ], [ 4.492189659641559, 51.161804460233434 ], [ 4.49107979248039, 51.161909166393741 ], [ 4.489991584297952, 51.162081761203133 ], [ 4.488935510757121, 51.162320583207645 ], [ 4.487921738590549, 51.162623333398912 ], [ 4.486960027836727, 51.162987097317369 ], [ 4.486059637966179, 51.163408373074233 ], [ 4.485229238797237, 51.163883105024716 ], [ 4.484476827055873, 51.164406722769336 ], [ 4.48380964938106, 51.164974185110772 ], [ 4.483234132516428, 51.165580028544689 ], [ 4.482755821361287, 51.166218419819685 ], [ 4.48237932547971, 51.166883212062928 ], [ 4.482108274586343, 51.167568003932246 ], [ 4.481945283442257, 51.168266201227262 ], [ 4.48189192650462, 51.168971080367626 ], [ 4.481948722580809, 51.169675853127558 ], [ 4.482115129641756, 51.170373732004784 ], [ 4.482389549851824, 51.171057995593664 ], [ 4.482769344774039, 51.171722053333461 ], [ 4.483250860611317, 51.172359509006888 ], [ 4.483829463247035, 51.172964222376798 ], [ 4.484499582753199, 51.17353036836586 ], [ 4.485254766942176, 51.174052493207263 ], [ 4.486087743449771, 51.174525567024055 ], [ 4.486990489753842, 51.174945032328523 ], [ 4.487954310454843, 51.175306847971804 ], [ 4.488969921073317, 51.17560752811896 ], [ 4.490027537555164, 51.175844175871511 ], [ 4.491116970619234, 51.176014511211513 ], [ 4.492227724033905, 51.17611689299688 ], [ 4.49334909587055, 51.176150334793981 ], [ 4.494470281752174, 51.176114514394655 ], [ 4.495580479095945, 51.17600977692468 ], [ 4.496668991338261, 51.175837131514164 ], [ 4.497725331131402, 51.175598241561651 ], [ 4.49873932151078, 51.175295408686722 ], [ 4.499701194052116, 51.174931550526409 ], [ 4.50060168306748, 51.174510172591191 ], [ 4.501432114928459, 51.174035334452469 ], [ 4.502184491652748, 51.173511610590523 ], [ 4.502851567947059, 51.172944046280648 ], [ 4.50342692096376, 51.172338108945823 ], [ 4.503905012100129, 51.171699635445954 ], [ 4.504281240247286, 51.171034775813787 ], [ 4.504551985979469, 51.170349933981193 ], [ 4.504714646262785, 51.169651706068592 ], [ 4.50476765935485, 51.168946816832943 ] ] ] } },
{ "type": "Feature", "properties": { "stop_id": "osm-3080935124", "name": "Boechout P+R Boechout", "lines": "A3", "line_count": 1, "source": "osm-overpass", "buffer_m": 800 }, "geometry": { "type": "Polygon", "coordinates": [ [ [ 4.504265490451032, 51.168665065460843 ], [ 4.504208358684467, 51.167960303198278 ], [ 4.504041629953981, 51.167262454847908 ], [ 4.503766914701921, 51.166578240619614 ], [ 4.503386862963242, 51.165914249141636 ], [ 4.502905138676079, 51.16527687403623 ], [ 4.502326384248838, 51.16467225238349 ], [ 4.501656175730691, 51.164106205663408 ], [ 4.50090096902181, 51.163584183744142 ], [ 4.500068037644821, 51.16311121245333 ], [ 4.499165402678861, 51.162691845235344 ], [ 4.498201755531664, 51.162330119357755 ], [ 4.49718637429272, 51.162029517086744 ], [ 4.49612903447087, 51.161792932202864 ], [ 4.495039914972516, 51.161622642177811 ], [ 4.493929500221241, 51.16152028627841 ], [ 4.492808479355817, 51.161486849807154 ], [ 4.491687643470885, 51.161522654630232 ], [ 4.490577781882898, 51.161627356083258 ], [ 4.48948957841308, 51.161799946284681 ], [ 4.488433508678942, 51.162038763824889 ], [ 4.487419739376486, 51.162341509738475 ], [ 4.4864580305166, 51.162705269607038 ], [ 4.485557641551537, 51.163126541580823 ], [ 4.484727242290867, 51.163601270051458 ], [ 4.483974829461382, 51.164124884652935 ], [ 4.483307649712458, 51.164692344218281 ], [ 4.482732129807621, 51.165298185269812 ], [ 4.482253814675369, 51.165936574579128 ], [ 4.481877313917991, 51.166601365292287 ], [ 4.481606257296999, 51.16728615608195 ], [ 4.481443259628537, 51.167984352758104 ], [ 4.481389895432534, 51.168689231746349 ], [ 4.481446683586199, 51.169394004822465 ], [ 4.481613082136714, 51.170091884481081 ], [ 4.481887493330355, 51.17077614930912 ], [ 4.482267278816972, 51.171440208733863 ], [ 4.482748784890336, 51.172077666521837 ], [ 4.483327377527882, 51.172682382415566 ], [ 4.483997486897922, 51.173248531313426 ], [ 4.484752660910495, 51.173770659420576 ], [ 4.485585627299473, 51.174243736828679 ], [ 4.486488363640231, 51.174663206015332 ], [ 4.487452174629258, 51.175025025794341 ], [ 4.488467775880714, 51.175325710290956 ], [ 4.489525383430803, 51.175562362564769 ], [ 4.490614808084478, 51.175732702554264 ], [ 4.491725553691204, 51.175835089072592 ], [ 4.492846918397618, 51.175868535640518 ], [ 4.493968097895465, 51.175832720003875 ], [ 4.495078289663441, 51.175727987242631 ], [ 4.496166797191686, 51.175555346441449 ], [ 4.49722313317789, 51.175316460954498 ], [ 4.498237120694142, 51.175013632358343 ], [ 4.499198991343713, 51.174649778248771 ], [ 4.500099479456866, 51.174228404097192 ], [ 4.50092991141383, 51.173753569438702 ], [ 4.50168228923131, 51.17322984871992 ], [ 4.502349367605424, 51.172662287185936 ], [ 4.50292472366842, 51.172056352232978 ], [ 4.503402818788155, 51.171417880698066 ], [ 4.503779051817297, 51.170753022594958 ], [ 4.504049803282981, 51.17006818184084 ], [ 4.504212470096003, 51.169369954545772 ], [ 4.504265490451032, 51.168665065460843 ] ] ] } },
{ "type": "Feature", "properties": { "stop_id": "osm-11186213352", "name": "Bolivarplaats", "lines": "1,4", "line_count": 2, "source": "osm-overpass", "buffer_m": 800 }, "geometry": { "type": "Polygon", "coordinates": [ [ [ 4.402247568257832, 51.201545445688417 ], [ 4.402191937526507, 51.200840643561612 ], [ 4.402026617520722, 51.200142660581541 ], [ 4.401753205126735, 51.199458218258677 ], [ 4.401374337844928, 51.19879390742144 ], [ 4.400893668220569, 51.19815612477074 ], [ 4.400315828520117, 51.197551011313941 ], [ 4.399646385998786, 51.196984393269076 ], [ 4.398891789194888, 51.196461726007357 ], [ 4.398059305771613, 51.195988041571454 ], [ 4.397156952506957, 51.19556790027297 ], [ 4.396193418106737, 51.195205346832729 ], [ 4.395177979583356, 51.194903871484492 ], [ 4.39412041300342, 51.194666376414077 ], [ 4.393030899460355, 51.194495147855278 ], [ 4.391919927172847, 51.194391834109602 ], [ 4.390798190646277, 51.194357429700041 ], [ 4.389676487861824, 51.194392265810265 ], [ 4.388565616476324, 51.194496007101016 ], [ 4.387476270025206, 51.194667654933639 ], [ 4.386418935120884, 51.194905556970532 ], [ 4.38540379062953, 51.195207423060033 ], [ 4.384440609790838, 51.195570347254538 ], [ 4.383538666217668, 51.195990835750607 ], [ 4.382706644676193, 51.196464840484246 ], [ 4.381952557502381, 51.196987798059482 ], [ 4.381283667457549, 51.197554673637534 ], [ 4.380706417765277, 51.198160009366418 ], [ 4.380226370004126, 51.19879797688661 ], [ 4.379848150456444, 51.199462433409153 ], [ 4.379575405433398, 51.200146980828578 ], [ 4.379410766011128, 51.200845027302648 ], [ 4.379355822523304, 51.201549850707565 ], [ 4.379411109062243, 51.202254663358659 ], [ 4.379576098144828, 51.202952677373581 ], [ 4.379849205601981, 51.203637170049291 ], [ 4.38022780565189, 51.204301548622333 ], [ 4.380708256018844, 51.204939413788694 ], [ 4.38128593286233, 51.205544621370038 ], [ 4.381955275185636, 51.206111341531148 ], [ 4.382709838301004, 51.206634114976517 ], [ 4.383542355839871, 51.207107905582937 ], [ 4.384444809713208, 51.207528148958723 ], [ 4.385408507348855, 51.207890796460305 ], [ 4.386424165461373, 51.208192354239124 ], [ 4.387481999545462, 51.208429916941689 ], [ 4.38857181822766, 51.208601195735071 ], [ 4.389683121562958, 51.208704540387295 ], [ 4.390805202323995, 51.208738955187663 ], [ 4.39192724930085, 51.208704108553178 ], [ 4.393038451609566, 51.208600336227562 ], [ 4.39412810299752, 51.208428638042079 ], [ 4.39518570513375, 51.208190668269395 ], [ 4.396201068882505, 51.20788871966424 ], [ 4.397164412578152, 51.207525701345205 ], [ 4.398066456349335, 51.207105110732883 ], [ 4.398898511579326, 51.206630999815545 ], [ 4.399652564637528, 51.206107936069799 ], [ 4.400321354073665, 51.205540958414439 ], [ 4.400898440530499, 51.204935528624233 ], [ 4.401378268702515, 51.204297478673453 ], [ 4.401756220746048, 51.203632954518781 ], [ 4.402028660629968, 51.202948356864788 ], [ 4.402192969004459, 51.202250279484161 ], [ 4.402247568257832, 51.201545445688417 ] ] ] } },
{ "type": "Feature", "properties": { "stop_id": "osm-2205542558", "name": "Bolivarplaats", "lines": "1", "line_count": 1, "source": "osm-overpass", "buffer_m": 800 }, "geometry": { "type": "Polygon", "coordinates": [ [ [ 4.399672410527359, 51.204162395104461 ], [ 4.399616815584166, 51.203457592478415 ], [ 4.399451524835284, 51.202759606601944 ], [ 4.399178134885855, 51.202075159013425 ], [ 4.398799283020748, 51.201410840592096 ], [ 4.398318621637425, 51.200773048111984 ], [ 4.397740782923591, 51.200167922675114 ], [ 4.397071334125534, 51.199601290614993 ], [ 4.396316723842498, 51.199078607437762 ], [ 4.395484219867893, 51.19860490533938 ], [ 4.394581839177913, 51.198184744801445 ], [ 4.393618270742671, 51.197822170730092 ], [ 4.392602791902381, 51.197520673557626 ], [ 4.391545179111841, 51.197283155680005 ], [ 4.390455613909297, 51.19711190355055 ], [ 4.389344585010606, 51.197008565697679 ], [ 4.388222787465918, 51.196974136876392 ], [ 4.387101019843527, 51.19700894850542 ], [ 4.385990080424103, 51.197112665481107 ], [ 4.384900663397644, 51.197284289398887 ], [ 4.383843256055585, 51.197522168151409 ], [ 4.38282803796107, 51.1978240118112 ], [ 4.381864783062004, 51.198186914646548 ], [ 4.380962765683921, 51.198607383059745 ], [ 4.380130671303286, 51.199081369180242 ], [ 4.379376512957148, 51.199604309791219 ], [ 4.378707554091966, 51.200171170217381 ], [ 4.378130238593924, 51.200776492752738 ], [ 4.377650128675292, 51.201414449164893 ], [ 4.377271851217111, 51.202078896771923 ], [ 4.376999053088477, 51.202763437554339 ], [ 4.376834365877291, 51.203461479733917 ], [ 4.376779380377896, 51.204166301228362 ], [ 4.376834631087717, 51.204871114371478 ], [ 4.376999590869286, 51.205569131276306 ], [ 4.377272675836348, 51.206253629212043 ], [ 4.377651260424335, 51.206918015364664 ], [ 4.37813170250709, 51.207555890357234 ], [ 4.378709378324511, 51.208161109916816 ], [ 4.379378726890332, 51.208727844092884 ], [ 4.380133303457167, 51.209250633454985 ], [ 4.380965841527313, 51.209724441726522 ], [ 4.3818683228143, 51.210144704345744 ], [ 4.382832054482128, 51.210507372483612 ], [ 4.383847752917644, 51.21080895209284 ], [ 4.384905633227135, 51.211046537609541 ], [ 4.385995503591753, 51.211217839980996 ], [ 4.387106863568425, 51.21132120874806 ], [ 4.388229005383864, 51.211355647967693 ], [ 4.389351117239641, 51.211320825821609 ], [ 4.390462387626392, 51.211217077817572 ], [ 4.391552109635227, 51.211045403552532 ], [ 4.392609784254408, 51.210807457068739 ], [ 4.393625221649489, 51.210505530896519 ], [ 4.394588639444956, 51.210142533938409 ], [ 4.395490757055265, 51.209721963409272 ], [ 4.396322885152082, 51.209247871103955 ], [ 4.397077009402664, 51.208724824319816 ], [ 4.397745867670829, 51.208157861812353 ], [ 4.398323019936275, 51.207552445210474 ], [ 4.398802910259676, 51.206914406361555 ], [ 4.399180920198907, 51.206249891115455 ], [ 4.399453413165481, 51.205565300091024 ], [ 4.399617769298698, 51.204867226997251 ], [ 4.399672410527359, 51.204162395104461 ] ] ] } },
{ "type": "Feature", "properties": { "stop_id": "osm-2205542567", "name": "Bolivarplaats", "lines": "4", "line_count": 1, "source": "osm-overpass", "buffer_m": 800 }, "geometry": { "type": "Polygon", "coordinates": [ [ [ 4.399601804667141, 51.204138501941877 ], [ 4.399546210819259, 51.203433699276125 ], [ 4.399380921211522, 51.202735713294445 ], [ 4.399107532438081, 51.202051265536298 ], [ 4.398728681772484, 51.201386946882522 ], [ 4.39824802160064, 51.200749154109403 ], [ 4.39767018409859, 51.20014402832178 ], [ 4.397000736500956, 51.199577395856508 ], [ 4.396246127395439, 51.199054712223706 ], [ 4.395413624564102, 51.198581009623652 ], [ 4.394511244972152, 51.198160848542827 ], [ 4.39354767757913, 51.197798273892545 ], [ 4.392532199715229, 51.197496776110746 ], [ 4.391474587825853, 51.197259257599192 ], [ 4.390385023440572, 51.197088004817338 ], [ 4.389273995267394, 51.196984666299876 ], [ 4.388152198349481, 51.196950236808213 ], [ 4.387030431249099, 51.196985047767512 ], [ 4.385919492241894, 51.197088764080569 ], [ 4.384830075513897, 51.197260387349239 ], [ 4.383772668353669, 51.197498265472333 ], [ 4.382757450322599, 51.197800108528511 ], [ 4.38179419536798, 51.198163010791866 ], [ 4.380892177815874, 51.198583478670187 ], [ 4.380060083144412, 51.199057464298036 ], [ 4.379305924393438, 51.19958040446339 ], [ 4.378636965013296, 51.200147264495264 ], [ 4.378059648895125, 51.200752586691394 ], [ 4.377579538257148, 51.201390542822672 ], [ 4.377201259987334, 51.202054990209916 ], [ 4.376928460962576, 51.202739530835707 ], [ 4.376763772779399, 51.203437572923391 ], [ 4.3767087862415, 51.204142394391518 ], [ 4.376764035856298, 51.204847207574154 ], [ 4.376928994496871, 51.205545224583986 ], [ 4.377202078287945, 51.206229722689173 ], [ 4.377580661676278, 51.206894109074049 ], [ 4.378061102547274, 51.207531984359505 ], [ 4.378638777152497, 51.20813720426974 ], [ 4.379308124517365, 51.208703938850846 ], [ 4.380062699906066, 51.209226728668476 ], [ 4.380895236832251, 51.209700537441698 ], [ 4.381797717020476, 51.210120800603853 ], [ 4.382761447645335, 51.210483469320721 ], [ 4.38377714510373, 51.210785049539403 ], [ 4.38483502451137, 51.211022635690185 ], [ 4.385924894058097, 51.211193938714217 ], [ 4.387036253308727, 51.211297308146079 ], [ 4.388158394496975, 51.211331748036301 ], [ 4.389280505830455, 51.211296926560124 ], [ 4.390391775804841, 51.211193179218903 ], [ 4.39148149751521, 51.211021505603185 ], [ 4.392539171952706, 51.210783559748961 ], [ 4.393554609284624, 51.210481634180482 ], [ 4.394518027136058, 51.210118637794494 ], [ 4.395420144920917, 51.209698067800325 ], [ 4.396252273309181, 51.209223975987662 ], [ 4.39700639796529, 51.208700929649126 ], [ 4.397675256749144, 51.20813396753595 ], [ 4.398252409635469, 51.207528551273242 ], [ 4.398732300678945, 51.206890512705073 ], [ 4.399110311430502, 51.206225997678622 ], [ 4.399382805293822, 51.205541406810632 ], [ 4.39954716239956, 51.204843333808569 ], [ 4.399601804667141, 51.204138501941877 ] ] ] } },
{ "type": "Feature", "properties": { "stop_id": "osm-2205844969", "name": "Bolivarplaats", "lines": "1,4", "line_count": 2, "source": "osm-overpass", "buffer_m": 800 }, "geometry": { "type": "Polygon", "coordinates": [ [ [ 4.400804515265913, 51.203366885458955 ], [ 4.400748904165598, 51.202662083148795 ], [ 4.400583599296257, 51.201964098641085 ], [ 4.400310197398814, 51.201279653461008 ], [ 4.39993133587298, 51.200615338464523 ], [ 4.399450667209029, 51.199977550392695 ], [ 4.39887282366456, 51.199372430305097 ], [ 4.39820337253216, 51.198805804483619 ], [ 4.397448762433372, 51.198283128374364 ], [ 4.396616261159652, 51.197809434105224 ], [ 4.395713885661058, 51.197389282082412 ], [ 4.394750324857603, 51.197026717130051 ], [ 4.393734856015958, 51.196725229592722 ], [ 4.392677255494614, 51.196487721773565 ], [ 4.39158770471369, 51.196316480029104 ], [ 4.39047669225024, 51.196213152787763 ], [ 4.389354912996247, 51.196178734702436 ], [ 4.388233165344013, 51.196213557088448 ], [ 4.387122247382066, 51.196317284738619 ], [ 4.386032853093965, 51.196488919145665 ], [ 4.384975469552383, 51.196726808101204 ], [ 4.383960276091479, 51.19702866157953 ], [ 4.38299704642215, 51.197391573754452 ], [ 4.382095054627167, 51.197812050938303 ], [ 4.38126298593681, 51.198286045176054 ], [ 4.38050885314088, 51.198808993172705 ], [ 4.379839919439914, 51.199375860181874 ], [ 4.37926262847785, 51.199981188434087 ], [ 4.378782542230705, 51.200619149641852 ], [ 4.378404287351575, 51.201283601077151 ], [ 4.37813151049206, 51.201968144683455 ], [ 4.377966843035155, 51.202666188655321 ], [ 4.377911875584839, 51.203371010893164 ], [ 4.377967142464559, 51.204075823723599 ], [ 4.378132116380943, 51.204773839262593 ], [ 4.3784052133114, 51.20545833479251 ], [ 4.378783807575923, 51.206122717522412 ], [ 4.379264256954946, 51.206760588108295 ], [ 4.379841937617865, 51.207365802319657 ], [ 4.380511288531541, 51.207932530257466 ], [ 4.381265864925782, 51.208455312551308 ], [ 4.382098400304377, 51.208929112992706 ], [ 4.383000876406641, 51.209349367095299 ], [ 4.383964600446411, 51.209712026112122 ], [ 4.38498028888395, 51.210013596083698 ], [ 4.386038156921812, 51.210251171539042 ], [ 4.387128012859367, 51.210422463522391 ], [ 4.388239356392565, 51.210525821674636 ], [ 4.389361479906595, 51.210560250155034 ], [ 4.390483571779437, 51.210525417248768 ], [ 4.391594820694354, 51.210421658567277 ], [ 4.39268451994945, 51.210249973810399 ], [ 4.393742170752346, 51.21001201712145 ], [ 4.394757583498176, 51.209710081129032 ], [ 4.395720976049045, 51.209347074830362 ], [ 4.396623068062739, 51.208926495530193 ], [ 4.397455170457627, 51.208452395107869 ], [ 4.398209269148662, 51.207929340938939 ], [ 4.398878102245946, 51.207362371849989 ], [ 4.399455229971685, 51.206756949533315 ], [ 4.399935096622933, 51.206118905891259 ], [ 4.400313083985552, 51.205454386819824 ], [ 4.400585555688445, 51.204769792974666 ], [ 4.400749892075615, 51.204071718091875 ], [ 4.400804515265913, 51.203366885458955 ] ] ] } },
{ "type": "Feature", "properties": { "stop_id": "osm-652646286", "name": "Bredabaan", "lines": "6", "line_count": 1, "source": "osm-overpass", "buffer_m": 800 }, "geometry": { "type": "Polygon", "coordinates": [ [ [ 4.448935031835974, 51.240100724840886 ], [ 4.448878649118125, 51.239395955481406 ], [ 4.448712493267967, 51.238698048487784 ], [ 4.448438169227459, 51.238013724636666 ], [ 4.448058323280923, 51.237349573613621 ], [ 4.447576617401096, 51.23671199057874 ], [ 4.446997693834502, 51.236107114615436 ], [ 4.446327130272916, 51.235540769653277 ], [ 4.44557138604727, 51.235018408432587 ], [ 4.44473773986561, 51.234545060048127 ], [ 4.443834219696869, 51.234125281574883 ], [ 4.442869525476397, 51.233763114239657 ], [ 4.441852945376882, 51.233462044558422 ], [ 4.440794266448866, 51.233224970811058 ], [ 4.439703680487945, 51.233054175175027 ], [ 4.438591686030561, 51.232951301784105 ], [ 4.437468987416453, 51.232917340922093 ], [ 4.436346391883421, 51.232952619503024 ], [ 4.435234705678382, 51.233056797928285 ], [ 4.434144630177868, 51.233228873351393 ], [ 4.433086659011125, 51.233467189318681 ], [ 4.432070977169505, 51.233769451693895 ], [ 4.431107363067302, 51.234132750714494 ], [ 4.430205094491583, 51.234553588968524 ], [ 4.429372859342093, 51.235027915024617 ], [ 4.428618672017389, 51.235551162392795 ], [ 4.42794979625035, 51.236118293443724 ], [ 4.427372675135441, 51.236723847864845 ], [ 4.426892869022367, 51.237361995189971 ], [ 4.426515001876347, 51.238026590897618 ], [ 4.426242716625075, 51.238711235540634 ], [ 4.426078639927058, 51.239409336338952 ], [ 4.426024356706333, 51.240114170643906 ], [ 4.426080394705291, 51.240818950663922 ], [ 4.426246219211437, 51.241516888828997 ], [ 4.426520238016175, 51.242201263164581 ], [ 4.42689981656522, 51.242865482044927 ], [ 4.427381303161775, 51.243503147702313 ], [ 4.427960063986246, 51.24410811787817 ], [ 4.428630527600947, 51.244674565022407 ], [ 4.429386238515852, 51.245197032467878 ], [ 4.430219919303028, 51.245670487037643 ], [ 4.431123540663669, 51.246090367576102 ], [ 4.432088398773679, 51.246452628934129 ], [ 4.433105199162191, 51.246753780982559 ], [ 4.434164146313079, 51.246990922276126 ], [ 4.43525503812309, 51.247161768041614 ], [ 4.436367364302176, 51.247264672218833 ], [ 4.437490407762716, 51.247298643340834 ], [ 4.438613348014653, 51.247263354099346 ], [ 4.439725365563719, 51.247159144502639 ], [ 4.440815746300013, 51.246987018595092 ], [ 4.441873984864248, 51.246748634770462 ], [ 4.442889885989136, 51.246446289772727 ], [ 4.443853662833454, 51.246082896539583 ], [ 4.444756031356045, 51.245661956103483 ], [ 4.445588299816261, 51.245187523822615 ], [ 4.446342452535432, 51.244664170269111 ], [ 4.44701122711056, 51.244096937153003 ], [ 4.447588184335919, 51.243491288709045 ], [ 4.448067770159993, 51.242853059016738 ], [ 4.448445369083145, 51.242188395762902 ], [ 4.448717348485333, 51.241503700990414 ], [ 4.448881093461663, 51.240805569405815 ], [ 4.448935031835974, 51.240100724840886 ] ] ] } },
{ "type": "Feature", "properties": { "stop_id": "osm-652646510", "name": "Bredabaan", "lines": "6", "line_count": 1, "source": "osm-overpass", "buffer_m": 800 }, "geometry": { "type": "Polygon", "coordinates": [ [ [ 4.448272302314356, 51.240387089024487 ], [ 4.44821592927109, 51.239682319429434 ], [ 4.448049782323213, 51.238984411584347 ], [ 4.447775466327043, 51.238300086274137 ], [ 4.447395627489519, 51.237635933198511 ], [ 4.446913927715021, 51.236998347537266 ], [ 4.446335009191385, 51.236393468399157 ], [ 4.445664449561924, 51.235827119744307 ], [ 4.444908708119806, 51.235304754348675 ], [ 4.444075063546361, 51.234831401347172 ], [ 4.443171543795123, 51.234411617859251 ], [ 4.442206848797485, 51.234049445160046 ], [ 4.44119026673367, 51.233748369817064 ], [ 4.440131584673163, 51.233511290164799 ], [ 4.439040994441742, 51.233340488437513 ], [ 4.437928994616962, 51.233237608827608 ], [ 4.436806289590217, 51.233203641678784 ], [ 4.435683686661016, 51.23323891396555 ], [ 4.434571992147431, 51.233343086149915 ], [ 4.433481907505929, 51.233515155445453 ], [ 4.432423926453692, 51.233753465457525 ], [ 4.431408234077171, 51.234055722107151 ], [ 4.430444608892007, 51.234419015686946 ], [ 4.429542328791897, 51.234839848837382 ], [ 4.428710081787468, 51.235314170176146 ], [ 4.427955882391354, 51.235837413258757 ], [ 4.427286994452601, 51.236404540497141 ], [ 4.426709861182833, 51.237010091615502 ], [ 4.426230043048758, 51.23764823617941 ], [ 4.42585216413134, 51.238312829694038 ], [ 4.425579867471622, 51.238997472733367 ], [ 4.425415779837999, 51.239695572532789 ], [ 4.425361486259852, 51.240400406453311 ], [ 4.425417514579375, 51.241105186707067 ], [ 4.425583330177361, 51.241803125721823 ], [ 4.425857340931088, 51.24248750151488 ], [ 4.426236912363903, 51.243151722446534 ], [ 4.426718392847646, 51.243789390729219 ], [ 4.427297148621701, 51.244394364079163 ], [ 4.427967608297124, 51.244960814915729 ], [ 4.428723316421936, 51.245483286536157 ], [ 4.429556995595163, 51.245956745723376 ], [ 4.430460616533632, 51.246376631277258 ], [ 4.431425475417371, 51.246738898000402 ], [ 4.432442277768117, 51.247040055711899 ], [ 4.433501228050878, 51.247277202911995 ], [ 4.434592124132241, 51.247448054770516 ], [ 4.435704455681015, 51.2475509651686 ], [ 4.436827505557832, 51.24758494257933 ], [ 4.437950453210794, 51.247549659633883 ], [ 4.439062479074281, 51.247445456279848 ], [ 4.440152868958237, 51.247273336501415 ], [ 4.441211117415184, 51.247034958633371 ], [ 4.442227029082457, 51.246732619362263 ], [ 4.443190817017196, 51.246369231570611 ], [ 4.444093197071325, 51.245948296238495 ], [ 4.444925477393047, 51.245473868674914 ], [ 4.445679642189361, 51.244950519406586 ], [ 4.44634842894087, 51.244383290102228 ], [ 4.446925398324526, 51.243777644959962 ], [ 4.447404996171667, 51.243139418027511 ], [ 4.447782606866839, 51.24247475696508 ], [ 4.44805459767662, 51.241790063794504 ], [ 4.448218353586267, 51.241091933206917 ], [ 4.448272302314356, 51.240387089024487 ] ] ] } },
{ "type": "Feature", "properties": { "stop_id": "osm-2205844970", "name": "Bres", "lines": "1", "line_count": 1, "source": "osm-overpass", "buffer_m": 800 }, "geometry": { "type": "Polygon", "coordinates": [ [ [ 4.407980696531827, 51.20695949053767 ], [ 4.407924972711904, 51.206254692587898 ], [ 4.407759547727002, 51.205556719090623 ], [ 4.40748601947528, 51.204872291464675 ], [ 4.40710702657353, 51.204208000396711 ], [ 4.40662622277723, 51.20357024239707 ], [ 4.406048241645117, 51.20296515823545 ], [ 4.405378651794336, 51.202398573847653 ], [ 4.404623903181659, 51.201875944280587 ], [ 4.403791264931628, 51.201402301213861 ], [ 4.402888755312423, 51.200982204560631 ], [ 4.401925064534571, 51.200619698611753 ], [ 4.40090947111525, 51.200318273143694 ], [ 4.399851752611477, 51.20008082986201 ], [ 4.398762091578401, 51.199909654501866 ], [ 4.397650977653735, 51.199806394852672 ], [ 4.396529106705579, 51.199772044916593 ], [ 4.395407278008438, 51.199806935352967 ], [ 4.394296290430683, 51.199910730299536 ], [ 4.393206838625857, 51.200082430601213 ], [ 4.392149410220325, 51.200320383415267 ], [ 4.391134184980329, 51.200622298101301 ], [ 4.390170936923077, 51.200985268243834 ], [ 4.389268940308909, 51.201405799597154 ], [ 4.388436880415219, 51.201879843684601 ], [ 4.387682769947972, 51.202402836731274 ], [ 4.387013871893698, 51.202969743556856 ], [ 4.386436629554183, 51.203575106008408 ], [ 4.3859566044384, 51.204213095468958 ], [ 4.385578422611936, 51.204877568938201 ], [ 4.385305730024065, 51.205562128147243 ], [ 4.385141157247328, 51.206260181140166 ], [ 4.385086293974895, 51.206965005730211 ], [ 4.385141673527785, 51.207669814220992 ], [ 4.385306767528186, 51.20836781877005 ], [ 4.385579990797489, 51.209052296765257 ], [ 4.385958716439204, 51.209716655584259 ], [ 4.386439300968503, 51.210354496113091 ], [ 4.38701711925296, 51.210959674410468 ], [ 4.387686608933575, 51.211526360923088 ], [ 4.388441323903056, 51.212049096679351 ], [ 4.389273996329754, 51.212522845918905 ], [ 4.390176606632102, 51.21294304464849 ], [ 4.391140460730375, 51.213305644654397 ], [ 4.392156273831081, 51.213607152545642 ], [ 4.393214259934975, 51.213844663449237 ], [ 4.394304226203181, 51.214015889031295 ], [ 4.395415671267974, 51.214119179572414 ], [ 4.396537886535721, 51.214153539883299 ], [ 4.397660059499909, 51.21411863890588 ], [ 4.398771378062177, 51.214014812907514 ], [ 4.399861134849432, 51.213843062236599 ], [ 4.400918830515004, 51.213605041671499 ], [ 4.401934275021997, 51.213303044456296 ], [ 4.402897685926896, 51.212939980177964 ], [ 4.403799782711217, 51.212519346699857 ], [ 4.404631876248088, 51.212045196423198 ], [ 4.405385952538648, 51.211522097203677 ], [ 4.406054749909766, 51.210955088301787 ], [ 4.406631828928853, 51.210349631793214 ], [ 4.407111634363245, 51.209711559909437 ], [ 4.407489548589594, 51.209047018818325 ], [ 4.407761935942344, 51.208362409387341 ], [ 4.407926177578967, 51.207664325502478 ], [ 4.407980696531827, 51.20695949053767 ] ] ] } },
{ "type": "Feature", "properties": { "stop_id": "osm-2205844971", "name": "Bres", "lines": "1,10", "line_count": 2, "source": "osm-overpass", "buffer_m": 800 }, "geometry": { "type": "Polygon", "coordinates": [ [ [ 4.41051228745199, 51.207738045380211 ], [ 4.410456524447692, 51.20703324883727 ], [ 4.41029105881898, 51.20633527909412 ], [ 4.41001748885549, 51.205650857533385 ], [ 4.40963845357571, 51.204986574783163 ], [ 4.409157607143152, 51.204348827273606 ], [ 4.408579583527008, 51.203743755673365 ], [ 4.407909951753345, 51.20317718579718 ], [ 4.407155162182399, 51.202654572552149 ], [ 4.406322484332841, 51.202180947460711 ], [ 4.40541993685386, 51.201760870262881 ], [ 4.40445621032022, 51.201398385062149 ], [ 4.403440583593072, 51.201096981435285 ], [ 4.402382834549832, 51.20085956087749 ], [ 4.401293146039424, 51.200688408905194 ], [ 4.400182007963877, 51.200585173082672 ], [ 4.399060116423611, 51.200550847182676 ], [ 4.397938270891252, 51.200585761633221 ], [ 4.396827270397168, 51.20068958034085 ], [ 4.395737809719238, 51.200861303921748 ], [ 4.394680376569291, 51.201099279309105 ], [ 4.393665150759344, 51.201401215645198 ], [ 4.392701906312257, 51.201764206306137 ], [ 4.391799917453818, 51.202184756848631 ], [ 4.390967869387009, 51.202658818611312 ], [ 4.390213774704218, 51.203181827649026 ], [ 4.389544896240317, 51.20374874862744 ], [ 4.388967677108796, 51.204354123257332 ], [ 4.388487678595498, 51.20499212280442 ], [ 4.388109526510186, 51.205656604171111 ], [ 4.387836866516054, 51.206341169012504 ], [ 4.387672328872053, 51.207039225318262 ], [ 4.387617502933264, 51.207744050869636 ], [ 4.387672921661363, 51.208448857960903 ], [ 4.387838056301387, 51.209146858762956 ], [ 4.388111321283413, 51.209831330699629 ], [ 4.388490089309209, 51.210495681206865 ], [ 4.388970716485692, 51.211133511250637 ], [ 4.389548577269556, 51.211738676990578 ], [ 4.390218108892286, 51.212305348994228 ], [ 4.390972864842392, 51.212828068429744 ], [ 4.391805576893235, 51.213301799693873 ], [ 4.392708225081289, 51.213721978966483 ], [ 4.393672114961598, 51.214084558221302 ], [ 4.394687961395691, 51.214386044267201 ], [ 4.395745978062938, 51.214623532441614 ], [ 4.396835971829773, 51.21479473462967 ], [ 4.397947441063337, 51.214898001337332 ], [ 4.399069676936985, 51.214932337604935 ], [ 4.400191866745558, 51.214897412606064 ], [ 4.401303198228341, 51.214793562839517 ], [ 4.402392963887747, 51.214621788882674 ], [ 4.403450664291681, 51.214383745738317 ], [ 4.404466109357698, 51.214081726867995 ], [ 4.405429516637058, 51.213718642067327 ], [ 4.406331605646414, 51.21329798939739 ], [ 4.407163687334048, 51.212823821444218 ], [ 4.407917747815538, 51.212300706233819 ], [ 4.408586525570352, 51.211733683180647 ], [ 4.409163581355197, 51.211128214496632 ], [ 4.409643360161546, 51.210490132530559 ], [ 4.410021244622855, 51.209825583547214 ], [ 4.410293599360568, 51.209140968490068 ], [ 4.410457805846569, 51.208442881299185 ], [ 4.41051228745199, 51.207738045380211 ] ] ] } },
{ "type": "Feature", "properties": { "stop_id": "osm-3174594355", "name": "Broedermin", "lines": "10", "line_count": 1, "source": "osm-overpass", "buffer_m": 800 }, "geometry": { "type": "Polygon", "coordinates": [ [ [ 4.404408797863394, 51.202481636399028 ], [ 4.4043531333613, 51.201776835544713 ], [ 4.404187777700394, 51.201078855840358 ], [ 4.403914328110426, 51.200394418764759 ], [ 4.403535422450022, 51.199730115095662 ], [ 4.40305471363404, 51.199092341465004 ], [ 4.402476834306275, 51.198487238793113 ], [ 4.401807352103403, 51.197920633194087 ], [ 4.401052715945681, 51.197397979919344 ], [ 4.400220193875031, 51.196924310876767 ], [ 4.399317803041325, 51.19650418622976 ], [ 4.398354232511865, 51.196141650538721 ], [ 4.397338759646643, 51.195840193866559 ], [ 4.396281160842648, 51.195602718219284 ], [ 4.395191617503302, 51.195431509643669 ], [ 4.394080618133933, 51.195328216248903 ], [ 4.392958857500458, 51.195293832361997 ], [ 4.391837133815995, 51.195328688969127 ], [ 4.390726244938485, 51.195432450533708 ], [ 4.38963688457171, 51.195604118221894 ], [ 4.388579539462058, 51.195842039505003 ], [ 4.387564388574015, 51.196143924046027 ], [ 4.386601205208978, 51.196506865719797 ], [ 4.385699263004292, 51.196927370554562 ], [ 4.384867246713176, 51.19740139032902 ], [ 4.384113168621298, 51.197924361502309 ], [ 4.383444291402826, 51.198491249104769 ], [ 4.382867058158143, 51.199096595168584 ], [ 4.382387030307767, 51.199734571234615 ], [ 4.382008833942642, 51.200399034431619 ], [ 4.381736115151012, 51.201083586589725 ], [ 4.381571504756709, 51.201781635821 ], [ 4.381516592814122, 51.20248645997507 ], [ 4.381571913111999, 51.203191271359913 ], [ 4.381736937842272, 51.203889282105308 ], [ 4.382010082492672, 51.204573769539572 ], [ 4.382388720923228, 51.205238140949639 ], [ 4.382869210488575, 51.205875997100478 ], [ 4.3834469269706, 51.206481193900423 ], [ 4.38411630899069, 51.207047901618111 ], [ 4.384870911478565, 51.207570661077824 ], [ 4.385703467686217, 51.208044436290976 ], [ 4.386605959151904, 51.208464663014183 ], [ 4.387569692941097, 51.208827292764191 ], [ 4.388585385419826, 51.209128831863531 ], [ 4.389643251751474, 51.209366375138579 ], [ 4.390733100251687, 51.209537633943604 ], [ 4.391844430687971, 51.209640958239191 ], [ 4.392966535571692, 51.209675352510772 ], [ 4.394088603460389, 51.209640485373122 ], [ 4.395199823268547, 51.209536692767571 ], [ 4.396289488574897, 51.209364974720714 ], [ 4.397347100914402, 51.209126985696606 ], [ 4.398362471053076, 51.208825018635423 ], [ 4.399325817263847, 51.20846198283359 ], [ 4.400227859651299, 51.208041375880128 ], [ 4.401059909612244, 51.207567249920707 ], [ 4.401813953567105, 51.207044172576829 ], [ 4.402482730153581, 51.206477182898197 ], [ 4.40305980013852, 51.205871742775422 ], [ 4.403539608375388, 51.205233684282177 ], [ 4.403917537212862, 51.204569153457442 ], [ 4.404189950843635, 51.203884551069919 ], [ 4.404354230171039, 51.203186470937794 ], [ 4.404408797863394, 51.202481636399028 ] ] ] } },
{ "type": "Feature", "properties": { "stop_id": "osm-3174604065", "name": "Broedermin", "lines": "10", "line_count": 1, "source": "osm-overpass", "buffer_m": 800 }, "geometry": { "type": "Polygon", "coordinates": [ [ [ 4.405291915865927, 51.203370250885449 ], [ 4.405236236959952, 51.202665450689175 ], [ 4.405070864935182, 51.201967472459984 ], [ 4.404797397179104, 51.201283037662421 ], [ 4.404418471725406, 51.200618737052331 ], [ 4.403937741679638, 51.199980967232037 ], [ 4.403359839890072, 51.199375869085195 ], [ 4.4026903342097, 51.198809268682353 ], [ 4.401935673784814, 51.198286621224803 ], [ 4.40110312689094, 51.197812958564398 ], [ 4.400200710916881, 51.197392840803055 ], [ 4.399237115171881, 51.197030312434919 ], [ 4.398221617258582, 51.196728863452371 ], [ 4.397163993814982, 51.196491395787326 ], [ 4.396074426481579, 51.19632019540979 ], [ 4.394963403994552, 51.196216910349939 ], [ 4.393841621342239, 51.196182534854607 ], [ 4.392719876949611, 51.196217399829187 ], [ 4.391608968873859, 51.196321169656485 ], [ 4.390519591003516, 51.196492845423229 ], [ 4.389462230253415, 51.196730774522841 ], [ 4.388447065738608, 51.197032666543222 ], [ 4.387483870891691, 51.197395615287057 ], [ 4.386581919460602, 51.197816126714628 ], [ 4.385749896287476, 51.198290152541105 ], [ 4.384995813724355, 51.198813129167405 ], [ 4.384326934488604, 51.199380021571301 ], [ 4.383749701700203, 51.199985371738784 ], [ 4.383269676775467, 51.200623351171181 ], [ 4.382891485777381, 51.201287816964751 ], [ 4.382618774742721, 51.201972370924693 ], [ 4.382454174420834, 51.202670421145626 ], [ 4.382399274769331, 51.203375245467612 ], [ 4.382454609458781, 51.204080056196993 ], [ 4.382619650542705, 51.204778065469839 ], [ 4.382892813351478, 51.205462550628575 ], [ 4.383271471570369, 51.206126918982072 ], [ 4.38375198236351, 51.206764771324607 ], [ 4.384329721308385, 51.20736996360128 ], [ 4.384999126810035, 51.207936666124155 ], [ 4.385753753571978, 51.208459419767564 ], [ 4.386586334612341, 51.208933188598941 ], [ 4.387488851230085, 51.20935340843635 ], [ 4.388452610248292, 51.209716030862857 ], [ 4.389468327789822, 51.210017562271496 ], [ 4.390526218776484, 51.210255097562737 ], [ 4.391616091286251, 51.210426348167765 ], [ 4.392727444855192, 51.210529664126184 ], [ 4.393849571771669, 51.210564050003732 ], [ 4.394971660380838, 51.210529174496081 ], [ 4.396082899397451, 51.210425373625142 ], [ 4.397172582215108, 51.210253647497197 ], [ 4.39823021020002, 51.210015650654192 ], [ 4.399245593967449, 51.209713676111562 ], [ 4.400208951659047, 51.209350633237882 ], [ 4.401111003268844, 51.208930019690285 ], [ 4.401943060104897, 51.208455887677943 ], [ 4.402697108521514, 51.20793280488067 ], [ 4.403365887113567, 51.207365810400695 ], [ 4.40394295662875, 51.206760366174876 ], [ 4.404422761925254, 51.206122304316402 ], [ 4.40480068538028, 51.205457770896615 ], [ 4.405073091238584, 51.204773166709195 ], [ 4.405237360478572, 51.204075085589679 ], [ 4.405291915865927, 51.203370250885449 ] ] ] } },
{ "type": "Feature", "properties": { "stop_id": "osm-5032006353", "name": "Brouwersvliet", "lines": "7", "line_count": 1, "source": "osm-overpass", "buffer_m": 800 }, "geometry": { "type": "Polygon", "coordinates": [ [ [ 4.412386834303548, 51.22707116407306 ], [ 4.412331019834913, 51.226366373740568 ], [ 4.412165457528122, 51.225668411893203 ], [ 4.411891746607764, 51.224983999837427 ], [ 4.411512527453334, 51.224319728109613 ], [ 4.411031456002188, 51.22368199303363 ], [ 4.410453168392999, 51.223076935158097 ], [ 4.409783236195943, 51.222510380165403 ], [ 4.409028112665459, 51.221987782819127 ], [ 4.408195070536576, 51.22151417448832 ], [ 4.407292131966033, 51.221094114751402 ], [ 4.406327991293576, 51.220731647543595 ], [ 4.405311931366568, 51.22043026226816 ], [ 4.404253734231557, 51.220192860243493 ], [ 4.403163587049483, 51.220021726807516 ], [ 4.402051984135866, 51.21991850934586 ], [ 4.400929626063752, 51.219884201454562 ], [ 4.399807316794587, 51.219919133388181 ], [ 4.398695859820693, 51.220022968885054 ], [ 4.397605954312215, 51.220194708399781 ], [ 4.396548092261428, 51.220432698712251 ], [ 4.395532457607863, 51.220734648821221 ], [ 4.394568828309343, 51.221097651970346 ], [ 4.393666482296267, 51.221518213596312 ], [ 4.392834108210249, 51.22199228493119 ], [ 4.392079721783269, 51.22251530193784 ], [ 4.391410588660509, 51.22308222920546 ], [ 4.390833154409406, 51.22368760838436 ], [ 4.390352982389696, 51.224325610696575 ], [ 4.389974700084911, 51.224990093018079 ], [ 4.38970195441569, 51.225674656994748 ], [ 4.389537376469845, 51.226372710624666 ], [ 4.38948255599461, 51.227077531714805 ], [ 4.389538025903182, 51.227782332602374 ], [ 4.389703256951792, 51.228480325517921 ], [ 4.389976662645926, 51.229164787961061 ], [ 4.390355614335752, 51.229829127459006 ], [ 4.390836466362429, 51.230466945083599 ], [ 4.391414591019654, 51.231072097113859 ], [ 4.392084422999391, 51.231638754249126 ], [ 4.392839512898503, 51.232161457800508 ], [ 4.3936725892744, 51.232635172317572 ], [ 4.394575628654243, 51.233055334141213 ], [ 4.395539932824244, 51.233417895413062 ], [ 4.396556212653929, 51.233719363115043 ], [ 4.397614677646001, 51.233956832761137 ], [ 4.398705130345937, 51.234128016414815 ], [ 4.399817064697325, 51.23423126476056 ], [ 4.400939767390157, 51.2342655830155 ], [ 4.402062421219402, 51.234230640526789 ], [ 4.403174209451488, 51.234126773961734 ], [ 4.404264420186202, 51.233954984059665 ], [ 4.405322549701598, 51.233716925977021 ], [ 4.406338403779623, 51.233414893319484 ], [ 4.407302196030101, 51.233051796015594 ], [ 4.408204642260481, 51.232631132247079 ], [ 4.409037049977856, 51.232156954707108 ], [ 4.409791402157808, 51.231633831514195 ], [ 4.410460434471253, 51.23106680215988 ], [ 4.411037705224799, 51.230461328916917 ], [ 4.411517657341834, 51.229823244178164 ], [ 4.411895671789555, 51.229158694235217 ], [ 4.412168111940926, 51.22847408004084 ], [ 4.412332358449013, 51.227775995526841 ], [ 4.412386834303548, 51.22707116407306 ] ] ] } },
{ "type": "Feature", "properties": { "stop_id": "osm-5032006354", "name": "Brouwersvliet", "lines": "7", "line_count": 1, "source": "osm-overpass", "buffer_m": 800 }, "geometry": { "type": "Polygon", "coordinates": [ [ [ 4.412644583603871, 51.227271939114431 ], [ 4.412588764998445, 51.226567148959333 ], [ 4.412423198120133, 51.225869187528041 ], [ 4.41214948223757, 51.225184776122923 ], [ 4.411770257778073, 51.224520505274114 ], [ 4.411289180730098, 51.223882771297014 ], [ 4.410710887286212, 51.223277714729647 ], [ 4.410040949072778, 51.222711161241754 ], [ 4.409285819402156, 51.222188565582485 ], [ 4.408452771068473, 51.221714959104617 ], [ 4.407549826288187, 51.221294901368687 ], [ 4.406585679460805, 51.220932436290688 ], [ 4.405569613492906, 51.220631053253371 ], [ 4.404511410489171, 51.220393653553586 ], [ 4.403421257666997, 51.22022252250683 ], [ 4.402309649396173, 51.22011930747577 ], [ 4.401187286301279, 51.220085002033045 ], [ 4.400064972392092, 51.220119936409645 ], [ 4.39895351120558, 51.220223774320353 ], [ 4.397863601952429, 51.220395516196582 ], [ 4.396805736660951, 51.220633508795473 ], [ 4.395790099301881, 51.220935461093745 ], [ 4.394826467859092, 51.221298466314032 ], [ 4.393924120283645, 51.221719029873022 ], [ 4.393091745232221, 51.222193102984207 ], [ 4.392337358446132, 51.222716121593365 ], [ 4.391668225574053, 51.223283050274198 ], [ 4.391090792181052, 51.22388843066345 ], [ 4.390610621618649, 51.224526433971526 ], [ 4.390232341356405, 51.225190917064729 ], [ 4.389959598295335, 51.225875481581554 ], [ 4.38979502349819, 51.226573535514824 ], [ 4.38974020668193, 51.227278356668656 ], [ 4.389795680724561, 51.227983157379576 ], [ 4.389960916342543, 51.228681149879804 ], [ 4.390234326997382, 51.229365611673003 ], [ 4.390613283991497, 51.230029950292611 ], [ 4.391094141614977, 51.230667766818904 ], [ 4.391672272107611, 51.231272917541503 ], [ 4.392342110105165, 51.231839573172309 ], [ 4.393097206146519, 51.232362275036898 ], [ 4.393930288729901, 51.232835987701101 ], [ 4.394833334322657, 51.233256147523662 ], [ 4.395797644651112, 51.233618706665496 ], [ 4.396813930525433, 51.233920172128997 ], [ 4.397872401390066, 51.234157639449769 ], [ 4.398962859733859, 51.2343288207136 ], [ 4.40007479944601, 51.234432066628102 ], [ 4.401197507164821, 51.234466382433737 ], [ 4.402320165636817, 51.234431437501286 ], [ 4.403431958083673, 51.234327568521643 ], [ 4.404522172564556, 51.234155776257346 ], [ 4.405580305321419, 51.233917715887628 ], [ 4.406596162104982, 51.233615681040177 ], [ 4.407559956499015, 51.233252581664679 ], [ 4.408462404290327, 51.232831915962784 ], [ 4.409294812971003, 51.232357736646264 ], [ 4.410049165507379, 51.231834611850779 ], [ 4.410718197566976, 51.231267581083316 ], [ 4.411295467458895, 51.23066210663022 ], [ 4.411775418114869, 51.230024020895982 ], [ 4.412153430516219, 51.229359470181805 ], [ 4.412425868055676, 51.228674855447863 ], [ 4.412590111411514, 51.227976770631166 ], [ 4.412644583603871, 51.227271939114431 ] ] ] } },
{ "type": "Feature", "properties": { "stop_id": "osm-2619232075", "name": "Burgemeester Nolf", "lines": "2,A3", "line_count": 2, "source": "osm-overpass", "buffer_m": 800 }, "geometry": { "type": "Polygon", "coordinates": [ [ [ 4.452201882478358, 51.242343008503937 ], [ 4.452145447647849, 51.241638241331792 ], [ 4.451979234886593, 51.240940339550676 ], [ 4.451704849684959, 51.240256023886907 ], [ 4.451324938916506, 51.239591883947149 ], [ 4.450843165178321, 51.238954314784564 ], [ 4.450264171370415, 51.238349455348889 ], [ 4.449593535860862, 51.237783129410424 ], [ 4.448837718673207, 51.237260789526189 ], [ 4.448003999217766, 51.236787464585504 ], [ 4.447100406168659, 51.236367711437545 ], [ 4.44613564016256, 51.23600557106522 ], [ 4.445118990062869, 51.23570452972487 ], [ 4.444060243593622, 51.235467485423506 ], [ 4.442969593200234, 51.235296720055132 ], [ 4.441857538039031, 51.235193877462066 ], [ 4.440734783033776, 51.235159947631722 ], [ 4.439612135964836, 51.235195257179363 ], [ 4.438500403575, 51.235299466208275 ], [ 4.437410287685263, 51.235471571577413 ], [ 4.436352282313625, 51.235709916544849 ], [ 4.435336572780757, 51.236012206695115 ], [ 4.43437293776767, 51.236375531998306 ], [ 4.433470655262982, 51.236796394789472 ], [ 4.432638413300851, 51.237270743400948 ], [ 4.431884226345845, 51.237794011125629 ], [ 4.431215358127761, 51.238361160138062 ], [ 4.430638251668927, 51.238966729952786 ], [ 4.430158467178508, 51.239604889955245 ], [ 4.42978062841414, 51.240269495501856 ], [ 4.429508378030826, 51.240954147050601 ], [ 4.429344342351912, 51.241652251754772 ], [ 4.429290105906979, 51.242357086928017 ], [ 4.429346195988469, 51.243061864770212 ], [ 4.429512077382731, 51.243759797732245 ], [ 4.42978615733364, 51.24444416388949 ], [ 4.430165800698259, 51.245108371694897 ], [ 4.430647355155666, 51.245746023487207 ], [ 4.431226186232699, 51.246350977141304 ], [ 4.431896721814937, 51.246917405266124 ], [ 4.432652505718989, 51.247439851377656 ], [ 4.433486259813605, 51.247913282504342 ], [ 4.434389954093501, 51.248333137716365 ], [ 4.435354884031772, 51.248695372108493 ], [ 4.436371754465189, 51.248996495811326 ], [ 4.437430769202414, 51.24923360765267 ], [ 4.438521725488646, 51.249404423142998 ], [ 4.439634112412267, 51.249507296513812 ], [ 4.44075721230007, 51.249541236594979 ], [ 4.441880204118049, 51.249505916377281 ], [ 4.442992267874891, 51.249401676167459 ], [ 4.44408268901536, 51.249229520304816 ], [ 4.44514096179084, 51.248991107471753 ], [ 4.446156890604479, 51.248688734691775 ], [ 4.447120688348432, 51.248325315170156 ], [ 4.44802307078042, 51.247904350192648 ], [ 4.448855346026138, 51.247429895353861 ], [ 4.449609498341954, 51.246906521443179 ], [ 4.450278265329231, 51.246339270366683 ], [ 4.450855207855889, 51.245733606532134 ], [ 4.451334772012576, 51.245095364167206 ], [ 4.451712342508972, 51.244430691080645 ], [ 4.45198428699945, 51.243745989409931 ], [ 4.45214799091596, 51.243047853927983 ], [ 4.452201882478358, 51.242343008503937 ] ] ] } },
{ "type": "Feature", "properties": { "stop_id": "osm-2619232076", "name": "Burgemeester Nolf", "lines": "2,A3", "line_count": 2, "source": "osm-overpass", "buffer_m": 800 }, "geometry": { "type": "Polygon", "coordinates": [ [ [ 4.452955772382591, 51.242709235501025 ], [ 4.452899325708549, 51.2420044687915 ], [ 4.452733100352571, 51.241306568171588 ], [ 4.452458701926377, 51.240622254356346 ], [ 4.452078777430897, 51.239958116934595 ], [ 4.45159698959542, 51.239320550935297 ], [ 4.451017981455688, 51.238715695277605 ], [ 4.450347331517751, 51.238149373695471 ], [ 4.449591499944025, 51.237627038704026 ], [ 4.448757766283285, 51.237153719145319 ], [ 4.447854159346347, 51.236733971816761 ], [ 4.446889379903504, 51.23637183764523 ], [ 4.445872716947441, 51.236070802827335 ], [ 4.444813958325882, 51.235833765307298 ], [ 4.443723296601146, 51.23566300691386 ], [ 4.442611231038567, 51.2355601714222 ], [ 4.441488466661982, 51.235526248751299 ], [ 4.440365811341914, 51.235561565447554 ], [ 4.439254071900552, 51.23566578154545 ], [ 4.438163950226754, 51.23583789383585 ], [ 4.437105940394203, 51.236076245510205 ], [ 4.436090227766534, 51.236378542088538 ], [ 4.435126591054592, 51.236741873479041 ], [ 4.434224308263405, 51.237162741958109 ], [ 4.43339206742997, 51.23763709580335 ], [ 4.432637883008077, 51.238160368257283 ], [ 4.431969018703233, 51.238727521448837 ], [ 4.431391917500201, 51.239333094852384 ], [ 4.430912139557661, 51.239971257818766 ], [ 4.430534308570308, 51.240635865675785 ], [ 4.430262067118378, 51.241320518859219 ], [ 4.430098041439318, 51.242018624506578 ], [ 4.430043815966514, 51.24272345992236 ], [ 4.430099917886823, 51.243428237304123 ], [ 4.430265811872651, 51.244126169107119 ], [ 4.430539905046652, 51.244810533417869 ], [ 4.430919562138564, 51.245474738707095 ], [ 4.431401130695265, 51.246112387337696 ], [ 4.431979976107778, 51.24671733721506 ], [ 4.432650526123568, 51.247283760984395 ], [ 4.433406324420166, 51.247806202203634 ], [ 4.434240092727626, 51.248279627948421 ], [ 4.435143800903678, 51.248699477340644 ], [ 4.436108744287464, 51.249061705531219 ], [ 4.437125627586144, 51.24936282271041 ], [ 4.438184654484351, 51.249599927768891 ], [ 4.439275622110044, 51.249770736282514 ], [ 4.440388019442284, 51.249873602549961 ], [ 4.441511128707514, 51.249907535469532 ], [ 4.442634128781336, 51.249872208101031 ], [ 4.443746199592858, 51.24976796082008 ], [ 4.444836626518858, 51.249595798034129 ], [ 4.44589490375498, 51.249357378492277 ], [ 4.446910835661423, 51.249054999282656 ], [ 4.447874635100574, 51.248691573672495 ], [ 4.448777017813898, 51.248270603006191 ], [ 4.449609291924442, 51.247796142933154 ], [ 4.450363441699599, 51.247272764293193 ], [ 4.451032204765315, 51.246705509037952 ], [ 4.451609142027395, 51.246099841615361 ], [ 4.452088699627315, 51.24546159628769 ], [ 4.452466262338025, 51.244796920892213 ], [ 4.452738197889005, 51.244112217588629 ], [ 4.452901891798416, 51.243414081165497 ], [ 4.452955772382591, 51.242709235501025 ] ] ] } },
{ "type": "Feature", "properties": { "stop_id": "osm-11792850732", "name": "Centraal Station", "lines": "11,24", "line_count": 2, "source": "osm-overpass", "buffer_m": 800 }, "geometry": { "type": "Polygon", "coordinates": [ [ [ 4.432417244210437, 51.218975424183036 ], [ 4.432361136689916, 51.218270641091685 ], [ 4.432195303330835, 51.217572705097496 ], [ 4.43192134596572, 51.216888337257117 ], [ 4.431541907344674, 51.216224127680483 ], [ 4.431060645515592, 51.215586472092276 ], [ 4.430482198447404, 51.21498151027518 ], [ 4.429812139242784, 51.214415066986184 ], [ 4.42905692237625, 51.21389259591291 ], [ 4.428223821478861, 51.213419127208361 ], [ 4.427320859270829, 51.212999219106436 ], [ 4.426356730317473, 51.212636914082346 ], [ 4.425340717351744, 51.21233569997792 ], [ 4.424282601966951, 51.212098476463666 ], [ 4.423192570536369, 51.211927527159013 ], [ 4.422081116261036, 51.211824497677142 ], [ 4.4209589382834, 51.211790379804519 ], [ 4.419836838831968, 51.211825501966565 ], [ 4.418725619380383, 51.211929526070435 ], [ 4.417635976813766, 51.212101450755085 ], [ 4.416578400594904, 51.212339621017854 ], [ 4.415563071913664, 51.212641744125008 ], [ 4.414599765784356, 51.213004911654615 ], [ 4.413697757028269, 51.213425627460616 ], [ 4.412865731042126, 51.213899841290392 ], [ 4.412111700208357, 51.214422987734508 ], [ 4.411442926750093, 51.214990030135382 ], [ 4.410865852773074, 51.215595509034301 ], [ 4.41038603816895, 51.216233594692412 ], [ 4.410008106980135, 51.216898143182448 ], [ 4.409735702746183, 51.217582755512346 ], [ 4.409571453266445, 51.218280839213733 ], [ 4.40951694512397, 51.218985671803203 ], [ 4.409572708222555, 51.219690465506361 ], [ 4.40973821049287, 51.220388432622087 ], [ 4.410011862825943, 51.221072850897755 ], [ 4.410391034193882, 51.221737128285255 ], [ 4.410872076819182, 51.22237486645394 ], [ 4.411450361156786, 51.222979922447585 ], [ 4.412120320357666, 51.223546467890138 ], [ 4.412875503790395, 51.224069045168171 ], [ 4.413708639108758, 51.224542620047366 ], [ 4.414611702269763, 51.224962630213554 ], [ 4.415575994828526, 51.225325029269264 ], [ 4.416592227764832, 51.225626325759094 ], [ 4.417650611032026, 51.225863616846468 ], [ 4.418740947962267, 51.226034616315211 ], [ 4.419852733614333, 51.226137676624354 ], [ 4.420975256111147, 51.226171804802732 ], [ 4.422097699984532, 51.226136672028886 ], [ 4.423209250524894, 51.226032616803494 ], [ 4.424299198123562, 51.225860641683532 ], [ 4.425357041595531, 51.225622403609925 ], [ 4.426372589480553, 51.225320197922315 ], [ 4.427336058340437, 51.224956936216081 ], [ 4.428238167100248, 51.22453611825658 ], [ 4.429070226520182, 51.224061798222039 ], [ 4.42982422293296, 51.223538545603269 ], [ 4.43049289543824, 51.222971401138111 ], [ 4.431069805809841, 51.222365828207579 ], [ 4.431549400443384, 51.221727660164042 ], [ 4.431927063749802, 51.221063044100895 ], [ 4.432199162484103, 51.22037838160692 ], [ 4.432363080587124, 51.219680267078253 ], [ 4.432417244210437, 51.218975424183036 ] ] ] } },
{ "type": "Feature", "properties": { "stop_id": "osm-13144047344", "name": "Centraal Station", "lines": "12", "line_count": 1, "source": "osm-overpass", "buffer_m": 800 }, "geometry": { "type": "Polygon", "coordinates": [ [ [ 4.433024156098075, 51.218616865403682 ], [ 4.432968039836194, 51.21791208250152 ], [ 4.432802198668838, 51.217214147260769 ], [ 4.432528234503629, 51.216529780730802 ], [ 4.432148790156057, 51.215865573008905 ], [ 4.431667523729054, 51.21522791980189 ], [ 4.431089073235717, 51.214622960869491 ], [ 4.430419011811603, 51.2140565209409 ], [ 4.429663793952502, 51.213534053671367 ], [ 4.428830693298942, 51.213060589177289 ], [ 4.427927732568714, 51.212640685651998 ], [ 4.426963606312855, 51.212278385526659 ], [ 4.425947597238292, 51.211977176595923 ], [ 4.424889486900853, 51.211739958480507 ], [ 4.42379946162521, 51.211569014747866 ], [ 4.422688014553155, 51.211465990957521 ], [ 4.421565844757818, 51.211431878841175 ], [ 4.420443754388964, 51.211467006768842 ], [ 4.419332544832862, 51.21157103659214 ], [ 4.418242912879425, 51.211742966895024 ], [ 4.417185347889336, 51.211981142620687 ], [ 4.416170030944431, 51.212283270982816 ], [ 4.415206736946112, 51.212646443508937 ], [ 4.414304740598939, 51.213067164004791 ], [ 4.413472727180236, 51.213541382172664 ], [ 4.412718708951489, 51.214064532561338 ], [ 4.412049948014508, 51.214631578475213 ], [ 4.411472886354503, 51.215237060421721 ], [ 4.41099308374454, 51.215875148632712 ], [ 4.410615164111534, 51.216539699156201 ], [ 4.410342770883751, 51.217224312980633 ], [ 4.410178531754506, 51.217922397623163 ], [ 4.410124033207124, 51.218627230591281 ], [ 4.410179805052932, 51.219332024106954 ], [ 4.410345315138262, 51.220029990470842 ], [ 4.410618974278796, 51.220714407437519 ], [ 4.410998151380968, 51.221378682971455 ], [ 4.411479198611937, 51.222016418759836 ], [ 4.412057486382185, 51.22262147186941 ], [ 4.412727447809516, 51.223188013951805 ], [ 4.413482632240961, 51.223710587426005 ], [ 4.414315767320597, 51.224184158094289 ], [ 4.415218829007656, 51.22460416368309 ], [ 4.416183118871396, 51.224966557838997 ], [ 4.417199347917523, 51.225267849153823 ], [ 4.418257726136829, 51.225505134840851 ], [ 4.419348056910089, 51.225676128735905 ], [ 4.420459835355416, 51.225779183351776 ], [ 4.421582349665184, 51.225813305772121 ], [ 4.422704784450129, 51.225778167230935 ], [ 4.42381632508827, 51.225674106284515 ], [ 4.424906262066391, 51.225502125544942 ], [ 4.425964094301881, 51.225263882007233 ], [ 4.426979630442817, 51.224961671063724 ], [ 4.427943087164214, 51.224598404360435 ], [ 4.428845183508155, 51.224177581710777 ], [ 4.429677230354502, 51.223703257338222 ], [ 4.43043121415716, 51.223180000775358 ], [ 4.431099874137293, 51.222612852797937 ], [ 4.43167677218941, 51.222007276820875 ], [ 4.432156354827804, 51.221369106225822 ], [ 4.432534006578946, 51.220704488130707 ], [ 4.432806094309119, 51.220019824143833 ], [ 4.432970002065105, 51.219321708675814 ], [ 4.433024156098075, 51.218616865403682 ] ] ] } },
{ "type": "Feature", "properties": { "stop_id": "osm-1889049539", "name": "Centraal Station", "lines": "11,24", "line_count": 2, "source": "osm-overpass", "buffer_m": 800 }, "geometry": { "type": "Polygon", "coordinates": [ [ [ 4.432900519614233, 51.218875477380202 ], [ 4.432844404909736, 51.218170694490674 ], [ 4.432678564673042, 51.217472759147071 ], [ 4.432404600802871, 51.216788392399771 ], [ 4.432025156111925, 51.216124184348182 ], [ 4.431543888706497, 51.215486530702265 ], [ 4.430965436609158, 51.214881571226023 ], [ 4.430295372970948, 51.214315130653809 ], [ 4.429540152309011, 51.213792662647144 ], [ 4.428707048290899, 51.21331919732949 ], [ 4.427804083666804, 51.212899292902108 ], [ 4.42683995302527, 51.212536991804846 ], [ 4.42582393911545, 51.212235781841706 ], [ 4.424765823539714, 51.211998562643366 ], [ 4.423675792673147, 51.211827617787669 ], [ 4.422564339711346, 51.211724592844966 ], [ 4.421442163784111, 51.211690479558065 ], [ 4.420320067100217, 51.211725606308228 ], [ 4.419208851106683, 51.211829634958406 ], [ 4.418119212655363, 51.212001564103851 ], [ 4.417061641169466, 51.212239738698919 ], [ 4.416046317793331, 51.21254186596817 ], [ 4.415083017490242, 51.212905037449659 ], [ 4.414181015025447, 51.213325756959172 ], [ 4.413348995735145, 51.213799974208484 ], [ 4.412594971937353, 51.214323123755271 ], [ 4.411926205787501, 51.214890168912028 ], [ 4.411349139321, 51.215495650193439 ], [ 4.410869332357222, 51.216133737837779 ], [ 4.410491408865029, 51.216798287898612 ], [ 4.410219012309885, 51.217482901368726 ], [ 4.410054770417195, 51.218180985768754 ], [ 4.41000026969694, 51.218885818608527 ], [ 4.410056039981427, 51.219590612111233 ], [ 4.410221549132088, 51.220288578577687 ], [ 4.410495207973653, 51.220972995761443 ], [ 4.410874385415502, 51.2216372716249 ], [ 4.411355433621573, 51.222275007852133 ], [ 4.411933722993003, 51.222880061505549 ], [ 4.412603686632218, 51.223446604231626 ], [ 4.413358873864977, 51.223969178443134 ], [ 4.414192012308402, 51.224442749935228 ], [ 4.415095077889345, 51.224862756426397 ], [ 4.416059372139554, 51.225225151554554 ], [ 4.417075606022489, 51.225526443902154 ], [ 4.418133989482333, 51.225763730672526 ], [ 4.419224325849364, 51.225934725691033 ], [ 4.42033611018778, 51.226037781459638 ], [ 4.42145863063315, 51.226071905050915 ], [ 4.422581071737072, 51.226036767687567 ], [ 4.423692618816655, 51.225932707914552 ], [ 4.424782562296586, 51.225760728332631 ], [ 4.425840401031584, 51.225522485925673 ], [ 4.426855943607075, 51.22522027607512 ], [ 4.427819406636066, 51.224857010416478 ], [ 4.428721509099844, 51.224436188753089 ], [ 4.429553561819304, 51.223961865298925 ], [ 4.430307551191771, 51.22343860957772 ], [ 4.43097621638476, 51.222871462357176 ], [ 4.431553119242576, 51.222265887044856 ], [ 4.432032706233238, 51.221627717016048 ], [ 4.432410361841325, 51.220963099383212 ], [ 4.432682452896011, 51.220278435750281 ], [ 4.432846363412104, 51.219580320524351 ], [ 4.432900519614233, 51.218875477380202 ] ] ] } },
{ "type": "Feature", "properties": { "stop_id": "osm-1889054883", "name": "Centraal Station", "lines": "12", "line_count": 1, "source": "osm-overpass", "buffer_m": 800 }, "geometry": { "type": "Polygon", "coordinates": [ [ [ 4.432159123117332, 51.219296649184152 ], [ 4.432103019111537, 51.218591866058915 ], [ 4.431937188473314, 51.21789392979035 ], [ 4.431663233009056, 51.217209561437826 ], [ 4.431283795450646, 51.216545351116181 ], [ 4.430802533835811, 51.215907694557302 ], [ 4.430224086131495, 51.215302731553201 ], [ 4.429554025446559, 51.214736286872274 ], [ 4.428798806269827, 51.214213814215611 ], [ 4.427965702254653, 51.213740343751425 ], [ 4.427062736151297, 51.213320433730559 ], [ 4.426098602562614, 51.212958126646718 ], [ 4.425082584266184, 51.212656910361503 ], [ 4.424024462906639, 51.212419684566477 ], [ 4.422934424914767, 51.212248732903014 ], [ 4.421822963554748, 51.212145701006975 ], [ 4.420700778037205, 51.212111580688074 ], [ 4.41957867066319, 51.212146700395301 ], [ 4.418467442982577, 51.212250722059409 ], [ 4.417377791959658, 51.212422644342865 ], [ 4.416320207138587, 51.212660812266101 ], [ 4.415304869791992, 51.212962933117957 ], [ 4.414341555017572, 51.213326098498172 ], [ 4.413439537719809, 51.213746812281364 ], [ 4.41260750337763, 51.21422102423444 ], [ 4.411853464453901, 51.21474416896605 ], [ 4.411184683249634, 51.215311209835093 ], [ 4.410607601945156, 51.215916687397559 ], [ 4.410127780502686, 51.216554771927598 ], [ 4.409749843030507, 51.217219319508665 ], [ 4.409477433128727, 51.217903931157586 ], [ 4.409313178651314, 51.218602014412511 ], [ 4.409258666229509, 51.219306846794311 ], [ 4.409314425808385, 51.220011640530636 ], [ 4.40947992535258, 51.220709607920085 ], [ 4.409753575779455, 51.221394026707372 ], [ 4.41013274607955, 51.222058304839429 ], [ 4.410613788485716, 51.222696043978516 ], [ 4.411192073455081, 51.223301101159038 ], [ 4.411862034132595, 51.223867647993522 ], [ 4.412617219872666, 51.224390226855128 ], [ 4.413450358306894, 51.224863803494245 ], [ 4.414353425362308, 51.22528381557985 ], [ 4.415317722556533, 51.225646216695878 ], [ 4.416333960824714, 51.225947515367118 ], [ 4.417392350068824, 51.226184808736008 ], [ 4.418482693563429, 51.226355810564314 ], [ 4.419594486304051, 51.226458873288394 ], [ 4.420717016345288, 51.226493003913802 ], [ 4.421839468146239, 51.226457873595507 ], [ 4.422951026920893, 51.226353820810495 ], [ 4.424040982981202, 51.226181848092295 ], [ 4.425098835060595, 51.225943612358634 ], [ 4.426114391615854, 51.225641408926599 ], [ 4.427077869125215, 51.225278149369935 ], [ 4.427979986430387, 51.224857333433185 ], [ 4.42881205420921, 51.22438301527518 ], [ 4.429566058713872, 51.223859764368612 ], [ 4.430234738966064, 51.223292621434858 ], [ 4.430811656664995, 51.222687049840211 ], [ 4.431291258135711, 51.222048882924149 ], [ 4.431668927723324, 51.22138426776921 ], [ 4.43194103212238, 51.220699605955438 ], [ 4.432104955219207, 51.22000149187248 ], [ 4.432159123117332, 51.219296649184152 ] ] ] } },
{ "type": "Feature", "properties": { "stop_id": "osm-2216958248", "name": "Clara Snellings", "lines": "A9", "line_count": 1, "source": "osm-overpass", "buffer_m": 800 }, "geometry": { "type": "Polygon", "coordinates": [ [ [ 4.475917536058896, 51.227113411626149 ], [ 4.475860761170615, 51.226408651553392 ], [ 4.47569424771917, 51.225710778923222 ], [ 4.475419604086697, 51.225026514180271 ], [ 4.475039479631197, 51.224362446440033 ], [ 4.474557539003152, 51.223724970059749 ], [ 4.473978426705274, 51.223120223095052 ], [ 4.473307722242428, 51.222554028232771 ], [ 4.472551886298225, 51.222031836767535 ], [ 4.471718198460136, 51.221558676159283 ], [ 4.47081468709495, 51.221139101674872 ], [ 4.469850052050579, 51.220777152577035 ], [ 4.46883358092794, 51.220476313280614 ], [ 4.467775059727034, 51.220239479847599 ], [ 4.466684678724325, 51.220068932142077 ], [ 4.465572934483145, 51.219966311911122 ], [ 4.464450528935125, 51.219932607001581 ], [ 4.463328266498102, 51.219968141863681 ], [ 4.462216950214217, 51.22007257443174 ], [ 4.461127277901176, 51.220244899412798 ], [ 4.460069739309472, 51.220483457950721 ], [ 4.459054515268967, 51.220785953573909 ], [ 4.458091379789647, 51.221149474274164 ], [ 4.457189606053676, 51.221570520504997 ], [ 4.456357877199495, 51.222045038832334 ], [ 4.455604202753635, 51.222568460914474 ], [ 4.454935841513, 51.223135747439237 ], [ 4.454359231619538, 51.223741436596335 ], [ 4.453879928501491, 51.224379696621327 ], [ 4.453502551280995, 51.225044381906542 ], [ 4.453230738167639, 51.225729092141272 ], [ 4.45306711127223, 51.226427233912609 ], [ 4.45301325118535, 51.22713208417624 ], [ 4.453069681571966, 51.227836854985789 ], [ 4.453235863937542, 51.228534758858792 ], [ 4.453510202623391, 51.229219074149988 ], [ 4.453890059990433, 51.229883209801372 ], [ 4.45437178165225, 51.230520768845857 ], [ 4.454950731520879, 51.231125610051137 ], [ 4.455621336333517, 51.231691907108711 ], [ 4.456377139236062, 51.232214204796676 ], [ 4.457210861910809, 51.23268747157298 ], [ 4.458114474652222, 51.233107148090838 ], [ 4.459079273716553, 51.2334691911664 ], [ 4.460095965199697, 51.2337701127733 ], [ 4.461154754633316, 51.234007013686416 ], [ 4.462245441432917, 51.234177611448445 ], [ 4.463357517283567, 51.234280262388658 ], [ 4.464480267510063, 51.23431397748007 ], [ 4.465602874448767, 51.234278431881215 ], [ 4.466714521818533, 51.234173968070294 ], [ 4.467804499078208, 51.234001592540977 ], [ 4.468862304758372, 51.233762966091938 ], [ 4.469877747765102, 51.23346038780452 ], [ 4.470841045673666, 51.233096772863725 ], [ 4.471742919059825, 51.232675624437583 ], [ 4.472574680955653, 51.23220099988751 ], [ 4.473328320564836, 51.231677471637298 ], [ 4.473996580429233, 51.231110083079109 ], [ 4.474573026302724, 51.230504299944286 ], [ 4.475052109060262, 51.229865957608823 ], [ 4.475429218048047, 51.229201204843477 ], [ 4.475700725364521, 51.228516444552262 ], [ 4.475864020650476, 51.227818272071666 ], [ 4.475917536058896, 51.227113411626149 ] ] ] } },
{ "type": "Feature", "properties": { "stop_id": "osm-2216958253", "name": "Clara Snellings", "lines": "A9", "line_count": 1, "source": "osm-overpass", "buffer_m": 800 }, "geometry": { "type": "Polygon", "coordinates": [ [ [ 4.4763962450885, 51.2271505652675 ], [ 4.476339462918659, 51.226445805434949 ], [ 4.476172942169148, 51.225747933489068 ], [ 4.475898291292377, 51.225063669867993 ], [ 4.475518159716088, 51.224399603676275 ], [ 4.475036212159306, 51.223762129256272 ], [ 4.474457093191429, 51.223157384644715 ], [ 4.473786382381498, 51.222591192505796 ], [ 4.473030540474195, 51.222069004107929 ], [ 4.472196847114355, 51.221595846881421 ], [ 4.471293330721879, 51.221176276060611 ], [ 4.470328691193035, 51.220814330872983 ], [ 4.469312216171862, 51.220513495695705 ], [ 4.468253691695853, 51.220276666551115 ], [ 4.46716330807297, 51.220106123261992 ], [ 4.466051561891732, 51.220003507532901 ], [ 4.464929155102438, 51.219969807167402 ], [ 4.46380689213486, 51.220005346571902 ], [ 4.462695576036251, 51.220109783637049 ], [ 4.461605904622538, 51.220282113026578 ], [ 4.460548367635583, 51.220520675841904 ], [ 4.459533145889822, 51.220823175570281 ], [ 4.458570013373185, 51.221186700163955 ], [ 4.457668243239366, 51.221607750038963 ], [ 4.456836518592168, 51.222082271726151 ], [ 4.456082848917671, 51.222605696851474 ], [ 4.45541449296689, 51.223172986073379 ], [ 4.454837888830898, 51.223778677555664 ], [ 4.454358591882547, 51.224416939511471 ], [ 4.453981221184609, 51.22508162631452 ], [ 4.453709414883905, 51.225766337639421 ], [ 4.453545795025671, 51.226464480062845 ], [ 4.453491942132739, 51.22716933053411 ], [ 4.453548379800813, 51.227874101104831 ], [ 4.453714569465237, 51.228572004294854 ], [ 4.45398891539701, 51.229256318465431 ], [ 4.454368779887257, 51.229920452569345 ], [ 4.454850508480921, 51.230558009654459 ], [ 4.45542946502323, 51.231162848507239 ], [ 4.456100076187073, 51.231729142841857 ], [ 4.456855885057109, 51.232251437462637 ], [ 4.457689613258102, 51.232724700857098 ], [ 4.458593231031236, 51.233144373710942 ], [ 4.459558034584236, 51.233506412875656 ], [ 4.460574729969709, 51.233807330362566 ], [ 4.461633522681682, 51.234044226986235 ], [ 4.462724212104044, 51.234214820330656 ], [ 4.463836289896562, 51.234317466767713 ], [ 4.464959041365306, 51.234351177313705 ], [ 4.466081648834668, 51.234315627171078 ], [ 4.46719329601838, 51.234211158861726 ], [ 4.468283272377097, 51.234038778922724 ], [ 4.469341076450099, 51.233800148195193 ], [ 4.470356517158976, 51.233497565801692 ], [ 4.471319812101169, 51.233133946966802 ], [ 4.472221681881063, 51.232712794896052 ], [ 4.473053439565515, 51.232238166985994 ], [ 4.473807074398839, 51.231714635692732 ], [ 4.474475328968949, 51.231147244437764 ], [ 4.475051769080776, 51.230541458978387 ], [ 4.475530845664824, 51.229903114712954 ], [ 4.4759079481268, 51.229238360430855 ], [ 4.47617944862804, 51.228553599050628 ], [ 4.476342736875005, 51.22785542591928 ], [ 4.4763962450885, 51.2271505652675 ] ] ] } },
{ "type": "Feature", "properties": { "stop_id": "osm-611695020", "name": "Cogelsplein", "lines": "10", "line_count": 1, "source": "osm-overpass", "buffer_m": 800 }, "geometry": { "type": "Polygon", "coordinates": [ [ [ 4.466735257707248, 51.219865400756028 ], [ 4.466678630426079, 51.21916063427345 ], [ 4.466512280278994, 51.218462746733039 ], [ 4.466237814074293, 51.217778458723487 ], [ 4.465857879460478, 51.21711435958467 ], [ 4.465376139259338, 51.216476843976558 ], [ 4.464797236043342, 51.215872050332869 ], [ 4.46412674730414, 51.215305801790258 ], [ 4.463371131648545, 51.214783550160512 ], [ 4.462537666543605, 51.214310323483041 ], [ 4.461634378212453, 51.213890677661077 ], [ 4.460669964356694, 51.213528652644307 ], [ 4.459653710448887, 51.213227733578599 ], [ 4.458595400399085, 51.212990817294028 ], [ 4.457505222452224, 51.212820184452234 ], [ 4.456393671218041, 51.212717477620004 ], [ 4.455271446771246, 51.212683685477849 ], [ 4.454149351787232, 51.212719133315652 ], [ 4.453038187696892, 51.212823479905531 ], [ 4.451948650853348, 51.212995720782089 ], [ 4.450891229703227, 51.213234197898807 ], [ 4.449876103945776, 51.213536615567904 ], [ 4.448913046644483, 51.213900062531586 ], [ 4.448011330228266, 51.214321039953269 ], [ 4.447179637282805, 51.214795495061345 ], [ 4.446425976987729, 51.215318860122878 ], [ 4.44575760800229, 51.215886096374724 ], [ 4.445180968541383, 51.216491742490831 ], [ 4.444701614316187, 51.217129967121387 ], [ 4.444324164939088, 51.217794624999748 ], [ 4.444052259312604, 51.21847931607936 ], [ 4.443888520436549, 51.219177447132168 ], [ 4.443834529978095, 51.219882295217396 ], [ 4.443890812856102, 51.220587072409991 ], [ 4.444056831995203, 51.221284991166449 ], [ 4.444330993307546, 51.221969329698503 ], [ 4.444710660861472, 51.222633496724725 ], [ 4.445192182098157, 51.223271094976241 ], [ 4.44577092285981, 51.223875982843417 ], [ 4.446441311897813, 51.224442333568618 ], [ 4.447196894436815, 51.224964691413319 ], [ 4.448030394282416, 51.225438024256206 ], [ 4.448933783876429, 51.225857772114253 ], [ 4.449898361625767, 51.226219891116564 ], [ 4.450914835759533, 51.226520892505448 ], [ 4.45197341390452, 51.226757876287223 ], [ 4.453063897513043, 51.226928559206307 ], [ 4.454175780228954, 51.227031296771543 ], [ 4.455298349238886, 51.227065099121354 ], [ 4.45642078862608, 51.227029640573534 ], [ 4.457532283724419, 51.226925262767629 ], [ 4.45862212546033, 51.226752971368541 ], [ 4.459679813670341, 51.226514426364425 ], [ 4.460695158392245, 51.226211926051924 ], [ 4.461658378147868, 51.225848384864761 ], [ 4.46256019426527, 51.225427305260453 ], [ 4.463391920327314, 51.224952743937457 ], [ 4.464145545881706, 51.224429272710495 ], [ 4.464813813604278, 51.223861934422565 ], [ 4.465390289171596, 51.223256194320918 ], [ 4.465869423170825, 51.222617887367207 ], [ 4.466246604452741, 51.221953161991642 ], [ 4.466518204417577, 51.221268420834711 ], [ 4.466681611811919, 51.220570259048891 ], [ 4.466735257707248, 51.219865400756028 ] ] ] } },
{ "type": "Feature", "properties": { "stop_id": "osm-611695252", "name": "Cogelsplein", "lines": "10", "line_count": 1, "source": "osm-overpass", "buffer_m": 800 }, "geometry": { "type": "Polygon", "coordinates": [ [ [ 4.466351333647626, 51.219767137934788 ], [ 4.466294712288434, 51.219062371241179 ], [ 4.466128368237721, 51.218364483133769 ], [ 4.465853908245078, 51.217680194206679 ], [ 4.465473979899182, 51.217016093808638 ], [ 4.464992245961473, 51.216378576611802 ], [ 4.464413348944129, 51.215773781065167 ], [ 4.46374286627914, 51.21520753032371 ], [ 4.462987256514864, 51.214685276220393 ], [ 4.462153797061662, 51.214212046818496 ], [ 4.461250514088286, 51.213792398047438 ], [ 4.460286105244804, 51.213430369885366 ], [ 4.459269855955561, 51.213129447508365 ], [ 4.458211550086177, 51.212892527778401 ], [ 4.457121375841378, 51.212721891390359 ], [ 4.456009827795297, 51.212619180945062 ], [ 4.454887605991973, 51.21258538515788 ], [ 4.453765513081365, 51.212620829353746 ], [ 4.452654350474414, 51.212725172339823 ], [ 4.451564814509961, 51.212897409685411 ], [ 4.450507393626164, 51.21313588337803 ], [ 4.449492267519684, 51.213438297762806 ], [ 4.448529209257351, 51.213801741613594 ], [ 4.447627491277292, 51.214222716123778 ], [ 4.44679579618021, 51.214697168549769 ], [ 4.44604213316641, 51.215220531184464 ], [ 4.445373760921266, 51.215787765288063 ], [ 4.444797117691018, 51.216393409555288 ], [ 4.444317759223082, 51.217031632654056 ], [ 4.443940305170661, 51.217696289332544 ], [ 4.44366839448124, 51.218380979555718 ], [ 4.443504650203354, 51.219079110103813 ], [ 4.443450654056165, 51.219783958040892 ], [ 4.443506931013284, 51.220488735443396 ], [ 4.443672944056361, 51.221186654765809 ], [ 4.443947099156236, 51.22187099421437 ], [ 4.444326760441095, 51.222535162498907 ], [ 4.444808275412499, 51.223172762338422 ], [ 4.445387009973023, 51.223777652107962 ], [ 4.446057392933807, 51.224344005031654 ], [ 4.446812969578066, 51.224866365349691 ], [ 4.447646463768224, 51.225339700917075 ], [ 4.448549848000606, 51.225759451724443 ], [ 4.449514420733824, 51.226121573872547 ], [ 4.450530890245339, 51.226422578573356 ], [ 4.451589464206514, 51.226659565801299 ], [ 4.452679944110001, 51.226830252267604 ], [ 4.453791823635382, 51.226932993446937 ], [ 4.454914390000051, 51.226966799442849 ], [ 4.456036827312746, 51.226931344538116 ], [ 4.457148320927346, 51.226826970337051 ], [ 4.458238161784576, 51.226654682469942 ], [ 4.459295849729414, 51.226416140890834 ], [ 4.460311194802197, 51.226113643863393 ], [ 4.461274415521339, 51.2257501057897 ], [ 4.462176233205591, 51.225329029097288 ], [ 4.463007961422674, 51.224854470456549 ], [ 4.463761589699501, 51.22433100165641 ], [ 4.464429860685623, 51.223763665516451 ], [ 4.465006340026129, 51.223157927263237 ], [ 4.465485478271789, 51.222519621840661 ], [ 4.465862664232424, 51.22185489766418 ], [ 4.466134269263164, 51.221170157362742 ], [ 4.466297682061765, 51.220471996080612 ], [ 4.466351333647626, 51.219767137934788 ] ] ] } },
{ "type": "Feature", "properties": { "stop_id": "osm-2216913418", "name": "Confortalei", "lines": "A9", "line_count": 1, "source": "osm-overpass", "buffer_m": 800 }, "geometry": { "type": "Polygon", "coordinates": [ [ [ 4.468862830599967, 51.227899794829518 ], [ 4.468806161396914, 51.22719503159076 ], [ 4.468639750734804, 51.226497149245716 ], [ 4.468365206006291, 51.225812868332874 ], [ 4.467985175617479, 51.225148778123675 ], [ 4.467503323313668, 51.224511273191943 ], [ 4.466924292747796, 51.22390649186849 ], [ 4.466253662638521, 51.223340257171174 ], [ 4.465497892954343, 51.222818020778334 ], [ 4.464664262645576, 51.222344810582577 ], [ 4.463760799525891, 51.221925182328299 ], [ 4.462796202979431, 51.221563175795993 ], [ 4.461779760237104, 51.221262275953414 ], [ 4.460721257026222, 51.221025379445543 ], [ 4.459630883450461, 51.220854766743599 ], [ 4.458519136001922, 51.220752080220358 ], [ 4.457396716643239, 51.220718308360908 ], [ 4.456274429925178, 51.220753776259805 ], [ 4.455163079123456, 51.220858142496091 ], [ 4.454073362387765, 51.221030402415266 ], [ 4.453015769895819, 51.22126889778756 ], [ 4.452000482995834, 51.221571332749463 ], [ 4.451037276302325, 51.221934795876763 ], [ 4.450135423682383, 51.222355788177403 ], [ 4.449303609033178, 51.222830256736501 ], [ 4.448549842706543, 51.223353633691723 ], [ 4.447881384383313, 51.223920880165416 ], [ 4.447304673139541, 51.224526534733215 ], [ 4.446825265378775, 51.225164765963839 ], [ 4.446447781230287, 51.225829428527184 ], [ 4.446175859932977, 51.22651412233153 ], [ 4.446012124639225, 51.227212254122527 ], [ 4.445958156983433, 51.227917100952268 ], [ 4.446014481666594, 51.22862187490766 ], [ 4.446180561212419, 51.229319788476339 ], [ 4.446454800952861, 51.230004119919833 ], [ 4.446834564202343, 51.230668278024915 ], [ 4.447316197481578, 51.231305865608483 ], [ 4.447895065554613, 51.231910741163475 ], [ 4.448565595947306, 51.232477078050806 ], [ 4.44932133252321, 51.232999420665017 ], [ 4.450154997604344, 51.233472737031441 ], [ 4.451058562040751, 51.233892467325632 ], [ 4.452023322554749, 51.234254567845774 ], [ 4.453039985614248, 51.234555550012182 ], [ 4.454098757025271, 51.234792514016227 ], [ 4.455189436377359, 51.234963176792874 ], [ 4.456301515427601, 51.235065894044951 ], [ 4.457424279470091, 51.235099676106543 ], [ 4.458546910708059, 51.235064197490978 ], [ 4.459658592626083, 51.234959800031056 ], [ 4.460748614349852, 51.234787489581201 ], [ 4.461806473981133, 51.234548926313082 ], [ 4.462821979905693, 51.234246408699335 ], [ 4.463785349092026, 51.233882851340454 ], [ 4.464687301428536, 51.233461756849799 ], [ 4.465519149185998, 51.232987182069351 ], [ 4.466272880740252, 51.232463698943469 ], [ 4.466941237746744, 51.231896350429835 ], [ 4.467517785022972, 51.231290601874221 ], [ 4.467996972466563, 51.230652288319767 ], [ 4.468374188414913, 51.229987558260241 ], [ 4.468645803935905, 51.229302814381207 ], [ 4.46880920762797, 51.228604651861346 ], [ 4.468862830599967, 51.227899794829518 ] ] ] } },
{ "type": "Feature", "properties": { "stop_id": "osm-2610760842", "name": "Confortalei", "lines": "A9", "line_count": 1, "source": "osm-overpass", "buffer_m": 800 }, "geometry": { "type": "Polygon", "coordinates": [ [ [ 4.468723606215554, 51.228207508316594 ], [ 4.468666938743026, 51.227502745096615 ], [ 4.468500529066531, 51.226804862640229 ], [ 4.468225984569297, 51.226120581487052 ], [ 4.467845953655269, 51.22545649091083 ], [ 4.467364100074863, 51.224818985488952 ], [ 4.466785067493376, 51.22421420355694 ], [ 4.466114434648918, 51.223647968138465 ], [ 4.46535866153637, 51.223125730918852 ], [ 4.464525027139085, 51.222652519798707 ], [ 4.463621559310125, 51.222232890531224 ], [ 4.46265695747898, 51.221870882906721 ], [ 4.461640508927442, 51.221569981903485 ], [ 4.460581999438739, 51.22133308417758 ], [ 4.459491619176966, 51.221162470212029 ], [ 4.458379864698569, 51.221059782391769 ], [ 4.457257438033821, 51.221026009214292 ], [ 4.456135143803786, 51.221061475786925 ], [ 4.45502378535646, 51.22116584070146 ], [ 4.453934060915096, 51.2213380993161 ], [ 4.452876460731552, 51.221576593413623 ], [ 4.451861166228058, 51.221879027142862 ], [ 4.450897952092298, 51.222242489091414 ], [ 4.449996092262984, 51.222663480278584 ], [ 4.449164270706686, 51.223137947800211 ], [ 4.448410497841724, 51.223661323803952 ], [ 4.447742033411896, 51.224228569421371 ], [ 4.447165316552061, 51.224834223236265 ], [ 4.446685903719868, 51.225472453824693 ], [ 4.446308415093463, 51.226137115862713 ], [ 4.4460364899549, 51.226821809263676 ], [ 4.445872751493608, 51.2275199407771 ], [ 4.445818781374552, 51.228224787457762 ], [ 4.445875104322506, 51.228929561394033 ], [ 4.446041182877966, 51.229627475073734 ], [ 4.44631542238249, 51.230311806757314 ], [ 4.446695186152833, 51.230975965229227 ], [ 4.447176820704763, 51.231613553302864 ], [ 4.447755690790124, 51.232218429466471 ], [ 4.44842622391544, 51.232784767075024 ], [ 4.449181963917984, 51.233307110516172 ], [ 4.4500156330868, 51.233780427807297 ], [ 4.450919202232576, 51.234200159115019 ], [ 4.451883968032279, 51.234562260727728 ], [ 4.452900636902895, 51.234863244055248 ], [ 4.453959414594458, 51.235100209277768 ], [ 4.455050100635984, 51.235270873318463 ], [ 4.456162186720089, 51.235373591868026 ], [ 4.457284958073071, 51.235407375248045 ], [ 4.458407596827691, 51.235371897959091 ], [ 4.459519286396072, 51.235267501821298 ], [ 4.46060931583015, 51.235095192676212 ], [ 4.461667183157382, 51.234856630682984 ], [ 4.462682696689348, 51.234554114302 ], [ 4.463646073321227, 51.234190558121874 ], [ 4.464548032869669, 51.233769464744611 ], [ 4.465379887535955, 51.233294891001421 ], [ 4.466133625629369, 51.232771408826721 ], [ 4.466801988742366, 51.232204061169071 ], [ 4.467378541633633, 51.231598313365943 ], [ 4.467857734146743, 51.230960000453251 ], [ 4.468234954570297, 51.230295270918596 ], [ 4.468506573929115, 51.22961052744251 ], [ 4.468669980784715, 51.228912365199783 ], [ 4.468723606215554, 51.228207508316594 ] ] ] } },
{ "type": "Feature", "properties": { "stop_id": "osm-2216945759", "name": "Craeybeckx", "lines": "A9", "line_count": 1, "source": "osm-overpass", "buffer_m": 800 }, "geometry": { "type": "Polygon", "coordinates": [ [ [ 4.469798652878613, 51.226362804180944 ], [ 4.469741971398021, 51.225658040964149 ], [ 4.469575552214563, 51.224960159513863 ], [ 4.469301002802618, 51.224275880359983 ], [ 4.468920971613036, 51.22361179275687 ], [ 4.468439122398495, 51.222974291253372 ], [ 4.467860098781884, 51.222369514147168 ], [ 4.467189479414666, 51.221803284415543 ], [ 4.466433724161672, 51.221281053689019 ], [ 4.465600111834084, 51.220807849805645 ], [ 4.464696670072311, 51.220388228449032 ], [ 4.463732098054783, 51.220026229333278 ], [ 4.462715682776226, 51.219725337354745 ], [ 4.461657209699574, 51.219488449082704 ], [ 4.460566868638469, 51.219317844909121 ], [ 4.459455155772107, 51.219215167124702 ], [ 4.458332772730359, 51.219181404130318 ], [ 4.45721052371455, 51.219216880935299 ], [ 4.456099211637644, 51.219321256032906 ], [ 4.455009534276747, 51.21949352468333 ], [ 4.453951981430715, 51.219732028572757 ], [ 4.452936734066289, 51.220034471755646 ], [ 4.451973566417543, 51.220397942728702 ], [ 4.451071751975805, 51.220818942424202 ], [ 4.450239974270787, 51.221293417856096 ], [ 4.449486243298682, 51.221816801095834 ], [ 4.448817818399939, 51.222384053205275 ], [ 4.448241138328734, 51.222989712705669 ], [ 4.447761759188364, 51.223627948118249 ], [ 4.44738430083236, 51.224292614072603 ], [ 4.447112402251048, 51.224977310444288 ], [ 4.446948686377813, 51.225675443954223 ], [ 4.446894734659748, 51.226380291637824 ], [ 4.446951071644039, 51.22708506557386 ], [ 4.447117159735594, 51.227782978250005 ], [ 4.447391404183715, 51.22846730793642 ], [ 4.447771168257134, 51.22913146343673 ], [ 4.448252798468298, 51.22976904759291 ], [ 4.448831659610497, 51.230373918930916 ], [ 4.449502179276071, 51.230940250852242 ], [ 4.450257901431662, 51.231462587799264 ], [ 4.45109154853801, 51.231935897851919 ], [ 4.451995091618176, 51.232355621246597 ], [ 4.452959827600123, 51.232717714347935 ], [ 4.453976463188062, 51.233018688647689 ], [ 4.455035204452694, 51.233255644413127 ], [ 4.456125851274066, 51.2334262986585 ], [ 4.457237895722781, 51.233529007168862 ], [ 4.458360623426447, 51.233562780362575 ], [ 4.459483216938573, 51.23352729283836 ], [ 4.460594860107394, 51.233422886514902 ], [ 4.461684842432128, 51.233250567331943 ], [ 4.462742662394327, 51.233011995545333 ], [ 4.463758128762123, 51.232709469709754 ], [ 4.464721458885273, 51.232345904504875 ], [ 4.465623373028643, 51.23192480261968 ], [ 4.466455183831045, 51.231450220967268 ], [ 4.467208880024374, 51.230926731558249 ], [ 4.467877203604711, 51.230359377410771 ], [ 4.468453719711489, 51.2297536239248 ], [ 4.468932878542474, 51.229115306190963 ], [ 4.4693100687105, 51.228450572743228 ], [ 4.469581661531556, 51.22776582629978 ], [ 4.469745045822449, 51.227067662063895 ], [ 4.469798652878613, 51.226362804180944 ] ] ] } },
{ "type": "Feature", "properties": { "stop_id": "osm-2216945850", "name": "Craeybeckx", "lines": "A9", "line_count": 1, "source": "osm-overpass", "buffer_m": 800 }, "geometry": { "type": "Polygon", "coordinates": [ [ [ 4.471755554939126, 51.226372714670582 ], [ 4.471698843865753, 51.2256679523949 ], [ 4.47153239535598, 51.224970073701677 ], [ 4.471257817166532, 51.224285799094162 ], [ 4.470877758025287, 51.223621717782933 ], [ 4.470395881953942, 51.222984224256066 ], [ 4.469816832833831, 51.222379456734437 ], [ 4.469146189561796, 51.221813238102996 ], [ 4.468390412232639, 51.221291019885307 ], [ 4.467556779869883, 51.22081782979896 ], [ 4.466653320306624, 51.220398223394696 ], [ 4.465688732892477, 51.220036240242628 ], [ 4.464672304770219, 51.219735365085462 ], [ 4.463613821526268, 51.219498494330473 ], [ 4.462523473072014, 51.219327908200988 ], [ 4.461411755657733, 51.219225248814062 ], [ 4.460289370957013, 51.21919150439345 ], [ 4.459167123187131, 51.219226999769646 ], [ 4.458055815249072, 51.219331393257143 ], [ 4.456966144880161, 51.219503679939145 ], [ 4.455908601812038, 51.219742201328238 ], [ 4.454893366917447, 51.220044661310432 ], [ 4.453930214310566, 51.220408148220635 ], [ 4.453028417338097, 51.220829162837752 ], [ 4.452196659361765, 51.22130365203202 ], [ 4.451442950188026, 51.221827047742359 ], [ 4.450774548947654, 51.222394310910509 ], [ 4.450197894167244, 51.222999979951204 ], [ 4.449718541706754, 51.223638223293783 ], [ 4.44934111116298, 51.224302895491363 ], [ 4.449069241258568, 51.224987596359362 ], [ 4.448905554650854, 51.225685732575315 ], [ 4.448851632505167, 51.226390581148493 ], [ 4.448907999083923, 51.227095354148979 ], [ 4.449074116506992, 51.227793264073455 ], [ 4.449348389741124, 51.228477589218421 ], [ 4.449728181777704, 51.229141738431231 ], [ 4.450209838859718, 51.229779314614312 ], [ 4.450788725521464, 51.2303841763704 ], [ 4.451459269109288, 51.230950497193206 ], [ 4.452215013359197, 51.231472821631918 ], [ 4.453048680518887, 51.231946117886999 ], [ 4.453952241418035, 51.232365826327687 ], [ 4.454916992812744, 51.232727903462667 ], [ 4.45593364125856, 51.233028860937509 ], [ 4.45699239270215, 51.233265799181531 ], [ 4.458083046925365, 51.23343643537779 ], [ 4.4591950959274, 51.233539125485315 ], [ 4.460317825291932, 51.233572880099679 ], [ 4.461440417556449, 51.233537373998658 ], [ 4.462552056581222, 51.23343294927988 ], [ 4.463642031905458, 51.233260612060398 ], [ 4.464699842078248, 51.233022022769759 ], [ 4.465715295962172, 51.23271948013133 ], [ 4.466678611027406, 51.232355898986647 ], [ 4.467580507684072, 51.231934782178207 ], [ 4.468412298739636, 51.231460186762909 ], [ 4.469165973116427, 51.230936684883837 ], [ 4.469834273020897, 51.230369319679291 ], [ 4.470410763820735, 51.229763556655676 ], [ 4.470889895957665, 51.229125230995422 ], [ 4.471267058301801, 51.228460491308809 ], [ 4.471538622437261, 51.227775740373986 ], [ 4.471701977457235, 51.227077573437505 ], [ 4.471755554939126, 51.226372714670582 ] ] ] } },
{ "type": "Feature", "properties": { "stop_id": "osm-12618347191", "name": "Cuperus", "lines": "4", "line_count": 1, "source": "osm-overpass", "buffer_m": 800 }, "geometry": { "type": "Polygon", "coordinates": [ [ [ 4.438957315277538, 51.203380190626213 ], [ 4.438901127704241, 51.202675406366652 ], [ 4.438735251939069, 51.201977475317392 ], [ 4.438461290219493, 51.201293118487307 ], [ 4.438081885334205, 51.200628925880139 ], [ 4.437600695003073, 51.199991293057003 ], [ 4.437022356503679, 51.199386359581332 ], [ 4.436352441890781, 51.198819949937125 ], [ 4.435597404244596, 51.19829751748815 ], [ 4.434764515469, 51.197824092015523 ], [ 4.433861796240817, 51.197404231336989 ], [ 4.432897938785471, 51.197041977471294 ], [ 4.431882223222035, 51.196740817767846 ], [ 4.430824428281121, 51.196503651373575 ], [ 4.429734737251966, 51.196332761358093 ], [ 4.42862364005989, 51.196229792763901 ], [ 4.427501832411369, 51.19619573679141 ], [ 4.426380112971663, 51.196230921270214 ], [ 4.425269279558102, 51.196335007507514 ], [ 4.424180025341483, 51.196506993544155 ], [ 4.423122836047926, 51.196745223786763 ], [ 4.422107889144122, 51.197047404924071 ], [ 4.421144955970447, 51.197410627975366 ], [ 4.420243307758764, 51.197831396259787 ], [ 4.419411626435355, 51.198305659019283 ], [ 4.418657921064561, 51.198828850373104 ], [ 4.417989450735671, 51.199395933230925 ], [ 4.417412654634986, 51.200001447744164 ], [ 4.416933089977264, 51.200639563830755 ], [ 4.416555378396353, 51.201304137270014 ], [ 4.416283161314851, 51.201988768829381 ], [ 4.416119064727194, 51.202686865854922 ], [ 4.416064673741064, 51.203391705734596 ], [ 4.416120517128752, 51.204096500623528 ], [ 4.41628606204429, 51.204794462808984 ], [ 4.416559718964572, 51.205478870085521 ], [ 4.416938856814172, 51.206143130510817 ], [ 4.417419828135252, 51.2067808459175 ], [ 4.417998004066667, 51.207385873568519 ], [ 4.418667818801052, 51.207952385360755 ], [ 4.419422823096469, 51.208474924004967 ], [ 4.420255746330693, 51.208948455639018 ], [ 4.421158566502677, 51.209368418365408 ], [ 4.42212258750778, 51.209730766243759 ], [ 4.423138522941806, 51.210032008311828 ], [ 4.424196585624642, 51.210269242257461 ], [ 4.425286581977875, 51.210440182415049 ], [ 4.426398010342753, 51.210543181815211 ], [ 4.427520162286018, 51.210577248073626 ], [ 4.428642225911349, 51.210542052965479 ], [ 4.429753390174558, 51.210437935591955 ], [ 4.430842949190479, 51.21026589910884 ], [ 4.431900405519725, 51.210027601048132 ], [ 4.432915571433579, 51.209725337327278 ], [ 4.433878667175224, 51.209362020100635 ], [ 4.434780415265406, 51.208941149668192 ], [ 4.435612129939568, 51.208466780713451 ], [ 4.436365800851717, 51.207943483198243 ], [ 4.437034170236797, 51.207376298292552 ], [ 4.437610802787713, 51.206770689766643 ], [ 4.438090147574842, 51.206132491315437 ], [ 4.438467591413835, 51.20546785032483 ], [ 4.438739503171269, 51.204783168623344 ], [ 4.438903268586134, 51.204085040791831 ], [ 4.438957315277538, 51.203380190626213 ] ] ] } },
{ "type": "Feature", "properties": { "stop_id": "osm-13800810462", "name": "Cuperus", "lines": "A9", "line_count": 1, "source": "osm-overpass", "buffer_m": 800 }, "geometry": { "type": "Polygon", "coordinates": [ [ [ 4.439450897973588, 51.203717442830502 ], [ 4.43939470253641, 51.203012658897514 ], [ 4.439228818187087, 51.202314728631968 ], [ 4.438954847245806, 51.201630373035137 ], [ 4.438575432590103, 51.200966182098867 ], [ 4.438094232033957, 51.200328551368194 ], [ 4.437515882953411, 51.199723620386351 ], [ 4.436845957505103, 51.199157213613326 ], [ 4.436090908873556, 51.198634784385192 ], [ 4.435258009068388, 51.198161362452083 ], [ 4.434355278872564, 51.197741505597669 ], [ 4.433391410617053, 51.19737925580381 ], [ 4.432375684524848, 51.197078100380764 ], [ 4.431317879427854, 51.196840938434192 ], [ 4.43022817871303, 51.196670052990925 ], [ 4.429117072398869, 51.196567089049474 ], [ 4.427995256279616, 51.196533037765398 ], [ 4.426873529102032, 51.196568226923176 ], [ 4.425762688757896, 51.196672317784987 ], [ 4.424673428484707, 51.196844308347181 ], [ 4.423616234066876, 51.197082542972744 ], [ 4.422601283020433, 51.197384728308307 ], [ 4.421638346725654, 51.197747955332666 ], [ 4.420736696444484, 51.198168727326767 ], [ 4.419905014123178, 51.198642993496811 ], [ 4.41915130883575, 51.199166187929208 ], [ 4.418482839670752, 51.199733273503988 ], [ 4.417906045803368, 51.200338790346414 ], [ 4.417426484426936, 51.200976908351961 ], [ 4.4170487771438, 51.201641483281477 ], [ 4.416776565335267, 51.202326115888027 ], [ 4.416612474945087, 51.203024213507582 ], [ 4.416558091021344, 51.203729053522345 ], [ 4.416613942268392, 51.20443384808614 ], [ 4.41677949576464, 51.205131809489309 ], [ 4.417053161904392, 51.205816215533964 ], [ 4.417432309523466, 51.206480474289599 ], [ 4.417913291069956, 51.207118187604941 ], [ 4.418491477584229, 51.207723212762986 ], [ 4.419161303156983, 51.208289721684679 ], [ 4.419916318441856, 51.208812257108427 ], [ 4.420749252710726, 51.209285785203058 ], [ 4.421652083856207, 51.209705744105158 ], [ 4.422616115667891, 51.21006808791121 ], [ 4.423632061637417, 51.210369325698188 ], [ 4.424690134483114, 51.210606555195163 ], [ 4.425780140528595, 51.210777490779407 ], [ 4.426891578021677, 51.21088048552555 ], [ 4.428013738441094, 51.210914547094156 ], [ 4.429135809808826, 51.210879347305585 ], [ 4.430246981006051, 51.210775225306115 ], [ 4.431336546080778, 51.210603184296119 ], [ 4.432394007535239, 51.210364881851163 ], [ 4.433409177591336, 51.21006261393098 ], [ 4.43437227645238, 51.209699292730377 ], [ 4.435274026609089, 51.209278418587608 ], [ 4.436105742277051, 51.208804046221942 ], [ 4.436859413100764, 51.208280745628059 ], [ 4.437527781316091, 51.20771355800558 ], [ 4.438104411627291, 51.207107947150945 ], [ 4.4385837531264, 51.206469746781501 ], [ 4.438961192660833, 51.205805104301561 ], [ 4.439233099138718, 51.205120421554035 ], [ 4.439396858349993, 51.204422293129817 ], [ 4.439450897973588, 51.203717442830502 ] ] ] } },
{ "type": "Feature", "properties": { "stop_id": "osm-1645920732", "name": "Cuperus", "lines": "A9", "line_count": 1, "source": "osm-overpass", "buffer_m": 800 }, "geometry": { "type": "Polygon", "coordinates": [ [ [ 4.439644534805899, 51.203460124074837 ], [ 4.439588336753109, 51.202755340163804 ], [ 4.439422450421768, 51.20205741010065 ], [ 4.439148478151107, 51.20137305488467 ], [ 4.438769062831394, 51.20070886450403 ], [ 4.438287862282946, 51.200071234498424 ], [ 4.437709513881679, 51.199466304404112 ], [ 4.43703958977764, 51.198899898672494 ], [ 4.436284543142364, 51.198377470629666 ], [ 4.435451645966212, 51.197904050014323 ], [ 4.434548919006812, 51.197484194597415 ], [ 4.433585054563953, 51.197121946347025 ], [ 4.432569332823916, 51.196820792558498 ], [ 4.431511532576706, 51.196583632321783 ], [ 4.430421837162602, 51.196412748647283 ], [ 4.429310736549084, 51.196309786516387 ], [ 4.428188926475543, 51.196275737067353 ], [ 4.427067205630566, 51.196310928066922 ], [ 4.425956371845005, 51.196415020759581 ], [ 4.424867118293255, 51.196587013123981 ], [ 4.423809930695061, 51.196825249505842 ], [ 4.422794986500828, 51.197127436534807 ], [ 4.4218320570249, 51.197490665173454 ], [ 4.420930413463603, 51.197911438687107 ], [ 4.420098737698517, 51.198385706267395 ], [ 4.419345038740542, 51.198908901987075 ], [ 4.418676575617297, 51.19947598871385 ], [ 4.418099787445794, 51.200081506561837 ], [ 4.417620231364504, 51.200719625416831 ], [ 4.417242528924771, 51.201384201031502 ], [ 4.416970321461226, 51.202068834152293 ], [ 4.41680623487574, 51.202766932110229 ], [ 4.416751854179708, 51.203471772284239 ], [ 4.416807708046349, 51.204176566826597 ], [ 4.416973263528786, 51.204874528027858 ], [ 4.417246931002137, 51.20555893369206 ], [ 4.417626079289312, 51.20622319189237 ], [ 4.418107060831916, 51.206860904482824 ], [ 4.418685246670298, 51.207465928753464 ], [ 4.419355070901615, 51.208032436633744 ], [ 4.420110084192379, 51.208554970872036 ], [ 4.420943015833649, 51.20902849764866 ], [ 4.421845843743319, 51.209448455112913 ], [ 4.422809871742135, 51.209810797375084 ], [ 4.423825813358461, 51.210112033527032 ], [ 4.424883881352565, 51.210349261313588 ], [ 4.425973882094805, 51.210520195128524 ], [ 4.427085313884111, 51.210623188063472 ], [ 4.428207468254193, 51.210657247796476 ], [ 4.429329533285339, 51.210622046165597 ], [ 4.430440697919813, 51.210517922334823 ], [ 4.431530256268885, 51.210345879522215 ], [ 4.432587710899615, 51.210107575320663 ], [ 4.43360287409969, 51.209805305706837 ], [ 4.434565966138494, 51.209441982891896 ], [ 4.435467709572501, 51.209021107229567 ], [ 4.436299418682084, 51.208546733453801 ], [ 4.437053083174924, 51.20802343157284 ], [ 4.437721445347885, 51.20745624279872 ], [ 4.43829806996342, 51.206850630938952 ], [ 4.438777406168419, 51.206212429720551 ], [ 4.439154840861261, 51.205547786556011 ], [ 4.439426742996678, 51.204863103294812 ], [ 4.439590498406393, 51.204164974532816 ], [ 4.439644534805899, 51.203460124074837 ] ] ] } },
{ "type": "Feature", "properties": { "stop_id": "osm-1674841344", "name": "Cuperus", "lines": "4", "line_count": 1, "source": "osm-overpass", "buffer_m": 800 }, "geometry": { "type": "Polygon", "coordinates": [ [ [ 4.438342567734369, 51.203593650162908 ], [ 4.438286389192159, 51.202888865669252 ], [ 4.43812052186555, 51.202190933814805 ], [ 4.43784656791081, 51.201506575616193 ], [ 4.437467170041929, 51.200842381090368 ], [ 4.436985985911291, 51.200204745816933 ], [ 4.436407652736859, 51.199599809382981 ], [ 4.435737742522201, 51.199033396300976 ], [ 4.434982708305266, 51.19851095996782 ], [ 4.434149821956997, 51.198037530201972 ], [ 4.433247104130912, 51.19761766486257 ], [ 4.432283247039005, 51.197255406013262 ], [ 4.431267530796895, 51.196954241051387 ], [ 4.430209734141765, 51.196717069174497 ], [ 4.429120040379383, 51.196546173505034 ], [ 4.428008939461378, 51.1964431991399 ], [ 4.426887127130102, 51.196409137335046 ], [ 4.425765402095869, 51.196444315976201 ], [ 4.424654562229833, 51.196548396426792 ], [ 4.423565300764868, 51.196720376783396 ], [ 4.422508103496819, 51.196958601507205 ], [ 4.421493147969083, 51.197260777340183 ], [ 4.420530205605005, 51.197623995352671 ], [ 4.419628547724858, 51.198044758912317 ], [ 4.418796856347943, 51.198519017306552 ], [ 4.418043140635337, 51.199042204696667 ], [ 4.417374659775849, 51.199609284030558 ], [ 4.416797853057131, 51.20021479549353 ], [ 4.416318277796146, 51.200852909032932 ], [ 4.415940555728821, 51.201517480452651 ], [ 4.41566832837873, 51.202202110539552 ], [ 4.415504221839201, 51.20290020665395 ], [ 4.415449821313775, 51.203605046192557 ], [ 4.415505655666655, 51.204309841313872 ], [ 4.415671192138932, 51.205007804302873 ], [ 4.415944841288882, 51.205692212946467 ], [ 4.416323972115991, 51.206356475289134 ], [ 4.416804937230139, 51.2069941931451 ], [ 4.417383107830048, 51.207599223753725 ], [ 4.418052918159798, 51.208165738983396 ], [ 4.418807919019956, 51.208688281511797 ], [ 4.419640839821469, 51.209161817439373 ], [ 4.420543658586799, 51.209581784827286 ], [ 4.421507679224912, 51.209944137690243 ], [ 4.422523615335201, 51.210245385017977 ], [ 4.423581679731076, 51.210482624447678 ], [ 4.424671678817639, 51.210653570260895 ], [ 4.425783110909821, 51.210756575433749 ], [ 4.426905267538438, 51.210790647526295 ], [ 4.428027336762017, 51.210755458257502 ], [ 4.429138507482401, 51.210651346672371 ], [ 4.430228073752164, 51.210479315870799 ], [ 4.431285538061991, 51.210241023330106 ], [ 4.432300712606209, 51.209938764914583 ], [ 4.433263817544803, 51.209575452727442 ], [ 4.434165575309849, 51.209154587020137 ], [ 4.434997300043522, 51.208680222430672 ], [ 4.435750981302866, 51.208156928878829 ], [ 4.436419361223099, 51.207589747496421 ], [ 4.4369960043956, 51.206984142019792 ], [ 4.437475359788403, 51.206345946114546 ], [ 4.437852814114986, 51.205681307142008 ], [ 4.438124736140905, 51.204996626911353 ], [ 4.438288511506269, 51.204298499989264 ], [ 4.438342567734369, 51.203593650162908 ] ] ] } },
{ "type": "Feature", "properties": { "stop_id": "osm-598214987", "name": "Dageraadplaats", "lines": "11", "line_count": 1, "source": "osm-overpass", "buffer_m": 800 }, "geometry": { "type": "Polygon", "coordinates": [ [ [ 4.440635026515181, 51.207094228199502 ], [ 4.44057880911664, 51.206389445751086 ], [ 4.440412895039661, 51.205691518059602 ], [ 4.440138886891376, 51.205007166101453 ], [ 4.439759427908199, 51.204342979833378 ], [ 4.439278176331461, 51.203705354755385 ], [ 4.438699770028902, 51.203100430356216 ], [ 4.438029781708432, 51.202534031032435 ], [ 4.437274665160124, 51.202011610048331 ], [ 4.436441693047582, 51.201538197074534 ], [ 4.435538886849906, 51.201118349808439 ], [ 4.434574939629634, 51.200756110139594 ], [ 4.433559132369755, 51.200454965280684 ], [ 4.432501244683285, 51.200217814235636 ], [ 4.431411460751904, 51.200046939926338 ], [ 4.430300271394813, 51.199943987244055 ], [ 4.429178373205274, 51.199909947236009 ], [ 4.428056565719693, 51.199945147578092 ], [ 4.426945647602563, 51.200049249424865 ], [ 4.425856312839731, 51.200221250666878 ], [ 4.424799047932424, 51.200459495564381 ], [ 4.42378403107507, 51.200761690665097 ], [ 4.422821034281407, 51.201124926853865 ], [ 4.421919329395818, 51.201545707323397 ], [ 4.421087598890374, 51.202019981198397 ], [ 4.42033385230321, 51.20254318249102 ], [ 4.419665349120854, 51.203110274015316 ], [ 4.419088528846453, 51.203715795839251 ], [ 4.418608948928139, 51.204353917810323 ], [ 4.418231231147412, 51.205018495651217 ], [ 4.417959016987327, 51.205703130086903 ], [ 4.417794932414995, 51.206401228435745 ], [ 4.417740562423209, 51.207106068072875 ], [ 4.41779643558288, 51.207810861155714 ], [ 4.41796201876209, 51.208508819988779 ], [ 4.418235722069926, 51.209193222398945 ], [ 4.418614913984814, 51.209857476490562 ], [ 4.419095946528714, 51.210495184157267 ], [ 4.419674190251197, 51.211100202736446 ], [ 4.420344078692207, 51.211666704212263 ], [ 4.421099161899984, 51.212189231394788 ], [ 4.421932168492193, 51.212662750532189 ], [ 4.422835075664693, 51.213082699847327 ], [ 4.423799186474538, 51.213445033528963 ], [ 4.42481521365209, 51.213746260751556 ], [ 4.425873369133017, 51.213983479345941 ], [ 4.426963458444452, 51.21415440379436 ], [ 4.4280749790316, 51.214257387278771 ], [ 4.429197221572224, 51.214291437568221 ], [ 4.430319373296692, 51.214256226591694 ], [ 4.431430622311606, 51.214152093603332 ], [ 4.432520261914899, 51.213980041909345 ], [ 4.433577793890493, 51.213741729188271 ], [ 4.434593029780681, 51.213439451498836 ], [ 4.435556189154412, 51.213076121130051 ], [ 4.436457993919448, 51.212655238508482 ], [ 4.437289757765405, 51.212180858435104 ], [ 4.438043469872888, 51.211657550978856 ], [ 4.438711872080408, 51.211090357405496 ], [ 4.439288528765227, 51.210484741568798 ], [ 4.439767888765863, 51.209846537234043 ], [ 4.440145338752136, 51.209181891843791 ], [ 4.440417247532179, 51.208497207268984 ], [ 4.440581000874464, 51.207799078118029 ], [ 4.440635026515181, 51.207094228199502 ] ] ] } },
{ "type": "Feature", "properties": { "stop_id": "osm-598215238", "name": "Dageraadplaats", "lines": "11", "line_count": 1, "source": "osm-overpass", "buffer_m": 800 }, "geometry": { "type": "Polygon", "coordinates": [ [ [ 4.441144287390211, 51.206935078879148 ], [ 4.441088062488529, 51.206230296629542 ], [ 4.440922141357771, 51.205532369609884 ], [ 4.440648126672947, 51.204848018790116 ], [ 4.44026866173336, 51.204183834116023 ], [ 4.439787404837632, 51.203546211072215 ], [ 4.439208993904654, 51.202941289127878 ], [ 4.438539001686856, 51.202374892655854 ], [ 4.437783882011769, 51.201852474892995 ], [ 4.436950907573035, 51.201379065478967 ], [ 4.436048099872089, 51.200959222076811 ], [ 4.435084151985903, 51.200596986538891 ], [ 4.434068344903826, 51.200295846038095 ], [ 4.433010458237129, 51.200058699536498 ], [ 4.431920676157658, 51.199887829912129 ], [ 4.43080948946678, 51.199784882011215 ], [ 4.429687594732087, 51.199750846834924 ], [ 4.42856579145674, 51.199786052012655 ], [ 4.427454878264728, 51.199890158652401 ], [ 4.42636554909452, 51.200062164598599 ], [ 4.425308290393544, 51.200300414066206 ], [ 4.424293280296528, 51.200602613558921 ], [ 4.423330290752176, 51.200965853919342 ], [ 4.422428593535136, 51.201386638300001 ], [ 4.421596871043699, 51.201860915787904 ], [ 4.420843132738894, 51.202384120360435 ], [ 4.420174638027546, 51.202951214800066 ], [ 4.419597826331283, 51.203556739146663 ], [ 4.419118255015666, 51.204194863223435 ], [ 4.418740545779377, 51.204859442732754 ], [ 4.418468340023202, 51.205544078383518 ], [ 4.418304263633317, 51.206242177482345 ], [ 4.418249901523702, 51.206947017397177 ], [ 4.418305782189334, 51.20765181028267 ], [ 4.418471372425967, 51.208349768445267 ], [ 4.418745082274665, 51.209034169718251 ], [ 4.419124280150805, 51.209698422216995 ], [ 4.419605318018863, 51.210336127850333 ], [ 4.420183566377061, 51.210941143975255 ], [ 4.420853458720626, 51.211507642599628 ], [ 4.421608545060137, 51.212030166560915 ], [ 4.422441553983022, 51.212503682138305 ], [ 4.423344462662639, 51.212923627588985 ], [ 4.424308574141468, 51.213285957138886 ], [ 4.42532460114338, 51.213587180002314 ], [ 4.426382755605712, 51.213824394052068 ], [ 4.427472843065382, 51.21399531381423 ], [ 4.428584360985432, 51.214098292515843 ], [ 4.429706600069318, 51.21413233797206 ], [ 4.430828747580731, 51.214097122158442 ], [ 4.431939991666882, 51.213992984375736 ], [ 4.433029625673226, 51.213820927976322 ], [ 4.434087151437649, 51.213582610684078 ], [ 4.435102380562334, 51.213280328601833 ], [ 4.436065532681456, 51.212916994060798 ], [ 4.436967329772718, 51.212496107527805 ], [ 4.437799085599715, 51.212021723841481 ], [ 4.438552789420354, 51.211498413105581 ], [ 4.439221183153013, 51.210931216617432 ], [ 4.439797831256625, 51.210325598258848 ], [ 4.440277182652403, 51.20968739181945 ], [ 4.440654624093061, 51.209022744761988 ], [ 4.440926524469046, 51.208338058973411 ], [ 4.441090269629771, 51.207639929073885 ], [ 4.441144287390211, 51.206935078879148 ] ] ] } },
{ "type": "Feature", "properties": { "stop_id": "osm-2202351365", "name": "De Bosschaert", "lines": "2", "line_count": 1, "source": "osm-overpass", "buffer_m": 800 }, "geometry": { "type": "Polygon", "coordinates": [ [ [ 4.3996637267001, 51.183844095714775 ], [ 4.399608156097599, 51.183139287590336 ], [ 4.399442937447612, 51.182441296263427 ], [ 4.399169666656789, 51.18175684332504 ], [ 4.39879097985861, 51.181092519705963 ], [ 4.398310527857508, 51.180454722230479 ], [ 4.397732940821976, 51.179849592048861 ], [ 4.397063783572458, 51.179282955540458 ], [ 4.39630950189918, 51.178760268254528 ], [ 4.395477360430434, 51.178286562426749 ], [ 4.394575372651719, 51.17786639857492 ], [ 4.393612223750457, 51.177503821637202 ], [ 4.39259718702857, 51.177202322073796 ], [ 4.391540034685764, 51.176964802303779 ], [ 4.390450943829275, 51.176793548798834 ], [ 4.389340398610574, 51.17669021010078 ], [ 4.388219089425855, 51.176655780972773 ], [ 4.387097810144552, 51.176690592836486 ], [ 4.385987354348657, 51.176794310586061 ], [ 4.384898411574754, 51.176965935809385 ], [ 4.383841464550791, 51.177203816386395 ], [ 4.382826688410137, 51.177505662371942 ], [ 4.381863852847204, 51.177868568011796 ], [ 4.380962228151117, 51.17828903968099 ], [ 4.380130496017864, 51.178763029477409 ], [ 4.379376665996273, 51.179285974148662 ], [ 4.378707998370432, 51.179852838980132 ], [ 4.378130934220477, 51.18045816622319 ], [ 4.37765103333601, 51.18109612759983 ], [ 4.37727292058221, 51.181760580380278 ], [ 4.377000241238626, 51.182445126495054 ], [ 4.376835625745371, 51.183143174114448 ], [ 4.376780664201953, 51.183848001103733 ], [ 4.376835890870776, 51.184552819743779 ], [ 4.377000778841585, 51.185250842094703 ], [ 4.377273744915547, 51.185935345373267 ], [ 4.377652164669277, 51.186599736714207 ], [ 4.378132397560714, 51.187237616690645 ], [ 4.378709821841622, 51.187842840981865 ], [ 4.379378878946132, 51.188409579591976 ], [ 4.380133126932528, 51.188932373047983 ], [ 4.380965302467094, 51.189406185034116 ], [ 4.381867390755198, 51.189826450953021 ], [ 4.382830702746899, 51.19018912194413 ], [ 4.383845958872802, 51.190490703932838 ], [ 4.384903378501628, 51.190728291332526 ], [ 4.385992774254494, 51.19089959507248 ], [ 4.387103650262921, 51.19100296468045 ], [ 4.388225303418658, 51.191037404205382 ], [ 4.389346926633655, 51.191002581826048 ], [ 4.390457713108742, 51.190898833052465 ], [ 4.391546960599515, 51.190727157488936 ], [ 4.392604174667929, 51.190489209190055 ], [ 4.393619169918245, 51.190187280703576 ], [ 4.394582168235791, 51.189824280954106 ], [ 4.395483893076876, 51.189403707183203 ], [ 4.396315658896992, 51.18892961121675 ], [ 4.397069454852749, 51.188406560387108 ], [ 4.397738021969187, 51.187839593488569 ], [ 4.398314923028693, 51.187234172192149 ], [ 4.398794604509142, 51.186596128390185 ], [ 4.399172449976922, 51.185931607980052 ], [ 4.399444824424144, 51.185247011630274 ], [ 4.399609109127685, 51.18454893310097 ], [ 4.3996637267001, 51.183844095714775 ] ] ] } },
{ "type": "Feature", "properties": { "stop_id": "osm-660778480", "name": "De Bosschaert", "lines": "2", "line_count": 1, "source": "osm-overpass", "buffer_m": 800 }, "geometry": { "type": "Polygon", "coordinates": [ [ [ 4.400282469049986, 51.184016935795398 ], [ 4.400226888896705, 51.183312128008431 ], [ 4.400061660380517, 51.182614137592772 ], [ 4.399788379503095, 51.18192968613058 ], [ 4.399409682495059, 51.181265364538447 ], [ 4.398929220259136, 51.180627569621109 ], [ 4.398351623062351, 51.180022442504175 ], [ 4.397682455822947, 51.179455809537423 ], [ 4.396928164427297, 51.178933126236089 ], [ 4.396096013597234, 51.178459424797389 ], [ 4.395194016908334, 51.178039265696896 ], [ 4.394230859633737, 51.177676693827003 ], [ 4.393215815155912, 51.177375199599133 ], [ 4.392158655749176, 51.177137685380963 ], [ 4.391069558588706, 51.176966437590771 ], [ 4.389959007886622, 51.176863104715274 ], [ 4.38883769409186, 51.176828681461686 ], [ 4.387716411118209, 51.176863499195107 ], [ 4.386605952583188, 51.17696722275312 ], [ 4.385517008049755, 51.177138853667728 ], [ 4.384460060262807, 51.1773767397641 ], [ 4.383445284363085, 51.177678591043929 ], [ 4.382482450042719, 51.178041501702033 ], [ 4.381580827578928, 51.178461978065116 ], [ 4.380749098646264, 51.178935972185869 ], [ 4.37999527276282, 51.179458920770266 ], [ 4.379326610172908, 51.180025789066015 ], [ 4.378749551908261, 51.180631119291078 ], [ 4.378269657701892, 51.181269083138794 ], [ 4.377891552354752, 51.181933537855528 ], [ 4.377618881075143, 51.182618085353106 ], [ 4.377454274225582, 51.183316133788502 ], [ 4.377399321822406, 51.184020961019144 ], [ 4.377454558040027, 51.184725779323465 ], [ 4.377619455876261, 51.185423800764873 ], [ 4.377892432037283, 51.186108302568918 ], [ 4.378270862002549, 51.186772691884315 ], [ 4.378751105131637, 51.187410569303864 ], [ 4.379328539577672, 51.188015790531367 ], [ 4.379997606676838, 51.188582525600417 ], [ 4.380751864391093, 51.189105315072155 ], [ 4.381584049292958, 51.189579122669151 ], [ 4.382486146497503, 51.18999938383633 ], [ 4.383449466868826, 51.190362049758896 ], [ 4.384464730756743, 51.190663626411045 ], [ 4.385522157455133, 51.190901208257564 ], [ 4.386611559516946, 51.191072506281266 ], [ 4.387722441012878, 51.191175870065003 ], [ 4.388844098781769, 51.191210303713753 ], [ 4.389965725691097, 51.191175475462948 ], [ 4.391076514906082, 51.191071720879187 ], [ 4.392165764155925, 51.190900039622733 ], [ 4.39322297898565, 51.190662085803076 ], [ 4.394237973992202, 51.190360152021057 ], [ 4.395200971063306, 51.189997147252399 ], [ 4.396102693667323, 51.18957656878699 ], [ 4.396934456281365, 51.189102468495875 ], [ 4.397688248092993, 51.188579413753132 ], [ 4.398356810167245, 51.188012443390726 ], [ 4.398933705335155, 51.187407019112982 ], [ 4.399413380131432, 51.18676897284098 ], [ 4.399791218186921, 51.186104450495911 ], [ 4.400063584565197, 51.185419852764817 ], [ 4.40022786062092, 51.184721773421174 ], [ 4.400282469049986, 51.184016935795398 ] ] ] } },
{ "type": "Feature", "properties": { "stop_id": "osm-604887091", "name": "De Coninck", "lines": "12", "line_count": 1, "source": "osm-overpass", "buffer_m": 800 }, "geometry": { "type": "Polygon", "coordinates": [ [ [ 4.432414383641682, 51.221579324492929 ], [ 4.432358273030647, 51.220874542119148 ], [ 4.432192430453306, 51.220176606832474 ], [ 4.431918457831485, 51.219492239682822 ], [ 4.431538998062718, 51.218828030773409 ], [ 4.431057709398985, 51.218190375822481 ], [ 4.430479230068007, 51.217585414606596 ], [ 4.42980913348343, 51.217018971876826 ], [ 4.429053874479916, 51.216496501315504 ], [ 4.428220727094384, 51.216023033070627 ], [ 4.427317714494697, 51.215603125371615 ], [ 4.426353531731309, 51.215240820689807 ], [ 4.42533746205513, 51.21493960686368 ], [ 4.424279287605269, 51.21470238356109 ], [ 4.423189195323399, 51.214531434399369 ], [ 4.422077678996094, 51.214428404990308 ], [ 4.420955438362872, 51.214394287119681 ], [ 4.419833276255089, 51.21442940921289 ], [ 4.41872199474925, 51.214533433177728 ], [ 4.417632291327558, 51.214705357654509 ], [ 4.416574656038383, 51.21494352764261 ], [ 4.41555927064003, 51.215245650410942 ], [ 4.414595910692686, 51.21560881754089 ], [ 4.413693851535667, 51.216029532890182 ], [ 4.412861779050929, 51.216503746210684 ], [ 4.412107706068647, 51.21702689209792 ], [ 4.411438895217925, 51.217593933899671 ], [ 4.410861788964773, 51.218199412162974 ], [ 4.410381947511942, 51.218837497155192 ], [ 4.410003995160763, 51.219502044955448 ], [ 4.409731575655031, 51.22018665657837 ], [ 4.409567316941657, 51.220884739562386 ], [ 4.409512805693151, 51.221589571430989 ], [ 4.40956857184378, 51.222294364416776 ], [ 4.409734083295365, 51.222992330825505 ], [ 4.410007750851058, 51.223676748411364 ], [ 4.41038694333685, 51.22434102513283 ], [ 4.410868012772287, 51.224978762665678 ], [ 4.411446329354475, 51.225583818059846 ], [ 4.412116325924115, 51.226150362944949 ], [ 4.412871551490058, 51.226672939712962 ], [ 4.413704733300377, 51.227146514134397 ], [ 4.41460784686428, 51.227566523899483 ], [ 4.415572193251319, 51.227928922614623 ], [ 4.41658848292262, 51.228230218827605 ], [ 4.417646925284783, 51.228467509704565 ], [ 4.418737323100419, 51.228638509031263 ], [ 4.419849170841457, 51.228741569268138 ], [ 4.420971756032337, 51.228775697444732 ], [ 4.422094262600544, 51.228740564739546 ], [ 4.423205875232152, 51.228636509652617 ], [ 4.424295883719979, 51.228464534739636 ], [ 4.425353786292137, 51.228226296939503 ], [ 4.426369390918775, 51.227924091589216 ], [ 4.427332913614901, 51.227560830281 ], [ 4.428235072786841, 51.227140012776339 ], [ 4.42906717870914, 51.226665693249167 ], [ 4.429821217266618, 51.226142441185402 ], [ 4.43048992715311, 51.225575297317548 ], [ 4.4310668697826, 51.224969725020934 ], [ 4.431546491240305, 51.224331557641847 ], [ 4.431924175679185, 51.223666942267265 ], [ 4.432196289651162, 51.222982280479336 ], [ 4.432360216950817, 51.222284166667492 ], [ 4.432414383641682, 51.221579324492929 ] ] ] } },
{ "type": "Feature", "properties": { "stop_id": "osm-604891236", "name": "De Coninck", "lines": "12", "line_count": 1, "source": "osm-overpass", "buffer_m": 800 }, "geometry": { "type": "Polygon", "coordinates": [ [ [ 4.432398572789173, 51.221535126023539 ], [ 4.432342462470311, 51.220830343630027 ], [ 4.432176620286826, 51.220132408309112 ], [ 4.431902648156743, 51.219448041110951 ], [ 4.43152318897285, 51.218783832139302 ], [ 4.431041900981491, 51.218146177112999 ], [ 4.430463422403905, 51.217541215809298 ], [ 4.42979332664648, 51.21697477298018 ], [ 4.429038068535912, 51.216452302308838 ], [ 4.428204922100521, 51.215978833944391 ], [ 4.427301910499023, 51.215558926117403 ], [ 4.426337728772269, 51.215196621300457 ], [ 4.425321660161183, 51.214895407333337 ], [ 4.424263486794631, 51.214658183885206 ], [ 4.423173395603857, 51.214487234574861 ], [ 4.422061880364939, 51.21438420501547 ], [ 4.420939640806924, 51.214350086994273 ], [ 4.41981747975082, 51.21438520893814 ], [ 4.418706199263014, 51.214489232756286 ], [ 4.417616496815914, 51.214661157090468 ], [ 4.416558862448508, 51.214899326941378 ], [ 4.415543477910239, 51.215201449579247 ], [ 4.414580118753005, 51.215564616586768 ], [ 4.413678060308522, 51.215985331822836 ], [ 4.412845988451876, 51.216459545040394 ], [ 4.412091916007205, 51.216982690835955 ], [ 4.411423105598422, 51.217549732558162 ], [ 4.410845999687279, 51.218155210754887 ], [ 4.410366158473228, 51.218793295694063 ], [ 4.409988206255292, 51.219457843455331 ], [ 4.409715786775974, 51.220142455053725 ], [ 4.409551527981924, 51.220840538027907 ], [ 4.409497016546414, 51.221545369901456 ], [ 4.409552782405505, 51.222250162906903 ], [ 4.40971829346382, 51.222948129349845 ], [ 4.409991960528286, 51.22363254698412 ], [ 4.410371152429615, 51.224296823767759 ], [ 4.410852221192981, 51.224934561375967 ], [ 4.411430537021958, 51.225539616857873 ], [ 4.412100532764494, 51.226106161842324 ], [ 4.412855757437407, 51.226628738720294 ], [ 4.41368893829737, 51.22710231326127 ], [ 4.414592050862753, 51.227522323154311 ], [ 4.415556396212718, 51.227884722004553 ], [ 4.416572684818393, 51.228186018358578 ], [ 4.41763112609665, 51.22842330938105 ], [ 4.418721522820539, 51.228594308856444 ], [ 4.419833369472517, 51.22869736924369 ], [ 4.420955953587526, 51.228731497570848 ], [ 4.422078459103417, 51.228696365015068 ], [ 4.423190070716406, 51.228592310074895 ], [ 4.424280078229132, 51.228420335304591 ], [ 4.425337979879106, 51.228182097641685 ], [ 4.426353583645361, 51.227879892421896 ], [ 4.427317105551196, 51.22751663123617 ], [ 4.428219264010559, 51.227095813844784 ], [ 4.429051369304842, 51.226621494420591 ], [ 4.429805407324923, 51.226098242448522 ], [ 4.430474116769807, 51.225531098660213 ], [ 4.431051059057729, 51.224925526430226 ], [ 4.431530680277187, 51.224287359104167 ], [ 4.431908364583424, 51.223622743768523 ], [ 4.432180478529634, 51.222938082005101 ], [ 4.432344405910639, 51.222239968203091 ], [ 4.432398572789173, 51.221535126023539 ] ] ] } },
{ "type": "Feature", "properties": { "stop_id": "osm-582898526", "name": "De Merode", "lines": "7,A3", "line_count": 2, "source": "osm-overpass", "buffer_m": 800 }, "geometry": { "type": "Polygon", "coordinates": [ [ [ 4.426900914354297, 51.198887758148899 ], [ 4.426844914335673, 51.1981829669446 ], [ 4.426679234912385, 51.197485017774326 ], [ 4.426405476430579, 51.196800631821922 ], [ 4.426026279721579, 51.196136399372008 ], [ 4.425545300500685, 51.195498716369883 ], [ 4.424967174013019, 51.194893722862602 ], [ 4.424297470272528, 51.194327243912504 ], [ 4.423542640329879, 51.193804733551048 ], [ 4.422709954090174, 51.193331222309773 ], [ 4.421807430281403, 51.192911268832447 ], [ 4.420843759248824, 51.192548916031377 ], [ 4.419828219318035, 51.1922476522086 ], [ 4.418770587530063, 51.192010377513498 ], [ 4.417681045604665, 51.191839376058304 ], [ 4.416570082032807, 51.191736293958336 ], [ 4.415448391235524, 51.191702123506666 ], [ 4.414326770753839, 51.191737193634893 ], [ 4.413216017452856, 51.191841166750969 ], [ 4.412126823732296, 51.192013041984701 ], [ 4.411069674735743, 51.192251164809285 ], [ 4.410054747541523, 51.192553242947575 ], [ 4.409091813299552, 51.192916368410401 ], [ 4.408190143251008, 51.193337045456531 ], [ 4.407358419531205, 51.193811224206364 ], [ 4.406604651611269, 51.194334339588067 ], [ 4.405936099181162, 51.19490135524304 ], [ 4.405359202216047, 51.195506811969935 ], [ 4.404879518900177, 51.196144880243459 ], [ 4.404501672008292, 51.196809416303651 ], [ 4.404229304264333, 51.197494021278274 ], [ 4.404065043112094, 51.198192102769823 ], [ 4.40401047524272, 51.198896938316373 ], [ 4.40406613113087, 51.19960174011522 ], [ 4.404231479735506, 51.200299720387626 ], [ 4.404504933423651, 51.200984156754409 ], [ 4.404883863077039, 51.201648456993588 ], [ 4.405364623243159, 51.202286222554775 ], [ 4.405942587095047, 51.202891310218234 ], [ 4.406612190868753, 51.203457891303188 ], [ 4.407366987355281, 51.203980507853252 ], [ 4.408199707935233, 51.20445412525612 ], [ 4.40910233256094, 51.204874180788252 ], [ 4.410066167012806, 51.205236627615463 ], [ 4.411081926685123, 51.205537973822338 ], [ 4.412139826092322, 51.205775316093543 ], [ 4.413229673230185, 51.205946367719889 ], [ 4.414340967878606, 51.206049480658024 ], [ 4.415463002893462, 51.206083661429787 ], [ 4.416584967505637, 51.206048580707012 ], [ 4.417696051625287, 51.205944576488818 ], [ 4.418785550139515, 51.205772650840714 ], [ 4.419842966191687, 51.205534460226865 ], [ 4.420858112440677, 51.205232299529492 ], [ 4.421821209318418, 51.204869079910495 ], [ 4.422722979333731, 51.204448300729503 ], [ 4.423554736509637, 51.203974015791047 ], [ 4.424308470089313, 51.203450794247772 ], [ 4.424976921702471, 51.202883676537986 ], [ 4.425553655248289, 51.202278125784929 ], [ 4.426033118822626, 51.201639975127314 ], [ 4.42641069809529, 51.200975371491054 ], [ 4.426682760626791, 51.200290716345293 ], [ 4.426846690702479, 51.199592604015564 ], [ 4.426900914354297, 51.198887758148899 ] ] ] } },
{ "type": "Feature", "properties": { "stop_id": "osm-582898916", "name": "De Merode", "lines": "7,A3", "line_count": 2, "source": "osm-overpass", "buffer_m": 800 }, "geometry": { "type": "Polygon", "coordinates": [ [ [ 4.427718822056862, 51.198104278930423 ], [ 4.427662810622407, 51.197399487901151 ], [ 4.427497121745537, 51.196701539667139 ], [ 4.427223355863248, 51.196017155403183 ], [ 4.426844153877935, 51.195352925377648 ], [ 4.426363171555517, 51.19471524551242 ], [ 4.425785044170788, 51.194110255824334 ], [ 4.425115341746165, 51.193543781338974 ], [ 4.424360515319487, 51.193021276044753 ], [ 4.423527834761867, 51.192547770424426 ], [ 4.422625318746483, 51.192127823067636 ], [ 4.421661657543485, 51.191765476827825 ], [ 4.420646129383788, 51.191464219943789 ], [ 4.419588511195076, 51.19122695249812 ], [ 4.418498984566197, 51.191055958533298 ], [ 4.417388037840905, 51.190952884092546 ], [ 4.416266365278112, 51.190918721395178 ], [ 4.415144764243402, 51.190953799298171 ], [ 4.414034031414759, 51.191057780134614 ], [ 4.412944858994942, 51.191229662959998 ], [ 4.411887731922594, 51.191467793174461 ], [ 4.4108728270651, 51.19176987842966 ], [ 4.409909915357452, 51.192133010667959 ], [ 4.409008267823983, 51.192553694082832 ], [ 4.408176566383329, 51.193027878733332 ], [ 4.407422820292179, 51.193550999490881 ], [ 4.406754289030371, 51.194118019945037 ], [ 4.406177412369257, 51.194723480848197 ], [ 4.405697748297568, 51.195361552634836 ], [ 4.40531991940469, 51.196026091511165 ], [ 4.40504756824117, 51.19671069857776 ], [ 4.404883322091026, 51.197408781416982 ], [ 4.404828767500791, 51.198113617553823 ], [ 4.404884434817085, 51.198818419179936 ], [ 4.405049792888633, 51.199516398518114 ], [ 4.4053232539911, 51.200200833198259 ], [ 4.40570218893461, 51.200865131014524 ], [ 4.406182952215509, 51.201502893439837 ], [ 4.406760916976645, 51.202107977284705 ], [ 4.407430519445141, 51.202674553905069 ], [ 4.408185312424407, 51.203197165387571 ], [ 4.409018027328701, 51.203670777168639 ], [ 4.409920644164923, 51.204090826579019 ], [ 4.410884468788438, 51.204453266843394 ], [ 4.411900216688168, 51.204754606109582 ], [ 4.412958102491947, 51.204991941129151 ], [ 4.414047934326622, 51.205162985262767 ], [ 4.415159212119562, 51.205266090539283 ], [ 4.4162812288891, 51.205300263554356 ], [ 4.41740317404199, 51.205265175054521 ], [ 4.418514237675966, 51.205161163113893 ], [ 4.419603714875616, 51.204989229872339 ], [ 4.420661108989767, 51.204751031867154 ], [ 4.421676232888778, 51.204448864051841 ], [ 4.42263930722001, 51.204085637656775 ], [ 4.423541054709596, 51.203664852106897 ], [ 4.424372789597645, 51.203190561268102 ], [ 4.425126501342102, 51.202667334349783 ], [ 4.425794931783058, 51.20210021184208 ], [ 4.426371645023648, 51.201494656914356 ], [ 4.4268510893553, 51.200856502745552 ], [ 4.427228650633118, 51.200191896295344 ], [ 4.427500696590848, 51.199507239059926 ], [ 4.42766461167336, 51.198809125384955 ], [ 4.427718822056862, 51.198104278930423 ] ] ] } },
{ "type": "Feature", "properties": { "stop_id": "osm-2203725914", "name": "De Roma", "lines": "24", "line_count": 1, "source": "osm-overpass", "buffer_m": 800 }, "geometry": { "type": "Polygon", "coordinates": [ [ [ 4.452349786935775, 51.213865393798912 ], [ 4.452293384336748, 51.213160618786738 ], [ 4.452127270861407, 51.212462709383978 ], [ 4.451853051038112, 51.211778386390449 ], [ 4.451473370142367, 51.211114239483464 ], [ 4.450991888552747, 51.210476663783567 ], [ 4.450413246351843, 51.209871798303617 ], [ 4.44974301851869, 51.209305466872415 ], [ 4.448987661148909, 51.208783122100201 ], [ 4.448154449223917, 51.208309792923608 ], [ 4.447251406530637, 51.207890036232918 ], [ 4.446287228407257, 51.207527893045437 ], [ 4.445271198058426, 51.20722684964489 ], [ 4.444213097243495, 51.206989804058388 ], [ 4.443123112194568, 51.206819038192485 ], [ 4.442011735665715, 51.206716195894494 ], [ 4.440889666050916, 51.206682267148977 ], [ 4.439767704535911, 51.206717578560841 ], [ 4.438656651267295, 51.206821790215422 ], [ 4.437567201531577, 51.206993898946273 ], [ 4.436509842936704, 51.207232247978929 ], [ 4.435494754579246, 51.207534542858625 ], [ 4.434531709161829, 51.207897873509665 ], [ 4.433629978997812, 51.208318742215361 ], [ 4.432798246803801, 51.208793097250791 ], [ 4.432044522135618, 51.20931637184664 ], [ 4.4313760642704, 51.209883528111035 ], [ 4.4307993122768, 51.210489105488371 ], [ 4.430319822947433, 51.211127273290991 ], [ 4.429942217193505, 51.211791886799944 ], [ 4.429670135421313, 51.21247654639636 ], [ 4.429506202325014, 51.213174659155875 ], [ 4.429452001440443, 51.213879502314441 ], [ 4.42950805971151, 51.214584287995038 ], [ 4.429673842224856, 51.215282228573038 ], [ 4.429947757170798, 51.215966602050564 ], [ 4.430327170990104, 51.216630816810238 ], [ 4.430808433567791, 51.217268475123994 ], [ 4.431386913237777, 51.217873434804147 ], [ 4.432057041267, 51.218439868401838 ], [ 4.432812365395248, 51.218962319380623 ], [ 4.433645611918554, 51.219435754722433 ], [ 4.434548755720416, 51.219855613457113 ], [ 4.43551309757708, 51.22021785064581 ], [ 4.436529347991736, 51.220518976392427 ], [ 4.437587716748021, 51.22075608950535 ], [ 4.438678007316991, 51.22092690548299 ], [ 4.439789715203619, 51.221029778552328 ], [ 4.440912129280025, 51.221063717546215 ], [ 4.442034435123007, 51.221028395465929 ], [ 4.443145819353632, 51.220924152636115 ], [ 4.444235573966712, 51.220751993421253 ], [ 4.445293199638029, 51.220513576535893 ], [ 4.446308507007413, 51.220211199042346 ], [ 4.447271714955741, 51.219847774191081 ], [ 4.448173544923675, 51.219426803318903 ], [ 4.449005310359203, 51.218952342076911 ], [ 4.449759000429052, 51.218428961315851 ], [ 4.450427357185679, 51.217861703007479 ], [ 4.451003945445983, 51.217256031628935 ], [ 4.451483214709525, 51.216617781480224 ], [ 4.451860552522104, 51.21595310044485 ], [ 4.452132328774256, 51.215268390736682 ], [ 4.452295930512796, 51.214570247205842 ], [ 4.452349786935775, 51.213865393798912 ] ] ] } },
{ "type": "Feature", "properties": { "stop_id": "osm-2203725915", "name": "De Roma", "lines": "24", "line_count": 1, "source": "osm-overpass", "buffer_m": 800 }, "geometry": { "type": "Polygon", "coordinates": [ [ [ 4.4531324300049, 51.214041318008086 ], [ 4.453076015365543, 51.213336543417711 ], [ 4.45290988955161, 51.212638635162584 ], [ 4.452635657210297, 51.211954314031416 ], [ 4.452255963737636, 51.211290169683515 ], [ 4.4517744696333, 51.210652597214839 ], [ 4.451195815100334, 51.210047735607013 ], [ 4.45052557523647, 51.209481408651563 ], [ 4.449770206253097, 51.208959068915661 ], [ 4.448936983243383, 51.208485745287355 ], [ 4.448033930100883, 51.208065994603544 ], [ 4.44706974226432, 51.207703857823702 ], [ 4.446053703031765, 51.207402821169843 ], [ 4.444995594248024, 51.207165782604129 ], [ 4.44390560222185, 51.206995023965497 ], [ 4.442794219774417, 51.206892189031656 ], [ 4.441672145356653, 51.206858267716399 ], [ 4.440550180200491, 51.206893586552994 ], [ 4.439439124487573, 51.206997805555361 ], [ 4.438349673527941, 51.207169921486283 ], [ 4.437292314941347, 51.207408277502026 ], [ 4.436277227824316, 51.20771057908059 ], [ 4.435314184867586, 51.208073916081773 ], [ 4.434412458360896, 51.208494790727727 ], [ 4.433580730985718, 51.208969151236353 ], [ 4.432827012251568, 51.20949243078568 ], [ 4.432158561378543, 51.210059591436043 ], [ 4.431581817368064, 51.210665172589643 ], [ 4.43110233693598, 51.211303343522459 ], [ 4.430724740907916, 51.211967959485328 ], [ 4.430452669596597, 51.212652620835733 ], [ 4.430288747595518, 51.2133507346324 ], [ 4.430234558333733, 51.214055578101281 ], [ 4.430290628643259, 51.214760363362309 ], [ 4.430456423494827, 51.215458302794858 ], [ 4.43073035095994, 51.216142674412097 ], [ 4.431109777358785, 51.216806886614478 ], [ 4.431591052455185, 51.217444541698562 ], [ 4.432169544462446, 51.218049497507764 ], [ 4.432839684528612, 51.218615926630449 ], [ 4.43359502027746, 51.219138372573283 ], [ 4.434428277893011, 51.219611802366686 ], [ 4.435331432151828, 51.220031655093955 ], [ 4.43629578372934, 51.220393885874039 ], [ 4.437312043035011, 51.220695004872667 ], [ 4.438370419766745, 51.220932110963169 ], [ 4.439460717318697, 51.221102919711619 ], [ 4.440572431128505, 51.221205785414632 ], [ 4.441694850011181, 51.221239716976044 ], [ 4.442817159497188, 51.221204387468774 ], [ 4.44392854617248, 51.221100137289 ], [ 4.445018302008324, 51.220927970872019 ], [ 4.44607592766874, 51.220689547001761 ], [ 4.447091233793703, 51.220387162807825 ], [ 4.448054439276127, 51.220023731605281 ], [ 4.448956265580501, 51.219602754792064 ], [ 4.449788026190188, 51.219128288076512 ], [ 4.450541710318485, 51.218604902362088 ], [ 4.451210060075181, 51.218037639668275 ], [ 4.451786640344698, 51.217431964514397 ], [ 4.452265900703666, 51.216793711236832 ], [ 4.452643228783742, 51.216129027749218 ], [ 4.452914994569292, 51.215444316288981 ], [ 4.453078585208005, 51.2147461717231 ], [ 4.4531324300049, 51.214041318008086 ] ] ] } },
{ "type": "Feature", "properties": { "stop_id": "osm-1936668212", "name": "Deurne Dassastraat", "lines": "24", "line_count": 1, "source": "osm-overpass", "buffer_m": 800 }, "geometry": { "type": "Polygon", "coordinates": [ [ [ 4.487972215407061, 51.205045843901431 ], [ 4.487915285247968, 51.204341083553942 ], [ 4.487748670228164, 51.203643221897977 ], [ 4.487473979702969, 51.202958979272154 ], [ 4.487093863477062, 51.202294944578526 ], [ 4.486611986117007, 51.201657511855927 ], [ 4.486032991511975, 51.201052818739328 ], [ 4.485362458029743, 51.200486687397039 ], [ 4.484606844704387, 51.199964568511994 ], [ 4.483773428977375, 51.199491488845304 ], [ 4.482870236593786, 51.199072002884606 ], [ 4.481905964329401, 51.198710149040508 ], [ 4.480889896292178, 51.198409410810903 ], [ 4.479831814601939, 51.198172683284994 ], [ 4.478741905305045, 51.198002245307386 ], [ 4.477630660425453, 51.197899737569038 ], [ 4.476508777089719, 51.197866146833945 ], [ 4.475387054691025, 51.197901796453266 ], [ 4.474276291075505, 51.198006343256679 ], [ 4.473187178743341, 51.198178780851421 ], [ 4.472130202057028, 51.198417449297168 ], [ 4.471115536439632, 51.198720051064136 ], [ 4.470152950527455, 51.199083673121955 ], [ 4.469251712213673, 51.199504814948142 ], [ 4.468420499483222, 51.199979422187823 ], [ 4.467667316894146, 51.200502925642873 ], [ 4.466999418507629, 51.201070285217142 ], [ 4.466423238008253, 51.201676038396492 ], [ 4.465944326688159, 51.202314352799455 ], [ 4.465567299894496, 51.202979082294192 ], [ 4.465295792459426, 51.203663826143675 ], [ 4.465132423546507, 51.204361990610757 ], [ 4.465078771257756, 51.205066852431941 ], [ 4.465135357252388, 51.205771623549069 ], [ 4.465301641532429, 51.206469516476282 ], [ 4.465576027452712, 51.207153809673251 ], [ 4.465955876914339, 51.207817912294438 ], [ 4.466437535602358, 51.208455427690673 ], [ 4.46701636803104, 51.209060215049767 ], [ 4.467686802064951, 51.209626448581872 ], [ 4.468442382491768, 51.210148673676855 ], [ 4.469275833134285, 51.210621859492043 ], [ 4.470179126905644, 51.211041447460545 ], [ 4.471143563133793, 51.211403395251708 ], [ 4.472159851409739, 51.211704215757266 ], [ 4.473218201150007, 51.211941010726221 ], [ 4.474308416007222, 51.21211149872213 ], [ 4.47541999221492, 51.212214037131915 ], [ 4.476542219913786, 51.21224763801284 ], [ 4.477664286476956, 51.21221197762388 ], [ 4.478775380832253, 51.212107399549218 ], [ 4.47986479776934, 51.211934911383352 ], [ 4.480922041219936, 51.21169617501004 ], [ 4.481936925509364, 51.211393490569456 ], [ 4.482899673597881, 51.211029774269072 ], [ 4.48380101135997, 51.210608530253111 ], [ 4.484632256988946, 51.210133816803499 ], [ 4.485385404662503, 51.209610207199937 ], [ 4.486053201661234, 51.209042745617865 ], [ 4.486629218196834, 51.208436898491435 ], [ 4.487107909278206, 51.207798501812519 ], [ 4.487484668021841, 51.207133704874735 ], [ 4.487755869896597, 51.206448911006952 ], [ 4.487918907481426, 51.205750715868476 ], [ 4.487972215407061, 51.205045843901431 ] ] ] } },
{ "type": "Feature", "properties": { "stop_id": "osm-2201385310", "name": "Deurne Dassastraat", "lines": "24", "line_count": 1, "source": "osm-overpass", "buffer_m": 800 }, "geometry": { "type": "Polygon", "coordinates": [ [ [ 4.489050444729707, 51.204758839478352 ], [ 4.488993498630077, 51.204054079572082 ], [ 4.488826868504578, 51.203356219358689 ], [ 4.488552163853895, 51.202671979162844 ], [ 4.488172034618629, 51.202007947863258 ], [ 4.487690145490483, 51.201370519465918 ], [ 4.487111140471816, 51.200765831564198 ], [ 4.48644059803054, 51.20019970627613 ], [ 4.485684977286847, 51.199677594226372 ], [ 4.484851555753505, 51.199204522110151 ], [ 4.483948359231372, 51.198785044342479 ], [ 4.482984084535963, 51.198423199254989 ], [ 4.481968015798549, 51.198122470261318 ], [ 4.480909935145626, 51.197885752361699 ], [ 4.479820028613525, 51.197715324308149 ], [ 4.478708788199553, 51.197612826696009 ], [ 4.477586910987283, 51.197579246191893 ], [ 4.476465196310974, 51.197614906048372 ], [ 4.475354441942454, 51.197719462996616 ], [ 4.474265340292967, 51.197891910546247 ], [ 4.473208375622235, 51.198130588661073 ], [ 4.472193723237761, 51.19843319971821 ], [ 4.471231151648548, 51.198796830597864 ], [ 4.470329928609995, 51.199217980692623 ], [ 4.469498731960085, 51.199692595567946 ], [ 4.468745566102142, 51.200216105952236 ], [ 4.468077684936369, 51.200783471682556 ], [ 4.467501521981614, 51.201389230185484 ], [ 4.467022628361149, 51.202027549028251 ], [ 4.466645619251749, 51.202692282036246 ], [ 4.466374129315303, 51.203377028438517 ], [ 4.466210777546867, 51.204075194473361 ], [ 4.466157141883325, 51.204780056862141 ], [ 4.46621374382374, 51.205484827541127 ], [ 4.466380043216493, 51.206182719028668 ], [ 4.466654443270768, 51.206867009798252 ], [ 4.467034305751437, 51.207531109027677 ], [ 4.467515976218022, 51.20816862010043 ], [ 4.468094819071206, 51.208773402245953 ], [ 4.468765262075013, 51.209339629724489 ], [ 4.469520849930569, 51.209861847984278 ], [ 4.470354306388981, 51.210335026248444 ], [ 4.471257604307247, 51.210754606022874 ], [ 4.472222042973248, 51.211116545055766 ], [ 4.473238331954422, 51.211417356323267 ], [ 4.474296680660427, 51.211654141663381 ], [ 4.475386892753804, 51.211824619732418 ], [ 4.476498464494694, 51.211927148012947 ], [ 4.477620686066815, 51.211960738659812 ], [ 4.478742744902356, 51.211925068030617 ], [ 4.479853830003633, 51.211820479808203 ], [ 4.480943236249537, 51.21164798168482 ], [ 4.482000467674868, 51.211409235640168 ], [ 4.483015338720901, 51.211106541907618 ], [ 4.483978072475586, 51.210742816784126 ], [ 4.484879394951596, 51.210321564498912 ], [ 4.485710624489627, 51.20984684341358 ], [ 4.486463755422483, 51.209323226881324 ], [ 4.487131535192115, 51.208755759144275 ], [ 4.487707534176264, 51.208149906695937 ], [ 4.488186207552964, 51.207511505579347 ], [ 4.488562948609286, 51.206846705130857 ], [ 4.488834132984465, 51.206161908713113 ], [ 4.488997153425999, 51.205463712009873 ], [ 4.489050444729707, 51.204758839478352 ] ] ] } },
{ "type": "Feature", "properties": { "stop_id": "osm-556600063", "name": "Draakplaats", "lines": "11", "line_count": 1, "source": "osm-overpass", "buffer_m": 800 }, "geometry": { "type": "Polygon", "coordinates": [ [ [ 4.44388912264553, 51.205857813047352 ], [ 4.443832857568834, 51.205153031809843 ], [ 4.44366689920121, 51.20445510835259 ], [ 4.443392850575948, 51.203770763611132 ], [ 4.443013355318842, 51.203106587472561 ], [ 4.442532072020074, 51.202468975339265 ], [ 4.441953638852385, 51.201864066575268 ], [ 4.441283628781899, 51.201297685426411 ], [ 4.440528495807659, 51.200775284982015 ], [ 4.439695512751005, 51.200301894714904 ], [ 4.438792701196014, 51.199882072103776 ], [ 4.437828754256491, 51.199519858800819 ], [ 4.436812952912458, 51.199218741764838 ], [ 4.435755076719786, 51.198981619731946 ], [ 4.434665309749391, 51.198810775344711 ], [ 4.433554142657166, 51.198707853206379 ], [ 4.432432271822068, 51.198673844070136 ], [ 4.431310496517291, 51.19870907531471 ], [ 4.430199615097711, 51.198813207797166 ], [ 4.42911032119614, 51.198985239113156 ], [ 4.428053100920729, 51.19922351323342 ], [ 4.427038132036555, 51.199525736424313 ], [ 4.426075186095854, 51.199888999300299 ], [ 4.425173534453775, 51.200309804797065 ], [ 4.424341859070119, 51.200784101798277 ], [ 4.423588168952632, 51.201307324093484 ], [ 4.422919723044411, 51.201874434294368 ], [ 4.422342960297367, 51.202479972288977 ], [ 4.421863437605872, 51.20311810776905 ], [ 4.421485776200463, 51.203782696327039 ], [ 4.42121361702135, 51.204467338584557 ], [ 4.421049585506116, 51.205165441784587 ], [ 4.420995266136458, 51.205870283255393 ], [ 4.421051186995553, 51.206575075136541 ], [ 4.421216814491798, 51.207273029744073 ], [ 4.421490558307108, 51.207957424945342 ], [ 4.421869786529361, 51.20862166891412 ], [ 4.422350850830371, 51.20925936364133 ], [ 4.422929121453369, 51.209864366588938 ], [ 4.423599031678726, 51.210430849891644 ], [ 4.424354131344387, 51.210953356534453 ], [ 4.425187148909056, 51.211426852963356 ], [ 4.426090061462519, 51.21184677761994 ], [ 4.427054172009665, 51.212209084930485 ], [ 4.428070193283126, 51.212510284323479 ], [ 4.429128337275261, 51.212747473897899 ], [ 4.43021840962377, 51.2129183684156 ], [ 4.431329907937253, 51.213021321346837 ], [ 4.432452123108106, 51.213055340755091 ], [ 4.433574242630501, 51.213020098866842 ], [ 4.434685454921473, 51.212915935234136 ], [ 4.435775053633005, 51.212743853458306 ], [ 4.436832540943272, 51.21250551150785 ], [ 4.437847728825196, 51.212203205723029 ], [ 4.438810837310582, 51.211839848663452 ], [ 4.439712588797778, 51.211418941012795 ], [ 4.440544297489992, 51.210944537813177 ], [ 4.441297953099455, 51.210421209356198 ], [ 4.441966298009187, 51.209853997109839 ], [ 4.442542897148598, 51.209248365107683 ], [ 4.443022199910666, 51.208610147270612 ], [ 4.443399593516615, 51.207945491171081 ], [ 4.443671447317621, 51.207260798783075 ], [ 4.44383514761161, 51.206562664790155 ], [ 4.44388912264553, 51.205857813047352 ] ] ] } },
{ "type": "Feature", "properties": { "stop_id": "osm-556600163", "name": "Draakplaats", "lines": "11", "line_count": 1, "source": "osm-overpass", "buffer_m": 800 }, "geometry": { "type": "Polygon", "coordinates": [ [ [ 4.444043377391491, 51.205673498106478 ], [ 4.443987110206423, 51.204968716892118 ], [ 4.443821150186615, 51.204270793601651 ], [ 4.443547100381227, 51.203586449169038 ], [ 4.443167604427373, 51.202922273478393 ], [ 4.442686320921903, 51.202284661927806 ], [ 4.442107888039503, 51.201679753875631 ], [ 4.441437878743517, 51.201113373560915 ], [ 4.440682747025499, 51.200590974064923 ], [ 4.439849765694659, 51.200117584851299 ], [ 4.438946956318447, 51.199697763388656 ], [ 4.437983011989671, 51.199335551318086 ], [ 4.436967213663211, 51.199034435586555 ], [ 4.435909340865887, 51.198797314917641 ], [ 4.434819577635935, 51.19862647194077 ], [ 4.433708414593244, 51.198523551245572 ], [ 4.432586548077811, 51.198489543571377 ], [ 4.431464777321263, 51.198524776282824 ], [ 4.430353900634715, 51.198628910222865 ], [ 4.429264611605441, 51.198800942973122 ], [ 4.428207396294717, 51.199039218490533 ], [ 4.427192432419846, 51.199341443027983 ], [ 4.426229491484865, 51.199704707186967 ], [ 4.425327844796752, 51.200125513890818 ], [ 4.424496174267631, 51.20059981201166 ], [ 4.423742488858517, 51.201123035328116 ], [ 4.42307404746718, 51.201690146442132 ], [ 4.422497289002044, 51.202295685232912 ], [ 4.422017770316238, 51.202933821384548 ], [ 4.421640112601716, 51.203598410483011 ], [ 4.421367956763126, 51.204283053144714 ], [ 4.421203928205853, 51.204981156608675 ], [ 4.421149611383075, 51.2056859982007 ], [ 4.421205534353402, 51.206390790059146 ], [ 4.421371163504866, 51.207088744500268 ], [ 4.421644908503392, 51.207773139393019 ], [ 4.422024137425417, 51.20843738291412 ], [ 4.422505201935977, 51.209075077058827 ], [ 4.423083472276238, 51.209680079294685 ], [ 4.423753381729258, 51.210246561763256 ], [ 4.424508480140395, 51.210769067457598 ], [ 4.425341495980401, 51.211242562832808 ], [ 4.426244406355666, 51.211662486340643 ], [ 4.42720851429204, 51.212024792418461 ], [ 4.4282245325473, 51.212325990506621 ], [ 4.429282673142879, 51.212563178716636 ], [ 4.43037274174921, 51.212734071823512 ], [ 4.431484236010955, 51.212837023311145 ], [ 4.432606446859559, 51.212871041256911 ], [ 4.433728561830864, 51.21283579790137 ], [ 4.434839769385767, 51.212731632810687 ], [ 4.435929363221915, 51.212559549600286 ], [ 4.436986845564472, 51.212321206252419 ], [ 4.438002028434248, 51.212018899120849 ], [ 4.438965131911361, 51.211655540778182 ], [ 4.439866878442425, 51.211234631920448 ], [ 4.440698582278412, 51.210760227601327 ], [ 4.441452233178343, 51.210236898123235 ], [ 4.442120573570611, 51.209669684964005 ], [ 4.442697168428142, 51.209064052165999 ], [ 4.443176467185148, 51.208425833657756 ], [ 4.443553857101417, 51.207761177018199 ], [ 4.443825707563636, 51.207076484226477 ], [ 4.44398940490187, 51.206378349970045 ], [ 4.444043377391491, 51.205673498106478 ] ] ] } },
{ "type": "Feature", "properties": { "stop_id": "osm-582899332", "name": "Driekoningen", "lines": "7,A3", "line_count": 2, "source": "osm-overpass", "buffer_m": 800 }, "geometry": { "type": "Polygon", "coordinates": [ [ [ 4.429779696687319, 51.195963579321933 ], [ 4.429723656690348, 51.195258788689586 ], [ 4.429557944586542, 51.194560842771011 ], [ 4.429284161036077, 51.193876462718642 ], [ 4.428904947110963, 51.193212238760211 ], [ 4.428423958691577, 51.19257456675917 ], [ 4.427845831110935, 51.191969586656526 ], [ 4.427176134392871, 51.191403123385541 ], [ 4.426421319519878, 51.190880630826641 ], [ 4.425588656251481, 51.190407139339946 ], [ 4.424686163094123, 51.189987207379026 ], [ 4.423722530097681, 51.189624877649024 ], [ 4.422707035221408, 51.189323638229901 ], [ 4.421649455072522, 51.189086389036085 ], [ 4.420559970873709, 51.188915413934332 ], [ 4.419449070560366, 51.188812358786329 ], [ 4.418327447944796, 51.188778215625668 ], [ 4.417205899911985, 51.188813313121202 ], [ 4.416095222629968, 51.188917313417534 ], [ 4.415006107767071, 51.189089215382758 ], [ 4.413949039708173, 51.189327364232682 ], [ 4.412934194752847, 51.189629467439673 ], [ 4.411971343259701, 51.189992616773182 ], [ 4.411069755673631, 51.190413316262031 ], [ 4.410238113336341, 51.190887515810545 ], [ 4.409484424935642, 51.191410650146622 ], [ 4.40881594939601, 51.191977682728982 ], [ 4.408239125952294, 51.192583154193287 ], [ 4.407759512080744, 51.193221234872127 ], [ 4.40738172988721, 51.193885780886042 ], [ 4.40710942147232, 51.194570393266822 ], [ 4.406945213708131, 51.195268479545511 ], [ 4.40689069277114, 51.195973317213934 ], [ 4.406946388683435, 51.196678118448872 ], [ 4.40711177001787, 51.197376095476834 ], [ 4.407385248825555, 51.198060525949856 ], [ 4.407764195745569, 51.19872481770259 ], [ 4.408244965158393, 51.199362572266281 ], [ 4.40882293014731, 51.199967646527099 ], [ 4.409492526936796, 51.200534211933295 ], [ 4.410247308384559, 51.201056810679489 ], [ 4.411080006015585, 51.2015304083248 ], [ 4.411982600002899, 51.201950442336091 ], [ 4.412946396421777, 51.202312866086395 ], [ 4.413962111032749, 51.202614187882745 ], [ 4.415019958784304, 51.202851504644912 ], [ 4.416109748169939, 51.203022529909475 ], [ 4.417220979526097, 51.203125615887124 ], [ 4.418342946318687, 51.203159769359445 ], [ 4.419464838436192, 51.203124661261306 ], [ 4.42057584648759, 51.203020629855608 ], [ 4.421665266093276, 51.202848677469738 ], [ 4.422722601157278, 51.20261046082549 ], [ 4.423737665119163, 51.202308275055849 ], [ 4.424700679204022, 51.201945031564186 ], [ 4.425602366718656, 51.201524229940105 ], [ 4.426434042481162, 51.201049924204298 ], [ 4.427187696519216, 51.200526683709597 ], [ 4.427856071228881, 51.199959549076873 ], [ 4.428432731250147, 51.199353983592239 ], [ 4.428912125386999, 51.198715820536208 ], [ 4.429289639977869, 51.198051206953956 ], [ 4.429561643205941, 51.19736654441035 ], [ 4.429725519927332, 51.196668427302029 ], [ 4.429779696687319, 51.195963579321933 ] ] ] } },
{ "type": "Feature", "properties": { "stop_id": "osm-582899439", "name": "Driekoningen", "lines": "7,A3", "line_count": 2, "source": "osm-overpass", "buffer_m": 800 }, "geometry": { "type": "Polygon", "coordinates": [ [ [ 4.430707074738234, 51.195059189500263 ], [ 4.430651021818425, 51.194354399062959 ], [ 4.430485299054157, 51.193656454202603 ], [ 4.430211507208041, 51.192972076061366 ], [ 4.429832287431755, 51.192307854848579 ], [ 4.429351295661799, 51.19167018640119 ], [ 4.428773167263235, 51.191065210625972 ], [ 4.428103472267575, 51.19049875241457 ], [ 4.427348661640551, 51.189976265598602 ], [ 4.426516005100651, 51.189502780482918 ], [ 4.425613521089416, 51.189082855459723 ], [ 4.424649899568585, 51.18872053316742 ], [ 4.423634418386865, 51.188419301614324 ], [ 4.422576854019622, 51.188182060639114 ], [ 4.421487387537622, 51.18801109402952 ], [ 4.420376506705757, 51.187908047565365 ], [ 4.419254905148858, 51.187873913196732 ], [ 4.418133379549282, 51.187909019507856 ], [ 4.41702272585923, 51.188013028558423 ], [ 4.415933635520039, 51.18818493913227 ], [ 4.414876592680645, 51.188423096362364 ], [ 4.41386177339797, 51.188725207640331 ], [ 4.4128989477836, 51.189088364657955 ], [ 4.4119973860334, 51.189509071370047 ], [ 4.41116576924044, 51.18998327761139 ], [ 4.410412105846666, 51.190506418045381 ], [ 4.409743654535826, 51.191073456072033 ], [ 4.4091668543095, 51.191678932274534 ], [ 4.408687262420355, 51.192317016939839 ], [ 4.408309500762517, 51.19298156615006 ], [ 4.408037211238774, 51.193666180906149 ], [ 4.407873020539131, 51.194364268716257 ], [ 4.407818514675602, 51.195069107057428 ], [ 4.407874223524931, 51.195773908099909 ], [ 4.408039615535174, 51.196471884072032 ], [ 4.408313102654406, 51.197156312635961 ], [ 4.408692055441432, 51.197820601644679 ], [ 4.409172828220002, 51.198458352655898 ], [ 4.40975079404077, 51.199063422589937 ], [ 4.410420389119996, 51.199629982936735 ], [ 4.411175166331686, 51.200152575939562 ], [ 4.41200785724148, 51.200626167212953 ], [ 4.412910442087023, 51.201046194285091 ], [ 4.413874227031572, 51.201408610595905 ], [ 4.414889927946142, 51.201709924523996 ], [ 4.41594775991115, 51.201947233065056 ], [ 4.417037531572202, 51.202118249834818 ], [ 4.418148743436548, 51.202221327125855 ], [ 4.41927068915796, 51.202255471803426 ], [ 4.420392558828029, 51.20222035488711 ], [ 4.421503543272124, 51.202116314724805 ], [ 4.422592938338206, 51.201944353728294 ], [ 4.423650248166862, 51.201706128702234 ], [ 4.424665286440919, 51.20140393486043 ], [ 4.425628274633078, 51.201040683683999 ], [ 4.426529936299697, 51.200619874836548 ], [ 4.427361586507979, 51.200145562408323 ], [ 4.428115215531841, 51.199622315816626 ], [ 4.428783566008359, 51.19905517574103 ], [ 4.429360202810958, 51.198449605520011 ], [ 4.429839574967251, 51.197811438479704 ], [ 4.430217069027326, 51.19714682170364 ], [ 4.430489053372025, 51.196462156787376 ], [ 4.430652913039202, 51.195764038150379 ], [ 4.430707074738234, 51.195059189500263 ] ] ] } },
{ "type": "Feature", "properties": { "stop_id": "osm-2203715514", "name": "Drink", "lines": "24", "line_count": 1, "source": "osm-overpass", "buffer_m": 800 }, "geometry": { "type": "Polygon", "coordinates": [ [ [ 4.445604569157085, 51.215010947038422 ], [ 4.445548267110411, 51.214306169125386 ], [ 4.445382250496836, 51.213608250558885 ], [ 4.445108122912396, 51.212923912227225 ], [ 4.444728528744918, 51.212259743955677 ], [ 4.444247127538511, 51.211622141070762 ], [ 4.443668558602482, 51.211017242847312 ], [ 4.442998396211196, 51.210450873429558 ], [ 4.442243095830974, 51.209928485793675 ], [ 4.441409931895319, 51.209455109289095 ], [ 4.440506927729859, 51.209035301261821 ], [ 4.439542778302545, 51.208673103223553 ], [ 4.438526766542338, 51.208372001986049 ], [ 4.437468674030113, 51.208134896133252 ], [ 4.436378686918405, 51.207964068151888 ], [ 4.43526729798135, 51.207861162487191 ], [ 4.43414520573246, 51.207827169733775 ], [ 4.433023211575294, 51.207862417112644 ], [ 4.431912115970471, 51.207966565325542 ], [ 4.43082261461173, 51.208138611816757 ], [ 4.42976519560353, 51.208376900410968 ], [ 4.428750038623489, 51.208679137235301 ], [ 4.427786917034247, 51.209042412772924 ], [ 4.426885103881837, 51.209463229837851 ], [ 4.426053282681142, 51.209937537202386 ], [ 4.425299463844244, 51.210460768556317 ], [ 4.424630907554305, 51.211027886424276 ], [ 4.42405405382706, 51.211633430620481 ], [ 4.423574460434197, 51.21227157077702 ], [ 4.423196749288567, 51.212936162441352 ], [ 4.422924561811062, 51.213620806205164 ], [ 4.422760523713627, 51.214318909296892 ], [ 4.422706219543291, 51.215023749045841 ], [ 4.422762177238817, 51.215728537608065 ], [ 4.422927862855777, 51.216426487331546 ], [ 4.423201685518148, 51.217110876130512 ], [ 4.42358101255609, 51.217775112240325 ], [ 4.42406219469113, 51.21841279772746 ], [ 4.424640601032751, 51.21901779014275 ], [ 4.425310663554998, 51.219584261722197 ], [ 4.426065930629463, 51.220106755563634 ], [ 4.426899129102567, 51.220580238236209 ], [ 4.427802234321429, 51.221000148313884 ], [ 4.428766547434671, 51.221362440363293 ], [ 4.429782779222975, 51.221663623959856 ], [ 4.430841139649912, 51.221900797354635 ], [ 4.43193143226713, 51.222071675465266 ], [ 4.43304315256009, 51.222174611920089 ], [ 4.434165589281456, 51.222208614941245 ], [ 4.435287927789789, 51.222173356913167 ], [ 4.436399354391237, 51.222069177543325 ], [ 4.437489160672055, 51.221897080584789 ], [ 4.438546846809795, 51.221658724152284 ], [ 4.439562222861202, 51.221356404725753 ], [ 4.440525507044843, 51.220993034996255 ], [ 4.44142742006628, 51.220572115769649 ], [ 4.442259274572711, 51.220097702199581 ], [ 4.443013058872144, 51.219574364677634 ], [ 4.443681514108667, 51.21900714475926 ], [ 4.444258204149976, 51.218401506551928 ], [ 4.444737577514739, 51.21776328403633 ], [ 4.445115020745662, 51.217098624830051 ], [ 4.445386902717668, 51.216413930936973 ], [ 4.445550609459207, 51.215715797055104 ], [ 4.445604569157085, 51.215010947038422 ] ] ] } },
{ "type": "Feature", "properties": { "stop_id": "osm-259231624", "name": "Drink", "lines": "24", "line_count": 1, "source": "osm-overpass", "buffer_m": 800 }, "geometry": { "type": "Polygon", "coordinates": [ [ [ 4.446625299584732, 51.214728148184548 ], [ 4.446568982453662, 51.214023370680025 ], [ 4.446402951571603, 51.213325453470077 ], [ 4.446128810671907, 51.212641117429889 ], [ 4.445749204270515, 51.211976952362718 ], [ 4.445267792029222, 51.211339353564121 ], [ 4.444689213363462, 51.210734460269528 ], [ 4.444019042641161, 51.210168096575757 ], [ 4.443263735408712, 51.209645715403809 ], [ 4.442430566165475, 51.209172346040852 ], [ 4.441527558288058, 51.20875254576417 ], [ 4.440563406780047, 51.208390356010781 ], [ 4.439547394590349, 51.208089263512697 ], [ 4.438489303303913, 51.207852166769733 ], [ 4.437399319061425, 51.207681348180905 ], [ 4.436287934609378, 51.207578452101039 ], [ 4.43516584841811, 51.207544469032477 ], [ 4.434043861832887, 51.20757972610302 ], [ 4.432932775241484, 51.207683883921078 ], [ 4.431843284250927, 51.207855939838502 ], [ 4.430785876865948, 51.208094237589222 ], [ 4.429770732652356, 51.208396483212169 ], [ 4.428807624849992, 51.20875976710591 ], [ 4.427905826372257, 51.209180592003854 ], [ 4.427074020592864, 51.209654906602985 ], [ 4.426320217775519, 51.210178144523411 ], [ 4.425651677949236, 51.210745268226489 ], [ 4.42507484097131, 51.211350817470247 ], [ 4.424595264452213, 51.211988961838109 ], [ 4.424217570142368, 51.212653556836948 ], [ 4.423945399300561, 51.21333820302636 ], [ 4.423781377478543, 51.21403630761133 ], [ 4.423727089066579, 51.214741147906729 ], [ 4.423783061851627, 51.215445936063382 ], [ 4.423948761743862, 51.216143884433031 ], [ 4.424222597729687, 51.216828270943004 ], [ 4.42460193701083, 51.217492503850572 ], [ 4.42508313019078, 51.218130185253131 ], [ 4.4256615462725, 51.218735172740736 ], [ 4.426331617136088, 51.219301638596853 ], [ 4.427086891072654, 51.219824125974426 ], [ 4.42792009486239, 51.220297601504868 ], [ 4.428823203801085, 51.220717503830926 ], [ 4.429787519001424, 51.221079787593887 ], [ 4.430803751223896, 51.22138096244899 ], [ 4.431862110427816, 51.221618126731506 ], [ 4.432952400176582, 51.221788995446914 ], [ 4.434064115983263, 51.221891922314036 ], [ 4.435186546643747, 51.221925915647411 ], [ 4.43630887757501, 51.221890647924759 ], [ 4.437420295156248, 51.221786458946994 ], [ 4.438510091060684, 51.22161435255979 ], [ 4.439567765565917, 51.221375986968667 ], [ 4.440583128840849, 51.22107365874178 ], [ 4.441546399227242, 51.220710280655027 ], [ 4.442448297563678, 51.220289353594708 ], [ 4.443280136638937, 51.219814932789959 ], [ 4.444033904909767, 51.219291588702049 ], [ 4.444702343674759, 51.218724362949608 ], [ 4.445279016960349, 51.218118719696292 ], [ 4.445758373446666, 51.217480492971383 ], [ 4.446135799839031, 51.216815830432978 ], [ 4.446407665174569, 51.216131134117013 ], [ 4.446571355641968, 51.215432998744767 ], [ 4.446625299584732, 51.214728148184548 ] ] ] } },
{ "type": "Feature", "properties": { "stop_id": "osm-1734431843", "name": "Dublin", "lines": "1,6", "line_count": 2, "source": "osm-overpass", "buffer_m": 800 }, "geometry": { "type": "Polygon", "coordinates": [ [ [ 4.431780951498943, 51.256847486281941 ], [ 4.431724807990003, 51.256142713489425 ], [ 4.431558849362568, 51.255444787095158 ], [ 4.431284678663333, 51.254760428063278 ], [ 4.430904940704115, 51.254096226418717 ], [ 4.430423296421901, 51.253458577809546 ], [ 4.429844387474055, 51.252853621950941 ], [ 4.429173791415285, 51.252287183542116 ], [ 4.428417967892728, 51.251764716223384 ], [ 4.427584196380739, 51.251291250111159 ], [ 4.426680506057192, 51.250871343414012 ], [ 4.425715598497274, 51.250509038593179 ], [ 4.424698763928586, 51.250207823488211 ], [ 4.423639791851839, 51.249970597778919 ], [ 4.422548876884505, 51.249799645105583 ], [ 4.421436520729454, 51.249696611113635 ], [ 4.420313431207001, 51.249662487632804 ], [ 4.419190419316264, 51.249697603142494 ], [ 4.418078295310116, 51.249801619613891 ], [ 4.416987764777252, 51.249973535759594 ], [ 4.41592932572488, 51.250211696659306 ], [ 4.414913167646113, 51.250513809669741 ], [ 4.413949073537618, 51.250876966466485 ], [ 4.413046325805462, 51.251297671007109 ], [ 4.412213616960683, 51.251771873147973 ], [ 4.411458965961148, 51.252295007592537 ], [ 4.410789641003233, 51.252862037799218 ], [ 4.4102120895062, 51.253467504427078 ], [ 4.409731875964228, 51.254105577855846 ], [ 4.409353628266798, 51.25477011427634 ], [ 4.409080993007833, 51.255454714813041 ], [ 4.408916600218688, 51.25615278711134 ], [ 4.408862037870292, 51.256857608797752 ], [ 4.408917836396541, 51.257562392202999 ], [ 4.409083463394983, 51.25826034972512 ], [ 4.409357328563235, 51.258944759203771 ], [ 4.409736798830869, 51.259609028675406 ], [ 4.410218223548128, 51.260246759885355 ], [ 4.410796969495417, 51.260851809944171 ], [ 4.411467465382033, 51.261418350532587 ], [ 4.412223255410415, 51.261940924083547 ], [ 4.413057061393364, 51.262414496398222 ], [ 4.413960852828307, 51.262834505186767 ], [ 4.414925924254404, 51.263196904064543 ], [ 4.415942979146771, 51.263498201577519 ], [ 4.417002219537776, 51.263735494878986 ], [ 4.418093440498787, 51.263906497731071 ], [ 4.419206128567769, 51.264009562560105 ], [ 4.420329563169138, 51.264043696351209 ], [ 4.421452920042579, 51.264008570228825 ], [ 4.422565375677735, 51.263904522629552 ], [ 4.423656211741592, 51.263732556037056 ], [ 4.424714918485551, 51.263494327310262 ], [ 4.425731296129267, 51.263192131699043 ], [ 4.426695553238316, 51.262828880702074 ], [ 4.427598401142607, 51.262408073981867 ], [ 4.428431143481544, 51.261933765608781 ], [ 4.429185760010106, 51.261410524961775 ], [ 4.429854983856612, 51.26084339266373 ], [ 4.430432371487456, 51.260237831978898 ], [ 4.430912364705748, 51.259599676142116 ], [ 4.431290344088919, 51.258935072129461 ], [ 4.431562673354215, 51.258250421413997 ], [ 4.431726734229444, 51.257552318278663 ], [ 4.431780951498943, 51.256847486281941 ] ] ] } },
{ "type": "Feature", "properties": { "stop_id": "osm-1734431846", "name": "Dublin", "lines": "1,6", "line_count": 2, "source": "osm-overpass", "buffer_m": 800 }, "geometry": { "type": "Polygon", "coordinates": [ [ [ 4.431834898796566, 51.25744638106525 ], [ 4.431778753749802, 51.256741608468445 ], [ 4.431612792180957, 51.256043682318236 ], [ 4.431338617165184, 51.255359323576393 ], [ 4.430958873555971, 51.254695122265034 ], [ 4.430477222344819, 51.25405747402904 ], [ 4.429898305255893, 51.253452518579962 ], [ 4.42922769992236, 51.25288608061306 ], [ 4.428471866080708, 51.252363613764402 ], [ 4.427638083304673, 51.251890148145861 ], [ 4.42673438088059, 51.251470241961222 ], [ 4.425769460500137, 51.251107937666859 ], [ 4.424752612514315, 51.25080672309717 ], [ 4.423693626552966, 51.250569497926833 ], [ 4.422602697367171, 51.250398545790965 ], [ 4.421490326796616, 51.250295512329735 ], [ 4.420367222800317, 51.250261389367843 ], [ 4.419244196516662, 51.250296505379715 ], [ 4.418132058336999, 51.250400522331624 ], [ 4.417041513986409, 51.25057243893157 ], [ 4.415983061605062, 51.250810600254937 ], [ 4.414966890814338, 51.251112713654287 ], [ 4.414002784733253, 51.251475870801514 ], [ 4.413100025883125, 51.251896575650832 ], [ 4.412267306882032, 51.252370778055592 ], [ 4.411512646785643, 51.252893912716758 ], [ 4.410843313877967, 51.253460943090644 ], [ 4.410265755654869, 51.254066409834699 ], [ 4.409785536675371, 51.2547044833276 ], [ 4.409407284881406, 51.255369019759478 ], [ 4.409134646906455, 51.256053620254704 ], [ 4.408970252808143, 51.256751692459126 ], [ 4.408915690570137, 51.257456514000125 ], [ 4.408971490625392, 51.258161297209845 ], [ 4.409137120556863, 51.258859254488186 ], [ 4.409410990034036, 51.259543663677164 ], [ 4.409790465945101, 51.260207932815987 ], [ 4.410271897586045, 51.260845663653228 ], [ 4.410850651670664, 51.26145071330297 ], [ 4.411521156829949, 51.262017253449919 ], [ 4.412276957177066, 51.26253982653126 ], [ 4.413110774425445, 51.263013398352669 ], [ 4.414014577964005, 51.263433406629041 ], [ 4.414979662215292, 51.263795804980703 ], [ 4.415996730530844, 51.26409710195864 ], [ 4.41705598481367, 51.264334394721303 ], [ 4.418147220001246, 51.264505397036025 ], [ 4.419259922494412, 51.264608461334269 ], [ 4.420383371578542, 51.264642594606308 ], [ 4.421506742853725, 51.264607467981584 ], [ 4.422619212670773, 51.264503419901516 ], [ 4.423710062559972, 51.264331452854442 ], [ 4.42476878263947, 51.264093223703604 ], [ 4.425785173000399, 51.263791027703036 ], [ 4.426749442085784, 51.263427776355101 ], [ 4.427652301110144, 51.263006969325737 ], [ 4.428485053605759, 51.262532660688308 ], [ 4.429239679229785, 51.262009419824267 ], [ 4.429908911022971, 51.261442287358641 ], [ 4.430486305375225, 51.260836726557287 ], [ 4.430966304024992, 51.260198570656151 ], [ 4.431344287497481, 51.25953396663197 ], [ 4.431616619470658, 51.258849315957875 ], [ 4.431780681646376, 51.258151212916424 ], [ 4.431834898796566, 51.25744638106525 ] ] ] } },
{ "type": "Feature", "properties": { "stop_id": "osm-2201572909", "name": "Ertbrugge", "lines": "10,A9", "line_count": 2, "source": "osm-overpass", "buffer_m": 800 }, "geometry": { "type": "Polygon", "coordinates": [ [ [ 4.505885125970513, 51.222215009427963 ], [ 4.505827904101083, 51.221510262445371 ], [ 4.505660959645959, 51.220812430728017 ], [ 4.505385905135896, 51.220128234325429 ], [ 4.505005393883039, 51.219464261693808 ], [ 4.504523094259567, 51.218826906273542 ], [ 4.503943654221737, 51.218222304954587 ], [ 4.503272656426681, 51.21765627902068 ], [ 4.502516564378809, 51.217134278139163 ], [ 4.501682660127908, 51.216661327934567 ], [ 4.500778974121038, 51.216241981647549 ], [ 4.499814207884477, 51.215880276343668 ], [ 4.498797650279541, 51.215579694090444 ], [ 4.497739088136674, 51.215343128475304 ], [ 4.496648712124901, 51.215172856784051 ], [ 4.495537018758527, 51.215070518106742 ], [ 4.494414709479083, 51.215037097579902 ], [ 4.493292587777939, 51.215072916916192 ], [ 4.492181455343323, 51.215177631311576 ], [ 4.491092008224553, 51.21535023276008 ], [ 4.490034734006203, 51.215589059744111 ], [ 4.489019810975444, 51.21589181320774 ], [ 4.488057010247146, 51.216255578660309 ], [ 4.487155601783691, 51.216676854198845 ], [ 4.486324265209892, 51.21715158418116 ], [ 4.48557100627851, 51.217675198227298 ], [ 4.484903079788715, 51.218242655176127 ], [ 4.48432691969911, 51.218848491575756 ], [ 4.483848077109124, 51.21948687424301 ], [ 4.483471166708198, 51.220151656388339 ], [ 4.483199822211921, 51.220836436767129 ], [ 4.483036661219032, 51.221534621289948 ], [ 4.482983259833368, 51.222239486499511 ], [ 4.4830401373017, 51.222944244304252 ], [ 4.483206750822402, 51.223642107345732 ], [ 4.483481500582347, 51.224326354370724 ], [ 4.483861744980763, 51.224990394977624 ], [ 4.484343825900538, 51.225627833113769 ], [ 4.484923103790073, 51.226232528710469 ], [ 4.485594002223505, 51.226798656861021 ], [ 4.486350061514845, 51.22732076396985 ], [ 4.487184000873113, 51.227793820330248 ], [ 4.488087788502092, 51.228213268622014 ], [ 4.489052718970231, 51.228575067859637 ], [ 4.490069497104883, 51.228875732365701 ], [ 4.49112832760077, 51.229112365391934 ], [ 4.492219009476215, 51.229282687061925 ], [ 4.493331034462741, 51.229385056364997 ], [ 4.494453688374838, 51.229418486987612 ], [ 4.495576154477098, 51.229382656829188 ], [ 4.496687617846145, 51.229277911109662 ], [ 4.497777369715043, 51.229105259038725 ], [ 4.498834910787838, 51.228866364079437 ], [ 4.499850052522291, 51.228563527899951 ], [ 4.500813015398873, 51.228199668169594 ], [ 4.501714523223936, 51.227778290414435 ], [ 4.502545892554257, 51.227303454204801 ], [ 4.503299116378255, 51.226779734002875 ], [ 4.503966941245925, 51.226212175049284 ], [ 4.504542937103944, 51.225606244715955 ], [ 4.505021559164208, 51.224967779795833 ], [ 4.505398201212117, 51.224302930239396 ], [ 4.505669239844734, 51.223618099881854 ], [ 4.505832069217486, 51.222919884733308 ], [ 4.505885125970513, 51.222215009427963 ] ] ] } },
{ "type": "Feature", "properties": { "stop_id": "osm-2611269215", "name": "Ertbrugge", "lines": "10,A9", "line_count": 2, "source": "osm-overpass", "buffer_m": 800 }, "geometry": { "type": "Polygon", "coordinates": [ [ [ 4.504996591425773, 51.222073395473437 ], [ 4.504939383159781, 51.221368648021659 ], [ 4.504772452509144, 51.220670815011047 ], [ 4.504497411871681, 51.219986616503583 ], [ 4.504116914425969, 51.219322640975776 ], [ 4.503634628411262, 51.218685281895915 ], [ 4.503055201652837, 51.218080676189288 ], [ 4.50238421668003, 51.217514645181822 ], [ 4.50162813687386, 51.216992638589808 ], [ 4.500794244166348, 51.216519682092695 ], [ 4.499890568893503, 51.216100328991836 ], [ 4.498925812478352, 51.215738616418321 ], [ 4.497909263687741, 51.21543802650973 ], [ 4.496850709267341, 51.215201452927126 ], [ 4.495760339811905, 51.215031173033054 ], [ 4.494648651772677, 51.214928825996509 ], [ 4.49352634653995, 51.214895397034539 ], [ 4.492404227566162, 51.214931207940957 ], [ 4.491293096513297, 51.215035913992899 ], [ 4.490203649417355, 51.215208507264713 ], [ 4.489146373862663, 51.215447326317474 ], [ 4.488131448149205, 51.21575007217163 ], [ 4.48716864341762, 51.21611383040981 ], [ 4.486267229668749, 51.216535099198452 ], [ 4.485435886578199, 51.217009822960385 ], [ 4.484682619961381, 51.217533431375585 ], [ 4.484014684691353, 51.218100883337108 ], [ 4.483438514811155, 51.218706715441108 ], [ 4.482959661514388, 51.219345094545815 ], [ 4.482582739593489, 51.220009873896004 ], [ 4.482311382874891, 51.220694652273998 ], [ 4.482148209074967, 51.22139283560967 ], [ 4.482094794420822, 51.222097700457205 ], [ 4.482151658286968, 51.222802458728545 ], [ 4.482318258002761, 51.223500323060833 ], [ 4.482592993888029, 51.224184572188406 ], [ 4.482973224475646, 51.224848615689446 ], [ 4.48345529178156, 51.225486057483479 ], [ 4.484034556385354, 51.226090757466579 ], [ 4.484705441989211, 51.226656890689831 ], [ 4.485461489030795, 51.227179003508859 ], [ 4.486295416837218, 51.227652066161895 ], [ 4.487199193723636, 51.22807152126817 ], [ 4.488164114362077, 51.228433327776528 ], [ 4.489180883674674, 51.228733999939529 ], [ 4.49023970644123, 51.228970640935145 ], [ 4.491330381754596, 51.229140970810164 ], [ 4.492442401409583, 51.229243348474853 ], [ 4.493565051272086, 51.229276787535142 ], [ 4.494687514645733, 51.229240965809161 ], [ 4.495798976633454, 51.229136228435529 ], [ 4.496888728481603, 51.228963584543642 ], [ 4.497946270894396, 51.228724697517649 ], [ 4.498961415316639, 51.228421868949283 ], [ 4.499924382202842, 51.228058016434638 ], [ 4.500825895320655, 51.227636645430202 ], [ 4.501657271175771, 51.227161815441271 ], [ 4.502410502693663, 51.226638100870126 ], [ 4.503078336350105, 51.226070546903202 ], [ 4.503654342007009, 51.225464620864365 ], [ 4.504132974781784, 51.22482615950522 ], [ 4.50450962835653, 51.224161312742041 ], [ 4.504780679217204, 51.223476484383099 ], [ 4.504943521401387, 51.222778270419283 ], [ 4.504996591425773, 51.222073395473437 ] ] ] } },
{ "type": "Feature", "properties": { "stop_id": "osm-12373427438", "name": "Florent Pauwels", "lines": "8", "line_count": 1, "source": "osm-overpass", "buffer_m": 800 }, "geometry": { "type": "Polygon", "coordinates": [ [ [ 4.482632044577485, 51.205974861072427 ], [ 4.48257519397079, 51.205270098407809 ], [ 4.48240865552685, 51.204572229476561 ], [ 4.48213403786391, 51.203887974687561 ], [ 4.481753990085465, 51.203223923060243 ], [ 4.481272176099499, 51.202586468796618 ], [ 4.480693239185539, 51.201981749739303 ], [ 4.480022757156494, 51.201415588306482 ], [ 4.47926718855165, 51.200893435470938 ], [ 4.478433810382534, 51.200420318320802 ], [ 4.477530648033213, 51.20000079170461 ], [ 4.476566397990846, 51.199638894424425 ], [ 4.475550344149915, 51.199338110396411 ], [ 4.47449226849395, 51.199101335150587 ], [ 4.473402357011508, 51.198930847991029 ], [ 4.47229110174774, 51.198828290082105 ], [ 4.471169199929233, 51.198794648670805 ], [ 4.470047451127035, 51.198830247596035 ], [ 4.468936653441294, 51.198934744175524 ], [ 4.467847499699904, 51.199107132500011 ], [ 4.466790474663639, 51.199345753103408 ], [ 4.465775754220597, 51.199648308916544 ], [ 4.464813107534397, 51.200011887351529 ], [ 4.463911803082781, 51.200432988305799 ], [ 4.463080519486883, 51.200907557818091 ], [ 4.462327261986483, 51.201431027053637 ], [ 4.46165928536352, 51.201998356245845 ], [ 4.461083024055403, 51.202604083173242 ], [ 4.460604030131966, 51.203242375707291 ], [ 4.46022691973545, 51.203907087926929 ], [ 4.459955328502859, 51.204591819261623 ], [ 4.4597918764046, 51.205289976094981 ], [ 4.4597381423438, 51.20599483523732 ], [ 4.459794648767311, 51.2066996086564 ], [ 4.459960856443743, 51.207397508844402 ], [ 4.460235169466056, 51.208081814191324 ], [ 4.460614950437923, 51.208745933734825 ], [ 4.46109654570459, 51.209383470662907 ], [ 4.461675320391786, 51.209988283956143 ], [ 4.462345702920894, 51.210554547574979 ], [ 4.463101238576346, 51.211076806619673 ], [ 4.463934651612849, 51.211550029920552 ], [ 4.464837915306401, 51.211969658549719 ], [ 4.46580232927524, 51.212331649784808 ], [ 4.466818603325286, 51.212632516099099 ], [ 4.467876947010488, 51.212869358800276 ], [ 4.468967164042088, 51.21303989599204 ], [ 4.470078750632844, 51.213142484587259 ], [ 4.471200996823458, 51.213176136159753 ], [ 4.472323089808855, 51.213140526480061 ], [ 4.473434218262121, 51.213035998643797 ], [ 4.474523676644145, 51.212863559761388 ], [ 4.475580968486992, 51.212624871241808 ], [ 4.47659590764933, 51.212322232764244 ], [ 4.47755871656228, 51.211958560093329 ], [ 4.478460120513825, 51.211537356953031 ], [ 4.479291437059096, 51.211062681231567 ], [ 4.480044659692092, 51.210539105845307 ], [ 4.480712534970813, 51.209971674640123 ], [ 4.481288632352449, 51.209365853757802 ], [ 4.481767406066768, 51.208727478937504 ], [ 4.482144248434047, 51.208062699262491 ], [ 4.482415534117492, 51.20737791789562 ], [ 4.482578654888777, 51.206679730375939 ], [ 4.482632044577485, 51.205974861072427 ] ] ] } },
{ "type": "Feature", "properties": { "stop_id": "osm-2201344814", "name": "Florent Pauwels", "lines": "8,24", "line_count": 2, "source": "osm-overpass", "buffer_m": 800 }, "geometry": { "type": "Polygon", "coordinates": [ [ [ 4.482187302202631, 51.205801804140066 ], [ 4.482130458526644, 51.205097041214252 ], [ 4.481963927354424, 51.204399171609616 ], [ 4.481689317234167, 51.203714915741521 ], [ 4.481309277196727, 51.20305086263977 ], [ 4.480827471075539, 51.202413406520634 ], [ 4.480248542074422, 51.201808685244607 ], [ 4.479578067930103, 51.20124252125121 ], [ 4.478822507105991, 51.200720365537919 ], [ 4.477989136538731, 51.200247245220609 ], [ 4.477085981539243, 51.199827715178273 ], [ 4.476121738523972, 51.199465814246004 ], [ 4.475105691319795, 51.199165026375098 ], [ 4.474047621846398, 51.198928247132585 ], [ 4.472957716032858, 51.198757755861045 ], [ 4.471846465869796, 51.198655193764367 ], [ 4.470724568534728, 51.198621548129928 ], [ 4.469602823555569, 51.198657142837249 ], [ 4.468492028995672, 51.198761635244672 ], [ 4.467402877652852, 51.198934019483055 ], [ 4.466345854264787, 51.199172636125724 ], [ 4.465331134703692, 51.19947518814157 ], [ 4.464368488124668, 51.199838762979269 ], [ 4.46346718300439, 51.200259860570917 ], [ 4.462635897970387, 51.200734426987616 ], [ 4.461882638276235, 51.201257893424433 ], [ 4.461214658724927, 51.201825220141657 ], [ 4.460638393782016, 51.202430944941732 ], [ 4.460159395552266, 51.203069235716562 ], [ 4.459782280219323, 51.20373394656206 ], [ 4.459510683467661, 51.204418676920952 ], [ 4.459347225320784, 51.205116833186246 ], [ 4.459293484740016, 51.205821692173707 ], [ 4.459349984234957, 51.20652646585269 ], [ 4.459516184640907, 51.207224366712822 ], [ 4.459790490120835, 51.207908673137673 ], [ 4.460170263351042, 51.208572794154513 ], [ 4.46065185075134, 51.209210332937182 ], [ 4.461230617523241, 51.209815148448463 ], [ 4.461900992164389, 51.210381414627378 ], [ 4.462656520035231, 51.210903676549556 ], [ 4.463489925465495, 51.21137690301763 ], [ 4.464393181804499, 51.211796535073177 ], [ 4.465357588741377, 51.21215852996086 ], [ 4.466373856149837, 51.212459400118753 ], [ 4.467432193647866, 51.212696246817522 ], [ 4.468522405006351, 51.212866788122312 ], [ 4.469633986492747, 51.212969380906479 ], [ 4.470756228196973, 51.213003036703405 ], [ 4.471878317357197, 51.212967431242895 ], [ 4.472989442683376, 51.212862907579968 ], [ 4.474078898666532, 51.212690472784821 ], [ 4.475136188861836, 51.21245178822705 ], [ 4.476151127143813, 51.212149153547685 ], [ 4.477113935952047, 51.211785484474774 ], [ 4.478015340575479, 51.211364284697552 ], [ 4.478846658562739, 51.210889612071924 ], [ 4.479599883393871, 51.210366039484434 ], [ 4.480267761605648, 51.209798610753964 ], [ 4.480843862626943, 51.209192791998476 ], [ 4.481322640652409, 51.208554418936657 ], [ 4.481699487960721, 51.20788964063491 ], [ 4.481970779167448, 51.207204860242769 ], [ 4.482133905991001, 51.206506673289972 ], [ 4.482187302202631, 51.205801804140066 ] ] ] } },
{ "type": "Feature", "properties": { "stop_id": "osm-600876587", "name": "Florent Pauwels", "lines": "24", "line_count": 1, "source": "osm-overpass", "buffer_m": 800 }, "geometry": { "type": "Polygon", "coordinates": [ [ [ 4.48315986906004, 51.205667609951931 ], [ 4.483103010852843, 51.204962847457359 ], [ 4.482936465609158, 51.204264979186853 ], [ 4.482661842012631, 51.203580725542892 ], [ 4.482281789223816, 51.202916675533821 ], [ 4.481799971198841, 51.202279223346096 ], [ 4.481221031256048, 51.201674506802355 ], [ 4.480550547237413, 51.201108348296501 ], [ 4.4797949777013, 51.200586198773166 ], [ 4.478961599668128, 51.200113085288578 ], [ 4.478058438520588, 51.199693562655995 ], [ 4.477094190734219, 51.199331669639093 ], [ 4.476078140181747, 51.199030890112979 ], [ 4.475020068815019, 51.19879411956439 ], [ 4.473930162581284, 51.198623637252169 ], [ 4.47281891347518, 51.198521084293958 ], [ 4.471697018664027, 51.198487447889178 ], [ 4.470575277651452, 51.198523051828509 ], [ 4.469464488462651, 51.198627553381385 ], [ 4.468375343843778, 51.198799946590675 ], [ 4.467318328467839, 51.199038571943305 ], [ 4.466303618129994, 51.199341132324371 ], [ 4.465340981896642, 51.199704715101937 ], [ 4.464439688144949, 51.200125820131703 ], [ 4.463608415393092, 51.200600393413161 ], [ 4.462855168776493, 51.2011238660752 ], [ 4.462187202972334, 51.201691198318201 ], [ 4.461610952313888, 51.202296927891382 ], [ 4.461131968768453, 51.202935222640654 ], [ 4.46075486837834, 51.203599936623597 ], [ 4.460483286684176, 51.204284669252722 ], [ 4.460319843564492, 51.204982826899169 ], [ 4.460266117835896, 51.205687686365273 ], [ 4.460322631864938, 51.20639245961577 ], [ 4.460488846346911, 51.207090359144445 ], [ 4.460763165309155, 51.207774663347585 ], [ 4.461142951298039, 51.208438781273856 ], [ 4.461624550610406, 51.209076316126783 ], [ 4.462203328332919, 51.209681126907014 ], [ 4.462873712857637, 51.21024738759909 ], [ 4.463629249449689, 51.210769643331489 ], [ 4.464462662354681, 51.211242862966429 ], [ 4.46536592484982, 51.211662487611342 ], [ 4.466330336564833, 51.212024474582243 ], [ 4.467346607327312, 51.212325336393469 ], [ 4.468404946722862, 51.212562174396091 ], [ 4.469495158504032, 51.212732706739054 ], [ 4.470606738934175, 51.212835290382046 ], [ 4.471728978113368, 51.212868936946514 ], [ 4.472851063304113, 51.212833322251235 ], [ 4.47396218325464, 51.212728789440206 ], [ 4.475051632507806, 51.212556345671743 ], [ 4.476108914683681, 51.212317652401921 ], [ 4.477123843734127, 51.212015009355646 ], [ 4.478086642187751, 51.21165133234161 ], [ 4.478988035433345, 51.211230125125581 ], [ 4.479819341129249, 51.210755445635058 ], [ 4.480572552874011, 51.210231866822689 ], [ 4.481240417330557, 51.209664432567365 ], [ 4.481816504060352, 51.209058609040184 ], [ 4.482295267395775, 51.208420232005793 ], [ 4.48267209975707, 51.20775545056879 ], [ 4.482943375903807, 51.20707066790893 ], [ 4.483106487699469, 51.206372479577716 ], [ 4.48315986906004, 51.205667609951931 ] ] ] } },
{ "type": "Feature", "properties": { "stop_id": "osm-1958353043", "name": "Fortveld", "lines": "10,A9", "line_count": 2, "source": "osm-overpass", "buffer_m": 800 }, "geometry": { "type": "Polygon", "coordinates": [ [ [ 4.522404946043118, 51.225572909666546 ], [ 4.522347470348334, 51.224868171626767 ], [ 4.522180266626362, 51.224170364171904 ], [ 4.521904949904878, 51.22348620711707 ], [ 4.521524176020847, 51.22282228853895 ], [ 4.521041615874864, 51.222185001356813 ], [ 4.520461919930898, 51.221580481803024 ], [ 4.519790673308971, 51.221014550373454 ], [ 4.519034341907909, 51.220492655825161 ], [ 4.518200210080462, 51.220019822758431 ], [ 4.517296310463106, 51.219600603285961 ], [ 4.516331346636965, 51.21923903325208 ], [ 4.515314609363963, 51.218938593422017 ], [ 4.514255887202679, 51.218702176011853 ], [ 4.513165372361247, 51.218532056880662 ], [ 4.512053562689302, 51.218429873649853 ], [ 4.510931160747139, 51.218396609959569 ], [ 4.509808970917602, 51.21843258601271 ], [ 4.508697795544539, 51.218537455496651 ], [ 4.507608331090755, 51.218710208912526 ], [ 4.506551065308186, 51.21894918327979 ], [ 4.505536176403625, 51.219252078123702 ], [ 4.504573435164553, 51.219615977592511 ], [ 4.503672110982055, 51.220037378492897 ], [ 4.502840882671192, 51.220512223975625 ], [ 4.50208775494424, 51.221035942548525 ], [ 4.501419981339071, 51.221603492043769 ], [ 4.500843994344254, 51.222209408118026 ], [ 4.500365343394517, 51.222847856820515 ], [ 4.499988641335865, 51.223512690725315 ], [ 4.499717519879399, 51.224197508088892 ], [ 4.499554594477535, 51.224895714464942 ], [ 4.499501438966565, 51.225600586185124 ], [ 4.499558570226276, 51.226305335094509 ], [ 4.49972544301139, 51.227003173919634 ], [ 4.500000455011951, 51.227687381639818 ], [ 4.50038096210125, 51.228351368231344 ], [ 4.500863303631458, 51.228988738161256 ], [ 4.501442837539892, 51.229593352017218 ], [ 4.502113984933468, 51.2301593856794 ], [ 4.502870283726643, 51.230681386461953 ], [ 4.503704450819775, 51.23115432568212 ], [ 4.50460845222115, 51.231573647147734 ], [ 4.505573580438138, 51.231935311094936 ], [ 4.50659053839137, 51.232235833149545 ], [ 4.50764952904165, 51.232472317935546 ], [ 4.508740349862961, 51.232642487004654 ], [ 4.509852491247033, 51.232744700816433 ], [ 4.510975237886059, 51.232777974555468 ], [ 4.512097772150686, 51.232741987632743 ], [ 4.513209278460619, 51.23263708677851 ], [ 4.514299047635335, 51.232464282697293 ], [ 4.515356580212641, 51.232225240316595 ], [ 4.516371687732972, 51.231922262724886 ], [ 4.517334591007566, 51.231558268953918 ], [ 4.518236014418403, 51.231136765820949 ], [ 4.519067275337135, 51.230661814103946 ], [ 4.519820367798387, 51.230137989377624 ], [ 4.520488039619528, 51.229570337889214 ], [ 4.521063862223487, 51.228964327901622 ], [ 4.521542292492988, 51.228325796974602 ], [ 4.521918726062648, 51.22766089569398 ], [ 4.522189541539245, 51.226976028392471 ], [ 4.522352135228996, 51.226277791435479 ], [ 4.522404946043118, 51.225572909666546 ] ] ] } },
{ "type": "Feature", "properties": { "stop_id": "osm-2201560070", "name": "Fortveld", "lines": "A9", "line_count": 1, "source": "osm-overpass", "buffer_m": 800 }, "geometry": { "type": "Polygon", "coordinates": [ [ [ 4.523221262759727, 51.225234830607342 ], [ 4.523163775142984, 51.224530092870737 ], [ 4.522996560416405, 51.223832286477467 ], [ 4.522721233713546, 51.223148131232435 ], [ 4.52234045096738, 51.222484215194854 ], [ 4.521857883163726, 51.221846931259492 ], [ 4.521278180840167, 51.22124241562743 ], [ 4.520606929178036, 51.220676488756759 ], [ 4.519850594124573, 51.220154599360612 ], [ 4.519016460067587, 51.219681771989713 ], [ 4.518112559664919, 51.21926255870185 ], [ 4.517147596505182, 51.218900995281849 ], [ 4.516130861343811, 51.218600562431178 ], [ 4.515072142719016, 51.21836415229884 ], [ 4.513981632804857, 51.218194040673822 ], [ 4.51286982940353, 51.218091865105208 ], [ 4.511747435014978, 51.218058609159428 ], [ 4.510625253949364, 51.21809459296486 ], [ 4.509514088466214, 51.218199470134216 ], [ 4.508424634933187, 51.218372231094655 ], [ 4.507367380997168, 51.218611212792986 ], [ 4.506352504750983, 51.218914114683912 ], [ 4.505389776860337, 51.219278020847845 ], [ 4.504488466587894, 51.219699428026978 ], [ 4.503657252614882, 51.220174279311607 ], [ 4.502904139515604, 51.220698003153707 ], [ 4.502236380687164, 51.221265557334704 ], [ 4.501660408475908, 51.221871477466067 ], [ 4.501181772174257, 51.222509929558015 ], [ 4.500805084487175, 51.223174766151907 ], [ 4.500533976987378, 51.223859585478245 ], [ 4.500371064992858, 51.224557793071881 ], [ 4.500317922210749, 51.225262665252671 ], [ 4.500375065398186, 51.225967413861191 ], [ 4.500541949194942, 51.226665251626891 ], [ 4.500816971184914, 51.227349457539226 ], [ 4.501197487145068, 51.228013441591891 ], [ 4.501679836342021, 51.228650808276306 ], [ 4.502259376639126, 51.229255418211437 ], [ 4.502930529081635, 51.229821447315146 ], [ 4.503686831535267, 51.230343442945511 ], [ 4.504521000865, 51.230816376469349 ], [ 4.505425003057487, 51.231235691749461 ], [ 4.506390130612392, 51.231597349081461 ], [ 4.507407086456658, 51.231897864154938 ], [ 4.508466073571364, 51.232134341661123 ], [ 4.509556889464527, 51.232304503221911 ], [ 4.510669024575354, 51.232406709369151 ], [ 4.511791763656487, 51.232439975361331 ], [ 4.512914289151424, 51.232403980683969 ], [ 4.514025785564406, 51.232299072142212 ], [ 4.515115543810332, 51.232126260514455 ], [ 4.516173064532365, 51.231887210801034 ], [ 4.517188159385247, 51.231584226161033 ], [ 4.518151049302337, 51.231220225694081 ], [ 4.519052458794388, 51.230798716281903 ], [ 4.519883705367219, 51.230323758763035 ], [ 4.520636783193734, 51.229799928768017 ], [ 4.52130444023234, 51.229232272594786 ], [ 4.521880248048421, 51.228626258551415 ], [ 4.522358663667175, 51.227987724236634 ], [ 4.522735082864348, 51.227322820268881 ], [ 4.523005884385147, 51.226637951006801 ], [ 4.523168464670183, 51.225939712834524 ], [ 4.523221262759727, 51.225234830607342 ] ] ] } },
{ "type": "Feature", "properties": { "stop_id": "osm-2201560076", "name": "Fortveld", "lines": "10", "line_count": 1, "source": "osm-overpass", "buffer_m": 800 }, "geometry": { "type": "Polygon", "coordinates": [ [ [ 4.523174572378547, 51.225273935129543 ], [ 4.523117085419317, 51.224569197381072 ], [ 4.522949871251263, 51.223871390932487 ], [ 4.522674545002565, 51.223187235589272 ], [ 4.52229376260184, 51.222523319411529 ], [ 4.52181119503159, 51.221886035295398 ], [ 4.521231492827159, 51.221281519443714 ], [ 4.520560241168741, 51.220715592316658 ], [ 4.519803906003551, 51.220193702629878 ], [ 4.518969771720477, 51.219720874936833 ], [ 4.518065870979551, 51.219301661298452 ], [ 4.517100907372637, 51.218940097502959 ], [ 4.516084171659485, 51.218639664255392 ], [ 4.515025452383616, 51.218403253708587 ], [ 4.513934941725356, 51.218233141655524 ], [ 4.512823137494068, 51.218130965649401 ], [ 4.511700742197679, 51.218097709260924 ], [ 4.510578560155081, 51.218133692622587 ], [ 4.50946739363521, 51.218238569351527 ], [ 4.508377939015696, 51.218411329879046 ], [ 4.507320683953874, 51.218650311156168 ], [ 4.506305806553404, 51.21895321264163 ], [ 4.505343077491096, 51.219317118419731 ], [ 4.50444176604089, 51.21973852523643 ], [ 4.503610550895346, 51.220213376185491 ], [ 4.502857436640053, 51.220737099722101 ], [ 4.502189676683247, 51.221304653630654 ], [ 4.501613703382132, 51.221910573525207 ], [ 4.501135066039621, 51.222549025418303 ], [ 4.500758377370712, 51.22321386185321 ], [ 4.500487268957571, 51.223898681061968 ], [ 4.50032435612699, 51.224596888580514 ], [ 4.500271212594167, 51.225301760729458 ], [ 4.500328355123472, 51.226006509349723 ], [ 4.500495238361024, 51.226704347170624 ], [ 4.500770259896112, 51.227388553181029 ], [ 4.501150775510099, 51.228052537373763 ], [ 4.501633124472944, 51.228689904238884 ], [ 4.502212664650266, 51.229294514393601 ], [ 4.502883817088479, 51.229860543753674 ], [ 4.503640119653348, 51.2303825396747 ], [ 4.504474289208794, 51.23085547352072 ], [ 4.505378291739293, 51.231274789151392 ], [ 4.506343419741267, 51.231636446859028 ], [ 4.507360376137351, 51.231936962329499 ], [ 4.508419363903305, 51.232173440250293 ], [ 4.509510180540878, 51.232343602239233 ], [ 4.510622316482098, 51.232445808824103 ], [ 4.511745056471606, 51.232479075259157 ], [ 4.512867582944147, 51.232443081025686 ], [ 4.513979080394537, 51.232338172924464 ], [ 4.515068839727665, 51.232165361729727 ], [ 4.516126361576227, 51.231926312437608 ], [ 4.5171414575841, 51.231623328203142 ], [ 4.51810434867351, 51.231259328122007 ], [ 4.519005759343906, 51.230837819072306 ], [ 4.519837007089755, 51.230362861888992 ], [ 4.520590086072658, 51.229839032199394 ], [ 4.521257744239878, 51.229271376298563 ], [ 4.521833553145926, 51.228665362491874 ], [ 4.522311969805502, 51.228026828375853 ], [ 4.522688389984328, 51.227361924566964 ], [ 4.522959192418163, 51.226677055422371 ], [ 4.523121773538827, 51.225978817325043 ], [ 4.523174572378547, 51.225273935129543 ] ] ] } },
{ "type": "Feature", "properties": { "stop_id": "osm-1653013245", "name": "Frans Van Dijck", "lines": "A9", "line_count": 1, "source": "osm-overpass", "buffer_m": 800 }, "geometry": { "type": "Polygon", "coordinates": [ [ [ 4.490561354516067, 51.223537293435541 ], [ 4.490504362640869, 51.222832539416913 ], [ 4.490337642790965, 51.222134686440072 ], [ 4.490062805334921, 51.221450454759847 ], [ 4.489682501495755, 51.220786433172727 ], [ 4.489200397649672, 51.220149015591097 ], [ 4.488621139869257, 51.219544339503955 ], [ 4.487950309058353, 51.218978226915283 ], [ 4.487194367115269, 51.218456128327247 ], [ 4.486360594646278, 51.217983070305287 ], [ 4.485457020831331, 51.217563607128433 ], [ 4.484492346118109, 51.217201776987636 ], [ 4.483475858488194, 51.216901063152463 ], [ 4.482417344099532, 51.21666436047704 ], [ 4.481326993162332, 51.216493947566697 ], [ 4.480215301950131, 51.21639146487091 ], [ 4.479092971884027, 51.21635789891257 ], [ 4.477970806655503, 51.216393572804336 ], [ 4.476859608371487, 51.216498143142161 ], [ 4.475770073714583, 51.216670603306945 ], [ 4.474712691111188, 51.216909293141072 ], [ 4.473697639890749, 51.217211914909015 ], [ 4.472734692400905, 51.217575555388009 ], [ 4.47183312001548, 51.217996713878357 ], [ 4.471001603935896, 51.218471335864969 ], [ 4.470248151641581, 51.218994852007874 ], [ 4.469580019791869, 51.219562222088896 ], [ 4.469003644321216, 51.220167983492914 ], [ 4.468524578401609, 51.220806303759332 ], [ 4.468147438871864, 51.221471036699974 ], [ 4.467875861653127, 51.222155781544537 ], [ 4.467712466584666, 51.222853944546451 ], [ 4.467658832024273, 51.223558802456232 ], [ 4.467715479464395, 51.22426356725326 ], [ 4.467881868319209, 51.224961451512428 ], [ 4.468156400940102, 51.225645733776744 ], [ 4.468536437818694, 51.226309823305748 ], [ 4.469018322837933, 51.226947323576184 ], [ 4.469597418334626, 51.227552093921346 ], [ 4.470268149641399, 51.228118308714897 ], [ 4.471024058683833, 51.228640513527054 ], [ 4.471857866120011, 51.22911367771021 ], [ 4.472761541426213, 51.229533242905703 ], [ 4.473726380254506, 51.229895167001956 ], [ 4.474743088316458, 51.230195963118788 ], [ 4.475801870983047, 51.230432733240058 ], [ 4.476892527734288, 51.230603196168474 ], [ 4.478004550544386, 51.230705709532479 ], [ 4.479127225249119, 51.230739285630548 ], [ 4.480249734912733, 51.230703600960389 ], [ 4.481361264191857, 51.230598999340216 ], [ 4.482451103683921, 51.230426488591362 ], [ 4.48350875324789, 51.23018773081531 ], [ 4.484524023295171, 51.229885026358581 ], [ 4.485487133068728, 51.229521291621587 ], [ 4.486388804958271, 51.229100030926311 ], [ 4.487220353938488, 51.228625302715614 ], [ 4.487973771265602, 51.228101680411484 ], [ 4.48864180162404, 51.227534208311845 ], [ 4.489218012979616, 51.226928352952385 ], [ 4.489696858467182, 51.226289950404279 ], [ 4.490073729719004, 51.225625150017834 ], [ 4.490345001123709, 51.224940355155127 ], [ 4.490508064594287, 51.224242161485037 ], [ 4.490561354516067, 51.223537293435541 ] ] ] } },
{ "type": "Feature", "properties": { "stop_id": "osm-1653013246", "name": "Frans Van Dijck", "lines": "A9", "line_count": 1, "source": "osm-overpass", "buffer_m": 800 }, "geometry": { "type": "Polygon", "coordinates": [ [ [ 4.490594086716286, 51.224075590273678 ], [ 4.490537093688257, 51.223370836419868 ], [ 4.490370371423605, 51.222672983636649 ], [ 4.490095530314258, 51.221988752177033 ], [ 4.489715221618518, 51.221324730835391 ], [ 4.489233111759442, 51.220687313521687 ], [ 4.488653846867599, 51.220082637722342 ], [ 4.487983007915365, 51.219516525438586 ], [ 4.487227056879487, 51.218994427169655 ], [ 4.486393274453809, 51.218521369477884 ], [ 4.485489689914155, 51.218101906639092 ], [ 4.484525003811461, 51.217740076841025 ], [ 4.483508504236924, 51.217439363349925 ], [ 4.482449977463454, 51.217202661016593 ], [ 4.481359613820441, 51.217032248443061 ], [ 4.48024790970368, 51.216929766075552 ], [ 4.479125566658438, 51.216896200433837 ], [ 4.478003388501078, 51.216931874627434 ], [ 4.476892177462919, 51.217036445249541 ], [ 4.475802630349301, 51.217208905678184 ], [ 4.474745235706473, 51.217447595753271 ], [ 4.473730172979749, 51.217750217736921 ], [ 4.472767214627509, 51.218113858404372 ], [ 4.471865632128135, 51.218535017054052 ], [ 4.471034106780425, 51.219009639169343 ], [ 4.470280646153058, 51.219533155409081 ], [ 4.46961250698564, 51.220100525554152 ], [ 4.469036125283129, 51.220706286988793 ], [ 4.468557054277594, 51.221344607252135 ], [ 4.468179910856903, 51.222009340156006 ], [ 4.467908330979771, 51.222694084930566 ], [ 4.467744934511166, 51.223392247829771 ], [ 4.46769129982248, 51.22409710560521 ], [ 4.467747948407511, 51.224801870237592 ], [ 4.467914339669516, 51.225499754303321 ], [ 4.468188875936818, 51.226184036347284 ], [ 4.468568917666016, 51.226848125631193 ], [ 4.469050808693429, 51.227485625634053 ], [ 4.46962991129807, 51.228090395691773 ], [ 4.470300650744165, 51.228656610180813 ], [ 4.471056568878939, 51.229178814674277 ], [ 4.471890386272913, 51.229651978527663 ], [ 4.472794072306455, 51.230071543385392 ], [ 4.473758922528281, 51.230433467139214 ], [ 4.474775642540178, 51.230734262912229 ], [ 4.47583443759796, 51.230971032691563 ], [ 4.476925107062219, 51.231141495283325 ], [ 4.478037142784622, 51.231244008319045 ], [ 4.479159830476481, 51.23127758410044 ], [ 4.480282353076856, 51.231241899128285 ], [ 4.48139389511767, 51.231137297223647 ], [ 4.482483747073349, 51.230964786210677 ], [ 4.483541408682722, 51.230726028193345 ], [ 4.484556690241104, 51.230423323520512 ], [ 4.485519810880537, 51.230059588594692 ], [ 4.486421492886032, 51.229638327739707 ], [ 4.487253051134831, 51.229163599399882 ], [ 4.488006476793887, 51.228639976998565 ], [ 4.488674514467402, 51.228072504834536 ], [ 4.489250732050775, 51.227466649444153 ], [ 4.489729582618947, 51.226828246898897 ], [ 4.490106457755327, 51.226163446549009 ], [ 4.49037773181122, 51.225478651756255 ], [ 4.490540796674199, 51.22478045818881 ], [ 4.490594086716286, 51.224075590273678 ] ] ] } },
{ "type": "Feature", "properties": { "stop_id": "osm-2357195669", "name": "Fruithoflaan", "lines": "7,A3", "line_count": 2, "source": "osm-overpass", "buffer_m": 800 }, "geometry": { "type": "Polygon", "coordinates": [ [ [ 4.44499913315737, 51.179400205205916 ], [ 4.444942883219727, 51.178695417350582 ], [ 4.444777002337717, 51.177997488378928 ], [ 4.444503092792956, 51.177313139279654 ], [ 4.444123796866774, 51.176648959981897 ], [ 4.443642771225244, 51.176011345918624 ], [ 4.443064651556027, 51.175406436472628 ], [ 4.442395007803311, 51.174840055896567 ], [ 4.441640290436531, 51.174317657274457 ], [ 4.440807768273806, 51.173844270061871 ], [ 4.439905458460973, 51.173424451708364 ], [ 4.438942049281287, 51.173062243825385 ], [ 4.437926816538393, 51.172761133319838 ], [ 4.436869534315691, 51.172524018865175 ], [ 4.435780380968123, 51.17235318303122 ], [ 4.434669841246961, 51.172250270338957 ], [ 4.433548605494603, 51.172216271450779 ], [ 4.432427466873645, 51.172251513646778 ], [ 4.431317217612984, 51.172355657678544 ], [ 4.430228545262838, 51.172527701030504 ], [ 4.42917192995052, 51.172765987557369 ], [ 4.428157543619431, 51.17306822340592 ], [ 4.427195152215192, 51.173431499068407 ], [ 4.426294021755248, 51.173852317357301 ], [ 4.425462829181909, 51.174326627032762 ], [ 4.424709578853885, 51.174849861761963 ], [ 4.424041525478448, 51.175416984036623 ], [ 4.423465104225701, 51.176022533628178 ], [ 4.422985868698706, 51.176660680116463 ], [ 4.42260843735898, 51.177325278987638 ], [ 4.422336448926797, 51.178009930763835 ], [ 4.422172527190446, 51.178708042596107 ], [ 4.422118255569027, 51.179412891729505 ], [ 4.422174161680275, 51.180117690229771 ], [ 4.422339712068982, 51.180815650349103 ], [ 4.422613317154203, 51.181500049901857 ], [ 4.42299234635482, 51.182164297019995 ], [ 4.423473153254873, 51.182801993664249 ], [ 4.424051110572812, 51.183406997278269 ], [ 4.424720654603516, 51.183973479990577 ], [ 4.425475338709817, 51.184495984792122 ], [ 4.426307895351777, 51.184969478146947 ], [ 4.427210306058539, 51.185389398526446 ], [ 4.428173878669551, 51.18575170039842 ], [ 4.429189331100604, 51.186052893244018 ], [ 4.430246880825795, 51.186290075225472 ], [ 4.431336339210216, 51.186460961177971 ], [ 4.432447209780197, 51.186563904654477 ], [ 4.433568789479005, 51.186597913809599 ], [ 4.434690271926374, 51.186562660968704 ], [ 4.435800851680352, 51.186458485789238 ], [ 4.436889828490047, 51.186286391983799 ], [ 4.437946710527934, 51.18604803763656 ], [ 4.438961315600499, 51.185745719207056 ], [ 4.439923869356006, 51.185382349376511 ], [ 4.440825099537943, 51.184961428951361 ], [ 4.441656325371746, 51.184487013096458 ], [ 4.442409541220521, 51.183963672225026 ], [ 4.443077493702016, 51.18339644792438 ], [ 4.443653751523422, 51.18279080434381 ], [ 4.444132767362261, 51.182152575515488 ], [ 4.444509931199502, 51.181487909117514 ], [ 4.444781614594841, 51.180803207222802 ], [ 4.444945205482387, 51.180105064606259 ], [ 4.44499913315737, 51.179400205205916 ] ] ] } },
{ "type": "Feature", "properties": { "stop_id": "osm-2357195670", "name": "Fruithoflaan", "lines": "7,A3", "line_count": 2, "source": "osm-overpass", "buffer_m": 800 }, "geometry": { "type": "Polygon", "coordinates": [ [ [ 4.444030994262151, 51.180464798978072 ], [ 4.44397475766154, 51.17976001094636 ], [ 4.443808887473114, 51.179062080896948 ], [ 4.44353498587577, 51.178377729828931 ], [ 4.443155695074554, 51.177713547690487 ], [ 4.44267467168644, 51.177075929941914 ], [ 4.442096551377639, 51.1764710160015 ], [ 4.441426904098713, 51.175904630165228 ], [ 4.440672180353248, 51.175382225567773 ], [ 4.43983964902094, 51.174908831722242 ], [ 4.438937327336051, 51.174489006142046 ], [ 4.437973903696216, 51.174126790508232 ], [ 4.436958654044354, 51.173825671802284 ], [ 4.435901352626662, 51.173588548776614 ], [ 4.434812177982843, 51.173417704083533 ], [ 4.433701615069128, 51.173314782329349 ], [ 4.432580354451088, 51.173280774263638 ], [ 4.431459189530583, 51.173316007254861 ], [ 4.430348912789546, 51.173420142143215 ], [ 4.429260212042589, 51.173592176501131 ], [ 4.428203567690242, 51.173830454269918 ], [ 4.427189151955323, 51.174132681680653 ], [ 4.426226731066382, 51.174495949306902 ], [ 4.425325571324597, 51.174916760038478 ], [ 4.424494349954085, 51.175391062708265 ], [ 4.423741071590741, 51.175914291050994 ], [ 4.423072991211726, 51.17648140761986 ], [ 4.422496544247142, 51.177086952241318 ], [ 4.422017284547664, 51.177725094543042 ], [ 4.421639830807647, 51.17838969005156 ], [ 4.421367821963188, 51.179074339321424 ], [ 4.421203881999292, 51.179772449527896 ], [ 4.421149594510787, 51.180477297931688 ], [ 4.421205487268418, 51.181182096605625 ], [ 4.42137102694583, 51.181880057800285 ], [ 4.421644624065486, 51.182564459319707 ], [ 4.422023648123237, 51.183228709276896 ], [ 4.422504452752916, 51.18386640960528 ], [ 4.423082410695077, 51.184471417713091 ], [ 4.423751958238813, 51.18503790568554 ], [ 4.424506648713308, 51.185560416462955 ], [ 4.425339214517454, 51.186033916451763 ], [ 4.426241637092256, 51.186453844059521 ], [ 4.427205224162931, 51.186816153684347 ], [ 4.428220693506016, 51.187117354732685 ], [ 4.429278262432693, 51.187354545287803 ], [ 4.430367742123044, 51.187525440102235 ], [ 4.43147863589807, 51.187628392643575 ], [ 4.432600240477382, 51.18766241097908 ], [ 4.433721749240885, 51.187627167345639 ], [ 4.434832356492949, 51.187523001312023 ], [ 4.435921361717607, 51.187350916502709 ], [ 4.436978272813419, 51.18711257091519 ], [ 4.43799290730677, 51.186810260924631 ], [ 4.438955490562343, 51.186446899130978 ], [ 4.439856750039305, 51.186025986263246 ], [ 4.440688004680768, 51.185551577413463 ], [ 4.44144124857226, 51.185028242927459 ], [ 4.442109228061351, 51.184461024331043 ], [ 4.44268551159508, 51.183855385718587 ], [ 4.443164551603336, 51.183217161074474 ], [ 4.443541737834368, 51.182552498036515 ], [ 4.443813441632305, 51.181867798645271 ], [ 4.443977050734906, 51.181169657651672 ], [ 4.444030994262151, 51.180464798978072 ] ] ] } },
{ "type": "Feature", "properties": { "stop_id": "osm-2217216503", "name": "Gallifortlei", "lines": "10", "line_count": 1, "source": "osm-overpass", "buffer_m": 800 }, "geometry": { "type": "Polygon", "coordinates": [ [ [ 4.470762673084944, 51.220338310738285 ], [ 4.470705984358355, 51.219633546316423 ], [ 4.470539572249248, 51.218935664572797 ], [ 4.470265044162598, 51.218251386040109 ], [ 4.469885048342685, 51.21758729996678 ], [ 4.469403248200485, 51.216949800886859 ], [ 4.468824286885376, 51.216345027074787 ], [ 4.468153742448106, 51.215778801476105 ], [ 4.467398074031398, 51.215256575681593 ], [ 4.466564559609899, 51.214783377481886 ], [ 4.465661225881128, 51.214363762505883 ], [ 4.464696770983354, 51.214001770406334 ], [ 4.463680480783873, 51.213700886012134 ], [ 4.462622139541756, 51.213464005819517 ], [ 4.461531935801924, 51.213293410142768 ], [ 4.46042036442217, 51.2131907411908 ], [ 4.459298125670965, 51.213156987279504 ], [ 4.45817602236131, 51.213192473330764 ], [ 4.457064856004229, 51.213296857748816 ], [ 4.455975322974742, 51.213469135704166 ], [ 4.454917911682901, 51.213707648793296 ], [ 4.453902801733284, 51.214010100982179 ], [ 4.4529397660375, 51.214373580680615 ], [ 4.452038076816815, 51.21479458873695 ], [ 4.451206416395491, 51.215269072084496 ], [ 4.450452793640468, 51.215792462718433 ], [ 4.449784466850003, 51.216359721629324 ], [ 4.449207873833187, 51.216965387272857 ], [ 4.448728569854435, 51.21760362811105 ], [ 4.44835117404272, 51.218268298721121 ], [ 4.448079324785107, 51.218952998933744 ], [ 4.447915644538896, 51.219651135432784 ], [ 4.447861714406877, 51.220355985224835 ], [ 4.447918058727081, 51.221060760368246 ], [ 4.448084139832468, 51.221758673339096 ], [ 4.448358363038354, 51.222443002404646 ], [ 4.44873809181685, 51.223107156374525 ], [ 4.449219673019234, 51.223744738105445 ], [ 4.449798471909862, 51.22434960614676 ], [ 4.450468916679871, 51.224915933931719 ], [ 4.451224552016687, 51.225438265942586 ], [ 4.452058101216918, 51.225911570306934 ], [ 4.452961536246508, 51.226331287315944 ], [ 4.453926155074263, 51.226693373395875 ], [ 4.454942665533145, 51.226994340106131 ], [ 4.45600127489964, 51.227231287787177 ], [ 4.457091784324959, 51.227401933531198 ], [ 4.458203687203985, 51.227504633205193 ], [ 4.459326270528911, 51.227538397312628 ], [ 4.460448718244967, 51.227502900539811 ], [ 4.461560215605778, 51.227398484894529 ], [ 4.462650053516044, 51.227226156406346 ], [ 4.463707731849302, 51.226987575420651 ], [ 4.464723060738731, 51.226685040580776 ], [ 4.465686258858987, 51.226321466653083 ], [ 4.466588047746923, 51.225900356410506 ], [ 4.467419741248119, 51.22542576684657 ], [ 4.468173329224396, 51.224902270048034 ], [ 4.468841554714027, 51.224334909104101 ], [ 4.469417983800856, 51.223729149480214 ], [ 4.4698970675202, 51.223090826325937 ], [ 4.470274195207542, 51.222426088227415 ], [ 4.470545738779678, 51.221741337947527 ], [ 4.470709087526632, 51.22104317072651 ], [ 4.470762673084944, 51.220338310738285 ] ] ] } },
{ "type": "Feature", "properties": { "stop_id": "osm-2217216520", "name": "Gallifortlei", "lines": "10", "line_count": 1, "source": "osm-overpass", "buffer_m": 800 }, "geometry": { "type": "Polygon", "coordinates": [ [ [ 4.471284272579739, 51.220336660225357 ], [ 4.471227575971629, 51.21963189605318 ], [ 4.47106115606212, 51.218934015043267 ], [ 4.470786620331281, 51.218249737721244 ], [ 4.470406617096987, 51.21758565332388 ], [ 4.469924809841565, 51.216948156369028 ], [ 4.469345841782848, 51.216343385110648 ], [ 4.468675291036464, 51.215777162469735 ], [ 4.467919616805832, 51.215254940008506 ], [ 4.467086097121516, 51.214781745485517 ], [ 4.466182758731655, 51.214362134494323 ], [ 4.465218299819334, 51.214000146649177 ], [ 4.464202006290454, 51.213699266738111 ], [ 4.463143662436092, 51.213462391214186 ], [ 4.462053456826288, 51.213291800346717 ], [ 4.460941884336806, 51.213189136298332 ], [ 4.459819645246789, 51.213155387337714 ], [ 4.458697542372492, 51.213190878339105 ], [ 4.457586377220753, 51.213295267659056 ], [ 4.456496846155004, 51.213467550420908 ], [ 4.455439437566425, 51.213706068174886 ], [ 4.454424331033601, 51.214008524842015 ], [ 4.453461299435284, 51.214372008789042 ], [ 4.452559614953348, 51.214793020823336 ], [ 4.451727959866484, 51.215267507839947 ], [ 4.450974342990328, 51.215790901798748 ], [ 4.450306022566588, 51.216358163658214 ], [ 4.449729436343111, 51.216963831845696 ], [ 4.449250139518945, 51.217602074798634 ], [ 4.448872751154215, 51.218266747073919 ], [ 4.448600909564316, 51.218951448486166 ], [ 4.448437237132732, 51.219649585707629 ], [ 4.448383314887016, 51.220354435737946 ], [ 4.448439667089251, 51.221059210633179 ], [ 4.44860575599649, 51.221757122871722 ], [ 4.448879986848887, 51.222441450727949 ], [ 4.449259723044879, 51.223105603023022 ], [ 4.449741311364265, 51.223743182629818 ], [ 4.450320117002808, 51.224348048118124 ], [ 4.450990568086593, 51.224914372945761 ], [ 4.451746209242179, 51.225436701623487 ], [ 4.452579763710061, 51.22591000231094 ], [ 4.453483203405389, 51.226329715334757 ], [ 4.45444782625196, 51.226691797159511 ], [ 4.45546434004398, 51.226992759385709 ], [ 4.456522952025777, 51.227229702396912 ], [ 4.457613463323328, 51.227400343330309 ], [ 4.458725367313457, 51.227503038099286 ], [ 4.459847950977637, 51.227536797254551 ], [ 4.460970398257824, 51.227501295530132 ], [ 4.462081894411846, 51.227396874981508 ], [ 4.463171730356049, 51.227224541685494 ], [ 4.464229405982933, 51.226985956033801 ], [ 4.465244731451791, 51.226683416714728 ], [ 4.466207925470273, 51.226319838537762 ], [ 4.467109709614793, 51.225898724316757 ], [ 4.467941397776685, 51.225424131083635 ], [ 4.46869497986926, 51.22490063096037 ], [ 4.469363198987521, 51.22433326706831 ], [ 4.469939621276739, 51.223727504901206 ], [ 4.470418697837763, 51.223089179633128 ], [ 4.47079581807506, 51.222424439870558 ], [ 4.471067353977221, 51.22173968839239 ], [ 4.471230694908171, 51.221041520450342 ], [ 4.471284272579739, 51.220336660225357 ] ] ] } },
{ "type": "Feature", "properties": { "stop_id": "osm-604899979", "name": "Gasstraat", "lines": "12", "line_count": 1, "source": "osm-overpass", "buffer_m": 800 }, "geometry": { "type": "Polygon", "coordinates": [ [ [ 4.435674954021813, 51.225939008787314 ], [ 4.435618788875305, 51.225234229168684 ], [ 4.435452881982471, 51.224536299650737 ], [ 4.435178835885302, 51.223851941227643 ], [ 4.434799294189545, 51.223187743918494 ], [ 4.434317915936629, 51.222550103329652 ], [ 4.433739340217317, 51.221945159099249 ], [ 4.433069141373574, 51.221378735814675 ], [ 4.432313775224729, 51.2208562869709 ], [ 4.431480516839223, 51.220382842506687 ], [ 4.430577390453378, 51.219962960422471 ], [ 4.429613092212784, 51.21960068294284 ], [ 4.428596906479631, 51.219299497644371 ], [ 4.427538616509791, 51.219062303920182 ], [ 4.426448410356457, 51.218891385102872 ], [ 4.425336782901824, 51.21878838651206 ], [ 4.424214434954607, 51.218754299636863 ], [ 4.423092170378677, 51.218789452604284 ], [ 4.421980792236491, 51.218893507024951 ], [ 4.420890998940146, 51.219065461246032 ], [ 4.41983328140293, 51.219303659980504 ], [ 4.418817822174819, 51.219605810220635 ], [ 4.417854397526749, 51.219969003283346 ], [ 4.416952283421104, 51.220389742776746 ], [ 4.416120166269158, 51.220863978220251 ], [ 4.415366059331617, 51.221387143996353 ], [ 4.41469722556511, 51.221954203261362 ], [ 4.41412010765703, 51.222559696394129 ], [ 4.413640265923199, 51.2231977935188 ], [ 4.413262324668583, 51.223862350597578 ], [ 4.41298992753111, 51.2245469685557 ], [ 4.412825702243301, 51.22524505487042 ], [ 4.41277123515678, 51.225949887033124 ], [ 4.412827055781476, 51.22665467727338 ], [ 4.412992631495486, 51.227352637923296 ], [ 4.413266372483839, 51.228037046792331 ], [ 4.413645646865945, 51.228701311922812 ], [ 4.41412680587309, 51.229339035101994 ], [ 4.414705218840004, 51.229944073517892 ], [ 4.415375317679205, 51.230510598963598 ], [ 4.416130650414481, 51.231033154018135 ], [ 4.416963943261461, 51.231506704661136 ], [ 4.417867170659485, 51.23192668881174 ], [ 4.418831632581122, 51.232289060323069 ], [ 4.419848038374018, 51.232590328004953 ], [ 4.420906596325521, 51.232827589298246 ], [ 4.421997108084057, 51.232998558273806 ], [ 4.423109067023193, 51.233101587684367 ], [ 4.424231759595453, 51.233135684856521 ], [ 4.425354368693206, 51.233100521267467 ], [ 4.42646607801423, 51.232996435714817 ], [ 4.427556176419404, 51.232824431047803 ], [ 4.428614161270268, 51.232586164491991 ], [ 4.429629839744148, 51.232283931661506 ], [ 4.430593427144606, 51.231920644413307 ], [ 4.431495641254783, 51.231499802758776 ], [ 4.432327791820279, 51.231025461104501 ], [ 4.433081864296335, 51.230502189149639 ], [ 4.433750597050648, 51.229935027818208 ], [ 4.434327551277673, 51.229329440653743 ], [ 4.434807172951762, 51.228691261145705 ], [ 4.435184846224716, 51.228026636497795 ], [ 4.435456937756995, 51.227341968381467 ], [ 4.435620831560315, 51.226643851246962 ], [ 4.435674954021813, 51.225939008787314 ] ] ] } },
{ "type": "Feature", "properties": { "stop_id": "osm-604901327", "name": "Gasstraat", "lines": "12", "line_count": 1, "source": "osm-overpass", "buffer_m": 800 }, "geometry": { "type": "Polygon", "coordinates": [ [ [ 4.436589385921014, 51.226069320233421 ], [ 4.436533206794622, 51.225364541085348 ], [ 4.436367285749972, 51.224666612886253 ], [ 4.436093225465334, 51.223982256617482 ], [ 4.435713669683057, 51.223318062277407 ], [ 4.435232277580171, 51.22268042544372 ], [ 4.434653688380745, 51.222075485718399 ], [ 4.433983476556474, 51.221509067645428 ], [ 4.433228098051583, 51.22098662466955 ], [ 4.432394828053386, 51.220513186673024 ], [ 4.431491690909923, 51.220093311594027 ], [ 4.430527382870257, 51.219731041589654 ], [ 4.429511188390828, 51.21942986416451 ], [ 4.428452890811625, 51.21919267863592 ], [ 4.427362678259029, 51.219021768257583 ], [ 4.426251045676775, 51.218918778267884 ], [ 4.4251286939229, 51.218884700073161 ], [ 4.4240064268979, 51.218919861716827 ], [ 4.422895047687793, 51.219023924726002 ], [ 4.421805254714977, 51.219195887365153 ], [ 4.42074753888966, 51.219434094266283 ], [ 4.419732082745377, 51.219736252342962 ], [ 4.418768662523456, 51.220099452836727 ], [ 4.417866554143736, 51.220520199284117 ], [ 4.417034443962469, 51.220994441137577 ], [ 4.416280345173339, 51.221517612717911 ], [ 4.415611520654634, 51.222084677125473 ], [ 4.415034413004809, 51.222690174689639 ], [ 4.414554582441014, 51.223328275491809 ], [ 4.414176653160753, 51.22399283545878 ], [ 4.413904268686736, 51.224677455487935 ], [ 4.413740056629608, 51.225375543036591 ], [ 4.413685603213636, 51.226080375584139 ], [ 4.413741437817137, 51.226785165356432 ], [ 4.413907027683601, 51.22748312469006 ], [ 4.414180782861747, 51.228167531407117 ], [ 4.414560071334299, 51.228831793570613 ], [ 4.415041244196788, 51.229469512996388 ], [ 4.415619670650432, 51.230074546908526 ], [ 4.416289782477767, 51.230641067143466 ], [ 4.417045127577392, 51.23116361633047 ], [ 4.417878432045739, 51.231637160505599 ], [ 4.418781670210103, 51.232057137650358 ], [ 4.419746141939243, 51.232419501685271 ], [ 4.420762556486229, 51.232720761492196 ], [ 4.421821122053994, 51.232958014587929 ], [ 4.422911640217508, 51.233128975122213 ], [ 4.424023604288585, 51.233231995929174 ], [ 4.425146300670251, 51.233266084418254 ], [ 4.426268912218158, 51.233230912150333 ], [ 4.427380622606464, 51.233126818006653 ], [ 4.428470720685782, 51.232954804919181 ], [ 4.429528703820827, 51.232716530194658 ], [ 4.430544379205502, 51.232414289525856 ], [ 4.431507962173198, 51.232050994845309 ], [ 4.432410170549842, 51.231630146235943 ], [ 4.433242314136359, 51.231155798171358 ], [ 4.433996378455319, 51.230632520412406 ], [ 4.43466510195311, 51.230065353939096 ], [ 4.435242045913451, 51.229459762344412 ], [ 4.435721656409688, 51.228821579160439 ], [ 4.43609931770139, 51.228156951626325 ], [ 4.436371396564497, 51.227472281441216 ], [ 4.436535277132818, 51.226774163075291 ], [ 4.436589385921014, 51.226069320233421 ] ] ] } },
{ "type": "Feature", "properties": { "stop_id": "osm-2620304309", "name": "Gasthuishoeve", "lines": "2,6,A3", "line_count": 3, "source": "osm-overpass", "buffer_m": 800 }, "geometry": { "type": "Polygon", "coordinates": [ [ [ 4.4520369562324, 51.238167424419551 ], [ 4.451980528951993, 51.237462655997831 ], [ 4.45181433355042, 51.236764752826083 ], [ 4.451539975350022, 51.236080435644055 ], [ 4.451160100963547, 51.235416294073026 ], [ 4.450678372637023, 51.234778723181932 ], [ 4.450099432832579, 51.234173861937172 ], [ 4.449428859397801, 51.233607534126527 ], [ 4.448673111758185, 51.233085192325142 ], [ 4.447839468654203, 51.232611865440759 ], [ 4.446935958024777, 51.232192110341344 ], [ 4.44597127971311, 51.231829968028656 ], [ 4.444954721738505, 51.231528924777706 ], [ 4.443896070938375, 51.231291878614002 ], [ 4.442805518837485, 51.231121111449482 ], [ 4.441693563646354, 51.231018267143796 ], [ 4.440570909326837, 51.230984335700803 ], [ 4.439448362690537, 51.231019643751324 ], [ 4.43833672951391, 51.231123851413109 ], [ 4.437246710663318, 51.231295955558153 ], [ 4.436188799222997, 51.231534299456335 ], [ 4.435173179609687, 51.2318365887025 ], [ 4.43420962963897, 51.232199913275338 ], [ 4.433307426480857, 51.232620775516935 ], [ 4.432475257405604, 51.233095123764855 ], [ 4.431721136175889, 51.233618391315446 ], [ 4.431052325888438, 51.234185540344924 ], [ 4.430475269007386, 51.234791110367603 ], [ 4.429995525264001, 51.235429270766879 ], [ 4.429617718022913, 51.236093876895318 ], [ 4.429345489634837, 51.236778529205274 ], [ 4.429181466210489, 51.237476634842722 ], [ 4.429127232160577, 51.238181471112263 ], [ 4.429183314753577, 51.238886250203301 ], [ 4.429349178847078, 51.239584184554616 ], [ 4.429623231850715, 51.24026855222823 ], [ 4.430002838880292, 51.240932761662599 ], [ 4.43048434796414, 51.24157041518076 ], [ 4.431063125065517, 51.242175370641 ], [ 4.431733598589419, 51.242741800634924 ], [ 4.43248931294987, 51.243264248660509 ], [ 4.433322990685299, 51.243737681727914 ], [ 4.43422660252592, 51.244157538888601 ], [ 4.435191444739039, 51.244519775218635 ], [ 4.436208223006708, 51.244820900829986 ], [ 4.437267142025787, 51.245058014532084 ], [ 4.438357999963998, 51.245228831817535 ], [ 4.439470286857667, 51.245331706900572 ], [ 4.440593285997792, 51.245365648594543 ], [ 4.441716177321514, 51.245330329874726 ], [ 4.44282814180623, 51.245226091033409 ], [ 4.443918465853589, 51.245053936396708 ], [ 4.444976644650816, 51.244815524635207 ], [ 4.445992483506796, 51.244513152762018 ], [ 4.446956196180571, 51.24414973397365 ], [ 4.447858499249545, 51.243728769548795 ], [ 4.448690701603948, 51.243254315076648 ], [ 4.449444788202197, 51.242730941343034 ], [ 4.450113497278442, 51.242163690252291 ], [ 4.450690390258035, 51.241558026212282 ], [ 4.451169913708348, 51.240919783452611 ], [ 4.451547452730495, 51.240255109785792 ], [ 4.451819375281258, 51.239570407354897 ], [ 4.451983067003083, 51.238872270940114 ], [ 4.4520369562324, 51.238167424419551 ] ] ] } },
{ "type": "Feature", "properties": { "stop_id": "osm-2620304315", "name": "Gasthuishoeve", "lines": "2,6,A3", "line_count": 3, "source": "osm-overpass", "buffer_m": 800 }, "geometry": { "type": "Polygon", "coordinates": [ [ [ 4.451586162823506, 51.238600868080972 ], [ 4.451529741834403, 51.237896099565525 ], [ 4.451363551636805, 51.237198195880488 ], [ 4.45108919750305, 51.236513877770562 ], [ 4.450709326006818, 51.235849734865944 ], [ 4.450227599366428, 51.23521216224848 ], [ 4.449648660027863, 51.234607298901139 ], [ 4.448978085834328, 51.23404096863198 ], [ 4.44822233621871, 51.233518624039839 ], [ 4.447388689940575, 51.233045294059302 ], [ 4.446485174969469, 51.232625535588184 ], [ 4.44552049119044, 51.232263389660709 ], [ 4.444503926675452, 51.231962342586662 ], [ 4.44344526832489, 51.23172529242833 ], [ 4.442354707736206, 51.231554521136147 ], [ 4.441242743201604, 51.231451672609474 ], [ 4.440120078772853, 51.231417736892844 ], [ 4.438997521358821, 51.231453040658138 ], [ 4.437885876839668, 51.231557244064405 ], [ 4.436795846190882, 51.231729344024622 ], [ 4.435737922610213, 51.23196768384895 ], [ 4.434722290631206, 51.232269969171391 ], [ 4.433758728188429, 51.232633290008508 ], [ 4.432856512571908, 51.233054148738312 ], [ 4.432024331171792, 51.233528493732194 ], [ 4.43127019786939, 51.234051758317825 ], [ 4.430601375877639, 51.2346189047 ], [ 4.430024307773365, 51.235224472418537 ], [ 4.429544553395916, 51.235862630879033 ], [ 4.429166736212336, 51.236527235452726 ], [ 4.428894498669132, 51.237211886606985 ], [ 4.428730466965244, 51.237909991498938 ], [ 4.428676225591182, 51.238614827440365 ], [ 4.428732301886048, 51.239319606623852 ], [ 4.428898160768182, 51.240017541487298 ], [ 4.429172209697514, 51.240701910087864 ], [ 4.429551813829197, 51.24136612085497 ], [ 4.430033321219578, 51.242003776098933 ], [ 4.430612097848337, 51.242608733661456 ], [ 4.431282572125107, 51.243175166113808 ], [ 4.432038288456752, 51.243697616930341 ], [ 4.432871969362792, 51.24417105309432 ], [ 4.433775585542951, 51.244590913627384 ], [ 4.434740433222774, 51.24495315357315 ], [ 4.435757218031678, 51.245254283008663 ], [ 4.436816144603511, 51.245491400706577 ], [ 4.437907011033229, 51.245662222121005 ], [ 4.439019307275324, 51.245765101426315 ], [ 4.440142316530694, 51.245799047395273 ], [ 4.441265218638978, 51.245763732961947 ], [ 4.442377194473608, 51.245659498377258 ], [ 4.443467530326829, 51.245487347926407 ], [ 4.444525721272052, 51.245248940239577 ], [ 4.445541572501062, 51.244946572290623 ], [ 4.446505297653639, 51.244583157238353 ], [ 4.447407613186909, 51.244162196325348 ], [ 4.448239827870981, 51.243687745107046 ], [ 4.44899392654546, 51.243164374337951 ], [ 4.449662647328144, 51.242597125893816 ], [ 4.450239551531618, 51.241991464157067 ], [ 4.450719085615146, 51.241353223335103 ], [ 4.451096634577457, 51.240688551221808 ], [ 4.451368566279636, 51.24000384994531 ], [ 4.451532266276049, 51.239305714274714 ], [ 4.451586162823506, 51.238600868080972 ] ] ] } },
{ "type": "Feature", "properties": { "stop_id": "osm-2217561803", "name": "Gemeenteplein", "lines": "7,A3", "line_count": 2, "source": "osm-overpass", "buffer_m": 800 }, "geometry": { "type": "Polygon", "coordinates": [ [ [ 4.459884113618076, 51.171169463575154 ], [ 4.459827648860672, 51.170464680630417 ], [ 4.459661574685162, 51.169766770405559 ], [ 4.459387495232429, 51.169082453708093 ], [ 4.459008054417617, 51.1684183201547 ], [ 4.458526910299532, 51.167780764737309 ], [ 4.457948699704176, 51.167175926273607 ], [ 4.457278993448828, 51.166609628332516 ], [ 4.456524242602433, 51.166087323202049 ], [ 4.455691716303387, 51.16561403943745 ], [ 4.454789431735557, 51.165194333492188 ], [ 4.453826076937684, 51.16483224589539 ], [ 4.452810927188749, 51.164531262395947 ], [ 4.451753755772464, 51.164294280444601 ], [ 4.450664739976732, 51.164123581335659 ], [ 4.449554363228744, 51.164020808273904 ], [ 4.448433314302476, 51.163986950577637 ], [ 4.447312384562847, 51.164022334167861 ], [ 4.446202364229048, 51.16412661843502 ], [ 4.445113938648871, 51.164298799513567 ], [ 4.444057585575584, 51.16453721993237 ], [ 4.443043474429706, 51.164839584549107 ], [ 4.442081368509327, 51.165202982616336 ], [ 4.44118053108511, 51.165623915767824 ], [ 4.440349636279683, 51.166098331657693 ], [ 4.439596685586247, 51.166621662930176 ], [ 4.438928930828236, 51.167188871147061 ], [ 4.4383528043013, 51.167794495251883 ], [ 4.437873856771059, 51.168432704106465 ], [ 4.437496703925889, 51.169097352595912 ], [ 4.437224981803915, 51.169782040763984 ], [ 4.437061311628103, 51.170480175410653 ], [ 4.437007274393786, 51.171185033560668 ], [ 4.437063395459864, 51.171889827192246 ], [ 4.437229139299061, 51.172587768603975 ], [ 4.437502914465135, 51.173272135789752 ], [ 4.437882088736502, 51.173936337192721 ], [ 4.438363014297478, 51.174573975213498 ], [ 4.43894106272108, 51.175178907859973 ], [ 4.439610669422208, 51.175745307943927 ], [ 4.440365387157721, 51.17626771925196 ], [ 4.441197948061662, 51.176741109148487 ], [ 4.442100333620319, 51.177160917101524 ], [ 4.44306385191393, 51.177523098661773 ], [ 4.444079221380464, 51.177824164469435 ], [ 4.445136660292587, 51.17806121391061 ], [ 4.446225981082677, 51.178231963097545 ], [ 4.447336688602785, 51.178334766900853 ], [ 4.448458081367542, 51.178368634820899 ], [ 4.449579354798514, 51.178333240543822 ], [ 4.450689705468637, 51.178228925089797 ], [ 4.451778435335483, 51.17805669352294 ], [ 4.452835054952217, 51.177818205254567 ], [ 4.453849384655205, 51.17751575803446 ], [ 4.454811652747327, 51.177152265784422 ], [ 4.455712589725753, 51.176731230490091 ], [ 4.456543517642041, 51.176256708422649 ], [ 4.457296433730568, 51.175733271018224 ], [ 4.457964087497738, 51.175165960793578 ], [ 4.458540050528926, 51.174560242725306 ], [ 4.459018778341567, 51.173921951562519 ], [ 4.459395663690904, 51.1732572355832 ], [ 4.459667080818527, 51.172572497337192 ], [ 4.459830420222236, 51.171874331948942 ], [ 4.459884113618076, 51.171169463575154 ] ] ] } },
{ "type": "Feature", "properties": { "stop_id": "osm-259448101", "name": "Gemeenteplein", "lines": "7,A3", "line_count": 2, "source": "osm-overpass", "buffer_m": 800 }, "geometry": { "type": "Polygon", "coordinates": [ [ [ 4.460408136426423, 51.170854812822334 ], [ 4.460351664137868, 51.17015003004466 ], [ 4.460185583247414, 51.169452120474013 ], [ 4.459911497960532, 51.168767804911596 ], [ 4.459532052248457, 51.168103672963149 ], [ 4.459050904217063, 51.167466119605123 ], [ 4.458472690729942, 51.166861283635413 ], [ 4.457802982632126, 51.166294988598793 ], [ 4.457048231010225, 51.165772686755396 ], [ 4.45621570501002, 51.165299406628804 ], [ 4.45531342181244, 51.164879704637436 ], [ 4.454350069442979, 51.16451762127236 ], [ 4.453334923157209, 51.164216642241712 ], [ 4.45227775620547, 51.163979664953224 ], [ 4.451188745832681, 51.163808970656277 ], [ 4.450078375413828, 51.163706202509424 ], [ 4.448957333661988, 51.163672349783603 ], [ 4.447836411873035, 51.163707738351924 ], [ 4.446726400189672, 51.163812027556986 ], [ 4.445637983876464, 51.163984213485691 ], [ 4.444581640597526, 51.164222638620146 ], [ 4.443567539679148, 51.164525007772731 ], [ 4.44260544432102, 51.164888410152265 ], [ 4.441704617692182, 51.165309347350998 ], [ 4.440873733811379, 51.165783766984092 ], [ 4.440120794066675, 51.166307101659754 ], [ 4.439453050176131, 51.166874312906963 ], [ 4.438876934330787, 51.167479939640046 ], [ 4.438397997193415, 51.168118150695548 ], [ 4.438020854352319, 51.168782800937329 ], [ 4.43774914174927, 51.169467490392229 ], [ 4.437585480515539, 51.170165625847858 ], [ 4.437531451560294, 51.170870484321128 ], [ 4.437587580162645, 51.171575277787134 ], [ 4.437753330722662, 51.17227321854601 ], [ 4.438027111729297, 51.17295758459796 ], [ 4.438406290904622, 51.173621784396992 ], [ 4.438887220385628, 51.174259420359178 ], [ 4.439465271707486, 51.174864350512209 ], [ 4.440134880257093, 51.175430747691856 ], [ 4.440889598773413, 51.175953155712747 ], [ 4.4417221593829, 51.176426541970919 ], [ 4.442624543574609, 51.176846345969388 ], [ 4.443588059441899, 51.177208523297004 ], [ 4.44460342544607, 51.17750958463472 ], [ 4.445660859893124, 51.177746629411757 ], [ 4.446750175258451, 51.177917373785199 ], [ 4.447860876446368, 51.178020172672134 ], [ 4.448982262032534, 51.178054035620235 ], [ 4.450103527507706, 51.178018636363547 ], [ 4.451213869521517, 51.177914315970277 ], [ 4.452302590114984, 51.177742079552047 ], [ 4.453359199930674, 51.177503586566985 ], [ 4.454373519399438, 51.177201134810275 ], [ 4.455335776922817, 51.176837638247413 ], [ 4.456236703099854, 51.176416598905618 ], [ 4.457067620086222, 51.17594207309503 ], [ 4.457820525221627, 51.175418632287808 ], [ 4.458488168118028, 51.1748513190335 ], [ 4.459064120465535, 51.174245598337841 ], [ 4.459542837884503, 51.173607304975313 ], [ 4.459919713230287, 51.172942587244997 ], [ 4.460191120840804, 51.172257847713567 ], [ 4.460354451305487, 51.17155968151787 ], [ 4.460408136426423, 51.170854812822334 ] ] ] } },
{ "type": "Feature", "properties": { "stop_id": "osm-2216116264", "name": "Gevaert", "lines": "7,A3", "line_count": 2, "source": "osm-overpass", "buffer_m": 800 }, "geometry": { "type": "Polygon", "coordinates": [ [ [ 4.452552873534179, 51.174265573604146 ], [ 4.452496515727949, 51.173560787980463 ], [ 4.45233054015098, 51.172862868264623 ], [ 4.452056549995516, 51.172178535355862 ], [ 4.451677188317762, 51.171514379027215 ], [ 4.451196112415533, 51.170876794490184 ], [ 4.450617958459048, 51.170271920843057 ], [ 4.449948296721295, 51.169705581993661 ], [ 4.44919357784363, 51.1691832306241 ], [ 4.448361070657606, 51.168709895734899 ], [ 4.447458792163936, 51.168290134271807 ], [ 4.446495430343605, 51.167927987298526 ], [ 4.445480260543781, 51.167626941135545 ], [ 4.444423056241611, 51.167389893836962 ], [ 4.443333995041822, 51.167219127326028 ], [ 4.442223560808746, 51.167116285456515 ], [ 4.441102442869627, 51.167082358209001 ], [ 4.439981433253448, 51.167117672173966 ], [ 4.438871322947906, 51.167221887412175 ], [ 4.43778279816635, 51.167394000722503 ], [ 4.436726337616366, 51.167632355286237 ], [ 4.435712111752399, 51.167934656595094 ], [ 4.434749884976162, 51.168297994511121 ], [ 4.433848921721046, 51.168718871247272 ], [ 4.433017897320373, 51.169193235000911 ], [ 4.43226481451437, 51.169716518918392 ], [ 4.43159692639788, 51.170283685017615 ], [ 4.431020666550121, 51.170889272647841 ], [ 4.430541587020111, 51.171527451022357 ], [ 4.430164304767118, 51.172192075320019 ], [ 4.429892457075423, 51.172876745817803 ], [ 4.429728666377414, 51.173574869486131 ], [ 4.429674514829475, 51.174279723455818 ], [ 4.429730528891965, 51.174984519745657 ], [ 4.429896174068864, 51.175682470628871 ], [ 4.430169859865019, 51.176366854008457 ], [ 4.43054895492058, 51.177031078171836 ], [ 4.43102981218388, 51.177668745300679 ], [ 4.431607803886862, 51.178273713122714 ], [ 4.432277365991856, 51.178840154111022 ], [ 4.433032051686335, 51.179362611658384 ], [ 4.433864593413959, 51.179836052683903 ], [ 4.434766972846604, 51.180255916163084 ], [ 4.435730498124253, 51.180618157111795 ], [ 4.436745887618171, 51.180919285598087 ], [ 4.437803359408481, 51.181156400404312 ], [ 4.438892725611047, 51.181327217012829 ], [ 4.440003490640446, 51.181430089644756 ], [ 4.441124952457116, 51.181464027137231 ], [ 4.442246305817053, 51.181428702506146 ], [ 4.443356746522678, 51.181324456100604 ], [ 4.444445575663551, 51.181152292319396 ], [ 4.445502302835729, 51.180913869920921 ], [ 4.446516747338625, 51.180611486020275 ], [ 4.447479136368355, 51.180248053929326 ], [ 4.448380199256216, 51.179827075054256 ], [ 4.449211256840059, 51.179352605122808 ], [ 4.449964305104446, 51.178829215069008 ], [ 4.45063209228195, 51.178261946953725 ], [ 4.451208188672379, 51.17765626534807 ], [ 4.451687048508295, 51.177018004650222 ], [ 4.452064063273149, 51.176353312844945 ], [ 4.452335605962074, 51.175668592249551 ], [ 4.452499065863774, 51.174970437818807 ], [ 4.452552873534179, 51.174265573604146 ] ] ] } },
{ "type": "Feature", "properties": { "stop_id": "osm-2216116269", "name": "Gevaert", "lines": "7,A3", "line_count": 2, "source": "osm-overpass", "buffer_m": 800 }, "geometry": { "type": "Polygon", "coordinates": [ [ [ 4.45178024055239, 51.174538548432693 ], [ 4.451723894082888, 51.173833762512992 ], [ 4.451557929087589, 51.173135841783363 ], [ 4.451283948656915, 51.172451507152871 ], [ 4.450904595753522, 51.171787348411101 ], [ 4.45042352759082, 51.171149760792837 ], [ 4.449845380264622, 51.170544883426068 ], [ 4.449175723984178, 51.169978540254448 ], [ 4.448421009338402, 51.169456184001724 ], [ 4.4475885051182, 51.168982843715433 ], [ 4.44668622829582, 51.168563076393291 ], [ 4.445722866836232, 51.168200923155439 ], [ 4.444707696083197, 51.167899870382676 ], [ 4.443650489523086, 51.167662816192696 ], [ 4.442561424782383, 51.167492042575148 ], [ 4.441450985759527, 51.167389193452152 ], [ 4.44032986182786, 51.167355258874167 ], [ 4.43920884507403, 51.167390565502203 ], [ 4.438098726554406, 51.167494773467652 ], [ 4.437010192561353, 51.167666879639427 ], [ 4.435953721891075, 51.167905227267497 ], [ 4.434939485095368, 51.168207521910389 ], [ 4.433977246681102, 51.16857085349433 ], [ 4.433076271193637, 51.168991724293214 ], [ 4.432245234083978, 51.169466082561577 ], [ 4.431492138214639, 51.169989361498615 ], [ 4.430824236806177, 51.170556523170184 ], [ 4.430247963565733, 51.171162106968247 ], [ 4.42976887067124, 51.171800282142954 ], [ 4.42939157521063, 51.172464903904 ], [ 4.429119714595365, 51.173149572552845 ], [ 4.428955911382292, 51.173847695077775 ], [ 4.428901747848347, 51.174552548620575 ], [ 4.42895775056937, 51.17525734520423 ], [ 4.429123385158633, 51.175955297099144 ], [ 4.429397061223037, 51.176639682198626 ], [ 4.429776147496551, 51.177303908773567 ], [ 4.430256997012196, 51.177941578982349 ], [ 4.430834982076646, 51.178546550523166 ], [ 4.431504538716281, 51.179112995833258 ], [ 4.432259220171326, 51.179635458263789 ], [ 4.433091758926379, 51.180108904686819 ], [ 4.433994136682035, 51.180528774025845 ], [ 4.434957661594519, 51.18089102124037 ], [ 4.435973052038665, 51.181192156338028 ], [ 4.437030526085498, 51.181429278037463 ], [ 4.438119895829163, 51.181600101754675 ], [ 4.439230665650139, 51.181702981642246 ], [ 4.440352133462688, 51.181736926467444 ], [ 4.441473493965013, 51.18170160917547 ], [ 4.442583942890685, 51.181597370044727 ], [ 4.443672781250015, 51.181425213403983 ], [ 4.444729518550179, 51.181186797942729 ], [ 4.445743973992939, 51.18088442070929 ], [ 4.446706374668943, 51.180520994951316 ], [ 4.447607449797204, 51.180100022013981 ], [ 4.448438520097578, 51.179625557567782 ], [ 4.44919158143205, 51.179102172494048 ], [ 4.449859381907222, 51.178534908805538 ], [ 4.450435491694762, 51.177929231030852 ], [ 4.45091436489814, 51.17729097353125 ], [ 4.451291392872032, 51.176626284260728 ], [ 4.451562948484342, 51.175941565512211 ], [ 4.45172642089931, 51.175243412222727 ], [ 4.45178024055239, 51.174538548432693 ] ] ] } },
{ "type": "Feature", "properties": { "stop_id": "osm-600422499", "name": "Gounod", "lines": "7", "line_count": 1, "source": "osm-overpass", "buffer_m": 800 }, "geometry": { "type": "Polygon", "coordinates": [ [ [ 4.421542290240145, 51.205715577178374 ], [ 4.421486362991123, 51.205010785294945 ], [ 4.421320739494811, 51.204312830453425 ], [ 4.421047019560358, 51.203628433892497 ], [ 4.420667843649474, 51.20296418599915 ], [ 4.420186867278752, 51.202326482867484 ], [ 4.419608725667341, 51.201721464738469 ], [ 4.418938988976156, 51.201154956911701 ], [ 4.418184108574308, 51.20063241369666 ], [ 4.417351354853701, 51.200158865941269 ], [ 4.416448747192777, 51.1997388726408 ], [ 4.415484976744598, 51.199376477091 ], [ 4.414469322792131, 51.199075168005436 ], [ 4.413411563474124, 51.19883784596913 ], [ 4.412321881737846, 51.198666795550089 ], [ 4.411210767419772, 51.198563663334937 ], [ 4.410088916391512, 51.198529442099129 ], [ 4.408967127735822, 51.198564461263111 ], [ 4.407856199935901, 51.198668383725483 ], [ 4.406766827070376, 51.198840209103601 ], [ 4.405709496006476, 51.199078283350715 ], [ 4.404694385574354, 51.19938031465734 ], [ 4.403731268687126, 51.199743395485285 ], [ 4.402829418343625, 51.200164030523069 ], [ 4.401997518414396, 51.200638170295676 ], [ 4.401243580066693, 51.201161250106715 ], [ 4.400574864631228, 51.201728233940244 ], [ 4.399997813652728, 51.202333662901502 ], [ 4.399517986798734, 51.202971707732729 ], [ 4.3991400082267, 51.203636224899988 ], [ 4.398867521929403, 51.204320815713132 ], [ 4.398703156493307, 51.205018887911351 ], [ 4.398648499615063, 51.205723719122389 ], [ 4.398704082627906, 51.206428521585579 ], [ 4.398869375194154, 51.207126507515902 ], [ 4.399142790222116, 51.207810954479974 ], [ 4.399521698967465, 51.208475270153897 ], [ 4.400002456180633, 51.209113055838749 ], [ 4.400580435064573, 51.209718168121057 ], [ 4.401250071711894, 51.210284778083043 ], [ 4.402004918598115, 51.210807427490153 ], [ 4.402837706619319, 51.211281081413667 ], [ 4.403740415078916, 51.211701176778206 ], [ 4.404704348950206, 51.212063666365822 ], [ 4.405720222669962, 51.212365057849162 ], [ 4.406778249653907, 51.21260244747662 ], [ 4.407868236668516, 51.212773548082765 ], [ 4.408979682145642, 51.212876711152305 ], [ 4.410101877487413, 51.212910942724008 ], [ 4.411224010379298, 51.212875912980287 ], [ 4.412335269109299, 51.212771959429091 ], [ 4.413424946881324, 51.212600083647814 ], [ 4.414482545110758, 51.212361941620138 ], [ 4.415497874700431, 51.212059827760321 ], [ 4.416461154315122, 51.211696652779061 ], [ 4.417363104702473, 51.21127591560608 ], [ 4.418195038147316, 51.210801669641391 ], [ 4.418948942194404, 51.210278483662243 ], [ 4.419617556831182, 51.209711397764636 ], [ 4.420194444386564, 51.209105874765555 ], [ 4.420674051473265, 51.208467747536588 ], [ 4.421051762379363, 51.207803162778163 ], [ 4.42132394339834, 51.207118521777936 ], [ 4.421487977675397, 51.206420418725344 ], [ 4.421542290240145, 51.205715577178374 ] ] ] } },
{ "type": "Feature", "properties": { "stop_id": "osm-600422500", "name": "Gounod", "lines": "7", "line_count": 1, "source": "osm-overpass", "buffer_m": 800 }, "geometry": { "type": "Polygon", "coordinates": [ [ [ 4.421636722447146, 51.205439368029921 ], [ 4.421580794102498, 51.204734576115783 ], [ 4.421415170174001, 51.204036621332008 ], [ 4.421141450474902, 51.203352224916628 ], [ 4.420762275464592, 51.202687977255273 ], [ 4.420281300650929, 51.202050274439848 ], [ 4.419703161238027, 51.20144525670824 ], [ 4.419033427365585, 51.200878749356193 ], [ 4.418278550375542, 51.200356206688653 ], [ 4.417445800626924, 51.19988265954823 ], [ 4.416543197459913, 51.19946266692434 ], [ 4.415579431984299, 51.199100272106179 ], [ 4.414563783435178, 51.198798963800257 ], [ 4.413506029899287, 51.198561642584131 ], [ 4.412416354268247, 51.198390593017933 ], [ 4.411305246319782, 51.198287461680003 ], [ 4.410183401864216, 51.198253241337397 ], [ 4.409061619921061, 51.198288261401963 ], [ 4.407950698908928, 51.198392184763627 ], [ 4.406861332841137, 51.198564011031117 ], [ 4.40580400851951, 51.198802086149044 ], [ 4.404788904709319, 51.199104118299623 ], [ 4.403825794259959, 51.199467199936464 ], [ 4.402923950108295, 51.199887835740327 ], [ 4.402092056065271, 51.200361976228841 ], [ 4.401338123241483, 51.200885056698667 ], [ 4.400669412914437, 51.201452041127538 ], [ 4.400092366579667, 51.202057470615003 ], [ 4.399612543859972, 51.202695515898164 ], [ 4.399234568872966, 51.203360033438742 ], [ 4.398962085576858, 51.204044624543023 ], [ 4.398797722529169, 51.204742696947349 ], [ 4.398743067403487, 51.205447528277482 ], [ 4.398798651516119, 51.206152330771602 ], [ 4.398963944518727, 51.206850316644413 ], [ 4.399237359315364, 51.207534763463087 ], [ 4.399616267163864, 51.208199078905068 ], [ 4.40009702282325, 51.2088368642737 ], [ 4.400674999511383, 51.20944197615858 ], [ 4.401344633341989, 51.21000858564571 ], [ 4.40209947681768, 51.21053123450519 ], [ 4.402932260867365, 51.211004887813445 ], [ 4.403834964832697, 51.211424982501143 ], [ 4.40479889373026, 51.211787471356828 ], [ 4.405814762044751, 51.21208886206017 ], [ 4.406872783243966, 51.2123262508671 ], [ 4.407962764150136, 51.212497350620097 ], [ 4.409074203253984, 51.21260051281206 ], [ 4.410196392019072, 51.212634743490305 ], [ 4.411318518194259, 51.212599712845744 ], [ 4.412429770132294, 51.212495758395065 ], [ 4.413519441102557, 51.212323881724281 ], [ 4.414577032585997, 51.212085738825692 ], [ 4.415592355550459, 51.211783624121942 ], [ 4.416555628724582, 51.211420448331829 ], [ 4.417457572918067, 51.210999710392855 ], [ 4.418289500475427, 51.210525463712443 ], [ 4.419043398998134, 51.21000227707475 ], [ 4.419712008526843, 51.209435190582035 ], [ 4.420288891439652, 51.208829667057074 ], [ 4.420768494393981, 51.208191539376486 ], [ 4.421146201717662, 51.207526954245104 ], [ 4.421418379738649, 51.206842312954045 ], [ 4.421582411630967, 51.206144209695665 ], [ 4.421636722447146, 51.205439368029921 ] ] ] } },
{ "type": "Feature", "properties": { "stop_id": "osm-1543582526", "name": "Grens Kiel", "lines": "4,10", "line_count": 2, "source": "osm-overpass", "buffer_m": 800 }, "geometry": { "type": "Polygon", "coordinates": [ [ [ 4.386119515763472, 51.185837107408879 ], [ 4.386064147355752, 51.185132293459461 ], [ 4.385899124234731, 51.184434283731818 ], [ 4.385626040424936, 51.183749799994608 ], [ 4.385247530260359, 51.183085433475796 ], [ 4.384767242845827, 51.182447581413186 ], [ 4.384189806766453, 51.181842385483129 ], [ 4.383520785390688, 51.181275672698362 ], [ 4.382766623202086, 51.180752899342913 ], [ 4.381934583680076, 51.180279098481364 ], [ 4.381032679330122, 51.179858831546682 ], [ 4.380069594537801, 51.179496144469603 ], [ 4.379054601989019, 51.179194528770729 ], [ 4.377997473459209, 51.178956887987191 ], [ 4.376908385827097, 51.178785509755684 ], [ 4.375797823213581, 51.178682043818696 ], [ 4.374676476182494, 51.178647486164202 ], [ 4.373555138967511, 51.17868216945115 ], [ 4.37244460570795, 51.178785759811333 ], [ 4.371355566685483, 51.178957260059001 ], [ 4.370298505553752, 51.17919501927711 ], [ 4.369283598543571, 51.179496748688869 ], [ 4.368320616608017, 51.179859543662424 ], [ 4.367418831444069, 51.180279911638308 ], [ 4.366586926291242, 51.180753805712882 ], [ 4.365832912362796, 51.1812766635556 ], [ 4.365164051712177, 51.181843451288074 ], [ 4.364586787276835, 51.182448711904399 ], [ 4.364106680773836, 51.183086617768545 ], [ 4.363728359047442, 51.183751026685684 ], [ 4.363455469388897, 51.184435541009179 ], [ 4.36329064426328, 51.185133569216006 ], [ 4.363235475788857, 51.18583838935897 ], [ 4.36329050022113, 51.186543213785413 ], [ 4.363455192598094, 51.187241254500279 ], [ 4.363727971605528, 51.187925788544035 ], [ 4.364106214622823, 51.188590222755543 ], [ 4.364586282811475, 51.18922815729556 ], [ 4.365163556011098, 51.1898334473182 ], [ 4.365832477112616, 51.190400262194743 ], [ 4.366586605485963, 51.190923141717917 ], [ 4.367418678951204, 51.191397048743106 ], [ 4.368320683698466, 51.191817417757562 ], [ 4.36928393148396, 51.192180198907707 ], [ 4.370299143358038, 51.192481897057718 ], [ 4.371356539116722, 51.192719605501921 ], [ 4.372445931611835, 51.192891034003459 ], [ 4.373556825006755, 51.192994530888043 ], [ 4.374678516025909, 51.193029098978315 ], [ 4.375800197216356, 51.192994405214357 ], [ 4.376911061219987, 51.192890783866964 ], [ 4.378000405044824, 51.192719233312751 ], [ 4.379057733323838, 51.192481406401932 ], [ 4.380072859559897, 51.192179594512758 ], [ 4.381036004375195, 51.191816705446634 ], [ 4.381937889813377, 51.191396235378946 ], [ 4.382769828781444, 51.190922235136668 ], [ 4.383523808766638, 51.19039927113031 ], [ 4.384192569019937, 51.189832381318027 ], [ 4.384769670462095, 51.189227026628664 ], [ 4.385249557639795, 51.188589038313388 ], [ 4.385627612137317, 51.187924561735592 ], [ 4.385900196932874, 51.187239997142065 ], [ 4.386064691277101, 51.186541937987656 ], [ 4.386119515763472, 51.185837107408879 ] ] ] } },
{ "type": "Feature", "properties": { "stop_id": "osm-2109888549", "name": "Grens Kiel", "lines": "4,10", "line_count": 2, "source": "osm-overpass", "buffer_m": 800 }, "geometry": { "type": "Polygon", "coordinates": [ [ [ 4.387138929269923, 51.187115708699011 ], [ 4.387083543947372, 51.186410895571143 ], [ 4.386918501056134, 51.185712887607643 ], [ 4.386645394811358, 51.185028406560193 ], [ 4.386266859763271, 51.184364043630758 ], [ 4.385786545256464, 51.183726196022569 ], [ 4.385209080137035, 51.183121005369003 ], [ 4.384540028053112, 51.182554298632013 ], [ 4.383785833783933, 51.182031532037286 ], [ 4.382953761117776, 51.181557738584338 ], [ 4.382051822879132, 51.181137479634735 ], [ 4.381088703779732, 51.180774801042332 ], [ 4.38007367683564, 51.180473194245998 ], [ 4.379016514153251, 51.180235562697206 ], [ 4.377927392939895, 51.180064193943714 ], [ 4.376816797639581, 51.179960737636677 ], [ 4.375695419130629, 51.179926189671512 ], [ 4.374574051949575, 51.179960882613798 ], [ 4.373463490524073, 51.180064482502374 ], [ 4.372374425406828, 51.180235992059814 ], [ 4.371317340502608, 51.180473760279462 ], [ 4.370302412271052, 51.180775498297905 ], [ 4.369339411869536, 51.181138301400345 ], [ 4.368437611172872, 51.18155867694913 ], [ 4.367605693570217, 51.182032577967711 ], [ 4.366851670394833, 51.18255544205865 ], [ 4.366182803789384, 51.183122235283442 ], [ 4.365605536748884, 51.183727500583281 ], [ 4.365125431015726, 51.184365410276989 ], [ 4.364747113427046, 51.18502982213284 ], [ 4.364474231234531, 51.185714338475897 ], [ 4.364309416831666, 51.186412367763694 ], [ 4.36425426223375, 51.187117188038506 ], [ 4.364309303562934, 51.187822011646404 ], [ 4.364474015694744, 51.188520050600175 ], [ 4.364746817124927, 51.189204581957213 ], [ 4.365125085017113, 51.189869012582179 ], [ 4.365605180293362, 51.190506942670375 ], [ 4.366182482532479, 51.191112227418699 ], [ 4.36685143434574, 51.191679036249248 ], [ 4.367605594807254, 51.19220190901288 ], [ 4.368437701427951, 51.192675808630142 ], [ 4.369339740078485, 51.193096169659555 ], [ 4.370303022188353, 51.193458942324462 ], [ 4.371318268477098, 51.193760631570775 ], [ 4.372375698409029, 51.193998330778591 ], [ 4.373465124506558, 51.194169749799968 ], [ 4.374576050609162, 51.194273237052045 ], [ 4.375697773125966, 51.1943077954502 ], [ 4.376819484300398, 51.194273092027899 ], [ 4.377930376485343, 51.194169461149009 ], [ 4.379019746417189, 51.193997901281989 ], [ 4.380077098477312, 51.193760065366781 ], [ 4.381092245939425, 51.19345824486836 ], [ 4.382055409221244, 51.193095347671147 ], [ 4.382957310188556, 51.192674870028796 ], [ 4.383789261598861, 51.192200862841297 ], [ 4.384543250819692, 51.191677892586092 ], [ 4.385212017013234, 51.191110997281449 ], [ 4.385789121043257, 51.190505637909148 ], [ 4.386269007431759, 51.189867645765453 ], [ 4.386647057770906, 51.189203166250593 ], [ 4.38691963507925, 51.188518599639629 ], [ 4.387084118679839, 51.1878205394068 ], [ 4.387138929269923, 51.187115708699011 ] ] ] } },
{ "type": "Feature", "properties": { "stop_id": "osm-2223416991", "name": "Groenendaallaan", "lines": "1", "line_count": 1, "source": "osm-overpass", "buffer_m": 800 }, "geometry": { "type": "Polygon", "coordinates": [ [ [ 4.431890552795016, 51.244245475508329 ], [ 4.431834422812257, 51.243540699205866 ], [ 4.431668507420301, 51.242842769439825 ], [ 4.431394409246881, 51.242158407206766 ], [ 4.431014772402958, 51.241494202562556 ], [ 4.430533256849637, 51.24085655118418 ], [ 4.429954503002832, 51.240251592813642 ], [ 4.42928408692226, 51.23968515217441 ], [ 4.428528466520981, 51.239162682928459 ], [ 4.427694919316902, 51.238689215210876 ], [ 4.426791472327941, 51.238269307245758 ], [ 4.425826824786621, 51.237907001506791 ], [ 4.424810264417681, 51.237605785842412 ], [ 4.423751578082841, 51.237368559937963 ], [ 4.422660957649805, 51.237197607435689 ], [ 4.421548901987284, 51.237094573979391 ], [ 4.420426116024268, 51.237060451393738 ], [ 4.419303407839118, 51.237095568149527 ], [ 4.418191584762537, 51.237199586205897 ], [ 4.417101349487691, 51.237371504260182 ], [ 4.41604319718068, 51.23760966737364 ], [ 4.415027314575194, 51.237911782881582 ], [ 4.414063482016656, 51.238274942435403 ], [ 4.413160979393556, 51.238695649966104 ], [ 4.412328496857188, 51.239169855301 ], [ 4.411574051186223, 51.239692993112754 ], [ 4.410904908599359, 51.240260026827208 ], [ 4.410327514758752, 51.24086549706945 ], [ 4.409847432639005, 51.241503574184364 ], [ 4.409469288862225, 51.242168114327107 ], [ 4.40919672901945, 51.242852718586235 ], [ 4.409032382413357, 51.243550794571242 ], [ 4.40897783656753, 51.244255619873087 ], [ 4.409033621754247, 51.244960406787627 ], [ 4.409199205696844, 51.245658367679184 ], [ 4.409472998504992, 51.246342780354908 ], [ 4.409852367802748, 51.247007052820571 ], [ 4.410333663910655, 51.247644786792783 ], [ 4.41091225484597, 51.248249839355552 ], [ 4.411582570809564, 51.248816382165579 ], [ 4.412338157735825, 51.249338957634606 ], [ 4.413171739393269, 51.24981253154543 ], [ 4.414075287439955, 51.250232541592972 ], [ 4.415040098759769, 51.250594941380584 ], [ 4.416056879334064, 51.25089623944563 ], [ 4.417115833838738, 51.251133532936144 ], [ 4.418206760100487, 51.251304535612583 ], [ 4.41931914749776, 51.251407599902947 ], [ 4.420442278353192, 51.251441732797659 ], [ 4.421565331334399, 51.251406605429757 ], [ 4.422677485860356, 51.2513025562479 ], [ 4.42376802650048, 51.251130587750914 ], [ 4.424826446353662, 51.250892356816031 ], [ 4.425842548404558, 51.250590158714253 ], [ 4.426806543874579, 51.250226904968201 ], [ 4.427709146614643, 51.249806095266685 ], [ 4.428541662626013, 51.249331783708705 ], [ 4.4292960738436, 51.248808539703738 ], [ 4.429965115372724, 51.248241403906881 ], [ 4.430542345434825, 51.247635839615938 ], [ 4.431022207349219, 51.246997680100385 ], [ 4.431400082956161, 51.24633307237157 ], [ 4.431672336970236, 51.245648417938312 ], [ 4.43183635184159, 51.24495031111924 ], [ 4.431890552795016, 51.244245475508329 ] ] ] } },
{ "type": "Feature", "properties": { "stop_id": "osm-2316121582", "name": "Groenendaallaan", "lines": "1", "line_count": 1, "source": "osm-overpass", "buffer_m": 800 }, "geometry": { "type": "Polygon", "coordinates": [ [ [ 4.431835974729936, 51.243927880789755 ], [ 4.431779845955079, 51.243223104372071 ], [ 4.431613932511092, 51.242525174441056 ], [ 4.431339837006892, 51.241840811994898 ], [ 4.430960203527677, 51.241176607091482 ], [ 4.430478692002096, 51.240538955410344 ], [ 4.429899942807239, 51.239933996696351 ], [ 4.429229531957998, 51.239367555676324 ], [ 4.428473917317034, 51.238845086015857 ], [ 4.427640376346788, 51.238371617854085 ], [ 4.426736936005153, 51.237951709419399 ], [ 4.425772295460661, 51.237589403189936 ], [ 4.424755742370702, 51.237288187018919 ], [ 4.423697063526956, 51.237050960596555 ], [ 4.422606450725028, 51.236880007570051 ], [ 4.421494402760209, 51.236776973588277 ], [ 4.42037162448742, 51.236742850480994 ], [ 4.419248923911031, 51.236777966723992 ], [ 4.418137108288533, 51.236881984281354 ], [ 4.417046880241372, 51.237053901855198 ], [ 4.415988734866092, 51.237292064511401 ], [ 4.414972858829675, 51.237594179589671 ], [ 4.414009032414329, 51.237957338745616 ], [ 4.413106535449391, 51.238378045913954 ], [ 4.412274058031686, 51.238852250925532 ], [ 4.411519616890587, 51.23937538845616 ], [ 4.410850478201152, 51.239942421934295 ], [ 4.410273087587979, 51.240547891987404 ], [ 4.409793007994544, 51.241185968962128 ], [ 4.409414866018584, 51.241850509014967 ], [ 4.409142307233729, 51.242535113235384 ], [ 4.408977960932407, 51.243233189233202 ], [ 4.408923414635202, 51.243938014599308 ], [ 4.408979198618669, 51.244642801628878 ], [ 4.409144780617661, 51.245340762685167 ], [ 4.409418570760511, 51.24602517557377 ], [ 4.409797936696883, 51.246689448298348 ], [ 4.410279228779649, 51.247327182573052 ], [ 4.410857815064785, 51.247932235478984 ], [ 4.411528125797926, 51.248498778669571 ], [ 4.412283706963819, 51.249021354552852 ], [ 4.413117282386457, 51.249494928907637 ], [ 4.414020823783951, 51.249914939424571 ], [ 4.414985628104261, 51.250277339702556 ], [ 4.416002401396173, 51.250578638274156 ], [ 4.417061348405785, 51.250815932282585 ], [ 4.418152267032012, 51.250986935483226 ], [ 4.419264646726917, 51.251090000299151 ], [ 4.420387769887371, 51.251124133715635 ], [ 4.421510815255169, 51.251089006860717 ], [ 4.422622962322671, 51.250984958178115 ], [ 4.423713495731193, 51.250812990161819 ], [ 4.424771908649319, 51.25057475968444 ], [ 4.425788004128545, 51.25027256201259 ], [ 4.426751993453609, 51.249909308664726 ], [ 4.427654590534629, 51.249488499325835 ], [ 4.428487101427388, 51.249014188091429 ], [ 4.429241508116085, 51.248490944367788 ], [ 4.429910545749641, 51.2479238088074 ], [ 4.430487772586994, 51.247318244705767 ], [ 4.430967631978465, 51.246680085330446 ], [ 4.431345505788569, 51.246015477691564 ], [ 4.431617758749131, 51.245330823297003 ], [ 4.431781773320379, 51.244632716465027 ], [ 4.431835974729936, 51.243927880789755 ] ] ] } },
{ "type": "Feature", "properties": { "stop_id": "osm-1635630580", "name": "Groenplaats", "lines": "4", "line_count": 1, "source": "osm-overpass", "buffer_m": 800 }, "geometry": { "type": "Polygon", "coordinates": [ [ [ 4.412747463445394, 51.218639229048748 ], [ 4.412691653620216, 51.217934436553769 ], [ 4.412526115854089, 51.217236472902435 ], [ 4.412252449133518, 51.216552059418532 ], [ 4.411873293410726, 51.215887786652253 ], [ 4.411392304010762, 51.215250050937499 ], [ 4.410814116280914, 51.214644992829129 ], [ 4.410144300828587, 51.214078438011803 ], [ 4.409389309783331, 51.213555841247519 ], [ 4.40855641460405, 51.213082233899826 ], [ 4.407653636032403, 51.212662175537737 ], [ 4.406689666867744, 51.212299710083322 ], [ 4.405673788306526, 51.211998326923052 ], [ 4.404615780649757, 51.211760927355058 ], [ 4.403525829234959, 51.211589796693623 ], [ 4.402414426493873, 51.211486582297709 ], [ 4.401292271073485, 51.211452277733912 ], [ 4.400170164985383, 51.211487213224757 ], [ 4.399058909766939, 51.211591052474304 ], [ 4.39796920264703, 51.211762795901024 ], [ 4.396911533708941, 51.212000790247096 ], [ 4.395896085033855, 51.212302744472375 ], [ 4.394932632789693, 51.212665751780847 ], [ 4.394030453202618, 51.213086317569022 ], [ 4.393198233312039, 51.213560393028843 ], [ 4.392443987365175, 51.21408341408339 ], [ 4.391774979654179, 51.214650345282678 ], [ 4.391197654538226, 51.215255728239185 ], [ 4.390717574325208, 51.215893734138412 ], [ 4.390339365613415, 51.216558219821721 ], [ 4.39006667461337, 51.21724278690256 ], [ 4.389902131884829, 51.217940843348998 ], [ 4.389847326834153, 51.21864566694093 ], [ 4.389902792224198, 51.219350469991404 ], [ 4.390067998852921, 51.220048464710125 ], [ 4.390341360459236, 51.220732928579402 ], [ 4.390720248816294, 51.221397269112693 ], [ 4.391201018873755, 51.222035087371921 ], [ 4.391779043713544, 51.222640239630074 ], [ 4.39244875898803, 51.223206896584323 ], [ 4.393203716417442, 51.223729599547681 ], [ 4.394036645834714, 51.224203313075385 ], [ 4.394939525182442, 51.224623473517987 ], [ 4.395903657788502, 51.224986033030511 ], [ 4.396919756175485, 51.225287498611877 ], [ 4.397978031594599, 51.225524965796616 ], [ 4.399068288418368, 51.225696146671929 ], [ 4.40018002247835, 51.225799391949117 ], [ 4.401302522395162, 51.225833706874923 ], [ 4.40242497291841, 51.225798760828575 ], [ 4.403536559274269, 51.225694890511626 ], [ 4.404626571508445, 51.225523096699568 ], [ 4.405684507812273, 51.225285034586463 ], [ 4.40670017582986, 51.224982997816696 ], [ 4.407663790964069, 51.22461989635844 ], [ 4.408566070728972, 51.224199228433314 ], [ 4.409398324235381, 51.223725046774433 ], [ 4.410152535944237, 51.223201919539882 ], [ 4.410821442879139, 51.222634886260082 ], [ 4.411398604553681, 51.222029409245508 ], [ 4.411878464940929, 51.221391320925157 ], [ 4.412256405890381, 51.220726767625138 ], [ 4.412528791481465, 51.220042150330443 ], [ 4.412693002891126, 51.219344063002673 ], [ 4.412747463445394, 51.218639229048748 ] ] ] } },
{ "type": "Feature", "properties": { "stop_id": "osm-2610365437", "name": "Groenplaats", "lines": "4", "line_count": 1, "source": "osm-overpass", "buffer_m": 800 }, "geometry": { "type": "Polygon", "coordinates": [ [ [ 4.413191125785357, 51.218485986081546 ], [ 4.413135309438041, 51.217781193753801 ], [ 4.412969765575542, 51.217083230681844 ], [ 4.41269609324302, 51.216398818183883 ], [ 4.412316932446692, 51.215734546800668 ], [ 4.411835938560403, 51.215096812852693 ], [ 4.411257746974584, 51.214491756877798 ], [ 4.410587928333702, 51.213925204540132 ], [ 4.409832934797951, 51.213402610577759 ], [ 4.409000037850153, 51.212929006327258 ], [ 4.408097258248953, 51.212508951327834 ], [ 4.407133288803561, 51.212146489469163 ], [ 4.406117410713106, 51.211845110103134 ], [ 4.405059404274031, 51.211607714491272 ], [ 4.403969454812119, 51.211436587909844 ], [ 4.402858054740307, 51.211333377678542 ], [ 4.401735902679886, 51.211299077323815 ], [ 4.400613800610117, 51.21133401702771 ], [ 4.399502550029708, 51.211437860453742 ], [ 4.398412848122917, 51.211609607980151 ], [ 4.397355184922883, 51.211847606309654 ], [ 4.396339742455587, 51.21214956436377 ], [ 4.395376296829242, 51.212512575309603 ], [ 4.394474124206339, 51.212933144508654 ], [ 4.393641911559283, 51.213407223120008 ], [ 4.392887673065602, 51.213930247036387 ], [ 4.392218672945719, 51.214497180780292 ], [ 4.391641355485756, 51.215102565939624 ], [ 4.391161282919914, 51.215740573678701 ], [ 4.390783081772853, 51.216405060821117 ], [ 4.390510398182263, 51.217089628966306 ], [ 4.390345862636535, 51.21778768607205 ], [ 4.390291064472846, 51.218492509911869 ], [ 4.390346536387703, 51.219197312796368 ], [ 4.39051174911618, 51.219895306936913 ], [ 4.390785116338404, 51.220579769821256 ], [ 4.39116400977338, 51.221244108972449 ], [ 4.391644784321808, 51.221881925465617 ], [ 4.39222281302229, 51.222487075590784 ], [ 4.392892531489947, 51.223053730065686 ], [ 4.393647491414191, 51.223576430227098 ], [ 4.394480422603871, 51.224050140657376 ], [ 4.395383302984449, 51.224470297736836 ], [ 4.396347435873813, 51.224832853652899 ], [ 4.397363533791787, 51.225134315439178 ], [ 4.398421807994069, 51.225371778666705 ], [ 4.39951206286489, 51.225542955460803 ], [ 4.400623794254617, 51.225646196572157 ], [ 4.4017462908096, 51.225680507287585 ], [ 4.402868737311842, 51.225645557026908 ], [ 4.403980319026292, 51.225541682532338 ], [ 4.40507032604339, 51.225369884619518 ], [ 4.406128256604778, 51.225131818522037 ], [ 4.407143918409928, 51.22482977792275 ], [ 4.408107526921605, 51.224466672826608 ], [ 4.409009799717718, 51.224046001490372 ], [ 4.409842045976264, 51.223571816679929 ], [ 4.410596250228049, 51.223048686583788 ], [ 4.411265149568539, 51.22248165075986 ], [ 4.411842303584518, 51.22187617154313 ], [ 4.412322156322841, 51.221238081383817 ], [ 4.412700089706699, 51.220573526625728 ], [ 4.412972467888392, 51.219888908267876 ], [ 4.413136672116216, 51.21919082028208 ], [ 4.413191125785357, 51.218485986081546 ] ] ] } },
{ "type": "Feature", "properties": { "stop_id": "osm-1636570834", "name": "Harmonie", "lines": "7,A3", "line_count": 2, "source": "osm-overpass", "buffer_m": 800 }, "geometry": { "type": "Polygon", "coordinates": [ [ [ 4.424626847654962, 51.201060478403505 ], [ 4.424570879385097, 51.200355686712122 ], [ 4.424405226267782, 51.199657734938327 ], [ 4.424131488396351, 51.198973344291019 ], [ 4.423752306404193, 51.198309105100194 ], [ 4.423271335865433, 51.197671413376099 ], [ 4.422693211942104, 51.197066409249793 ], [ 4.422023504623946, 51.196499917885966 ], [ 4.421268664996507, 51.195977393435591 ], [ 4.420435963058504, 51.195503866565872 ], [ 4.419533417689371, 51.195083896071083 ], [ 4.418569719442159, 51.194721525027362 ], [ 4.41755414690461, 51.194420241912361 ], [ 4.416496477431709, 51.194182947061151 ], [ 4.415406893105974, 51.194011924780042 ], [ 4.414295882826446, 51.193908821384831 ], [ 4.41317414146362, 51.193874629373518 ], [ 4.41205246704507, 51.193909677885287 ], [ 4.410941656954842, 51.194013629536173 ], [ 4.409852404139037, 51.194185483662558 ], [ 4.408795194309809, 51.194423585940939 ], [ 4.407780205130781, 51.194725644291914 ], [ 4.40681720834829, 51.195088750916888 ], [ 4.405915475805323, 51.195509410255966 ], [ 4.405083690238627, 51.195983572600085 ], [ 4.404329861714596, 51.196506673035437 ], [ 4.403661250506584, 51.197073675347383 ], [ 4.403084297155663, 51.19767912046315 ], [ 4.402604560389064, 51.19831717896929 ], [ 4.402226663496339, 51.198981707200033 ], [ 4.401954249683136, 51.199666306358608 ], [ 4.401789946837185, 51.200364384103615 ], [ 4.401735342051516, 51.201069218009287 ], [ 4.401790966156747, 51.201774020288859 ], [ 4.401956288418418, 51.202472003158988 ], [ 4.402229721457785, 51.203156444215672 ], [ 4.402608636355991, 51.203820751191742 ], [ 4.403089387803176, 51.204458525471971 ], [ 4.403667349056875, 51.205063623752757 ], [ 4.404336956378654, 51.20563021725112 ], [ 4.405091762525765, 51.206152847891069 ], [ 4.405924498786126, 51.206626480924577 ], [ 4.406827144961315, 51.207046553477625 ], [ 4.407791006624359, 51.207409018551978 ], [ 4.408806798907543, 51.207710384056455 ], [ 4.409864736011178, 51.207947746489815 ], [ 4.410954625567842, 51.208118818948577 ], [ 4.412065966948644, 51.208221953188705 ], [ 4.413188052559053, 51.208256155526762 ], [ 4.414310071142254, 51.208221096426776 ], [ 4.415421212088142, 51.208117113679599 ], [ 4.416510769736019, 51.207945209143823 ], [ 4.417568246659202, 51.207707039080205 ], [ 4.418583454929802, 51.207404898173081 ], [ 4.419546614381913, 51.207041697393606 ], [ 4.420448446921244, 51.206620935920022 ], [ 4.421280265968254, 51.206146667386356 ], [ 4.422034060169911, 51.20562346078718 ], [ 4.422702570571852, 51.205056356416975 ], [ 4.423279360506928, 51.20445081727059 ], [ 4.423758877527892, 51.203812676374952 ], [ 4.42413650678989, 51.203148080562066 ], [ 4.424408615372173, 51.202463431225844 ], [ 4.424572587116861, 51.201765322635922 ], [ 4.424626847654962, 51.201060478403505 ] ] ] } },
{ "type": "Feature", "properties": { "stop_id": "osm-1636570837", "name": "Harmonie", "lines": "2,6", "line_count": 2, "source": "osm-overpass", "buffer_m": 800 }, "geometry": { "type": "Polygon", "coordinates": [ [ [ 4.424487459522533, 51.201108791902854 ], [ 4.424431493300625, 51.200404000158635 ], [ 4.424265842097165, 51.199706048202422 ], [ 4.423992105987081, 51.199021657245034 ], [ 4.423612925586813, 51.198357417619377 ], [ 4.42313195645517, 51.197719725339894 ], [ 4.422553833740659, 51.19711472054297 ], [ 4.421884127421401, 51.196548228399813 ], [ 4.421129288573344, 51.196025703068877 ], [ 4.420296587187719, 51.19555217522587 ], [ 4.419394042138657, 51.195132203674383 ], [ 4.418430343976141, 51.194769831500771 ], [ 4.417414771287107, 51.194468547193573 ], [ 4.416357101428011, 51.194231251099318 ], [ 4.415267516485092, 51.194060227536262 ], [ 4.414156505363337, 51.193957122832572 ], [ 4.413034762941346, 51.193922929498861 ], [ 4.411913087256881, 51.193957976686974 ], [ 4.410802275706173, 51.194061927025736 ], [ 4.40971302124937, 51.194233779864184 ], [ 4.408655809614413, 51.194471880891172 ], [ 4.407640818482294, 51.194773938039361 ], [ 4.406677819618141, 51.195137043521733 ], [ 4.405776084884965, 51.195557701789376 ], [ 4.404944297040581, 51.196031863143581 ], [ 4.404190466173308, 51.196554962680054 ], [ 4.403521852579044, 51.197121964192831 ], [ 4.402944896821826, 51.197727408616821 ], [ 4.402465157652049, 51.198365466545226 ], [ 4.402087258382398, 51.199029994317861 ], [ 4.401814842241413, 51.199714593142367 ], [ 4.401650537139241, 51.200412670680578 ], [ 4.401595930190646, 51.201117504508723 ], [ 4.401651552247078, 51.201822306840761 ], [ 4.401816872593828, 51.202520289892902 ], [ 4.402090303870605, 51.203204731259348 ], [ 4.402469217175542, 51.203869038669964 ], [ 4.402949967214148, 51.204506813505382 ], [ 4.403527927257547, 51.205111912456616 ], [ 4.404197533578974, 51.205678506734181 ], [ 4.404952338945344, 51.206201138254691 ], [ 4.405785074652107, 51.206674772261586 ], [ 4.406687720506191, 51.207094845871467 ], [ 4.407651582083734, 51.207457312075917 ], [ 4.408667374517853, 51.207758678772912 ], [ 4.409725312007412, 51.207996042449636 ], [ 4.410815202181281, 51.208167116190715 ], [ 4.411926544404623, 51.208270251739712 ], [ 4.413048631074784, 51.208304455400601 ], [ 4.414170650924741, 51.208269397624647 ], [ 4.415281793332172, 51.208165416189928 ], [ 4.416371352622291, 51.207993512942437 ], [ 4.417428831352582, 51.207755344130526 ], [ 4.418444041577732, 51.2074532044264 ], [ 4.41940720311299, 51.207090004789698 ], [ 4.420309037843984, 51.206669244387626 ], [ 4.421140859170039, 51.206194976843861 ], [ 4.421894655716158, 51.205671771143493 ], [ 4.422563168505389, 51.205104667572336 ], [ 4.423139960847568, 51.20449912911748 ], [ 4.423619480272258, 51.203860988799313 ], [ 4.423997111911446, 51.203196393444209 ], [ 4.42426922282149, 51.202511744441672 ], [ 4.424433196822091, 51.201813636058176 ], [ 4.424487459522533, 51.201108791902854 ] ] ] } },
{ "type": "Feature", "properties": { "stop_id": "osm-1636570842", "name": "Harmonie", "lines": "2,6,7,A3", "line_count": 4, "source": "osm-overpass", "buffer_m": 800 }, "geometry": { "type": "Polygon", "coordinates": [ [ [ 4.42418638334513, 51.201613321066233 ], [ 4.424130421066647, 51.200908529316628 ], [ 4.423964772576065, 51.20021057707428 ], [ 4.423691037922297, 51.199526185552642 ], [ 4.423311857707867, 51.198861945090144 ], [ 4.422830887489915, 51.198224251709284 ], [ 4.422252762427504, 51.197619245557078 ], [ 4.421583052521447, 51.197052751817729 ], [ 4.420828208882312, 51.196530224665096 ], [ 4.419995501547518, 51.196056694792425 ], [ 4.419092949448522, 51.195636721022844 ], [ 4.418129243203206, 51.19527434646406 ], [ 4.417113661476334, 51.194973059627571 ], [ 4.41605598171136, 51.194735760884242 ], [ 4.414966386089873, 51.194564734577881 ], [ 4.413855363619615, 51.194461627062985 ], [ 4.412733609288392, 51.194427430877269 ], [ 4.411611921248555, 51.194462475200048 ], [ 4.410501097015211, 51.1945664226877 ], [ 4.409411829670535, 51.194738272716712 ], [ 4.408354605066472, 51.194976371002987 ], [ 4.407339601008804, 51.19527842550557 ], [ 4.406376589387039, 51.195641528462936 ], [ 4.405474842186965, 51.196062184350488 ], [ 4.404643042286396, 51.196536343492426 ], [ 4.403889199889694, 51.197059441005777 ], [ 4.403220575403775, 51.197626440704049 ], [ 4.402643609497557, 51.198231883539648 ], [ 4.402163861019187, 51.198869940121078 ], [ 4.401785953371043, 51.199534466801147 ], [ 4.401513529862401, 51.200219064798013 ], [ 4.401349218474445, 51.200917141781531 ], [ 4.401294606382568, 51.201621975333246 ], [ 4.401350224487853, 51.202326777669839 ], [ 4.401515542113751, 51.203024761007427 ], [ 4.401788971926295, 51.203709202937496 ], [ 4.402167885037829, 51.204373511184507 ], [ 4.402648636155838, 51.205011287121025 ], [ 4.403226598541144, 51.205616387427504 ], [ 4.403896208444518, 51.206182983301368 ], [ 4.404651018598447, 51.206705616643859 ], [ 4.405483760252328, 51.207179252680866 ], [ 4.406386413155844, 51.207599328509453 ], [ 4.40735028281725, 51.207961797099792 ], [ 4.408366084291793, 51.208263166326901 ], [ 4.40942403169124, 51.208500532653609 ], [ 4.410513932548963, 51.20867160913896 ], [ 4.411625286127157, 51.208774747500065 ], [ 4.412747384713725, 51.20880895401384 ], [ 4.413869416926776, 51.20877389910406 ], [ 4.414980572024819, 51.208669920521203 ], [ 4.416070144210728, 51.208498020083724 ], [ 4.417127635917687, 51.208259854012937 ], [ 4.418142859075296, 51.207957716954688 ], [ 4.419106033374159, 51.207594519843084 ], [ 4.420007880576899, 51.207173761820997 ], [ 4.42083971396266, 51.206699496489236 ], [ 4.421593522040257, 51.20617629281152 ], [ 4.422262045721645, 51.205609191054265 ], [ 4.422838848211764, 51.205003654187081 ], [ 4.42331837694246, 51.204365515215031 ], [ 4.423696016956134, 51.203700920951583 ], [ 4.423968135228548, 51.203016272775734 ], [ 4.424132115508581, 51.202318164946007 ], [ 4.42418638334513, 51.201613321066233 ] ] ] } },
{ "type": "Feature", "properties": { "stop_id": "osm-10739166205", "name": "Havik", "lines": "10,A9", "line_count": 2, "source": "osm-overpass", "buffer_m": 800 }, "geometry": { "type": "Polygon", "coordinates": [ [ [ 4.500543664632033, 51.221145226690581 ], [ 4.500486524806854, 51.220440476828799 ], [ 4.500319664118872, 51.21974263727877 ], [ 4.500044694292115, 51.21905842816561 ], [ 4.499664267823324, 51.218394438068145 ], [ 4.499182052268439, 51.217757060595154 ], [ 4.498602694774504, 51.217152432849126 ], [ 4.49793177720423, 51.216586376368376 ], [ 4.497175762290042, 51.216064341114588 ], [ 4.49634193133958, 51.215591353043223 ], [ 4.495438314094721, 51.215171965759751 ], [ 4.494473611420274, 51.214810216724345 ], [ 4.493457111566157, 51.214509588425734 ], [ 4.492398600807342, 51.214272974894548 ], [ 4.491308269318629, 51.21410265387793 ], [ 4.490196613186076, 51.214000264940744 ], [ 4.489074333493056, 51.213966793703392 ], [ 4.48795223344631, 51.214002562366645 ], [ 4.486841114525665, 51.214107226614288 ], [ 4.485751672650308, 51.214279778923029 ], [ 4.484694395354175, 51.214518558248358 ], [ 4.483679460953798, 51.214821265993137 ], [ 4.482716640673134, 51.21518498810687 ], [ 4.481815204662333, 51.215606223103805 ], [ 4.480983832810889, 51.216080915732164 ], [ 4.480230531210615, 51.216604495971687 ], [ 4.479562555070863, 51.217171922986822 ], [ 4.478986338827644, 51.217777733614014 ], [ 4.478507434120439, 51.218416094918389 ], [ 4.478130456236208, 51.219080860316247 ], [ 4.477859039539816, 51.219765628724474 ], [ 4.477695802324785, 51.220463806169029 ], [ 4.477642321428593, 51.221168669261075 ], [ 4.477699116863437, 51.221873429929595 ], [ 4.477865646617573, 51.222571300788864 ], [ 4.478140311684578, 51.22325556051053 ], [ 4.478520471279454, 51.223919618570932 ], [ 4.479002468102077, 51.224557078749498 ], [ 4.479581663411165, 51.225161800765406 ], [ 4.480252481576671, 51.225727959457622 ], [ 4.481008463686246, 51.226250100936518 ], [ 4.481842329692915, 51.226723195164446 ], [ 4.482746048507611, 51.227142684456446 ], [ 4.483710915362253, 51.227504527432139 ], [ 4.484727635697569, 51.227805237992825 ], [ 4.485786414765618, 51.228041918946488 ], [ 4.486877052080633, 51.228212289955032 ], [ 4.487989039803815, 51.22831470953242 ], [ 4.489111664108949, 51.228348190880773 ], [ 4.49023410854605, 51.228312411410776 ], [ 4.49134555840055, 51.228207715853884 ], [ 4.49243530503567, 51.228035112936617 ], [ 4.493492849205721, 51.227796265648358 ], [ 4.494508002338355, 51.227493475197988 ], [ 4.495470984803863, 51.227129658814412 ], [ 4.496372520219413, 51.22670832160599 ], [ 4.497203924875453, 51.226233522752544 ], [ 4.497957191419506, 51.225709836356458 ], [ 4.498625065989407, 51.225142307332796 ], [ 4.499201118052423, 51.224536402765295 ], [ 4.499679802278426, 51.223897959198872 ], [ 4.500056511853423, 51.22323312637851 ], [ 4.500327622723526, 51.222548307978371 ], [ 4.500490528347941, 51.221850099893594 ], [ 4.500543664632033, 51.221145226690581 ] ] ] } },
{ "type": "Feature", "properties": { "stop_id": "osm-11038719645", "name": "Havik", "lines": "10,A9", "line_count": 2, "source": "osm-overpass", "buffer_m": 800 }, "geometry": { "type": "Polygon", "coordinates": [ [ [ 4.499654129809178, 51.221002512832953 ], [ 4.499597003603388, 51.220297762501886 ], [ 4.499430156738374, 51.219599921657512 ], [ 4.499155200805043, 51.218915710437479 ], [ 4.498774788166362, 51.218251717440914 ], [ 4.498292586245136, 51.217614336304564 ], [ 4.49771324205718, 51.217009704166244 ], [ 4.497042337337159, 51.216443642606514 ], [ 4.496286334693839, 51.215921601636055 ], [ 4.495452515316807, 51.215448607265394 ], [ 4.494548908836598, 51.215029213160591 ], [ 4.493584216014482, 51.214667456847593 ], [ 4.492567725005609, 51.214366820885118 ], [ 4.49150922199988, 51.214130199377642 ], [ 4.490418897097522, 51.213959870149047 ], [ 4.489307246321251, 51.213857472843294 ], [ 4.488184970702919, 51.213823993161327 ], [ 4.487062873410063, 51.213859753385186 ], [ 4.485951755896018, 51.213964409279903 ], [ 4.484862314066406, 51.214136953402665 ], [ 4.483805035454699, 51.214375724787651 ], [ 4.482790098390043, 51.214678424914226 ], [ 4.481827274121985, 51.215042139805249 ], [ 4.48092583283898, 51.215463368044475 ], [ 4.480094454481193, 51.215938054445211 ], [ 4.47934114520298, 51.216461629047139 ], [ 4.478673160287515, 51.217029051069062 ], [ 4.478096934255202, 51.21763485739546 ], [ 4.477618018839673, 51.218273215132918 ], [ 4.477241029430903, 51.218937977732146 ], [ 4.476969600504648, 51.219622744136927 ], [ 4.476806350472132, 51.220320920392645 ], [ 4.4767528562942, 51.221025783121853 ], [ 4.476809638110924, 51.221730544257127 ], [ 4.476976154041687, 51.222428416408299 ], [ 4.4772508052132, 51.223112678234536 ], [ 4.477630950974318, 51.223776739192004 ], [ 4.478112934158193, 51.224414203032211 ], [ 4.478692116154964, 51.225018929439145 ], [ 4.479362921462887, 51.225585093209475 ], [ 4.480118891293538, 51.226107240404687 ], [ 4.480952745718312, 51.226580340932088 ], [ 4.481856453759804, 51.226999837046044 ], [ 4.48282131075381, 51.227361687300487 ], [ 4.483838022236137, 51.227662405526566 ], [ 4.484896793544219, 51.227899094458444 ], [ 4.485987424267114, 51.228069473681167 ], [ 4.487099406629602, 51.228171901629544 ], [ 4.488222026857154, 51.228205391425078 ], [ 4.48934446853909, 51.228169620396976 ], [ 4.490455916987401, 51.228064933195498 ], [ 4.491545663578841, 51.227892338466532 ], [ 4.492603209068115, 51.227653499120635 ], [ 4.493618364870117, 51.227350716290175 ], [ 4.494581351329351, 51.226986907130573 ], [ 4.495482892024441, 51.22656557668072 ], [ 4.496314303194881, 51.226090784055252 ], [ 4.497067577425338, 51.225567103296576 ], [ 4.4977354607795, 51.224999579265486 ], [ 4.498311522639921, 51.224393678997664 ], [ 4.498790217581991, 51.223755238996596 ], [ 4.499166938688412, 51.223090408972979 ], [ 4.499438061794135, 51.222405592574056 ], [ 4.49960098024045, 51.221707385675707 ], [ 4.499654129809178, 51.221002512832953 ] ] ] } },
{ "type": "Feature", "properties": { "stop_id": "osm-2119245305", "name": "Heidestraat", "lines": "10", "line_count": 1, "source": "osm-overpass", "buffer_m": 800 }, "geometry": { "type": "Polygon", "coordinates": [ [ [ 4.377459767094939, 51.173808245924462 ], [ 4.377404543720275, 51.173103424705083 ], [ 4.377239692624501, 51.172405399702974 ], [ 4.376966806173325, 51.171720892834358 ], [ 4.376588516798356, 51.171056495550282 ], [ 4.376108471476851, 51.170418605385194 ], [ 4.375531296461706, 51.16981336438274 ], [ 4.374862552607, 51.169246599990025 ], [ 4.37410868172397, 51.168723768988244 ], [ 4.373276944487523, 51.16824990499741 ], [ 4.372375350493349, 51.167829570058473 ], [ 4.371412581139982, 51.167466810757119 ], [ 4.370397906077718, 51.167165119309423 ], [ 4.369341094026939, 51.166927399981958 ], [ 4.368252318821223, 51.166755941167636 ], [ 4.367142061575445, 51.166652393384659 ], [ 4.366021009915362, 51.166617753409021 ], [ 4.364899955232731, 51.166652354692069 ], [ 4.363789688948367, 51.166755864154965 ], [ 4.362700898774944, 51.166927285390663 ], [ 4.361644065971262, 51.167164968242751 ], [ 4.360629364570461, 51.167466624669451 ], [ 4.359666563546217, 51.167829350741449 ], [ 4.35876493285342, 51.168249654562615 ], [ 4.357933154243581, 51.168723489846897 ], [ 4.357179237710376, 51.169246294829776 ], [ 4.356510444367878, 51.169813036141882 ], [ 4.355933216503475, 51.170418257224277 ], [ 4.355453115479794, 51.171056130821768 ], [ 4.355074768085814, 51.171720515050374 ], [ 4.354801821857249, 51.17240501250145 ], [ 4.354636909801171, 51.173103031814726 ], [ 4.354581624870242, 51.173807851128906 ], [ 4.354636504438841, 51.174512682799694 ], [ 4.354801024937631, 51.175210738762615 ], [ 4.35507360670556, 51.175895295911744 ], [ 4.355451629019826, 51.176559760863704 ], [ 4.355931455166162, 51.177197733483609 ], [ 4.356508467314454, 51.17780306855915 ], [ 4.357177110869506, 51.178369935028037 ], [ 4.357930947874538, 51.178892872186324 ], [ 4.358762718956559, 51.17936684233451 ], [ 4.359664413219211, 51.179787279352027 ], [ 4.360627345410702, 51.180150132730439 ], [ 4.361642239622957, 51.180451906638218 ], [ 4.362699318713781, 51.180689693639991 ], [ 4.3637883985874, 51.180861202742172 ], [ 4.364898986420726, 51.180964781493977 ], [ 4.366020381883699, 51.180999431929301 ], [ 4.367141780372411, 51.180964820194845 ], [ 4.368252377253772, 51.180861279771101 ], [ 4.36934147211045, 51.180689808254911 ], [ 4.370398571974839, 51.180452057734968 ], [ 4.371413492550804, 51.180150318853428 ], [ 4.372376456441893, 51.179787498708336 ], [ 4.373278187434331, 51.179367092811013 ], [ 4.374109999922152, 51.178893151370211 ], [ 4.374863882609769, 51.178370240229995 ], [ 4.375532575683773, 51.177803396839295 ], [ 4.376109640710045, 51.17719808167989 ], [ 4.376589522583731, 51.176560125622267 ], [ 4.376967602937667, 51.175895673719339 ], [ 4.377240244498336, 51.175211125980439 ], [ 4.377404825966881, 51.174513075698343 ], [ 4.377459767094939, 51.173808245924462 ] ] ] } },
{ "type": "Feature", "properties": { "stop_id": "osm-2119245309", "name": "Heidestraat", "lines": "10", "line_count": 1, "source": "osm-overpass", "buffer_m": 800 }, "geometry": { "type": "Polygon", "coordinates": [ [ [ 4.37747820003253, 51.173942644140752 ], [ 4.377422976220497, 51.173237822965753 ], [ 4.377258124374396, 51.172539798024786 ], [ 4.376985236867196, 51.171855291233442 ], [ 4.376606946140693, 51.17119089404202 ], [ 4.376126899185185, 51.170553003984139 ], [ 4.375549722269319, 51.169947763102371 ], [ 4.374880976265492, 51.169380998842662 ], [ 4.374127103005639, 51.168858167984915 ], [ 4.373295363187565, 51.168384304147764 ], [ 4.372393766431809, 51.167963969370646 ], [ 4.371430994163497, 51.167601210237741 ], [ 4.370416316060978, 51.167299518963482 ], [ 4.369359500873896, 51.167061799812757 ], [ 4.368270722466007, 51.16689034117676 ], [ 4.367160461982998, 51.166786793572037 ], [ 4.366039407081776, 51.166752153772798 ], [ 4.364918349185282, 51.166786755228742 ], [ 4.363808079745255, 51.166890264859347 ], [ 4.362719286504735, 51.167061686255948 ], [ 4.361662450752029, 51.167299369260554 ], [ 4.360647746548664, 51.167601025829995 ], [ 4.359684942895286, 51.167963752033543 ], [ 4.358783309772097, 51.168384055973796 ], [ 4.357951528954004, 51.168857891363565 ], [ 4.357197610455954, 51.169380696437301 ], [ 4.356528815410943, 51.169947437824781 ], [ 4.355951586122767, 51.170552658966344 ], [ 4.355471483967785, 51.171190532606239 ], [ 4.355093135745884, 51.171854916860028 ], [ 4.35482018900078, 51.172539414318869 ], [ 4.354655276744547, 51.17323743362239 ], [ 4.354599991931797, 51.173942252909427 ], [ 4.354654871935802, 51.174647084535877 ], [ 4.354819393183064, 51.175345140437784 ], [ 4.355091976005345, 51.176029697509712 ], [ 4.355469999669714, 51.176694162369067 ], [ 4.355949827448924, 51.177332134881901 ], [ 4.35652684149715, 51.177937469836891 ], [ 4.357195487200912, 51.178504336172871 ], [ 4.357949326582738, 51.179027273187231 ], [ 4.358781100246754, 51.179501243181832 ], [ 4.359682797271727, 51.179921680037609 ], [ 4.360645732379252, 51.180284533247601 ], [ 4.361660629633157, 51.180586306982015 ], [ 4.362717711861932, 51.18082409380709 ], [ 4.363806794939562, 51.180995602730903 ], [ 4.36491738601207, 51.181099181304461 ], [ 4.366038784718177, 51.181133831563329 ], [ 4.367160186422715, 51.18109921965592 ], [ 4.368270786461594, 51.180995679064381 ], [ 4.369359884387046, 51.180824207387211 ], [ 4.370416987201885, 51.180586456714607 ], [ 4.371431910581545, 51.18028471769022 ], [ 4.372394877102553, 51.179921897413486 ], [ 4.373296610525799, 51.179501491396962 ], [ 4.374128425221898, 51.179027549850559 ], [ 4.374882309873994, 51.178504638619394 ], [ 4.375551004649771, 51.177937795153248 ], [ 4.376128071098726, 51.177332479934591 ], [ 4.376607954102319, 51.17669452383457 ], [ 4.376986035282528, 51.176030071906425 ], [ 4.377258677357902, 51.175345524159766 ], [ 4.377423259024651, 51.174647473887426 ], [ 4.37747820003253, 51.173942644140752 ] ] ] } },
{ "type": "Feature", "properties": { "stop_id": "osm-592475855", "name": "Hemel", "lines": "4", "line_count": 1, "source": "osm-overpass", "buffer_m": 800 }, "geometry": { "type": "Polygon", "coordinates": [ [ [ 4.421934497629921, 51.209412839240983 ], [ 4.42187856002009, 51.208708048553767 ], [ 4.421712917525147, 51.208010095262146 ], [ 4.42143917013795, 51.207325700589827 ], [ 4.421059958585265, 51.20666145490555 ], [ 4.420578938727507, 51.206023754282121 ], [ 4.42000074620309, 51.205418738936352 ], [ 4.419330951663575, 51.204852234140944 ], [ 4.418576007035364, 51.204329694176131 ], [ 4.417743183328916, 51.203856149858524 ], [ 4.416840500596546, 51.203436160150289 ], [ 4.415876650714012, 51.203073768312471 ], [ 4.414860913728861, 51.202772463022875 ], [ 4.413803068578945, 51.202535144829987 ], [ 4.412713299037502, 51.202364098264773 ], [ 4.411602095785893, 51.202260969876704 ], [ 4.410480155551439, 51.202226752404428 ], [ 4.40935827827521, 51.202261775232145 ], [ 4.408247263293084, 51.202365701223151 ], [ 4.407157805522568, 51.202537529960928 ], [ 4.406100392647897, 51.202775607366334 ], [ 4.405085204286528, 51.203077641599506 ], [ 4.404122014101623, 51.203440725094161 ], [ 4.403220095797586, 51.20386136251313 ], [ 4.402388133899273, 51.204335504358518 ], [ 4.401634140170724, 51.204858585914032 ], [ 4.400965376476116, 51.205425571146961 ], [ 4.400388284825227, 51.206031001149057 ], [ 4.399908425277705, 51.206669046652621 ], [ 4.399530422306412, 51.207333564117242 ], [ 4.39925792013974, 51.208018154849917 ], [ 4.399093547517711, 51.208716226590603 ], [ 4.399038892206944, 51.209421056971479 ], [ 4.399094485526376, 51.210125858239813 ], [ 4.399259797039846, 51.210823842622105 ], [ 4.399533239473931, 51.211508287699871 ], [ 4.39991218382104, 51.212172601167296 ], [ 4.400392984489318, 51.212810384346675 ], [ 4.400971014263678, 51.213415493848693 ], [ 4.401640708746957, 51.213982100782239 ], [ 4.402395619857859, 51.214504746941934 ], [ 4.403228477873971, 51.214978397430201 ], [ 4.404131261424488, 51.215398489204809 ], [ 4.405095274759256, 51.215760975082297 ], [ 4.40611123154936, 51.216062362771019 ], [ 4.407169344409962, 51.216299748555912 ], [ 4.408259419279856, 51.216470845308521 ], [ 4.409370953744078, 51.216574004550651 ], [ 4.410493238346989, 51.216608232357977 ], [ 4.411615459913631, 51.216573198949156 ], [ 4.412726805877243, 51.216469241867458 ], [ 4.413816568600883, 51.216297362724248 ], [ 4.414874248681133, 51.216059217535701 ], [ 4.415889656231978, 51.215757100746515 ], [ 4.416853009166928, 51.21539392309564 ], [ 4.417755027527191, 51.214973183538575 ], [ 4.418587022942796, 51.21449893549827 ], [ 4.419340982361662, 51.213975747772096 ], [ 4.420009645238111, 51.213408660472822 ], [ 4.420586573436759, 51.212803136431027 ], [ 4.421066213179323, 51.212165008528324 ], [ 4.421443948439933, 51.211500423471733 ], [ 4.421716145278163, 51.21081578255167 ], [ 4.421880186687593, 51.210117679956909 ], [ 4.421934497629921, 51.209412839240983 ] ] ] } },
{ "type": "Feature", "properties": { "stop_id": "osm-600422503", "name": "Hemel", "lines": "4", "line_count": 1, "source": "osm-overpass", "buffer_m": 800 }, "geometry": { "type": "Polygon", "coordinates": [ [ [ 4.423415288903823, 51.208562995826576 ], [ 4.423359329937407, 51.207858205607778 ], [ 4.423193668302513, 51.207160254161181 ], [ 4.422919904176086, 51.206475862692692 ], [ 4.422540678445852, 51.205811621540143 ], [ 4.4220596471085, 51.205173926732662 ], [ 4.421481445912725, 51.204568918431008 ], [ 4.420811645593337, 51.204002421840023 ], [ 4.420056698132158, 51.203479891160924 ], [ 4.419223874566718, 51.203006357120906 ], [ 4.418321194947796, 51.202586378583121 ], [ 4.417357351121027, 51.20222399870115 ], [ 4.416341623075543, 51.201922706037635 ], [ 4.415283789663074, 51.201685401019503 ], [ 4.414194034543826, 51.201514368050894 ], [ 4.413082848260338, 51.201411253550475 ], [ 4.411960927376632, 51.201377050123085 ], [ 4.410839071647588, 51.201412087017815 ], [ 4.40972808020176, 51.201516026962558 ], [ 4.408638647730228, 51.201687869406378 ], [ 4.407581261673839, 51.201925960138269 ], [ 4.406566101392038, 51.202228007190051 ], [ 4.405602940277835, 51.202591102871992 ], [ 4.404701051755925, 51.203011751729598 ], [ 4.403869120064596, 51.203485904154824 ], [ 4.403115156677183, 51.204008995329488 ], [ 4.402446423165852, 51.204575989128188 ], [ 4.401869361249827, 51.205181426560216 ], [ 4.401389530702489, 51.205819478286266 ], [ 4.401011555717451, 51.206484000705892 ], [ 4.400739080253563, 51.207168595078379 ], [ 4.400574732793623, 51.207866669108597 ], [ 4.400520100861803, 51.208571500406542 ], [ 4.400575715551735, 51.209276301210657 ], [ 4.400741046221239, 51.209974283751812 ], [ 4.401014505412184, 51.210658725629187 ], [ 4.401393463955346, 51.211323034567769 ], [ 4.401874276121887, 51.211960811933423 ], [ 4.402452314585717, 51.212565914392776 ], [ 4.403122014865725, 51.213132513122517 ], [ 4.403876928824551, 51.213655149996313 ], [ 4.404709786712139, 51.214128790205962 ], [ 4.405612567158736, 51.214548870808265 ], [ 4.406576574443951, 51.214911344727362 ], [ 4.407592522297033, 51.215212719786798 ], [ 4.408650623419181, 51.215450092393276 ], [ 4.409740683862246, 51.215621175545188 ], [ 4.410852201350269, 51.215724320895454 ], [ 4.411974466591221, 51.215758534653574 ], [ 4.413096666596769, 51.215723487173541 ], [ 4.414207989007997, 51.215619516134254 ], [ 4.41529772641502, 51.21544762328152 ], [ 4.416355379658485, 51.21520946476361 ], [ 4.417370759111098, 51.214907335153612 ], [ 4.418334082957236, 51.214544145313994 ], [ 4.41923607151851, 51.214123394317653 ], [ 4.420068036712178, 51.213649135697729 ], [ 4.420821965777425, 51.213125938353436 ], [ 4.42149059846107, 51.212558842490239 ], [ 4.42206749691864, 51.21195331102107 ], [ 4.422547107658371, 51.211315176899106 ], [ 4.422924814933737, 51.210650586891134 ], [ 4.423196985073817, 51.209965942335309 ], [ 4.423361001329237, 51.209267837455279 ], [ 4.423415288903823, 51.208562995826576 ] ] ] } },
{ "type": "Feature", "properties": { "stop_id": "osm-12395919696", "name": "Hermans", "lines": "A9", "line_count": 1, "source": "osm-overpass", "buffer_m": 800 }, "geometry": { "type": "Polygon", "coordinates": [ [ [ 4.485337210582135, 51.230274399451801 ], [ 4.485280289443972, 51.22956964478626 ], [ 4.485113623699017, 51.228871786295471 ], [ 4.484838823196355, 51.228187544287522 ], [ 4.484458538804728, 51.227523507658496 ], [ 4.483976436714599, 51.226886070465774 ], [ 4.483397162983104, 51.226281370387312 ], [ 4.482726298668995, 51.225715229658185 ], [ 4.481970305994323, 51.225193099051552 ], [ 4.481136466054766, 51.224720005441156 ], [ 4.480232808680602, 51.22430050344866 ], [ 4.47926803512449, 51.223938631638717 ], [ 4.47825143431985, 51.223637873682016 ], [ 4.477192793514192, 51.223401124857439 ], [ 4.476102304134512, 51.223230664214491 ], [ 4.474990463786679, 51.223128132662147 ], [ 4.47386797532688, 51.223094517193601 ], [ 4.472745643970642, 51.22313014139803 ], [ 4.471634273423288, 51.223234662349782 ], [ 4.470544562024838, 51.223407073905122 ], [ 4.469486999902197, 51.223645716374477 ], [ 4.468471768112132, 51.223948292478262 ], [ 4.467508640739808, 51.224311889433487 ], [ 4.46660689089012, 51.224733006959561 ], [ 4.46577520147248, 51.225207590935781 ], [ 4.465021581634823, 51.225731072388463 ], [ 4.46435328964947, 51.226298411433525 ], [ 4.463776762992808, 51.226904145754851 ], [ 4.463297556292902, 51.227542443152899 ], [ 4.462920287744729, 51.228207157659838 ], [ 4.462648594512628, 51.228891888683208 ], [ 4.462485097554085, 51.229590042609665 ], [ 4.462431376209318, 51.230294896277378 ], [ 4.46248795280793, 51.230999661706846 ], [ 4.462654287447836, 51.231697551467064 ], [ 4.462928783004136, 51.232381844048227 ], [ 4.463308800326999, 51.233045948610709 ], [ 4.463790683489264, 51.233683468486561 ], [ 4.464369794847072, 51.234288262820343 ], [ 4.465040559581604, 51.234854505754782 ], [ 4.465796519297595, 51.235376742589025 ], [ 4.466630394165949, 51.235849942367068 ], [ 4.467534153014097, 51.236269546387284 ], [ 4.468499090689791, 51.236631512164138 ], [ 4.46951591195259, 51.236932352415863 ], [ 4.470574821082902, 51.237169168701044 ], [ 4.471665616342164, 51.237339679377691 ], [ 4.47277778836972, 51.23744224161404 ], [ 4.473900621563126, 51.237475867237734 ], [ 4.47502329745893, 51.23744023226935 ], [ 4.476134999111343, 51.237335680048169 ], [ 4.477225015456169, 51.23716321791963 ], [ 4.478282844647576, 51.236924507516818 ], [ 4.479298295365501, 51.236621848729882 ], [ 4.480261585111503, 51.236258157519359 ], [ 4.481163434540756, 51.235836937788015 ], [ 4.481995156917061, 51.235362247584142 ], [ 4.482748741825904, 51.234838659963827 ], [ 4.483416932337262, 51.234271218891038 ], [ 4.48399329487433, 51.233665390602773 ], [ 4.484472281116072, 51.233027010909701 ], [ 4.484849281339596, 51.232362228942172 ], [ 4.485120668692124, 51.231677447885126 ], [ 4.485283833970955, 51.230979263274669 ], [ 4.485337210582135, 51.230274399451801 ] ] ] } },
{ "type": "Feature", "properties": { "stop_id": "osm-1724434032", "name": "Hermans", "lines": "A9", "line_count": 1, "source": "osm-overpass", "buffer_m": 800 }, "geometry": { "type": "Polygon", "coordinates": [ [ [ 4.486396215666878, 51.230703096902019 ], [ 4.486339277995851, 51.229998342865656 ], [ 4.486172594866031, 51.229300485985476 ], [ 4.485897776293972, 51.228616246554111 ], [ 4.48551747332245, 51.227952213442762 ], [ 4.485035352320844, 51.227314780674867 ], [ 4.484456059528363, 51.226710085885756 ], [ 4.483785176187246, 51.226143951259544 ], [ 4.483029164702672, 51.225621827510594 ], [ 4.48219530635134, 51.225148741446574 ], [ 4.481291631140691, 51.224729247616494 ], [ 4.480326840494995, 51.224367384506444 ], [ 4.479310223512084, 51.224066635703267 ], [ 4.47825156759511, 51.223829896397781 ], [ 4.477161064316435, 51.223659445547803 ], [ 4.476049211415637, 51.223556923968047 ], [ 4.474926711869665, 51.223523318555735 ], [ 4.473804371000706, 51.223558952803195 ], [ 4.472692992605623, 51.223663483688149 ], [ 4.471603275099963, 51.223835904971203 ], [ 4.470545708669439, 51.224074556869134 ], [ 4.469530474412319, 51.22437714201164 ], [ 4.468567346437584, 51.224740747528664 ], [ 4.467665597856009, 51.225161873057182 ], [ 4.466833911564907, 51.225636464399535 ], [ 4.466080296682235, 51.226159952510997 ], [ 4.465412011432739, 51.226727297443389 ], [ 4.464835493228109, 51.227333036823929 ], [ 4.464356296615174, 51.227971338404281 ], [ 4.463979039691939, 51.228636056176327 ], [ 4.463707359510948, 51.229320789516144 ], [ 4.463543876904141, 51.230018944788029 ], [ 4.463490171073661, 51.230723798817195 ], [ 4.463546764199799, 51.231428563620568 ], [ 4.463713116221377, 51.232126451773141 ], [ 4.463987629846141, 51.232810741780554 ], [ 4.464367665750273, 51.233474842827938 ], [ 4.464849567827641, 51.234112358281102 ], [ 4.465428698252174, 51.23471714732726 ], [ 4.466099482021343, 51.235283384159949 ], [ 4.466855460556459, 51.235805614137107 ], [ 4.46768935384706, 51.23627880636878 ], [ 4.468593130543002, 51.236698402225969 ], [ 4.469558085319998, 51.237060359301786 ], [ 4.470574922772741, 51.23736119039831 ], [ 4.471633847025552, 51.237597997162247 ], [ 4.472724656194064, 51.23776849804333 ], [ 4.473836840783531, 51.237871050304278 ], [ 4.47495968507039, 51.237904665868768 ], [ 4.476082370484256, 51.237869020854269 ], [ 4.477194079987596, 51.237764458696894 ], [ 4.478284102440556, 51.237591986837828 ], [ 4.479341935938473, 51.237353267003854 ], [ 4.480357389119827, 51.237050599176058 ], [ 4.481320679462503, 51.236686899402009 ], [ 4.482222527616013, 51.236265671667013 ], [ 4.483054246856557, 51.235790974096453 ], [ 4.483807826799946, 51.235267379817351 ], [ 4.484476010564132, 51.234699932857829 ], [ 4.485052364637451, 51.234094099511509 ], [ 4.485531340780552, 51.233455715637838 ], [ 4.485908329367954, 51.23279093040734 ], [ 4.486179703659115, 51.232106147036383 ], [ 4.486342854577269, 51.231407961083328 ], [ 4.486396215666878, 51.230703096902019 ] ] ] } },
{ "type": "Feature", "properties": { "stop_id": "osm-2216116275", "name": "Hof Savelkoul", "lines": "A3", "line_count": 1, "source": "osm-overpass", "buffer_m": 800 }, "geometry": { "type": "Polygon", "coordinates": [ [ [ 4.489229527607129, 51.167985421596832 ], [ 4.489172623669285, 51.167280651894167 ], [ 4.4890061221315, 51.16658278215256 ], [ 4.488731631248584, 51.165898532788582 ], [ 4.488351798895521, 51.165234492769343 ], [ 4.487870286898816, 51.164597056185116 ], [ 4.487291735623873, 51.163992360708406 ], [ 4.486621719165102, 51.163426228530497 ], [ 4.485866691574929, 51.162904110342751 ], [ 4.485033924652961, 51.162431032899946 ], [ 4.48413143789656, 51.162011550668772 ], [ 4.483167921288087, 51.161649702024185 ], [ 4.482152651661715, 51.161348970414444 ], [ 4.481095403453038, 51.161112250865294 ], [ 4.480006354687558, 51.160941822144878 ], [ 4.478895989108731, 51.160839324855132 ], [ 4.477774995382492, 51.160805745659673 ], [ 4.476654164342448, 51.160841407798571 ], [ 4.475544285258336, 51.16094596798095 ], [ 4.474456042119423, 51.16111841968516 ], [ 4.473399910924436, 51.161357102834849 ], [ 4.4723860589601, 51.161659719758369 ], [ 4.471424247031921, 51.162023357279203 ], [ 4.470523735583043, 51.16244451472555 ], [ 4.46969319560073, 51.1629191375918 ], [ 4.468940625165017, 51.163442656528908 ], [ 4.468273272441096, 51.164010031291284 ], [ 4.467697565856367, 51.164615799218076 ], [ 4.467219052135317, 51.165254127785488 ], [ 4.466842342791105, 51.165918870724866 ], [ 4.466571069592664, 51.166603627169415 ], [ 4.466407849440828, 51.167301803260528 ], [ 4.466354258997439, 51.168006675622593 ], [ 4.466410819318254, 51.168711456095771 ], [ 4.466576990644673, 51.169409357104158 ], [ 4.466851177411714, 51.170093657029604 ], [ 4.467230743431402, 51.170757764961984 ], [ 4.467712037112267, 51.171395284201118 ], [ 4.468290426478665, 51.17200007389814 ], [ 4.468960343658237, 51.172566308240931 ], [ 4.469715338413807, 51.173088532611963 ], [ 4.470548140207579, 51.173561716175897 ], [ 4.471450728202094, 51.17398130038795 ], [ 4.472414408524465, 51.174343242954016 ], [ 4.473429898049083, 51.174644056816497 ], [ 4.474487413889793, 51.174880843788721 ], [ 4.475576767736142, 51.175051322511543 ], [ 4.476687464120583, 51.175153850461435 ], [ 4.477808801664511, 51.175187439796517 ], [ 4.478929976321596, 51.175151766887126 ], [ 4.480040185617089, 51.175047175437953 ], [ 4.481128732871884, 51.174874673172241 ], [ 4.482185130400253, 51.174635922109459 ], [ 4.483199200680423, 51.174333222531011 ], [ 4.484161174517141, 51.173969490789894 ], [ 4.485061785245202, 51.173548231178657 ], [ 4.485892358062103, 51.173073502129114 ], [ 4.486644893625993, 51.172549877070821 ], [ 4.487312145111788, 51.171982400327607 ], [ 4.487887687982612, 51.171376538479322 ], [ 4.488365981805409, 51.170738127659192 ], [ 4.488742423517595, 51.170073317296719 ], [ 4.489013391635176, 51.169388510849764 ], [ 4.489176280981411, 51.168690304098533 ], [ 4.489229527607129, 51.167985421596832 ] ] ] } },
{ "type": "Feature", "properties": { "stop_id": "osm-2216116282", "name": "Hof Savelkoul", "lines": "A3", "line_count": 1, "source": "osm-overpass", "buffer_m": 800 }, "geometry": { "type": "Polygon", "coordinates": [ [ [ 4.489519329640873, 51.16799399353129 ], [ 4.489462421317439, 51.167289223970556 ], [ 4.489295915416904, 51.166591354639792 ], [ 4.489021420236091, 51.165907105951575 ], [ 4.488641583691355, 51.165243066866552 ], [ 4.488160067649546, 51.164605631465932 ], [ 4.487581512514999, 51.164000937410833 ], [ 4.486911492419259, 51.16343480687884 ], [ 4.486156461449739, 51.162912690545483 ], [ 4.485323691438553, 51.162439615147683 ], [ 4.484421201912776, 51.162020135132373 ], [ 4.483457682881403, 51.161658288853253 ], [ 4.482442411201906, 51.161357559735769 ], [ 4.481385161329619, 51.161120842781642 ], [ 4.480296111306037, 51.160950416734089 ], [ 4.47918574488672, 51.160847922169289 ], [ 4.47806475074568, 51.160814345724624 ], [ 4.476943919720512, 51.1608500106137 ], [ 4.47583404108081, 51.160954573519135 ], [ 4.474745798811579, 51.161127027893095 ], [ 4.473689668903178, 51.161365713633522 ], [ 4.472675818629971, 51.161668333043849 ], [ 4.471714008781203, 51.162031972923565 ], [ 4.470813499780025, 51.162453132578193 ], [ 4.469982962590172, 51.162927757480844 ], [ 4.469230395264815, 51.163451278262919 ], [ 4.468563045939234, 51.164018654660936 ], [ 4.467987343008144, 51.164624423998426 ], [ 4.467508833160871, 51.165262753737906 ], [ 4.467132127873308, 51.165927497599469 ], [ 4.466860858875338, 51.166612254707438 ], [ 4.466697643027365, 51.167310431196761 ], [ 4.466644056949798, 51.168015303688001 ], [ 4.466700621656352, 51.16872008402008 ], [ 4.466866797346189, 51.169417984618427 ], [ 4.467140988412292, 51.170102283868829 ], [ 4.46752055862527, 51.170766390867655 ], [ 4.468001856353247, 51.171403908923708 ], [ 4.468580249581572, 51.172008697199523 ], [ 4.469250170400663, 51.172574929896619 ], [ 4.47000516853825, 51.173097152413376 ], [ 4.470837973423934, 51.173570333932247 ], [ 4.47174056419044, 51.173989915928189 ], [ 4.472704246938144, 51.174351856128389 ], [ 4.473719738518048, 51.174652667498108 ], [ 4.474777256024169, 51.174889451874641 ], [ 4.475866611129993, 51.175059927923868 ], [ 4.476977308355825, 51.175162453148019 ], [ 4.478098646314939, 51.175196039731489 ], [ 4.479219820957001, 51.175160364071068 ], [ 4.480330029807415, 51.175055769898037 ], [ 4.481418576191363, 51.174883264961856 ], [ 4.482474972431526, 51.174644511307669 ], [ 4.48348904101856, 51.174341809241909 ], [ 4.484451012773543, 51.173978075141477 ], [ 4.485351621051357, 51.173556813321731 ], [ 4.486182191073128, 51.173082082235709 ], [ 4.486934723523968, 51.172558455332549 ], [ 4.487601971608805, 51.1719909769539 ], [ 4.488177510823561, 51.171385113695322 ], [ 4.48865580077042, 51.170746701703642 ], [ 4.489032238424153, 51.170081890419624 ], [ 4.489303202339888, 51.16939708331001 ], [ 4.489466087381362, 51.168698876161351 ], [ 4.489519329640873, 51.16799399353129 ] ] ] } },
{ "type": "Feature", "properties": { "stop_id": "osm-5319008619", "name": "Hof Ter Lo", "lines": "10", "line_count": 1, "source": "osm-overpass", "buffer_m": 800 }, "geometry": { "type": "Polygon", "coordinates": [ [ [ 4.460810044031579, 51.218176474544613 ], [ 4.460753508352489, 51.217471704760236 ], [ 4.4605872529049, 51.216773808424257 ], [ 4.460312883584994, 51.216089506210274 ], [ 4.459933047108272, 51.215425387595232 ], [ 4.459451405351641, 51.214787847426841 ], [ 4.458872599939881, 51.214183024375529 ], [ 4.458202207423267, 51.213616741861273 ], [ 4.457446685482594, 51.213094452023107 ], [ 4.456613310683147, 51.21262118326851 ], [ 4.455710108379185, 51.212201491905859 ], [ 4.454745775444692, 51.211839418323422 ], [ 4.453729596573794, 51.211538448134654 ], [ 4.452671354954724, 51.211301478661809 ], [ 4.451581238174184, 51.211130791078652 ], [ 4.450469740253534, 51.211028028478879 ], [ 4.449347560754626, 51.210994180079865 ], [ 4.448225501920411, 51.211029571713055 ], [ 4.44711436483392, 51.211133862691575 ], [ 4.446024845588325, 51.211306049085366 ], [ 4.444967432460717, 51.211544473372413 ], [ 4.443952305072858, 51.211846840373461 ], [ 4.442989236503549, 51.212210239318537 ], [ 4.442087499289687, 51.212631171833387 ], [ 4.441255776216597, 51.213105585578759 ], [ 4.440502076753292, 51.21362891322002 ], [ 4.439833659935403, 51.214196116354451 ], [ 4.439256964437625, 51.214801733974994 ], [ 4.43877754650992, 51.215439935006287 ], [ 4.438400026377326, 51.216104574409194 ], [ 4.438128043622989, 51.216789252315202 ], [ 4.437964221988817, 51.217487375623392 ], [ 4.437910143938413, 51.218192221467739 ], [ 4.437966335233752, 51.218897001945066 ], [ 4.438132259681188, 51.219594929480444 ], [ 4.438406324104678, 51.220279282201325 ], [ 4.438785893505726, 51.22094346868986 ], [ 4.439267316270987, 51.221581091489924 ], [ 4.439845959191403, 51.222186008755635 ], [ 4.440516251961145, 51.22275239344642 ], [ 4.441271740732638, 51.223274789496614 ], [ 4.442105150215274, 51.223748164417152 ], [ 4.443008453721935, 51.224167957819681 ], [ 4.443972950489472, 51.224530125394629 ], [ 4.444989349527756, 51.22483117791645 ], [ 4.446047859187639, 51.22506821489889 ], [ 4.447138281581764, 51.225238952573818 ], [ 4.448250110944204, 51.225341745922542 ], [ 4.449372634975996, 51.225375604546009 ], [ 4.450495038193974, 51.225340202219897 ], [ 4.451606506280635, 51.225235880041978 ], [ 4.452696330422654, 51.22506364314124 ], [ 4.45375401062594, 51.224825150980756 ], [ 4.454769357005164, 51.224522701348008 ], [ 4.45573258806581, 51.224159208188524 ], [ 4.456634425026526, 51.223738173497139 ], [ 4.457466181268782, 51.223263653539732 ], [ 4.458219846048882, 51.22274021973255 ], [ 4.458888161664059, 51.222172914558229 ], [ 4.459464693328782, 51.221567202945202 ], [ 4.459943891089098, 51.220928919580842 ], [ 4.460321143180883, 51.220264212668354 ], [ 4.460592820321646, 51.219579484670568 ], [ 4.460756310514039, 51.218881330613442 ], [ 4.460810044031579, 51.218176474544613 ] ] ] } },
{ "type": "Feature", "properties": { "stop_id": "osm-5319008620", "name": "Hof Ter Lo", "lines": "10", "line_count": 1, "source": "osm-overpass", "buffer_m": 800 }, "geometry": { "type": "Polygon", "coordinates": [ [ [ 4.461592864308334, 51.218259598735528 ], [ 4.461536316697242, 51.217554829348465 ], [ 4.461370049237828, 51.216856934136054 ], [ 4.461095667941938, 51.216172633760998 ], [ 4.460715819640379, 51.215508517682515 ], [ 4.460234166323882, 51.214870980723859 ], [ 4.459655349728487, 51.21426616152452 ], [ 4.458984946512086, 51.213699883467356 ], [ 4.458229414458425, 51.213177598648528 ], [ 4.457396030230075, 51.212704335427063 ], [ 4.456492819271999, 51.212284650058123 ], [ 4.455528478541424, 51.211922582872276 ], [ 4.454512292807446, 51.211621619421351 ], [ 4.453454045324308, 51.211384656962736 ], [ 4.452363923735099, 51.211213976602728 ], [ 4.451252422107433, 51.211111221365385 ], [ 4.450130240038806, 51.211077380397292 ], [ 4.449008179796896, 51.211112779458325 ], [ 4.44789704247828, 51.211217077790131 ], [ 4.446807524178381, 51.211389271391845 ], [ 4.445750113165216, 51.211627702672047 ], [ 4.444734989040235, 51.211930076384235 ], [ 4.443771924850891, 51.212293481693749 ], [ 4.44287019309198, 51.212714420165092 ], [ 4.442038476496385, 51.213188839401639 ], [ 4.441284784470848, 51.213712172015896 ], [ 4.440616375979472, 51.214279379557254 ], [ 4.440039689616865, 51.21488500097616 ], [ 4.43956028154512, 51.215523205160721 ], [ 4.439182771894447, 51.216187847041354 ], [ 4.438910800147124, 51.216872526725716 ], [ 4.438746989939121, 51.217570651095691 ], [ 4.43869292362405, 51.218275497275023 ], [ 4.438749126850895, 51.218980277357254 ], [ 4.438915063311109, 51.219678203771252 ], [ 4.439189139712948, 51.220362554655217 ], [ 4.43956872094252, 51.22102673860897 ], [ 4.44005015527252, 51.22166435820079 ], [ 4.440628809382435, 51.222269271615637 ], [ 4.441299112858599, 51.222835651850019 ], [ 4.442054611750229, 51.223358042881195 ], [ 4.442888030669149, 51.223831412268396 ], [ 4.443791342837262, 51.224251199676594 ], [ 4.444755847407897, 51.224613360853951 ], [ 4.445772253315675, 51.224914406636543 ], [ 4.446830768845203, 51.225151436603028 ], [ 4.447921196052511, 51.225322167052894 ], [ 4.449033029125256, 51.225424953037034 ], [ 4.450155555728692, 51.225458804227358 ], [ 4.451277960354866, 51.225423394471157 ], [ 4.452389428672697, 51.225319064937779 ], [ 4.453479251866653, 51.225146820827099 ], [ 4.454536929951806, 51.224908321671656 ], [ 4.455552273063281, 51.224605865326332 ], [ 4.456515499738098, 51.224242365801302 ], [ 4.457417331237234, 51.223821325152734 ], [ 4.458249080994847, 51.22334679970384 ], [ 4.459002738329795, 51.222823360923833 ], [ 4.45967104561112, 51.22225605134323 ], [ 4.460247568133658, 51.221650335932843 ], [ 4.460726756031598, 51.221012049416608 ], [ 4.461103997635887, 51.220347340028084 ], [ 4.46137566376512, 51.219662610253884 ], [ 4.461539142528055, 51.218964455137098 ], [ 4.461592864308334, 51.218259598735528 ] ] ] } },
{ "type": "Feature", "properties": { "stop_id": "osm-5670762000", "name": "IJzerlaan", "lines": "1", "line_count": 1, "source": "osm-overpass", "buffer_m": 800 }, "geometry": { "type": "Polygon", "coordinates": [ [ [ 4.431984590603601, 51.23544806629026 ], [ 4.431928469794053, 51.234743287566268 ], [ 4.431762584308212, 51.234045355491141 ], [ 4.431488536483996, 51.233360991083757 ], [ 4.431108969945815, 51.232696784420959 ], [ 4.430627543976225, 51.232059131199222 ], [ 4.430048898127197, 51.231454171178342 ], [ 4.42937860741748, 51.230887729097809 ], [ 4.428623128552184, 51.230365258633505 ], [ 4.427789737685957, 51.229891789932395 ], [ 4.426886460331273, 51.229471881228164 ], [ 4.425921994087517, 51.22910957500163 ], [ 4.424905624934316, 51.228808359106033 ], [ 4.423847137893064, 51.228571133229046 ], [ 4.422756722913605, 51.228400181012688 ], [ 4.421644876887678, 51.228297148098051 ], [ 4.420522302727153, 51.228263026304646 ], [ 4.419399806472495, 51.228298144095625 ], [ 4.418288193415268, 51.228402163420171 ], [ 4.417198164227847, 51.228574082963355 ], [ 4.416140212093256, 51.228812247772098 ], [ 4.415124521818877, 51.229114365165266 ], [ 4.414160871899091, 51.229477526776122 ], [ 4.413258540464361, 51.22989823651568 ], [ 4.41242621601791, 51.230372444189939 ], [ 4.41167191381611, 51.230895584448938 ], [ 4.411002898695793, 51.231462620694828 ], [ 4.410425615091014, 51.232068093528319 ], [ 4.409945624913865, 51.232706173269158 ], [ 4.409567553899812, 51.233370716047183 ], [ 4.409295046937694, 51.234055322925499 ], [ 4.409130732819268, 51.234753401488327 ], [ 4.409076198753441, 51.23545822930177 ], [ 4.409131974897176, 51.236163018637498 ], [ 4.409297529059014, 51.236860981836472 ], [ 4.409571271633634, 51.23754539668375 ], [ 4.409950570727201, 51.238209671164107 ], [ 4.410431777334899, 51.23884740697487 ], [ 4.411010260334711, 51.239452461182417 ], [ 4.411680450966097, 51.240019005427662 ], [ 4.4124358963699, 51.240541582108619 ], [ 4.413269321677382, 51.241015156996511 ], [ 4.414172700052506, 51.241435167776949 ], [ 4.415137330013733, 51.241797568046337 ], [ 4.416153919289868, 51.242098866337415 ], [ 4.417212674400309, 51.242336159796182 ], [ 4.418303395093468, 51.242507162183408 ], [ 4.419415572729203, 51.242610225929973 ], [ 4.420538491652056, 51.242644358031548 ], [ 4.421661332572544, 51.242609229628826 ], [ 4.422773276953785, 51.242505179180419 ], [ 4.423863611390811, 51.242333209197326 ], [ 4.424921830970022, 51.24209497657106 ], [ 4.425937740606289, 51.241792776588838 ], [ 4.426901553375281, 51.241429520791357 ], [ 4.427803984888325, 51.241008708887072 ], [ 4.428636342796253, 51.240534394996139 ], [ 4.429390610556786, 51.240011148550337 ], [ 4.430059524656647, 51.239444010228276 ], [ 4.430636644543945, 51.238838443351952 ], [ 4.431116414598161, 51.238200281215612 ], [ 4.431494217543028, 51.237535670855813 ], [ 4.431766418791453, 51.236851013806643 ], [ 4.431930401300089, 51.236152904411874 ], [ 4.431984590603601, 51.23544806629026 ] ] ] } },
{ "type": "Feature", "properties": { "stop_id": "osm-5670762001", "name": "IJzerlaan", "lines": "1", "line_count": 1, "source": "osm-overpass", "buffer_m": 800 }, "geometry": { "type": "Polygon", "coordinates": [ [ [ 4.43202170181617, 51.235900662702058 ], [ 4.431965579900525, 51.235195884122149 ], [ 4.431799692248322, 51.23449795222426 ], [ 4.431525641218438, 51.233813588025534 ], [ 4.431146070466232, 51.233149381600818 ], [ 4.430664639314921, 51.232511728644305 ], [ 4.430085987366433, 51.231906768913198 ], [ 4.429415689698303, 51.231340327144224 ], [ 4.428660203082671, 51.230817857010251 ], [ 4.427826803748832, 51.230344388655041 ], [ 4.426923517290796, 51.229924480308945 ], [ 4.425959041395587, 51.229562174449349 ], [ 4.424942662135719, 51.229260958925963 ], [ 4.423884164629869, 51.229023733422814 ], [ 4.422793738928571, 51.228852781578397 ], [ 4.421681882026737, 51.228749749030193 ], [ 4.420559296940887, 51.228715627594141 ], [ 4.4194367898166, 51.22875074572999 ], [ 4.418325166050029, 51.228854765383609 ], [ 4.417235126416593, 51.22902668523691 ], [ 4.416177164199835, 51.229264850333792 ], [ 4.415161464304163, 51.229566967990372 ], [ 4.414197805316556, 51.229930129837385 ], [ 4.413295465454769, 51.230350839783569 ], [ 4.412463133303151, 51.230825047632941 ], [ 4.411708824192278, 51.231348188033863 ], [ 4.411039803025537, 51.231915224387137 ], [ 4.410462514295245, 51.232520697292401 ], [ 4.409982519962907, 51.233158777068759 ], [ 4.409604445804066, 51.233823319845669 ], [ 4.409331936737931, 51.234507926686291 ], [ 4.409167621576604, 51.235206005175151 ], [ 4.409113087539136, 51.235910832879128 ], [ 4.409168864782312, 51.236615622070929 ], [ 4.409334421104179, 51.237313585092885 ], [ 4.409608166878705, 51.237997999731725 ], [ 4.40998747018132, 51.23866227397432 ], [ 4.410468681966744, 51.239300009520178 ], [ 4.411047171063161, 51.239905063438265 ], [ 4.411717368651349, 51.240471607372321 ], [ 4.41247282180518, 51.240994183723281 ], [ 4.413306255581285, 51.241467758265614 ], [ 4.414209643062052, 51.241887768688173 ], [ 4.415174282678219, 51.24225016859085 ], [ 4.416190882065557, 51.24255146650993 ], [ 4.417249647646024, 51.242788759594958 ], [ 4.418340379067122, 51.242959761610315 ], [ 4.419452567585299, 51.243062824990467 ], [ 4.420575497440208, 51.243096956734611 ], [ 4.421698349236985, 51.243061827986885 ], [ 4.422810304333905, 51.242957777209178 ], [ 4.423900649222707, 51.242785806915755 ], [ 4.42495887888906, 51.242547574001044 ], [ 4.425974798150611, 51.242245373755097 ], [ 4.426938619990285, 51.241882117721097 ], [ 4.427841059932002, 51.241461305609853 ], [ 4.428673425545401, 51.240986991543444 ], [ 4.429427700213995, 51.240463744955427 ], [ 4.430096620357985, 51.23989660652569 ], [ 4.430673745367314, 51.239291039577338 ], [ 4.431153519572181, 51.238652877405286 ], [ 4.431531325656407, 51.237988267046504 ], [ 4.431803529002751, 51.237303610034942 ], [ 4.431967512547748, 51.236605500714127 ], [ 4.43202170181617, 51.235900662702058 ] ] ] } },
{ "type": "Feature", "properties": { "stop_id": "osm-582900802", "name": "Jan Moorkens", "lines": "7,A3", "line_count": 2, "source": "osm-overpass", "buffer_m": 800 }, "geometry": { "type": "Polygon", "coordinates": [ [ [ 4.439763115384137, 51.187074512380647 ], [ 4.439706935277171, 51.186369724090767 ], [ 4.439541105424608, 51.185671789804296 ], [ 4.439267227618401, 51.184987430561222 ], [ 4.438887943835991, 51.184323236388614 ], [ 4.438406910628207, 51.183685602862717 ], [ 4.437828763757159, 51.183080669553881 ], [ 4.437159073430391, 51.182514260944615 ], [ 4.436404290567014, 51.181991830388867 ], [ 4.435571684616766, 51.181518407649662 ], [ 4.434669273532948, 51.181098550518684 ], [ 4.433705746574298, 51.180736300980605 ], [ 4.432690380678577, 51.180435146343392 ], [ 4.431632951211029, 51.180197985705227 ], [ 4.430543637943812, 51.180027102080544 ], [ 4.429432927167207, 51.179924140450339 ], [ 4.4283115108696, 51.179890091948053 ], [ 4.42719018395078, 51.179925284331389 ], [ 4.426079740451353, 51.180029378831435 ], [ 4.424990869790395, 51.180201373409481 ], [ 4.423934054003288, 51.180439612389762 ], [ 4.422919466962409, 51.180741802376829 ], [ 4.421956876544741, 51.181105034304636 ], [ 4.42105555068295, 51.181525811406694 ], [ 4.420224168200026, 51.182000082839899 ], [ 4.419470735282755, 51.182523282639735 ], [ 4.418802508396313, 51.183090373634457 ], [ 4.418225924381611, 51.18369589589684 ], [ 4.417746538409348, 51.184334019270089 ], [ 4.417368970390416, 51.184998599463214 ], [ 4.4170968603622, 51.185683237178417 ], [ 4.41693283328514, 51.1863813397024 ], [ 4.416878473594192, 51.187086184370088 ], [ 4.416934309756803, 51.187790983290441 ], [ 4.417099808993115, 51.188488948711864 ], [ 4.417373382216573, 51.189173358397795 ], [ 4.417752399154682, 51.189837620382754 ], [ 4.418233213511283, 51.190475336484432 ], [ 4.418811197934603, 51.191080363959188 ], [ 4.419480788459866, 51.191646874705725 ], [ 4.420235538003283, 51.192169411445064 ], [ 4.421068178395579, 51.192642940333549 ], [ 4.421970690359873, 51.193062899500305 ], [ 4.42293438076064, 51.193425243039442 ], [ 4.423949966379134, 51.193726480030605 ], [ 4.42500766340629, 51.193963708210738 ], [ 4.42609728178778, 51.194134641969924 ], [ 4.427208323507956, 51.194237634400388 ], [ 4.428330083860452, 51.194271693185144 ], [ 4.429451754723645, 51.19423649017132 ], [ 4.430562528839335, 51.19413236453633 ], [ 4.43165170408305, 51.193960319515433 ], [ 4.432708786714462, 51.193722012722802 ], [ 4.433723592606521, 51.193419740159953 ], [ 4.434686345471909, 51.193056414066227 ], [ 4.435587771135189, 51.192635534826877 ], [ 4.43641918693806, 51.192161157210109 ], [ 4.437172585413262, 51.191637851260971 ], [ 4.437840711419217, 51.191070658230494 ], [ 4.438417131991794, 51.19046504196703 ], [ 4.438896298241279, 51.189826836239874 ], [ 4.43927359870061, 51.189162188504753 ], [ 4.439545403614559, 51.188477500655075 ], [ 4.439709099748065, 51.187779367330798 ], [ 4.439763115384137, 51.187074512380647 ] ] ] } },
{ "type": "Feature", "properties": { "stop_id": "osm-582900810", "name": "Jan Moorkens", "lines": "7,A3", "line_count": 2, "source": "osm-overpass", "buffer_m": 800 }, "geometry": { "type": "Polygon", "coordinates": [ [ [ 4.441040106008561, 51.185813488696041 ], [ 4.440983908133254, 51.185108700674647 ], [ 4.440818063663509, 51.184410767845208 ], [ 4.440544174531739, 51.183726411233657 ], [ 4.440164882824145, 51.183062220841677 ], [ 4.439683845167553, 51.182424592209102 ], [ 4.439105697366624, 51.181819664859056 ], [ 4.438436009637573, 51.181253263216732 ], [ 4.437681232874255, 51.180730840568934 ], [ 4.436848636467468, 51.180257426602594 ], [ 4.435946238278454, 51.179837579024806 ], [ 4.434982727441689, 51.179475339728413 ], [ 4.433967380739642, 51.179174195922627 ], [ 4.432909973352754, 51.17893704660154 ], [ 4.431820684840634, 51.178766174670535 ], [ 4.430710001255313, 51.178663224998033 ], [ 4.429588614323519, 51.178629188602422 ], [ 4.428467318662482, 51.178664393124841 ], [ 4.427356908012065, 51.178768499679542 ], [ 4.426268071475297, 51.178940506111715 ], [ 4.425211290759241, 51.179178756631558 ], [ 4.424196739398838, 51.17948095773248 ], [ 4.423234184927751, 51.179844200241405 ], [ 4.422332894932739, 51.180264987289945 ], [ 4.421501547891618, 51.180739267939273 ], [ 4.420748149650047, 51.181262476136069 ], [ 4.420079956339394, 51.181829574627677 ], [ 4.419503404477305, 51.182435103414704 ], [ 4.419024048924861, 51.183073232277451 ], [ 4.418646509299946, 51.183737816871997 ], [ 4.418374425366405, 51.184422457858155 ], [ 4.41821042183321, 51.185120562491022 ], [ 4.41815608290837, 51.185825408085194 ], [ 4.418211936859093, 51.186530206740649 ], [ 4.418377450733924, 51.187228170708252 ], [ 4.418651035305028, 51.187912577765459 ], [ 4.419030060190302, 51.188576835972036 ], [ 4.419510879016743, 51.189214547182004 ], [ 4.420088864389222, 51.189819568698844 ], [ 4.420758452333547, 51.190386072478638 ], [ 4.421513195790538, 51.190908601309467 ], [ 4.422345826649349, 51.191382121423828 ], [ 4.423248325724757, 51.191802071035411 ], [ 4.424212000005287, 51.192164404330342 ], [ 4.425227566427411, 51.192465630486979 ], [ 4.426285241366978, 51.192702847346666 ], [ 4.42737483498247, 51.192873769408479 ], [ 4.428485849496909, 51.192976749877474 ], [ 4.429607580466146, 51.193010796551803 ], [ 4.430729220051782, 51.192975581395338 ], [ 4.431839961297126, 51.192871443702451 ], [ 4.432929102394569, 51.192699386824586 ], [ 4.43398614993295, 51.192461068490182 ], [ 4.435000920123501, 51.192158784811888 ], [ 4.435963637023031, 51.191795448136126 ], [ 4.436865026802753, 51.191374558950095 ], [ 4.437696407150181, 51.190900172117765 ], [ 4.438449770939717, 51.190376857772939 ], [ 4.43911786336396, 51.189809657247537 ], [ 4.439694251782275, 51.18920403446198 ], [ 4.440173387614639, 51.188565823248375 ], [ 4.44055065968688, 51.187901171115243 ], [ 4.440822438517056, 51.187216479998305 ], [ 4.440986111121146, 51.186518344568938 ], [ 4.441040106008561, 51.185813488696041 ] ] ] } },
{ "type": "Feature", "properties": { "stop_id": "osm-2201399087", "name": "Joe English", "lines": "24", "line_count": 1, "source": "osm-overpass", "buffer_m": 800 }, "geometry": { "type": "Polygon", "coordinates": [ [ [ 4.460115310688119, 51.212337841744514 ], [ 4.460058792586499, 51.211633070022287 ], [ 4.459892568349249, 51.210935171120212 ], [ 4.459618243570818, 51.210250865736704 ], [ 4.459238464536693, 51.209586743379234 ], [ 4.458756892569671, 51.208949198931656 ], [ 4.458178168621705, 51.208344371105625 ], [ 4.45750786845803, 51.207778083367224 ], [ 4.456752448869758, 51.207255787905844 ], [ 4.455919185436437, 51.206782513183128 ], [ 4.455016102440031, 51.206362815565065 ], [ 4.45405189560598, 51.206000735500183 ], [ 4.453035848414662, 51.205699758664409 ], [ 4.451977742787037, 51.205462782444059 ], [ 4.450887765001153, 51.205292088077861 ], [ 4.449776407740923, 51.205189318724862 ], [ 4.448654369214784, 51.205155463667495 ], [ 4.447532450309291, 51.20519084880123 ], [ 4.446421450761118, 51.205295133501799 ], [ 4.44533206534003, 51.205467313899568 ], [ 4.444274781035374, 51.205705732530177 ], [ 4.443259776229178, 51.206008094268832 ], [ 4.442296822820432, 51.20637148839613 ], [ 4.441395192237477, 51.206792416584186 ], [ 4.440563566238994, 51.207266826535296 ], [ 4.439809953359146, 51.207790150951354 ], [ 4.439141611799496, 51.208357351460613 ], [ 4.438564979509509, 51.208962967081234 ], [ 4.438085612129752, 51.209601166757146 ], [ 4.437708129397593, 51.210265805462171 ], [ 4.437436170534964, 51.210950483334514 ], [ 4.437272359052541, 51.211648607273567 ], [ 4.437218277314936, 51.2123534544073 ], [ 4.437274451118387, 51.213058236820054 ], [ 4.437440344436467, 51.213756166918344 ], [ 4.437714364391763, 51.214440522804992 ], [ 4.438093876412972, 51.215104713031685 ], [ 4.438575229438452, 51.215742340106381 ], [ 4.439153790930049, 51.216347262142087 ], [ 4.439823991365639, 51.216913652052355 ], [ 4.440579377786602, 51.217436053721336 ], [ 4.441412675887998, 51.2179094346059 ], [ 4.442315860055583, 51.218329234260338 ], [ 4.443280230675967, 51.218691408314911 ], [ 4.444296497974558, 51.218992467481712 ], [ 4.445354871571796, 51.219229511210493 ], [ 4.446445154891711, 51.219400255668205 ], [ 4.447556843508884, 51.219503055770815 ], [ 4.448679226481025, 51.219536921054264 ], [ 4.449801489684705, 51.219501525230008 ], [ 4.450912820152061, 51.219397209333167 ], [ 4.452002510396292, 51.219224978432251 ], [ 4.453060061713865, 51.218986491932441 ], [ 4.454075285461602, 51.218684047566676 ], [ 4.455038401326709, 51.218320559229667 ], [ 4.455940131637734, 51.217899528869793 ], [ 4.45677179080351, 51.217425012711061 ], [ 4.457525369015269, 51.21690158213314 ], [ 4.458193609403724, 51.216334279587493 ], [ 4.45877007790737, 51.215728569977202 ], [ 4.459249225179849, 51.215090287970291 ], [ 4.4596264399424, 51.214425581756835 ], [ 4.459898093271006, 51.213740853792942 ], [ 4.460061573396499, 51.213042699104264 ], [ 4.460115310688119, 51.212337841744514 ] ] ] } },
{ "type": "Feature", "properties": { "stop_id": "osm-2201399090", "name": "Joe English", "lines": "24", "line_count": 1, "source": "osm-overpass", "buffer_m": 800 }, "geometry": { "type": "Polygon", "coordinates": [ [ [ 4.459737160078385, 51.212538778368348 ], [ 4.459680647447729, 51.211834006520448 ], [ 4.459514428152891, 51.211136107141236 ], [ 4.459240107740774, 51.210451800933676 ], [ 4.458860332454881, 51.209787677413232 ], [ 4.458378763581975, 51.209150131474935 ], [ 4.457800042044281, 51.208545301844872 ], [ 4.457129743583881, 51.207979012006433 ], [ 4.456374324975546, 51.207456714169247 ], [ 4.455541061789445, 51.2069834368179 ], [ 4.454637978305201, 51.206563736343632 ], [ 4.453673770252996, 51.206201653222458 ], [ 4.452657721124957, 51.205900673159789 ], [ 4.451599612860709, 51.205663693572937 ], [ 4.450509631763694, 51.20549299573311 ], [ 4.449398270549699, 51.205390222832776 ], [ 4.448276227465205, 51.205356364188432 ], [ 4.447154303440635, 51.205391745730196 ], [ 4.446043298261913, 51.205496026868296 ], [ 4.444953906752974, 51.205668203767452 ], [ 4.443896615961731, 51.205906618996927 ], [ 4.442881604332615, 51.206208977464684 ], [ 4.441918643830261, 51.206572368482853 ], [ 4.441017005951262, 51.206993293753413 ], [ 4.440185372524494, 51.207467701006848 ], [ 4.439431752155614, 51.207991022970965 ], [ 4.438763403118259, 51.208558221297665 ], [ 4.438186763433869, 51.209163835026118 ], [ 4.437707388814204, 51.209802033118471 ], [ 4.43732989906634, 51.210466670563832 ], [ 4.437057933479778, 51.211151347512583 ], [ 4.43689411562996, 51.211849470872977 ], [ 4.436840027942849, 51.212554317778547 ], [ 4.436896196272017, 51.213259100315902 ], [ 4.437062084643802, 51.213957030890377 ], [ 4.43733610022849, 51.21464138760016 ], [ 4.437715608496921, 51.215305578989081 ], [ 4.43819695842367, 51.215943207553913 ], [ 4.438775517500484, 51.216548131393289 ], [ 4.439445716228565, 51.217114523403417 ], [ 4.440201101665799, 51.217636927448247 ], [ 4.441034399516765, 51.218110310961713 ], [ 4.441937584169685, 51.218530113472823 ], [ 4.442901956006532, 51.2188922905843 ], [ 4.443918225241019, 51.21919335297882 ], [ 4.444976601474958, 51.219430400075041 ], [ 4.446066888106982, 51.219601148007392 ], [ 4.447178580679762, 51.219703951658474 ], [ 4.448300968212886, 51.21973782052995 ], [ 4.449423236538959, 51.219702428298731 ], [ 4.450534572640747, 51.219598115965354 ], [ 4.451624268977125, 51.219425888563983 ], [ 4.45268182678583, 51.219187405466023 ], [ 4.4536970573611, 51.218884964371725 ], [ 4.454660180324326, 51.218521479144236 ], [ 4.455561917935631, 51.218100451701986 ], [ 4.456393584533483, 51.217625938240907 ], [ 4.457147170237485, 51.217102510114685 ], [ 4.457815418106147, 51.216535209751157 ], [ 4.458391894005888, 51.215929502032367 ], [ 4.458871048519101, 51.215291221608197 ], [ 4.459248270297278, 51.214626516653439 ], [ 4.459519930348841, 51.213941789612164 ], [ 4.459683416839888, 51.213243635501073 ], [ 4.459737160078385, 51.212538778368348 ] ] ] } },
{ "type": "Feature", "properties": { "stop_id": "osm-2216116502", "name": "Kaphaan", "lines": "A3", "line_count": 1, "source": "osm-overpass", "buffer_m": 800 }, "geometry": { "type": "Polygon", "coordinates": [ [ [ 4.485515415952662, 51.168342581292343 ], [ 4.485458567651849, 51.167637809895353 ], [ 4.485292120362059, 51.166939935011804 ], [ 4.485017681815889, 51.166255677107955 ], [ 4.484637899384593, 51.165591625233255 ], [ 4.484156434414274, 51.164954173592285 ], [ 4.483577926817883, 51.16434946000264 ], [ 4.482907950269658, 51.163783306830162 ], [ 4.48215295843816, 51.163261164968375 ], [ 4.481320222779126, 51.162788061400107 ], [ 4.480417762489321, 51.162368550843588 ], [ 4.479454267296676, 51.162006671946571 ], [ 4.478439013829516, 51.161705908448539 ], [ 4.477381776368154, 51.161469155682269 ], [ 4.476292732834835, 51.161298692735656 ], [ 4.4751823669228, 51.161196160540136 ], [ 4.474061367301262, 51.161162546095305 ], [ 4.472940524860576, 51.161198172980598 ], [ 4.471830628980141, 51.161302698244462 ], [ 4.470742363810772, 51.161475115701393 ], [ 4.469686205563049, 51.161713765604752 ], [ 4.468672321783865, 51.16201635060294 ], [ 4.46771047358468, 51.162379957826786 ], [ 4.466809921757477, 51.162801086896216 ], [ 4.465979337677884, 51.163275683578831 ], [ 4.465226719850118, 51.163799178777836 ], [ 4.464559316895288, 51.164366532476123 ], [ 4.4639835577241, 51.164972282215878 ], [ 4.46350498956707, 51.165610595648431 ], [ 4.463128224461276, 51.166275326651075 ], [ 4.462856894712403, 51.166960074472058 ], [ 4.462693617765731, 51.167658245335915 ], [ 4.462639970829999, 51.168363115917579 ], [ 4.462696475505045, 51.16906789807453 ], [ 4.462862592568293, 51.169765804214691 ], [ 4.463136726977562, 51.170450112670764 ], [ 4.463516243049414, 51.171114232450527 ], [ 4.463997489673781, 51.171751766739845 ], [ 4.464575835328628, 51.172356574545013 ], [ 4.465245712563044, 51.172922829879582 ], [ 4.466000671525038, 51.173445077923901 ], [ 4.466833442022033, 51.173918287614647 ], [ 4.467736003518463, 51.174337900155393 ], [ 4.468699662397081, 51.17469987297919 ], [ 4.469715135739201, 51.175000718736953 ], [ 4.470772640814846, 51.175237538934745 ], [ 4.471861989417497, 51.175408051893307 ], [ 4.472972686130269, 51.175510614759283 ], [ 4.474094029571465, 51.17554423935438 ], [ 4.475215215637935, 51.17550860170914 ], [ 4.476325441744925, 51.175404045188642 ], [ 4.477414011051203, 51.175231577179488 ], [ 4.478470435658375, 51.174992859371073 ], [ 4.479484537783508, 51.174690191724522 ], [ 4.480446547924225, 51.174326490285132 ], [ 4.481347199065225, 51.173905259053676 ], [ 4.482177816014306, 51.173430556188492 ], [ 4.482930399004097, 51.17290695486701 ], [ 4.483597700752287, 51.172339499184488 ], [ 4.484173296237494, 51.171733655517976 ], [ 4.484651644519557, 51.171095259825677 ], [ 4.485028142011075, 51.170430461391511 ], [ 4.485299166690626, 51.169745663558615 ], [ 4.485462112836571, 51.169047462024288 ], [ 4.485515415952662, 51.168342581292343 ] ] ] } },
{ "type": "Feature", "properties": { "stop_id": "osm-2216116513", "name": "Kaphaan", "lines": "A3", "line_count": 1, "source": "osm-overpass", "buffer_m": 800 }, "geometry": { "type": "Polygon", "coordinates": [ [ [ 4.483400275098981, 51.16858208613499 ], [ 4.483343458439264, 51.167877313783471 ], [ 4.483177041914877, 51.167179435981907 ], [ 4.482902632962261, 51.166495173224746 ], [ 4.482522878667846, 51.165831114608245 ], [ 4.482041440106989, 51.165193654402003 ], [ 4.481462956938546, 51.164588930506177 ], [ 4.480793002601779, 51.164022765385816 ], [ 4.480038030551627, 51.16350061004961 ], [ 4.479205312053605, 51.163027491610137 ], [ 4.478302866139488, 51.162607964928803 ], [ 4.477339382399016, 51.162246068808656 ], [ 4.476324137350451, 51.161945287155021 ], [ 4.47526690519321, 51.161708515475439 ], [ 4.474177863798602, 51.161538033039832 ], [ 4.473067496839358, 51.161435480967334 ], [ 4.471946492994805, 51.161401846448875 ], [ 4.470825643195945, 51.161437453257065 ], [ 4.469715736892966, 51.161541958633663 ], [ 4.468627458336921, 51.161714356584596 ], [ 4.467571283867136, 51.161952987550961 ], [ 4.466557381186506, 51.162255554363526 ], [ 4.465595511588276, 51.16261914432819 ], [ 4.464694936070235, 51.163040257231032 ], [ 4.463864326235886, 51.163514838995376 ], [ 4.463111680837187, 51.164038320667991 ], [ 4.462444248760499, 51.16460566236217 ], [ 4.461868459196722, 51.165211401735668 ], [ 4.461389859668857, 51.165849706539703 ], [ 4.461013062515901, 51.166514430734679 ], [ 4.460741700352039, 51.167199173634543 ], [ 4.460578390934634, 51.167897341511264 ], [ 4.460524711785105, 51.168602211068624 ], [ 4.460581184813551, 51.169306994174065 ], [ 4.460747271102243, 51.170004903226527 ], [ 4.461021375905514, 51.17068921653064 ], [ 4.461400863825222, 51.171353343047592 ], [ 4.461882084022645, 51.171990885898481 ], [ 4.462460405230503, 51.172595704007165 ], [ 4.463130260233595, 51.173161971288017 ], [ 4.463885199394317, 51.173684232806345 ], [ 4.464717952711081, 51.174157457369105 ], [ 4.465620499814045, 51.174577086036635 ], [ 4.466584147224838, 51.174939076086559 ], [ 4.467599612135444, 51.175239940003941 ], [ 4.468657111897269, 51.175476779119869 ], [ 4.469746458355108, 51.175647311572845 ], [ 4.470857156112825, 51.175749894321655 ], [ 4.471978503778689, 51.175783538996491 ], [ 4.473099697208838, 51.1757479214344 ], [ 4.474209933747524, 51.175643384806904 ], [ 4.475298516452922, 51.17547093630904 ], [ 4.476354957297414, 51.175232237442174 ], [ 4.477369078341478, 51.174929587984941 ], [ 4.478331109900283, 51.174565903807448 ], [ 4.479231784751986, 51.174144688744128 ], [ 4.480062427475747, 51.173670000797642 ], [ 4.480815038055691, 51.173146413001724 ], [ 4.481482368943518, 51.172578969321378 ], [ 4.482057994836963, 51.17197313601811 ], [ 4.482536374502788, 51.171334748950329 ], [ 4.482912904051162, 51.170669957319014 ], [ 4.483183961151799, 51.169985164401751 ], [ 4.483346939770746, 51.16928696584872 ], [ 4.483400275098981, 51.16858208613499 ] ] ] } },
{ "type": "Feature", "properties": { "stop_id": "osm-2119227334", "name": "Karel Meyvis", "lines": "10", "line_count": 1, "source": "osm-overpass", "buffer_m": 800 }, "geometry": { "type": "Polygon", "coordinates": [ [ [ 4.375591760774505, 51.170926026799805 ], [ 4.375536569015342, 51.170221203941253 ], [ 4.37537175603098, 51.169523175574056 ], [ 4.375098913819587, 51.168838663646873 ], [ 4.374720674386289, 51.168174259659594 ], [ 4.374240684227062, 51.167536361211276 ], [ 4.373663569063365, 51.166931110425452 ], [ 4.372994889172803, 51.166364334843436 ], [ 4.372241085750669, 51.165841491354335 ], [ 4.371409418822369, 51.165367613698329 ], [ 4.370507897306802, 51.164947264048088 ], [ 4.369545201904907, 51.164584489130988 ], [ 4.368530601555298, 51.16428278131346 ], [ 4.367473864259416, 51.164045045019648 ], [ 4.366385163131546, 51.16387356880589 ], [ 4.365274978573799, 51.163770003357882 ], [ 4.364153997512582, 51.163735345621653 ], [ 4.363033010660374, 51.163769929219562 ], [ 4.361922808785337, 51.163873421242975 ], [ 4.36083407898036, 51.164044825452763 ], [ 4.359777301923282, 51.164282491856312 ], [ 4.358762651110694, 51.164584132570205 ], [ 4.357799895029275, 51.164946843816452 ], [ 4.356898303201159, 51.165367133841556 ], [ 4.35606655700351, 51.165840956492332 ], [ 4.355312666117666, 51.166363750125853 ], [ 4.354643891410397, 51.166930481482034 ], [ 4.354066674989204, 51.167535694097822 ], [ 4.353586578106, 51.16817356079958 ], [ 4.353208227509303, 51.168837939769737 ], [ 4.352935270765045, 51.169522433650336 ], [ 4.352770340980904, 51.170220451115561 ], [ 4.352715031279613, 51.17092527032198 ], [ 4.352769879273467, 51.171630103626377 ], [ 4.35293436169663, 51.172328162948688 ], [ 4.353206899254215, 51.17301272515062 ], [ 4.353584871648772, 51.173677196800298 ], [ 4.354064642646467, 51.174315177698389 ], [ 4.354641594948102, 51.174920522552938 ], [ 4.35531017453477, 51.175487400207537 ], [ 4.3560639440658, 51.176010349850557 ], [ 4.356895644818202, 51.176484333662316 ], [ 4.357797266573238, 51.176904785390668 ], [ 4.358760124777823, 51.177267654385489 ], [ 4.359774944236929, 51.177569444664911 ], [ 4.360831948528856, 51.177807248635823 ], [ 4.361920954278816, 51.177978775141192 ], [ 4.363031469378234, 51.178082371562539 ], [ 4.364152794198178, 51.178117039763578 ], [ 4.36527412481571, 51.178082445719824 ], [ 4.366384657251963, 51.17797892274131 ], [ 4.367473691710757, 51.177807468256773 ], [ 4.36853073580658, 51.177569734190833 ], [ 4.369545605780695, 51.177268011027103 ], [ 4.370508524724167, 51.176905205712174 ], [ 4.371410216856165, 51.176484813614458 ], [ 4.372241996944902, 51.176010884809799 ], [ 4.372995854006626, 51.17548798502051 ], [ 4.373664528474412, 51.174921151586204 ], [ 4.374241582092907, 51.17431584489271 ], [ 4.374721459866612, 51.173677895729085 ], [ 4.375099543467264, 51.173013449081786 ], [ 4.375372195589444, 51.172328904909612 ], [ 4.375536794831925, 51.171630856471054 ], [ 4.375591760774505, 51.170926026799805 ] ] ] } },
{ "type": "Feature", "properties": { "stop_id": "osm-2119227341", "name": "Karel Meyvis", "lines": "10", "line_count": 1, "source": "osm-overpass", "buffer_m": 800 }, "geometry": { "type": "Polygon", "coordinates": [ [ [ 4.375873149402364, 51.171287699552749 ], [ 4.375817952966757, 51.170582876921728 ], [ 4.375653134497717, 51.169884849042241 ], [ 4.375380286046295, 51.169200337858257 ], [ 4.375002039677763, 51.16853593486244 ], [ 4.374522041954926, 51.167898037644406 ], [ 4.3739449186721, 51.167292788315677 ], [ 4.373276230185087, 51.166726014403658 ], [ 4.372522417771952, 51.166203172781266 ], [ 4.371690741544663, 51.16572929717082 ], [ 4.370789210511626, 51.165308949725166 ], [ 4.36982650546538, 51.164946177150462 ], [ 4.368811895437352, 51.164644471790623 ], [ 4.367755148522112, 51.164406738046168 ], [ 4.366666437926499, 51.164235264448813 ], [ 4.36555624414372, 51.16413170165908 ], [ 4.364435254188942, 51.164097046597448 ], [ 4.363314258860209, 51.164131632860489 ], [ 4.362204049007245, 51.16423512751394 ], [ 4.361115311799708, 51.164406534293306 ], [ 4.36005852798668, 51.164644203181297 ], [ 4.359043871129778, 51.164945846270591 ], [ 4.358081109773868, 51.16530855976027 ], [ 4.357179513491884, 51.165728851875286 ], [ 4.35634776370389, 51.16620267644231 ], [ 4.355593870125836, 51.166725471799971 ], [ 4.354925093650461, 51.167292204671575 ], [ 4.354347876402354, 51.167897418579521 ], [ 4.353867779641458, 51.168535286337637 ], [ 4.353489430115198, 51.169199666118281 ], [ 4.353216475379273, 51.169884160555597 ], [ 4.353051548522112, 51.170582178318455 ], [ 4.352996242638339, 51.171286997560507 ], [ 4.353051095303567, 51.17199183063822 ], [ 4.353215583207043, 51.172689889473659 ], [ 4.353488127001168, 51.173374450933252 ], [ 4.353866106328478, 51.174038921592228 ], [ 4.354345884888414, 51.174676901260796 ], [ 4.354922845308961, 51.175282244658831 ], [ 4.355591433493031, 51.175849120643939 ], [ 4.356345212017141, 51.176372068420555 ], [ 4.357176922071661, 51.176846050186981 ], [ 4.358078553348226, 51.177266499710775 ], [ 4.359041421201992, 51.177629366363021 ], [ 4.360056250344937, 51.177931154184435 ], [ 4.361113264262021, 51.178168955605557 ], [ 4.362202279485678, 51.178340479493912 ], [ 4.363312803816009, 51.178444073256266 ], [ 4.364434137535101, 51.178478738781962 ], [ 4.365555476634229, 51.178444142072237 ], [ 4.36666601705277, 51.178340616462847 ], [ 4.367755058917612, 51.178169159407879 ], [ 4.368812109771866, 51.177931422856688 ], [ 4.369826985791667, 51.177629697316867 ], [ 4.370789910009845, 51.177266889757895 ], [ 4.37169160659476, 51.176846495569791 ], [ 4.372523390271764, 51.176372564848528 ], [ 4.37327725002257, 51.175849663334937 ], [ 4.373945926254403, 51.175282828385171 ], [ 4.374522980694981, 51.174677520399676 ], [ 4.375002858340957, 51.174039570179971 ], [ 4.375380940865375, 51.173375122722661 ], [ 4.375653590973267, 51.172690577994345 ], [ 4.375818187282886, 51.171992529258866 ], [ 4.375873149402364, 51.171287699552749 ] ] ] } },
{ "type": "Feature", "properties": { "stop_id": "osm-2205844982", "name": "Kasteelplein", "lines": "1,10", "line_count": 2, "source": "osm-overpass", "buffer_m": 800 }, "geometry": { "type": "Polygon", "coordinates": [ [ [ 4.413038698393844, 51.208598200725497 ], [ 4.412982896184564, 51.207893405610207 ], [ 4.41281738969882, 51.207195439636983 ], [ 4.412543777619804, 51.206511024152029 ], [ 4.412164699371606, 51.20584674972482 ], [ 4.41168380953147, 51.205209012705311 ], [ 4.411105742486479, 51.204603953661021 ], [ 4.410436067680732, 51.204037398285706 ], [ 4.409681235888619, 51.203514801346813 ], [ 4.408848517035102, 51.203041194209661 ], [ 4.407945930163903, 51.202621136441408 ], [ 4.406982166228782, 51.202258671958468 ], [ 4.405966504450698, 51.201957290138076 ], [ 4.40490872304425, 51.201719892265523 ], [ 4.403819005169679, 51.201548763638819 ], [ 4.402707841011484, 51.201445551597459 ], [ 4.401585926921004, 51.201411249685364 ], [ 4.400464062587822, 51.201446188099546 ], [ 4.399353047223215, 51.201550030515904 ], [ 4.398263575748198, 51.201721777322398 ], [ 4.397206135978577, 51.20195977522868 ], [ 4.396190907790199, 51.202261733160157 ], [ 4.395227665228971, 51.202624744285117 ], [ 4.394325682502733, 51.203045313963187 ], [ 4.393493644755678, 51.203519393348785 ], [ 4.392739564481134, 51.204042418327056 ], [ 4.392070704375566, 51.204609353410156 ], [ 4.391493507376039, 51.205214740172977 ], [ 4.391013534555644, 51.205852749764354 ], [ 4.390635411477081, 51.206517238989946 ], [ 4.390362783524551, 51.20720180942903 ], [ 4.39019828064875, 51.207899869017318 ], [ 4.390143491870194, 51.208604695504306 ], [ 4.390198949792905, 51.209309501175227 ], [ 4.390364125284605, 51.210007498214502 ], [ 4.390637432382015, 51.210691964082088 ], [ 4.391016243381323, 51.211356306272307 ], [ 4.391496913975506, 51.211994125831112 ], [ 4.392074818202982, 51.212599279019102 ], [ 4.392744392876637, 51.213165936524582 ], [ 4.3934991910701, 51.213688639655288 ], [ 4.394331944149592, 51.214162352965026 ], [ 4.395234631756101, 51.214582512806508 ], [ 4.396198559064668, 51.214945071340701 ], [ 4.397214440575993, 51.215246535575986 ], [ 4.398272489631239, 51.215484001059984 ], [ 4.39936251278458, 51.215655179896331 ], [ 4.400474008119825, 51.215758422816045 ], [ 4.401596266558678, 51.215792735088598 ], [ 4.402718475178446, 51.215757786118786 ], [ 4.40382982153711, 51.21565391263637 ], [ 4.404919597993743, 51.215482115447251 ], [ 4.405977305012256, 51.215244049777972 ], [ 4.406992752446584, 51.214942009307158 ], [ 4.407956157825319, 51.214578904038511 ], [ 4.408858240683636, 51.214158232230275 ], [ 4.409690312029324, 51.213684046652865 ], [ 4.410444358077879, 51.213160915501987 ], [ 4.411113117448122, 51.212593878345672 ], [ 4.411690151074191, 51.211988397531606 ], [ 4.412169904161347, 51.211350305525329 ], [ 4.412547759591113, 51.210685748688327 ], [ 4.412820082264882, 51.210001128039586 ], [ 4.412984253963649, 51.209303037572944 ], [ 4.413038698393844, 51.208598200725497 ] ] ] } },
{ "type": "Feature", "properties": { "stop_id": "osm-2205844988", "name": "Kasteelplein", "lines": "1,10", "line_count": 2, "source": "osm-overpass", "buffer_m": 800 }, "geometry": { "type": "Polygon", "coordinates": [ [ [ 4.415153456943091, 51.209244795934012 ], [ 4.415097622003699, 51.2085400019944 ], [ 4.414932081577689, 51.20784203915769 ], [ 4.414658434675166, 51.207157628739743 ], [ 4.414279321055577, 51.206493361261217 ], [ 4.413798395636737, 51.205855633005051 ], [ 4.413220293148244, 51.205250584454291 ], [ 4.412550583375345, 51.204684041201581 ], [ 4.411795717428956, 51.204161457897634 ], [ 4.410962965562693, 51.203687865776409 ], [ 4.410060347137912, 51.203267824260479 ], [ 4.409096553411942, 51.202905377109715 ], [ 4.408080863892325, 51.202604013534483 ], [ 4.407023057060523, 51.202366634644427 ], [ 4.405933316321349, 51.202195525554814 ], [ 4.404822132079243, 51.202092333417077 ], [ 4.403700200878755, 51.202058051583471 ], [ 4.402578322574076, 51.20209301005778 ], [ 4.401467296510932, 51.202196872322816 ], [ 4.400377817713315, 51.20236863857545 ], [ 4.399320374067566, 51.202606655338059 ], [ 4.398305145486938, 51.202908631354639 ], [ 4.397341906021242, 51.20327165961934 ], [ 4.396439929848697, 51.203692245326756 ], [ 4.395607902050609, 51.204166339476956 ], [ 4.394853835024762, 51.204689377812898 ], [ 4.394184991340319, 51.205256324718142 ], [ 4.393607813776522, 51.205861721653697 ], [ 4.393127863219593, 51.206499739670356 ], [ 4.392749765018134, 51.207164235492613 ], [ 4.39247716431705, 51.207848810636158 ], [ 4.392312690804846, 51.20854687299132 ], [ 4.392257933219466, 51.209251700280852 ], [ 4.392313423864689, 51.209956504782177 ], [ 4.392478633293211, 51.210654498690893 ], [ 4.392751975214976, 51.211338959497034 ], [ 4.39313082159078, 51.21200329474356 ], [ 4.393611527772832, 51.212641105543277 ], [ 4.394189467456684, 51.213246248240992 ], [ 4.394859077113574, 51.213812893626091 ], [ 4.395613909479996, 51.214335583122903 ], [ 4.396446695592793, 51.214809281416585 ], [ 4.397349414774532, 51.215229425004445 ], [ 4.398313371895854, 51.215591966203981 ], [ 4.399329281170025, 51.215893412190624 ], [ 4.40038735567054, 51.216130858687691 ], [ 4.401477401706225, 51.216302017981825 ], [ 4.402588917140264, 51.216405240992259 ], [ 4.403711192700592, 51.216439533180299 ], [ 4.404833415299455, 51.216404564144248 ], [ 4.405944772360102, 51.216300670807222 ], [ 4.407034556138486, 51.216128854166413 ], [ 4.408092267028023, 51.21589076963577 ], [ 4.409107714845436, 51.21558871107564 ], [ 4.410071117115764, 51.215225588663991 ], [ 4.410973193404303, 51.214804900824213 ], [ 4.411805254782341, 51.214330700481128 ], [ 4.41255928756164, 51.213807555972693 ], [ 4.413228030489109, 51.213240506995554 ], [ 4.413805044657545, 51.212635016011212 ], [ 4.414284775459919, 51.211996915583143 ], [ 4.41466260599267, 51.211332352153882 ], [ 4.414934901397253, 51.210647726805831 ], [ 4.415099043717536, 51.209949633577999 ], [ 4.415153456943091, 51.209244795934012 ] ] ] } },
{ "type": "Feature", "properties": { "stop_id": "osm-1474518080", "name": "Keerlus Groenenhoek", "lines": "4,11,A9", "line_count": 3, "source": "osm-overpass", "buffer_m": 800 }, "geometry": { "type": "Polygon", "coordinates": [ [ [ 4.450106340115603, 51.200634810884686 ], [ 4.450049987409733, 51.199930031186817 ], [ 4.449883954611344, 51.199232115053526 ], [ 4.449609845469227, 51.198547783349532 ], [ 4.449230304190607, 51.197883625836262 ], [ 4.448748989807493, 51.197246037736491 ], [ 4.448170540790624, 51.196641158182693 ], [ 4.44750053025751, 51.196074811139361 ], [ 4.446745412210527, 51.195552449367291 ], [ 4.445912459326316, 51.195079101966883 ], [ 4.445009692897663, 51.194659326004142 ], [ 4.444045805603312, 51.194297162682105 ], [ 4.443030077848658, 51.193996098478401 ], [ 4.441972288480934, 51.193759031620594 ], [ 4.44088262073522, 51.193588244220038 ], [ 4.439771564312412, 51.193485380331474 ], [ 4.438649814526487, 51.19345143014737 ], [ 4.437528169485898, 51.193486720478951 ], [ 4.4364174262922, 51.193590911614514 ], [ 4.435328277248323, 51.193763000585072 ], [ 4.434271207068738, 51.194001330806316 ], [ 4.433256392074401, 51.194303608004503 ], [ 4.432293602336863, 51.194666922274024 ], [ 4.431392107708205, 51.195087776055793 ], [ 4.430560588637229, 51.195562117768461 ], [ 4.429807052627237, 51.196085380770853 ], [ 4.42913875713791, 51.196652527282652 ], [ 4.42856213967301, 51.197258096842077 ], [ 4.428082755727978, 51.197896258836643 ], [ 4.427705225197077, 51.198560868603295 ], [ 4.427433187759791, 51.199245526559181 ], [ 4.427269267680671, 51.199943639795777 ], [ 4.427215048367398, 51.200648485544448 ], [ 4.427271056938516, 51.201353275903372 ], [ 4.427436758956527, 51.202051223202922 ], [ 4.427710563384337, 51.202735605380639 ], [ 4.428089837724723, 51.203399830735506 ], [ 4.428570933203965, 51.204037501437526 ], [ 4.429149219763674, 51.204642475179959 ], [ 4.429819130529481, 51.205208924378653 ], [ 4.430574215333007, 51.205731392347047 ], [ 4.431407202775148, 51.206204845903663 ], [ 4.432310070235066, 51.206624723902969 ], [ 4.433274121151455, 51.206986981220751 ], [ 4.434290068831006, 51.207288127767157 ], [ 4.435348125974905, 51.207525262150284 ], [ 4.436438099057576, 51.207696099663693 ], [ 4.437549486644199, 51.207798994326957 ], [ 4.438671580694356, 51.207832954764918 ], [ 4.439793569869713, 51.207797653772282 ], [ 4.440904643843804, 51.20769343147046 ], [ 4.441994097601997, 51.207521292026165 ], [ 4.443051434719819, 51.207282893963345 ], [ 4.444066468618025, 51.206980534162888 ], [ 4.445029420812713, 51.206617125704724 ], [ 4.445931015208666, 51.206196169767608 ], [ 4.44676256752308, 51.205721721858637 ], [ 4.447516068975128, 51.205198352700016 ], [ 4.448184263433173, 51.204631104151616 ], [ 4.448760717276031, 51.204025440596482 ], [ 4.449239881296162, 51.2033871962592 ], [ 4.449617144050893, 51.202722518967292 ], [ 4.449888876151228, 51.20203781089851 ], [ 4.450052465066546, 51.201339666887208 ], [ 4.450106340115603, 51.200634810884686 ] ] ] } },
{ "type": "Feature", "properties": { "stop_id": "osm-2000786829", "name": "Keizerstraat", "lines": "7", "line_count": 1, "source": "osm-overpass", "buffer_m": 800 }, "geometry": { "type": "Polygon", "coordinates": [ [ [ 4.416491864778152, 51.221496366465992 ], [ 4.416435994935728, 51.220791576528377 ], [ 4.41627039097926, 51.220093618901359 ], [ 4.415996652533132, 51.21940921485055 ], [ 4.415617420240628, 51.218744954835181 ], [ 4.415136350164358, 51.218107235066178 ], [ 4.414558078428565, 51.217502195944732 ], [ 4.413888176449515, 51.216935662972517 ], [ 4.413133097189763, 51.216413090701138 ], [ 4.412300112957316, 51.215939510258146 ], [ 4.411397245350911, 51.215519480953503 ], [ 4.410433188026694, 51.215157046429397 ], [ 4.409417223029409, 51.214855695774531 ], [ 4.408359131491718, 51.214618329974009 ], [ 4.407269099558169, 51.214447234017015 ], [ 4.406157620435168, 51.214344054928496 ], [ 4.405035393504573, 51.214309785935043 ], [ 4.403913221465994, 51.214344756916866 ], [ 4.402801906491393, 51.214448631236316 ], [ 4.401712146384678, 51.214620408974298 ], [ 4.400654431739141, 51.214858436542727 ], [ 4.399638945075989, 51.215160422581633 ], [ 4.398675462928999, 51.215523459988738 ], [ 4.397773261812462, 51.2159440538708 ], [ 4.396941028973436, 51.216418155149228 ], [ 4.396186778784283, 51.216941199498557 ], [ 4.395517775578567, 51.217508151244481 ], [ 4.394940463672733, 51.21811355180148 ], [ 4.39446040524819, 51.218751572185639 ], [ 4.394082226694159, 51.219416069098671 ], [ 4.393809573931531, 51.220100644045814 ], [ 4.393645077152577, 51.220798704919282 ], [ 4.393590325321877, 51.221503529456108 ], [ 4.393645850690404, 51.222208329960154 ], [ 4.393811123479048, 51.222906318665473 ], [ 4.394084556790009, 51.223590773112115 ], [ 4.394463521706177, 51.224255100904138 ], [ 4.394944372440065, 51.224892903226063 ], [ 4.395522481296633, 51.225498036504192 ], [ 4.396192283118978, 51.226064671618445 ], [ 4.39694732879351, 51.226587350092032 ], [ 4.397780347302881, 51.22706103671603 ], [ 4.398683315731113, 51.22748116810007 ], [ 4.399647536547538, 51.227843696679031 ], [ 4.400663721424496, 51.228145129749805 ], [ 4.401722080779471, 51.228382563160061 ], [ 4.402812418175851, 51.228553709322391 ], [ 4.403924228668458, 51.228656919282528 ], [ 4.405046800141093, 51.228691198627473 ], [ 4.406169316653578, 51.228656217079234 ], [ 4.407280962796025, 51.228552311681504 ], [ 4.408371028037915, 51.228380483547681 ], [ 4.409429010059791, 51.228142388202578 ], [ 4.410444716065322, 51.227840319610749 ], [ 4.411408361091524, 51.227477188046969 ], [ 4.412310662364753, 51.227056492022847 ], [ 4.413142928788985, 51.226582284542232 ], [ 4.413897144701199, 51.226059134011884 ], [ 4.414566047085072, 51.225492080186605 ], [ 4.415143195498689, 51.224886585574701 ], [ 4.415623034043556, 51.224248482774641 ], [ 4.416000944780305, 51.22358391825189 ], [ 4.416273292080115, 51.222899293099395 ], [ 4.416437457489475, 51.222201201354331 ], [ 4.416491864778152, 51.221496366465992 ] ] ] } },
{ "type": "Feature", "properties": { "stop_id": "osm-2000786857", "name": "Keizerstraat", "lines": "7", "line_count": 1, "source": "osm-overpass", "buffer_m": 800 }, "geometry": { "type": "Polygon", "coordinates": [ [ [ 4.416546912145034, 51.221689261137428 ], [ 4.416491041239397, 51.220984471279131 ], [ 4.416325435773865, 51.220286513781986 ], [ 4.416051695387394, 51.219602109910326 ], [ 4.415672460741985, 51.218937850121677 ], [ 4.415191387922933, 51.218300130624776 ], [ 4.414613113080922, 51.217695091818165 ], [ 4.413943207662141, 51.217128559200511 ], [ 4.413188124662276, 51.216605987319987 ], [ 4.412355136425352, 51.216132407300407 ], [ 4.411452264588658, 51.215712378447591 ], [ 4.410488202849063, 51.215349944399485 ], [ 4.409472233293805, 51.215048594240038 ], [ 4.408414137099412, 51.214811228949728 ], [ 4.407324100455241, 51.214640133512773 ], [ 4.406212616613023, 51.214536954949082 ], [ 4.405090385000026, 51.21450268648028 ], [ 4.403968208360911, 51.214537657981431 ], [ 4.402856888911901, 51.214641532809964 ], [ 4.40176712449997, 51.214813311041851 ], [ 4.400709405759822, 51.215051339084248 ], [ 4.399693915252083, 51.215353325572615 ], [ 4.398730429547529, 51.215716363400361 ], [ 4.397828225194703, 51.216136957670187 ], [ 4.396995989471823, 51.216611059299808 ], [ 4.396241736779025, 51.217134103960305 ], [ 4.395572731474001, 51.217701055974459 ], [ 4.394995417893433, 51.218306456754171 ], [ 4.394515358234878, 51.218944477313286 ], [ 4.39413717889948, 51.219608974351914 ], [ 4.393864525815683, 51.220293549374063 ], [ 4.393700029178902, 51.220991610271163 ], [ 4.39364527795238, 51.221696434780142 ], [ 4.393700804381324, 51.222401235205027 ], [ 4.393866078676437, 51.22309922378065 ], [ 4.394139513925456, 51.223783678048342 ], [ 4.394518481192645, 51.224448005613887 ], [ 4.394999334667895, 51.225085807663909 ], [ 4.395577446629789, 51.225690940627395 ], [ 4.396247251891525, 51.22625757538728 ], [ 4.397002301306403, 51.226780253470146 ], [ 4.397835323821044, 51.227253939670888 ], [ 4.398738296480892, 51.227674070603165 ], [ 4.399702521714501, 51.228036598706232 ], [ 4.400718711151645, 51.228338031281574 ], [ 4.401777075165866, 51.228575464181581 ], [ 4.402867417275635, 51.228746609823823 ], [ 4.403979232490349, 51.228849819258976 ], [ 4.405101808648286, 51.228884098079149 ], [ 4.406224329764107, 51.228849116011396 ], [ 4.40733598038355, 51.228745210104393 ], [ 4.408426049932943, 51.228573381476473 ], [ 4.409484036051317, 51.228335285657195 ], [ 4.41049974590285, 51.2280332166157 ], [ 4.411463394487513, 51.227670084631065 ], [ 4.41236569899737, 51.227249388218979 ], [ 4.413197968305224, 51.226775180387008 ], [ 4.413952186720282, 51.226252029545336 ], [ 4.414621091202143, 51.225684975451756 ], [ 4.415198241288691, 51.225079480617133 ], [ 4.415678081065354, 51.224441377642101 ], [ 4.416055992580928, 51.223776812993776 ], [ 4.416328340199136, 51.223092187766383 ], [ 4.416492505463435, 51.22239409599775 ], [ 4.416546912145034, 51.221689261137428 ] ] ] } },
{ "type": "Feature", "properties": { "stop_id": "osm-12273288616", "name": "Kerkstraat", "lines": "A3", "line_count": 1, "source": "osm-overpass", "buffer_m": 800 }, "geometry": { "type": "Polygon", "coordinates": [ [ [ 4.475423457950951, 51.169321558654232 ], [ 4.475366760821367, 51.168616782664692 ], [ 4.475200460909845, 51.167918893820691 ], [ 4.474926164530242, 51.167234612723298 ], [ 4.474546517685498, 51.1665705286457 ], [ 4.474065180416965, 51.165933036102906 ], [ 4.473486791408934, 51.165328273306685 ], [ 4.472816923194863, 51.164762063096944 ], [ 4.472062028401353, 51.164239856916645 ], [ 4.471229377550975, 51.163766682368056 ], [ 4.470326989025066, 51.163347094852902 ], [ 4.469363551861659, 51.162985133759989 ], [ 4.468348342131321, 51.162684283620202 ], [ 4.467291133694057, 51.162447440600367 ], [ 4.466202104193297, 51.162276884657359 ], [ 4.465091737187586, 51.16217425761775 ], [ 4.463970721356856, 51.162140547394216 ], [ 4.462849847747487, 51.162176078488088 ], [ 4.461739906038712, 51.162280508869983 ], [ 4.460651580822098, 51.162452833267778 ], [ 4.459595348885693, 51.162691392830617 ], [ 4.458581378485026, 51.162993891076653 ], [ 4.457619431564596, 51.163357415971916 ], [ 4.456718769865833, 51.163778467929085 ], [ 4.455888065821132, 51.16425299345817 ], [ 4.455135319088678, 51.164776424147647 ], [ 4.454467779529678, 51.165343720601754 ], [ 4.453891877369181, 51.165949420914075 ], [ 4.453413161213671, 51.166587693212144 ], [ 4.453036244524623, 51.167252391769679 ], [ 4.452764761066862, 51.167937116147705 ], [ 4.452601329765517, 51.168635272796983 ], [ 4.452547529315653, 51.169340138529662 ], [ 4.452603882795613, 51.17004492525033 ], [ 4.452769852439252, 51.170742845323467 ], [ 4.453043844624724, 51.171427176947887 ], [ 4.453423225039097, 51.172091328908657 ], [ 4.453904343879787, 51.172728904082014 ], [ 4.45448257085656, 51.173333761080791 ], [ 4.455152339662731, 51.173900073444933 ], [ 4.455907201491896, 51.174422385805748 ], [ 4.456739887088279, 51.174895666480445 ], [ 4.457642376735278, 51.175315355989021 ], [ 4.458605977508829, 51.175677411023067 ], [ 4.459621407050926, 51.175978343441614 ], [ 4.460678883054315, 51.176215253915842 ], [ 4.461768217593156, 51.176385859896769 ], [ 4.462878915386458, 51.176488517634802 ], [ 4.464000275042304, 51.176522238037535 ], [ 4.465121492301311, 51.176486696212528 ], [ 4.466231764277983, 51.176382234601476 ], [ 4.467320393688737, 51.176209859676675 ], [ 4.468376892055518, 51.175971232230701 ], [ 4.469391080884026, 51.17566865135408 ], [ 4.470353189835704, 51.175305032256205 ], [ 4.471253950942351, 51.174883878144676 ], [ 4.47208468795138, 51.174409246435083 ], [ 4.472837399937815, 51.173885709619476 ], [ 4.473504838375712, 51.173318311171961 ], [ 4.474080576926057, 51.172712516918523 ], [ 4.474559073269806, 51.172074162341715 ], [ 4.474935722392727, 51.171409396329736 ], [ 4.475206900812419, 51.170724621913806 ], [ 4.475370001326191, 51.170026434566118 ], [ 4.475423457950951, 51.169321558654232 ] ] ] } },
{ "type": "Feature", "properties": { "stop_id": "osm-2203691675", "name": "Kerkstraat", "lines": "24", "line_count": 1, "source": "osm-overpass", "buffer_m": 800 }, "geometry": { "type": "Polygon", "coordinates": [ [ [ 4.440502812686177, 51.217221941134255 ], [ 4.44044658507462, 51.216517161401342 ], [ 4.440280636941893, 51.215819236274172 ], [ 4.440006571225176, 51.215134886704448 ], [ 4.439627031717216, 51.21447070262586 ], [ 4.439145677436521, 51.213833079517272 ], [ 4.438567147241307, 51.213228156848402 ], [ 4.437897015033673, 51.212661758999012 ], [ 4.437141735990044, 51.212139339219092 ], [ 4.436308584339169, 51.211665927167658 ], [ 4.435405583288997, 51.211246080532995 ], [ 4.434441427777992, 51.21088384119853 ], [ 4.43342540079409, 51.210582696373628 ], [ 4.432367284065005, 51.210345545061791 ], [ 4.431277263976559, 51.210174670187413 ], [ 4.430165833620379, 51.21007171664715 ], [ 4.42904369190861, 51.21003767549643 ], [ 4.427921640720756, 51.210072874422167 ], [ 4.426810481066148, 51.210176974592521 ], [ 4.425720909254696, 51.210348973914265 ], [ 4.424663414068621, 51.210587216666134 ], [ 4.423648175918377, 51.21088940941663 ], [ 4.422684968947491, 51.211252643073273 ], [ 4.421783067023435, 51.21167342085328 ], [ 4.420951154515226, 51.21214769190729 ], [ 4.420197242713557, 51.212670890274815 ], [ 4.419528592696259, 51.213237978798148 ], [ 4.418951645381191, 51.213843497574231 ], [ 4.418471959440969, 51.214481616480057 ], [ 4.418094157679493, 51.215146191267877 ], [ 4.417821882390268, 51.215830822692183 ], [ 4.417657760131009, 51.216528918100344 ], [ 4.417603376259521, 51.217233754895894 ], [ 4.417659259482539, 51.217938545263614 ], [ 4.417824876573381, 51.218636501534171 ], [ 4.418098637316628, 51.219320901559051 ], [ 4.418477909639486, 51.219985153465615 ], [ 4.418959044791219, 51.220622859168408 ], [ 4.419537412334618, 51.22122787602364 ], [ 4.420207444618204, 51.221794376032051 ], [ 4.420962690305571, 51.222316902017717 ], [ 4.421795876449842, 51.222790420240216 ], [ 4.422698978517502, 51.223210368931127 ], [ 4.42366329768804, 51.223572702285068 ], [ 4.424679544684183, 51.223873929479645 ], [ 4.425737929323266, 51.224111148345791 ], [ 4.426828254923837, 51.224282073363135 ], [ 4.427940016653609, 51.224385057708062 ], [ 4.429062502865936, 51.224419109141252 ], [ 4.430184898442345, 51.224383899580737 ], [ 4.431296389138849, 51.224279768266989 ], [ 4.432386265923782, 51.224107718490103 ], [ 4.433444028294964, 51.223869407910236 ], [ 4.434459485574164, 51.223567132565563 ], [ 4.435422855196855, 51.223203804722523 ], [ 4.436324857044947, 51.222782924783502 ], [ 4.437156802909401, 51.222308547523731 ], [ 4.437910680217657, 51.221785242985163 ], [ 4.438579229217456, 51.22121805240559 ], [ 4.439156012872977, 51.220612439610015 ], [ 4.439635478800957, 51.219974238334544 ], [ 4.440013012652438, 51.219309595992371 ], [ 4.440284982429548, 51.218624914425114 ], [ 4.44044877331523, 51.21792678821231 ], [ 4.440502812686177, 51.217221941134255 ] ] ] } },
{ "type": "Feature", "properties": { "stop_id": "osm-2203691676", "name": "Kerkstraat", "lines": "24", "line_count": 1, "source": "osm-overpass", "buffer_m": 800 }, "geometry": { "type": "Polygon", "coordinates": [ [ [ 4.438061182447371, 51.217912077596665 ], [ 4.438004990905554, 51.217207296892923 ], [ 4.43783907685882, 51.216509368527049 ], [ 4.437565042916317, 51.215825013482068 ], [ 4.437185532565072, 51.215160821744476 ], [ 4.436704204543124, 51.214523188866991 ], [ 4.436125697456148, 51.213918254413436 ], [ 4.435455584984056, 51.213351842877117 ], [ 4.434700322113568, 51.212829407639902 ], [ 4.433867182918013, 51.212355978509578 ], [ 4.432964190485702, 51.211936113339 ], [ 4.432000039672378, 51.211573854189979 ], [ 4.430984013420947, 51.211272688462714 ], [ 4.429925893452232, 51.2110355153619 ], [ 4.42883586618335, 51.210864618021716 ], [ 4.427724424775101, 51.210761641555052 ], [ 4.426602268246018, 51.210727577238067 ], [ 4.425480198618195, 51.210762752980635 ], [ 4.424369017078366, 51.210866830174126 ], [ 4.423279420146972, 51.211038806946448 ], [ 4.422221896847871, 51.211277027793479 ], [ 4.421206627861937, 51.21157919949453 ], [ 4.420243387629313, 51.211942413159868 ], [ 4.419341450337442, 51.212363172199126 ], [ 4.418509500695595, 51.21283742594342 ], [ 4.417755550351745, 51.213360608598983 ], [ 4.41708686075459, 51.21392768315939 ], [ 4.416509873202901, 51.214533189856134 ], [ 4.416030146756565, 51.215171298682591 ], [ 4.415652304609429, 51.215835865488181 ], [ 4.415379989443834, 51.216520491104248 ], [ 4.415215828201502, 51.217218582934287 ], [ 4.415161406615718, 51.217923418416355 ], [ 4.415217253756536, 51.218628209747997 ], [ 4.41538283674495, 51.219326169250678 ], [ 4.415656565694191, 51.220010574744869 ], [ 4.416035808837956, 51.220674834305335 ], [ 4.41651691770684, 51.221312549772968 ], [ 4.417095262117094, 51.221917578410043 ], [ 4.417765274640383, 51.222484092103834 ], [ 4.418520504130966, 51.223006633546632 ], [ 4.419353677798284, 51.223480168849214 ], [ 4.4202567712293, 51.223900136078569 ], [ 4.421221085686943, 51.224262489250854 ], [ 4.42223733193955, 51.224563737352604 ], [ 4.423295719811776, 51.224800978013491 ], [ 4.424386052591124, 51.224971925503084 ], [ 4.425497825376199, 51.225074932781254 ], [ 4.426620326413834, 51.225109007387793 ], [ 4.427742740442672, 51.22507382101734 ], [ 4.428854253040837, 51.224969712687049 ], [ 4.4299441549655, 51.224797685465489 ], [ 4.431001945472082, 51.224559396795577 ], [ 4.43201743361108, 51.224257142504364 ], [ 4.432980836520416, 51.223893834655527 ], [ 4.433882873761078, 51.223472973458811 ], [ 4.434714856782813, 51.222998613508928 ], [ 4.435468772654882, 51.22247532468112 ], [ 4.436137361253323, 51.221908148061928 ], [ 4.436714185160683, 51.221302547341907 ], [ 4.437193691605838, 51.220664356140979 ], [ 4.437571265849467, 51.219999721775302 ], [ 4.437843275504604, 51.219315046009804 ], [ 4.438007105370125, 51.218616923368288 ], [ 4.438061182447371, 51.217912077596665 ] ] ] } },
{ "type": "Feature", "properties": { "stop_id": "osm-2617925030", "name": "Kerkstraat", "lines": "A3", "line_count": 1, "source": "osm-overpass", "buffer_m": 800 }, "geometry": { "type": "Polygon", "coordinates": [ [ [ 4.473404216078786, 51.169557154209429 ], [ 4.473347549148849, 51.168852377313137 ], [ 4.47318127858504, 51.168154485687872 ], [ 4.4729070104187, 51.167470199961571 ], [ 4.472527390381234, 51.166806109452061 ], [ 4.472046078256042, 51.166168608736406 ], [ 4.471467712485507, 51.1655638361051 ], [ 4.470797865379562, 51.164997614492812 ], [ 4.470042989361798, 51.164475395452321 ], [ 4.469210354774239, 51.164002206709796 ], [ 4.468307979841864, 51.16358260380359 ], [ 4.46734455347204, 51.163220626270736 ], [ 4.4663293516316, 51.162919758800392 ], [ 4.465272148104741, 51.162682897726285 ], [ 4.464183120487732, 51.162512323178987 ], [ 4.463072752321064, 51.162409677164284 ], [ 4.461951732295878, 51.162375947777434 ], [ 4.460830851498923, 51.162411459704281 ], [ 4.459720899678577, 51.162515871099906 ], [ 4.458632561523657, 51.162688176874966 ], [ 4.457576313946645, 51.16292671835788 ], [ 4.456562325353488, 51.163229199240909 ], [ 4.455600357863643, 51.163592707657223 ], [ 4.454699673416374, 51.164013744178078 ], [ 4.453868944662887, 51.164488255462253 ], [ 4.453116171499047, 51.16501167323532 ], [ 4.452448604040351, 51.165578958225957 ], [ 4.451872672780284, 51.166184648638144 ], [ 4.451393926605372, 51.166822912694819 ], [ 4.451016979266011, 51.167487604749155 ], [ 4.450745464822071, 51.16817232442483 ], [ 4.450582002497013, 51.168870478217954 ], [ 4.45052817128465, 51.169575342968294 ], [ 4.450584494559608, 51.170280130590001 ], [ 4.450750434846708, 51.170978053438901 ], [ 4.451024398806949, 51.171662389687199 ], [ 4.451403752399398, 51.172326548075482 ], [ 4.45188484607999, 51.172964131418176 ], [ 4.452463049801043, 51.173568998249486 ], [ 4.453132797480096, 51.174135322014685 ], [ 4.453887640514479, 51.17465764723525 ], [ 4.454720309829704, 51.175130942104694 ], [ 4.455622785866224, 51.175550647006162 ], [ 4.456586375831296, 51.17591271848304 ], [ 4.457601797471219, 51.176213668235945 ], [ 4.458659268555021, 51.176450596769094 ], [ 4.459748601204374, 51.176621221359483 ], [ 4.460859300156563, 51.176723898078208 ], [ 4.461980664008539, 51.176757637650084 ], [ 4.46310188846049, 51.176722114997837 ], [ 4.464212170557563, 51.176617672378562 ], [ 4.465300812918588, 51.176445316081519 ], [ 4.466357326940619, 51.176206706719789 ], [ 4.467371533978375, 51.175904143209728 ], [ 4.46833366351769, 51.175540540593431 ], [ 4.469234447391838, 51.17511940191968 ], [ 4.470065209128687, 51.174644784455403 ], [ 4.470817947564849, 51.174121260555445 ], [ 4.471485413919386, 51.173553873569531 ], [ 4.472061181584194, 51.172948089213328 ], [ 4.472539707959622, 51.17230974287407 ], [ 4.472916387742042, 51.171644983360707 ], [ 4.473187597153647, 51.170960213641933 ], [ 4.473350728693199, 51.170262029144794 ], [ 4.473404216078786, 51.169557154209429 ] ] ] } },
{ "type": "Feature", "properties": { "stop_id": "osm-1543583116", "name": "Kielpark", "lines": "4,10", "line_count": 2, "source": "osm-overpass", "buffer_m": 800 }, "geometry": { "type": "Polygon", "coordinates": [ [ [ 4.392038125322751, 51.192400934301446 ], [ 4.391982659718516, 51.191696124896346 ], [ 4.391817524841461, 51.190998125188067 ], [ 4.391544315793491, 51.190313656848545 ], [ 4.391165668115572, 51.189649310957179 ], [ 4.390685232237435, 51.189011484552871 ], [ 4.390107638174255, 51.188406319064669 ], [ 4.389438450815914, 51.187839641212001 ], [ 4.38868411624411, 51.187316906942272 ], [ 4.38785189959777, 51.186843148943666 ], [ 4.386949815087233, 51.18642292823619 ], [ 4.385986548831947, 51.186060290305463 ], [ 4.384971375264056, 51.185758726198777 ], [ 4.383914067900805, 51.18552113895656 ], [ 4.382824805341588, 51.185349815700015 ], [ 4.38171407339035, 51.185246405642346 ], [ 4.380592564240164, 51.185211904233626 ], [ 4.379471073684528, 51.185246643591363 ], [ 4.378360397338201, 51.185350289307557 ], [ 4.377271226859754, 51.185521843663622 ], [ 4.376214047167955, 51.185759655221737 ], [ 4.375199035634838, 51.18606143470123 ], [ 4.374235964219825, 51.18642427698822 ], [ 4.373334105481661, 51.186844689067854 ], [ 4.372502143368779, 51.18731862361183 ], [ 4.371748089643648, 51.187841517899997 ], [ 4.371079206743899, 51.188408337702988 ], [ 4.370501937822427, 51.189013625706046 ], [ 4.370021844640847, 51.189651554009323 ], [ 4.369643553916642, 51.190315980201795 ], [ 4.36937071264407, 51.191000506470338 ], [ 4.369205952823836, 51.191698541176706 ], [ 4.369150865946844, 51.192403362310849 ], [ 4.369205987484252, 51.193108182210324 ], [ 4.369370791540184, 51.193806212923484 ], [ 4.369643695726008, 51.194490731586832 ], [ 4.370022076216438, 51.195155145187094 ], [ 4.370502292849607, 51.195793054083289 ], [ 4.371079724035806, 51.196398313676305 ], [ 4.371748811144418, 51.196965093630297 ], [ 4.372503111946289, 51.197487934074161 ], [ 4.373335362600253, 51.19796179823954 ], [ 4.374237547589082, 51.198382121026448 ], [ 4.375200976931994, 51.198744853026469 ], [ 4.376216369929487, 51.199046499577172 ], [ 4.377273944631765, 51.19928415446995 ], [ 4.378363512165733, 51.199455527983822 ], [ 4.379474575007444, 51.199558968974173 ], [ 4.380596428247888, 51.199593480802235 ], [ 4.381718262870368, 51.199558730950095 ], [ 4.382829270037829, 51.199455054229027 ], [ 4.383918745378431, 51.199283449549135 ], [ 4.384976192257723, 51.199045570282145 ], [ 4.3859914230358, 51.198743708310765 ], [ 4.386954657327792, 51.198380771918949 ], [ 4.387856616315669, 51.197960257737968 ], [ 4.388688612198465, 51.197486217019851 ], [ 4.389442631915958, 51.196963216564932 ], [ 4.390111414337404, 51.196396294682508 ], [ 4.390688520171238, 51.1957909126102 ], [ 4.39116839392321, 51.195152901862862 ], [ 4.391546417308396, 51.194488408019815 ], [ 4.391818953606225, 51.19380383149398 ], [ 4.391983382536, 51.193105765854916 ], [ 4.392038125322751, 51.192400934301446 ] ] ] } },
{ "type": "Feature", "properties": { "stop_id": "osm-1543583156", "name": "Kielpark", "lines": "4,10", "line_count": 2, "source": "osm-overpass", "buffer_m": 800 }, "geometry": { "type": "Polygon", "coordinates": [ [ [ 4.392521034885752, 51.192847687539775 ], [ 4.392465561455491, 51.192142878482109 ], [ 4.392300417773045, 51.191444879568166 ], [ 4.392027199025193, 51.190760412462261 ], [ 4.391648540846369, 51.190096068231909 ], [ 4.39116809376747, 51.189458243900013 ], [ 4.390590487911544, 51.188853080875596 ], [ 4.38992128828203, 51.188286405854363 ], [ 4.389166941078781, 51.187763674756468 ], [ 4.388334711562308, 51.187289920239472 ], [ 4.387432614066824, 51.186869703289936 ], [ 4.386469334836741, 51.186507069357219 ], [ 4.385454148429055, 51.186205509450176 ], [ 4.384396828484549, 51.185967926568757 ], [ 4.38330755372368, 51.185796607792206 ], [ 4.382196810067773, 51.185693202290558 ], [ 4.381075289822518, 51.185658705470068 ], [ 4.379953788888168, 51.185693449404049 ], [ 4.378843102979343, 51.18579709964046 ], [ 4.377753923846633, 51.18596865841721 ], [ 4.376696736492097, 51.1862064742539 ], [ 4.375681718361538, 51.186508257828734 ], [ 4.374718641477894, 51.186871103988345 ], [ 4.373816778452599, 51.187291519680613 ], [ 4.372984813275404, 51.187765457542461 ], [ 4.372230757738341, 51.188288354821772 ], [ 4.371561874296567, 51.1888551772604 ], [ 4.370984606108284, 51.189460467518202 ], [ 4.370504514928157, 51.19009839767363 ], [ 4.370126227454497, 51.190762825297746 ], [ 4.36985339065037, 51.191447352563664 ], [ 4.369688636473568, 51.192145387823565 ], [ 4.369633556360751, 51.192850209061952 ], [ 4.369688685718037, 51.193555028615471 ], [ 4.369853498574333, 51.194253058535672 ], [ 4.370126412456319, 51.194937575966783 ], [ 4.370504803445391, 51.195601987907303 ], [ 4.370985031278602, 51.196239894732237 ], [ 4.371562474258393, 51.196845151862412 ], [ 4.372231573640557, 51.197411928985666 ], [ 4.372985887077704, 51.197934766258193 ], [ 4.373818150606927, 51.198408626942125 ], [ 4.374720348586926, 51.198828945970995 ], [ 4.375683790911728, 51.199191673972599 ], [ 4.376699196756696, 51.199493316323093 ], [ 4.377756784048193, 51.19973096685419 ], [ 4.378846363791776, 51.199902335886996 ], [ 4.379957438345797, 51.20000577232009 ], [ 4.381079302688336, 51.200040279558586 ], [ 4.382201147695681, 51.20000552512878 ], [ 4.383312164430669, 51.199901843886074 ], [ 4.384401648429252, 51.199730234784106 ], [ 4.385459102973543, 51.199492351237254 ], [ 4.38647434034979, 51.199190485169417 ], [ 4.387437580109562, 51.19882754490402 ], [ 4.388339543382189, 51.198407027109724 ], [ 4.389171542325471, 51.197932983073265 ], [ 4.389925563849769, 51.197409979627025 ], [ 4.390594346807011, 51.196843055109035 ], [ 4.391171451900567, 51.196237670782352 ], [ 4.391651323643408, 51.195599658183504 ], [ 4.392029343770081, 51.19493516290968 ], [ 4.392301875591504, 51.194250585387508 ], [ 4.392466298870209, 51.193552519196196 ], [ 4.392521034885752, 51.192847687539775 ] ] ] } },
{ "type": "Feature", "properties": { "stop_id": "osm-1734431855", "name": "Kinepolis", "lines": "1,6", "line_count": 2, "source": "osm-overpass", "buffer_m": 800 }, "geometry": { "type": "Polygon", "coordinates": [ [ [ 4.431818509060482, 51.245694682503512 ], [ 4.43176237842151, 51.244989906574745 ], [ 4.431596458948891, 51.244291977111331 ], [ 4.431322353309961, 51.243607615106995 ], [ 4.430942705687858, 51.242943410615332 ], [ 4.430461176147724, 51.242305759311876 ], [ 4.429882405240385, 51.241700800937906 ], [ 4.429211969190013, 51.241134360216918 ], [ 4.428456326102083, 51.240611890811614 ], [ 4.427622753713032, 51.240138422858664 ], [ 4.4267192792833, 51.239718514584368 ], [ 4.425754602309596, 51.239356208465395 ], [ 4.424738010799969, 51.239054992353829 ], [ 4.423679291915861, 51.238817765939281 ], [ 4.422588637838198, 51.238646812868907 ], [ 4.421476547759443, 51.238543778792007 ], [ 4.420353726939741, 51.238509655539204 ], [ 4.419230983792831, 51.238544771587655 ], [ 4.41811912598581, 51.23864878890339 ], [ 4.417028856546015, 51.238820706190843 ], [ 4.415970670968296, 51.239058868518647 ], [ 4.414954756306508, 51.23936098322968 ], [ 4.4139908932146, 51.239724141983103 ], [ 4.413088361874954, 51.24014484871752 ], [ 4.412255852715321, 51.240619053268013 ], [ 4.411501382770728, 51.241142190314783 ], [ 4.410832218493667, 51.241709223291025 ], [ 4.410254805755258, 51.242314692829055 ], [ 4.409774707712241, 51.242952769280429 ], [ 4.409396551140265, 51.243617308806797 ], [ 4.409123981753821, 51.244301912502607 ], [ 4.408959628947768, 51.244999987982801 ], [ 4.408905080305694, 51.245704812843243 ], [ 4.408960866127115, 51.246409599384023 ], [ 4.409126454129559, 51.247107559973017 ], [ 4.409400254383906, 51.247791972420373 ], [ 4.409779634442773, 51.248456244733987 ], [ 4.410260944523324, 51.249093978631969 ], [ 4.41083955250844, 51.249699031198993 ], [ 4.411509888434964, 51.250265574091749 ], [ 4.412265498045119, 51.250788149721146 ], [ 4.413099104889006, 51.251261723868446 ], [ 4.414002680382103, 51.25168173422621 ], [ 4.414967521143893, 51.252044134394886 ], [ 4.415984332872045, 51.252345432908079 ], [ 4.41704331994224, 51.252582726909516 ], [ 4.418134279867318, 51.252753730154687 ], [ 4.419246701701259, 51.25285679506618 ], [ 4.420369867434767, 51.252890928628382 ], [ 4.421492955399244, 51.252855801967911 ], [ 4.422605144676452, 51.252751753526567 ], [ 4.423695719500842, 51.252579785796122 ], [ 4.424754172641801, 51.25234155564636 ], [ 4.425770306763165, 51.252039358340795 ], [ 4.426734332777287, 51.251676105394324 ], [ 4.42763696424077, 51.251255296488125 ], [ 4.428469506878161, 51.250780985713526 ], [ 4.429223942367902, 51.250257742472442 ], [ 4.429893005581586, 51.249690607412703 ], [ 4.430470254531898, 51.249085043824991 ], [ 4.430950132356386, 51.248446884971983 ], [ 4.431328020742277, 51.247782277858768 ], [ 4.431600284281318, 51.24709762398809 ], [ 4.431764305332193, 51.246399517673325 ], [ 4.431818509060482, 51.245694682503512 ] ] ] } },
{ "type": "Feature", "properties": { "stop_id": "osm-653808484", "name": "Kinepolis", "lines": "1,6", "line_count": 2, "source": "osm-overpass", "buffer_m": 800 }, "geometry": { "type": "Polygon", "coordinates": [ [ [ 4.431763276907439, 51.245157087845463 ], [ 4.431707147751306, 51.244452311739124 ], [ 4.431541231019801, 51.243754382048436 ], [ 4.43126712935375, 51.243070019769299 ], [ 4.430887486897929, 51.242405814957969 ], [ 4.430405963667654, 51.241768163293116 ], [ 4.429827200152902, 51.241163204519388 ], [ 4.429156772506611, 51.240596763364245 ], [ 4.428401138753292, 51.240074293494523 ], [ 4.427567576539482, 51.239600825051347 ], [ 4.426664113027647, 51.239180916265816 ], [ 4.425699447609388, 51.238818609619493 ], [ 4.424682868181535, 51.238517392969506 ], [ 4.423624161789249, 51.238280166010711 ], [ 4.422533520493249, 51.238109212395493 ], [ 4.421421443363011, 51.238006177778381 ], [ 4.420298635534086, 51.237972053995179 ], [ 4.419175905295227, 51.238007169528217 ], [ 4.418064060189325, 51.238111186348455 ], [ 4.416973803121513, 51.238283103165081 ], [ 4.415915629467587, 51.238521265051268 ], [ 4.414899726166654, 51.238823379354145 ], [ 4.413935873763318, 51.239186537736771 ], [ 4.413033352337071, 51.239607244141368 ], [ 4.412200852220222, 51.240081448406144 ], [ 4.411446390360712, 51.240604585214065 ], [ 4.410777233133151, 51.241171618000628 ], [ 4.410199826340731, 51.241777087399932 ], [ 4.409719733082863, 51.242415163764903 ], [ 4.409341580089036, 51.243079703258005 ], [ 4.409069013039189, 51.243764306974022 ], [ 4.408904661305572, 51.244462382527679 ], [ 4.408850112461333, 51.245167207514122 ], [ 4.408905896807817, 51.245871994232274 ], [ 4.409071482076644, 51.246569955048273 ], [ 4.409345278364917, 51.247254367770097 ], [ 4.409724653263344, 51.247918640403007 ], [ 4.410205957038704, 51.248556374662009 ], [ 4.410784557634538, 51.249161427628337 ], [ 4.411454885158795, 51.249727970954865 ], [ 4.4122104854346, 51.250250547048275 ], [ 4.413044082101941, 51.250724121685366 ], [ 4.413947646674316, 51.251144132554067 ], [ 4.41491247587643, 51.251506533249845 ], [ 4.415929275517331, 51.251807832301239 ], [ 4.416988250089194, 51.252045126846795 ], [ 4.418079197225306, 51.252216130636789 ], [ 4.419191606102932, 51.252319196088536 ], [ 4.420314758837651, 51.252353330181222 ], [ 4.421437833886175, 51.252318204036364 ], [ 4.422550010454766, 51.252214156090822 ], [ 4.42364057290037, 51.252042188831503 ], [ 4.424699014111689, 51.251803959123734 ], [ 4.425715136867536, 51.251501762226717 ], [ 4.426679152189779, 51.251138509651476 ], [ 4.427581773738045, 51.250717701075509 ], [ 4.428414307332391, 51.250243390587038 ], [ 4.429168734738356, 51.249720147585172 ], [ 4.429837790905364, 51.24915301271546 ], [ 4.43041503391392, 51.248547449266717 ], [ 4.430894906958735, 51.247909290500324 ], [ 4.431272791772992, 51.247244683420476 ], [ 4.431545052982732, 51.246560029529675 ], [ 4.431709072968979, 51.245861923141419 ], [ 4.431763276907439, 51.245157087845463 ] ] ] } },
{ "type": "Feature", "properties": { "stop_id": "osm-2205553831", "name": "Klapdorp", "lines": "7", "line_count": 1, "source": "osm-overpass", "buffer_m": 800 }, "geometry": { "type": "Polygon", "coordinates": [ [ [ 4.414942202745395, 51.223279216560279 ], [ 4.414886354190513, 51.222574426383524 ], [ 4.414720767098057, 51.221876467074161 ], [ 4.41444704093043, 51.221192059914081 ], [ 4.4140678162131, 51.220527795392478 ], [ 4.413586748936151, 51.219890069763693 ], [ 4.41300847519727, 51.219285023485426 ], [ 4.412338566432375, 51.218718482128281 ], [ 4.411583475669679, 51.218195900324602 ], [ 4.410750475328219, 51.217722309293727 ], [ 4.409847587162035, 51.21730226844754 ], [ 4.408883505025365, 51.216939821539398 ], [ 4.407867511201911, 51.216638457777158 ], [ 4.406809387101869, 51.216401078272135 ], [ 4.405719319183214, 51.216229968145448 ], [ 4.404607800998672, 51.216126774558397 ], [ 4.40348553230598, 51.216092490877202 ], [ 4.402363316206583, 51.216127447123341 ], [ 4.401251955296366, 51.216231306801163 ], [ 4.400162147821207, 51.216403070132436 ], [ 4.399104384830141, 51.216641083667795 ], [ 4.398088849309544, 51.216943056182345 ], [ 4.397125318263315, 51.217306080704063 ], [ 4.396223068676307, 51.217726662463754 ], [ 4.395390788262068, 51.218200752499648 ], [ 4.394636491850892, 51.218723786594481 ], [ 4.393967444221312, 51.219290729172776 ], [ 4.393390090117518, 51.219896121737342 ], [ 4.392909992127297, 51.220534135381229 ], [ 4.392531777020997, 51.221198626871185 ], [ 4.392259091071682, 51.221883197764669 ], [ 4.392094564791475, 51.222581255993035 ], [ 4.39203978742937, 51.223286079318875 ], [ 4.392095291482585, 51.223990880057755 ], [ 4.392260547377679, 51.224688870441518 ], [ 4.392533968379977, 51.22537332799412 ], [ 4.392912925691341, 51.226037660289798 ], [ 4.393393773597955, 51.226675468469665 ], [ 4.393971884432406, 51.227280608903669 ], [ 4.394641693019098, 51.227847252402817 ], [ 4.395396750179616, 51.228369940409571 ], [ 4.39622978478624, 51.228843637623221 ], [ 4.397132773768133, 51.229263780551342 ], [ 4.398097019396774, 51.229626321517614 ], [ 4.399113233105547, 51.229927767699579 ], [ 4.400171625034196, 51.230165214818605 ], [ 4.401261998432238, 51.230336375155183 ], [ 4.402373848007544, 51.230439599618492 ], [ 4.40349646126722, 51.230473893655756 ], [ 4.404619021868299, 51.230438926847462 ], [ 4.405730713975892, 51.230335036095255 ], [ 4.406820826616388, 51.230163222371459 ], [ 4.407878857013424, 51.229925141062068 ], [ 4.408894611904354, 51.229623085996394 ], [ 4.409858305855008, 51.229259967318924 ], [ 4.4107606556202, 51.22883928341718 ], [ 4.411592969636599, 51.228365087178254 ], [ 4.4123472317826, 51.227841946900654 ], [ 4.413016178596455, 51.22727490224046 ], [ 4.413593369208272, 51.226669415617764 ], [ 4.414073247313167, 51.226031319554131 ], [ 4.414451194590866, 51.225366760450186 ], [ 4.414723575060801, 51.224682139346797 ], [ 4.414887769950256, 51.22398405024218 ], [ 4.414942202745395, 51.223279216560279 ] ] ] } },
{ "type": "Feature", "properties": { "stop_id": "osm-2205553832", "name": "Klapdorp", "lines": "7", "line_count": 1, "source": "osm-overpass", "buffer_m": 800 }, "geometry": { "type": "Polygon", "coordinates": [ [ [ 4.414174595176672, 51.224062490906491 ], [ 4.414118757286532, 51.223357700584017 ], [ 4.413953178902546, 51.222659740414322 ], [ 4.41367945940344, 51.221975331687624 ], [ 4.413300239250658, 51.221311064908221 ], [ 4.412819174390519, 51.220673336352263 ], [ 4.412240900897619, 51.220068286505615 ], [ 4.411570990205686, 51.219501740973257 ], [ 4.410815895361627, 51.218979154427707 ], [ 4.409982888823907, 51.218505558134055 ], [ 4.409079992406327, 51.218085511554776 ], [ 4.408115900042638, 51.217723058498485 ], [ 4.40709989411505, 51.217421688232143 ], [ 4.406041756150294, 51.217184301929777 ], [ 4.404951672739812, 51.217013184777848 ], [ 4.403840137585426, 51.216909984005333 ], [ 4.402717850608167, 51.216875693047605 ], [ 4.401595615085415, 51.216910641996229 ], [ 4.400484233799938, 51.217014494425698 ], [ 4.399394405193647, 51.21718625062767 ], [ 4.398336620518883, 51.217424257221339 ], [ 4.397321062970659, 51.2177262230487 ], [ 4.396357509764821, 51.218089241202094 ], [ 4.395455238099466, 51.218509816973629 ], [ 4.394622935900617, 51.218983901459211 ], [ 4.393868618208244, 51.219506930495029 ], [ 4.393199550005755, 51.220073868554358 ], [ 4.392622176235408, 51.220679257183541 ], [ 4.392142059674382, 51.221317267513555 ], [ 4.391763827271899, 51.221981756343062 ], [ 4.391491125467656, 51.22266632525519 ], [ 4.39132658492657, 51.223364382200423 ], [ 4.391271795035102, 51.224069204953722 ], [ 4.391327288411294, 51.224774005836196 ], [ 4.391492535584705, 51.22547199707833 ], [ 4.391765949904848, 51.226156456195866 ], [ 4.392144902638137, 51.226820790747993 ], [ 4.392625748115029, 51.227458601854082 ], [ 4.393203858691704, 51.228063745855941 ], [ 4.393873669195219, 51.228630393530253 ], [ 4.394628730428846, 51.229153086279197 ], [ 4.395461771225754, 51.229626788756413 ], [ 4.396364768455584, 51.23004693741882 ], [ 4.39732902431042, 51.230409484534803 ], [ 4.398345250125187, 51.230710937222703 ], [ 4.39940365592301, 51.230948391141162 ], [ 4.400494044819772, 51.231119558505192 ], [ 4.401605911373986, 51.231222790156217 ], [ 4.402728542929109, 51.231257091472273 ], [ 4.403851122965827, 51.231222131963669 ], [ 4.404962835461891, 51.231118248461712 ], [ 4.406052969247154, 51.230946441868902 ], [ 4.407111021341417, 51.230708367502494 ], [ 4.408126798272884, 51.230406319125009 ], [ 4.409090514394935, 51.230043206816433 ], [ 4.409992886248697, 51.229622528902937 ], [ 4.410825222057962, 51.229148338213932 ], [ 4.41157950549113, 51.228625202994557 ], [ 4.412248472881359, 51.228058162852122 ], [ 4.412825683160547, 51.22745268016326 ], [ 4.413305579834391, 51.226814587411674 ], [ 4.413683544403812, 51.226150030966096 ], [ 4.413955940721781, 51.225465411841853 ], [ 4.414120149863053, 51.224767324018089 ], [ 4.414174595176672, 51.224062490906491 ] ] ] } },
{ "type": "Feature", "properties": { "stop_id": "osm-1543582694", "name": "Kolonel Silvertop", "lines": "4,10", "line_count": 2, "source": "osm-overpass", "buffer_m": 800 }, "geometry": { "type": "Polygon", "coordinates": [ [ [ 4.399518858813908, 51.195800009879925 ], [ 4.399463276156886, 51.195095204909563 ], [ 4.399298017333076, 51.194397216569385 ], [ 4.399024678638464, 51.193712766421619 ], [ 4.39864589686275, 51.193048445370138 ], [ 4.398165323727022, 51.19241065021437 ], [ 4.397587590568008, 51.19180552208222 ], [ 4.396918263614607, 51.191238887333164 ], [ 4.396163790292153, 51.190716201499349 ], [ 4.395331437074884, 51.190242496802433 ], [ 4.394429219487326, 51.189822333749134 ], [ 4.393465824929358, 51.189459757269823 ], [ 4.392450529067529, 51.189158257820175 ], [ 4.391393106595595, 51.188920737818052 ], [ 4.390303737220324, 51.188749483737347 ], [ 4.389192907773239, 51.188646144125251 ], [ 4.388071311385372, 51.188611713753772 ], [ 4.386949744689545, 51.18864652405653 ], [ 4.38583900403317, 51.188750239942657 ], [ 4.384749781693749, 51.188921863018038 ], [ 4.38369256308934, 51.189159741183389 ], [ 4.382677525966798, 51.189461584516799 ], [ 4.381714442532297, 51.189824487289727 ], [ 4.38081258546089, 51.190244955904916 ], [ 4.379980638685701, 51.190718942489731 ], [ 4.379226613822408, 51.191241883822919 ], [ 4.378557773031766, 51.191808745222062 ], [ 4.3779805590623, 51.192414068971701 ], [ 4.377500533147645, 51.193052026827679 ], [ 4.377122321358687, 51.193716476094167 ], [ 4.376849569930702, 51.194401018735597 ], [ 4.376684910000247, 51.195099062955798 ], [ 4.376629932097227, 51.195803886652818 ], [ 4.376685170644135, 51.196508702139234 ], [ 4.376850098618857, 51.19720672150553 ], [ 4.377123132439758, 51.197891221997274 ], [ 4.377501647033265, 51.198555610775813 ], [ 4.377982000945943, 51.199193488439008 ], [ 4.378559571265696, 51.199798710688306 ], [ 4.379228798021434, 51.200365447547327 ], [ 4.37998323763837, 51.200888239559838 ], [ 4.380815624937552, 51.201362050423889 ], [ 4.381717943084706, 51.201782315552748 ], [ 4.382681500815499, 51.202144986093373 ], [ 4.383697016192754, 51.202446567975343 ], [ 4.384754706086849, 51.202684155612985 ], [ 4.385844380514134, 51.202855459933218 ], [ 4.386955540920113, 51.202958830458158 ], [ 4.388077481455187, 51.20299327122784 ], [ 4.389199392261148, 51.202958450409014 ], [ 4.390310463766621, 51.202854703496762 ], [ 4.391399990979762, 51.202683030077395 ], [ 4.392457476766386, 51.20244508418498 ], [ 4.393472733111969, 51.2021431583441 ], [ 4.394435979385729, 51.20178016145406 ], [ 4.395337936654784, 51.201359590728941 ], [ 4.396169917135473, 51.200885497965395 ], [ 4.396923907916837, 51.2003624504651 ], [ 4.397592648147869, 51.199795486990389 ], [ 4.398169698944497, 51.19919006917943 ], [ 4.39864950534373, 51.198552028891108 ], [ 4.399027449710528, 51.197887511989116 ], [ 4.399299896086507, 51.197202919108179 ], [ 4.39946422505808, 51.196504843975134 ], [ 4.399518858813908, 51.195800009879925 ] ] ] } },
{ "type": "Feature", "properties": { "stop_id": "osm-1543582734", "name": "Kolonel Silvertop", "lines": "4,10", "line_count": 2, "source": "osm-overpass", "buffer_m": 800 }, "geometry": { "type": "Polygon", "coordinates": [ [ [ 4.399536870513847, 51.195847708136164 ], [ 4.399481287527887, 51.195142903187168 ], [ 4.399316028265654, 51.19444491488499 ], [ 4.399042689027364, 51.193760464791396 ], [ 4.398663906607957, 51.193096143809804 ], [ 4.398183332734735, 51.192458348738967 ], [ 4.397605598751521, 51.191853220705916 ], [ 4.396936270895166, 51.191286586069204 ], [ 4.396181796599695, 51.190763900359926 ], [ 4.395349442348718, 51.190290195798504 ], [ 4.394447223676706, 51.189870032890347 ], [ 4.393483827993986, 51.189507456564442 ], [ 4.392468530977921, 51.189205957275007 ], [ 4.391411107333385, 51.188968437438312 ], [ 4.390321736778426, 51.188797183526674 ], [ 4.389210906155916, 51.188693844085698 ], [ 4.388089308608197, 51.188659413885681 ], [ 4.386967740779252, 51.188694224358642 ], [ 4.385856999027395, 51.188797940412044 ], [ 4.38476777564067, 51.188969563650218 ], [ 4.383710556047207, 51.189207441972222 ], [ 4.382695518003393, 51.189509285454704 ], [ 4.381732433724258, 51.189872188367659 ], [ 4.38083057589299, 51.190292657112479 ], [ 4.379998628450031, 51.190766643815323 ], [ 4.379244603017492, 51.191289585253735 ], [ 4.378575761761615, 51.191856446744339 ], [ 4.377998547435407, 51.192461770570809 ], [ 4.377518521275945, 51.193099728488193 ], [ 4.377140309356486, 51.193764177800084 ], [ 4.376867557913563, 51.194448720470504 ], [ 4.3767028980839, 51.195146764702976 ], [ 4.376647920396431, 51.195851588395456 ], [ 4.376703159271589, 51.196556403860519 ], [ 4.376868087684108, 51.197254423188909 ], [ 4.377141122048144, 51.197938923626523 ], [ 4.377519637284901, 51.198603312335237 ], [ 4.377999991934758, 51.1992411899136 ], [ 4.37857756307852, 51.199846412063835 ], [ 4.379246790737168, 51.200413148810533 ], [ 4.380001231327221, 51.200935940698578 ], [ 4.380833619660349, 51.201409751427143 ], [ 4.38173593889232, 51.201830016410881 ], [ 4.382699497748352, 51.202192686798092 ], [ 4.383715014280416, 51.202494268519878 ], [ 4.384772705347767, 51.20273185599207 ], [ 4.385862380955446, 51.202903160143187 ], [ 4.386973542537577, 51.203006530496978 ], [ 4.38809548423322, 51.203040971095128 ], [ 4.389217396172985, 51.203006150106063 ], [ 4.390328468774571, 51.202902403026449 ], [ 4.391417997035559, 51.202730729444276 ], [ 4.392475483811674, 51.202492783395144 ], [ 4.393490741078852, 51.202190857405142 ], [ 4.394453988197426, 51.201827860375005 ], [ 4.395355946226386, 51.201407289520183 ], [ 4.396187927374749, 51.200933196638587 ], [ 4.396941918725122, 51.200410149033033 ], [ 4.397610659421026, 51.199843185466847 ], [ 4.398187710573914, 51.199237767579042 ], [ 4.398667517217373, 51.198599727229343 ], [ 4.399045461714023, 51.19793521028194 ], [ 4.399317908104234, 51.197250617372049 ], [ 4.39948223697429, 51.196552542226769 ], [ 4.399536870513847, 51.195847708136164 ] ] ] } },
{ "type": "Feature", "properties": { "stop_id": "osm-582900656", "name": "Koninklijkelaan", "lines": "7,A3", "line_count": 2, "source": "osm-overpass", "buffer_m": 800 }, "geometry": { "type": "Polygon", "coordinates": [ [ [ 4.437391903437359, 51.18906354204276 ], [ 4.43733575675083, 51.188358753160884 ], [ 4.437169955295476, 51.187660816076345 ], [ 4.436896100590261, 51.186976451856147 ], [ 4.436516834390681, 51.186312250575412 ], [ 4.436035813078754, 51.185674607878909 ], [ 4.435457672302549, 51.185069663425317 ], [ 4.434787982211389, 51.184503241804499 ], [ 4.434033193722542, 51.183980796495739 ], [ 4.433200576340285, 51.183507357404181 ], [ 4.432298148128281, 51.183087482478832 ], [ 4.43133459851041, 51.182725213875791 ], [ 4.430319204642728, 51.182424039086527 ], [ 4.429261742159839, 51.182186857403231 ], [ 4.428172391151735, 51.182015952042924 ], [ 4.427061638271933, 51.181912968195824 ], [ 4.425940175913984, 51.181878897209224 ], [ 4.424818799420868, 51.181914067057278 ], [ 4.423708303310169, 51.182018139188017 ], [ 4.42261937750714, 51.182190111778034 ], [ 4.421562504577687, 51.182428329363304 ], [ 4.420547858943962, 51.182730498754296 ], [ 4.419585209046726, 51.183093711083302 ], [ 4.418683823390982, 51.183514469772575 ], [ 4.417852381375138, 51.183988724156258 ], [ 4.417098889758963, 51.184511908434125 ], [ 4.416430605572655, 51.18507898558385 ], [ 4.415853966208778, 51.185684495811714 ], [ 4.415374527370994, 51.186322609076811 ], [ 4.414996909479338, 51.186987181185565 ], [ 4.41472475305163, 51.187671812918147 ], [ 4.414560683495379, 51.18836991161897 ], [ 4.414506285654964, 51.189074754659906 ], [ 4.414562088365614, 51.189779554165625 ], [ 4.41472755917009, 51.19047752237902 ], [ 4.415001109256148, 51.191161937036746 ], [ 4.415380108574644, 51.191826206125484 ], [ 4.415860910999638, 51.192463931394599 ], [ 4.416438889294771, 51.19306897001217 ], [ 4.417108479554778, 51.193635493769683 ], [ 4.41786323469884, 51.194158045262824 ], [ 4.418695886504111, 51.194631590505814 ], [ 4.419598415584065, 51.195051567470308 ], [ 4.420562128638529, 51.195413930078892 ], [ 4.421577742230665, 51.19571518722757 ], [ 4.422635472281987, 51.195952436459031 ], [ 4.423725128419997, 51.196123391960533 ], [ 4.424836212265205, 51.196226406614869 ], [ 4.425958018705244, 51.196260487890846 ], [ 4.427079739174252, 51.196225307418935 ], [ 4.428190565935842, 51.196121204159347 ], [ 4.429279796358036, 51.195949181131773 ], [ 4.430336936168582, 51.195710895738536 ], [ 4.431351800689235, 51.195408643774918 ], [ 4.432314613067534, 51.195045337281904 ], [ 4.433216098554419, 51.194624476455957 ], [ 4.434047573915026, 51.194150115887886 ], [ 4.434801031108175, 51.193626825458587 ], [ 4.435469214426518, 51.193059646269717 ], [ 4.436045690353795, 51.192454042036289 ], [ 4.436524909467122, 51.191815846411835 ], [ 4.436902259790346, 51.19115120675486 ], [ 4.437174111088161, 51.190466524881117 ], [ 4.437337849679016, 51.189768395373065 ], [ 4.437391903437359, 51.18906354204276 ] ] ] } },
{ "type": "Feature", "properties": { "stop_id": "osm-582900675", "name": "Koninklijkelaan", "lines": "7,A3", "line_count": 2, "source": "osm-overpass", "buffer_m": 800 }, "geometry": { "type": "Polygon", "coordinates": [ [ [ 4.437559282519003, 51.188978325832089 ], [ 4.437503133406882, 51.1882735370068 ], [ 4.437337329750844, 51.187575600134423 ], [ 4.43706347309102, 51.186891236279941 ], [ 4.436684205201709, 51.186227035514882 ], [ 4.436203182481171, 51.185589393479063 ], [ 4.435625040591013, 51.184984449824832 ], [ 4.434955349691256, 51.184418029134335 ], [ 4.434200560706932, 51.183895584877888 ], [ 4.433367943147059, 51.183422146950484 ], [ 4.432465515076998, 51.183002273289958 ], [ 4.431501965919238, 51.182640006040209 ], [ 4.430486572825397, 51.182338832679662 ], [ 4.429429111422623, 51.182101652486793 ], [ 4.428339761790502, 51.181930748664229 ], [ 4.427229010569304, 51.181827766387407 ], [ 4.426107550136622, 51.181793696988557 ], [ 4.424986175816907, 51.181828868426457 ], [ 4.423875682106836, 51.181932942133876 ], [ 4.422786758908562, 51.182104916272245 ], [ 4.421729888762933, 51.182343135362594 ], [ 4.420715246065326, 51.182645306200961 ], [ 4.419752599228245, 51.183008519905648 ], [ 4.418851216727257, 51.183429279885672 ], [ 4.418019777930413, 51.183903535462761 ], [ 4.417266289566503, 51.184426720825201 ], [ 4.416598008634429, 51.184993798940212 ], [ 4.416021372495425, 51.185599310004754 ], [ 4.415541936822112, 51.186237423969857 ], [ 4.415164322004053, 51.18690199663525 ], [ 4.41489216852947, 51.187586628775712 ], [ 4.414728101777427, 51.188284727731713 ], [ 4.414673706565277, 51.188989570872643 ], [ 4.414729511702935, 51.189694370322243 ], [ 4.414894984709757, 51.190392338323925 ], [ 4.415168536752271, 51.191076752616347 ], [ 4.415547537762463, 51.191741021189728 ], [ 4.416028341598074, 51.192378745798393 ], [ 4.416606321009131, 51.192983783616796 ], [ 4.417275912079591, 51.193550306444074 ], [ 4.418030667720806, 51.194072856884873 ], [ 4.418863319705117, 51.19454640096361 ], [ 4.41976584864425, 51.194966376663075 ], [ 4.420729561239377, 51.195328737918111 ], [ 4.421745174058076, 51.195629993637709 ], [ 4.422802903029293, 51.195867241378345 ], [ 4.423892557790936, 51.196038195341615 ], [ 4.425003639976781, 51.196141208425168 ], [ 4.426125444490449, 51.196175288112933 ], [ 4.427247162784643, 51.19614010605072 ], [ 4.428357987143945, 51.196036001214004 ], [ 4.429447214959535, 51.195863976637703 ], [ 4.43050435198429, 51.195625689739025 ], [ 4.431519213566818, 51.19532343632779 ], [ 4.432482022882993, 51.194960128458945 ], [ 4.433383505213265, 51.194539266342133 ], [ 4.434214977353203, 51.194064904580678 ], [ 4.434968431292658, 51.193541613066927 ], [ 4.435636611355645, 51.192974432912969 ], [ 4.436213084057274, 51.192368827843168 ], [ 4.436692300005725, 51.191730631519 ], [ 4.437069647255344, 51.191065991305827 ], [ 4.437341495600414, 51.190381309024666 ], [ 4.437505231387823, 51.18968317926192 ], [ 4.437559282519003, 51.188978325832089 ] ] ] } },
{ "type": "Feature", "properties": { "stop_id": "osm-2202016632", "name": "Kruishof", "lines": "6", "line_count": 1, "source": "osm-overpass", "buffer_m": 800 }, "geometry": { "type": "Polygon", "coordinates": [ [ [ 4.40295737498726, 51.18159437671968 ], [ 4.402901757322336, 51.180889569542536 ], [ 4.402736497378181, 51.180191582225874 ], [ 4.40246319145854, 51.179507136321902 ], [ 4.402084476034571, 51.178842822693618 ], [ 4.401604002185737, 51.178205038068924 ], [ 4.401026400290293, 51.177599923474311 ], [ 4.400357235311176, 51.177033305139005 ], [ 4.399602953112494, 51.176510638437129 ], [ 4.398770818327106, 51.176036955406239 ], [ 4.39786884437576, 51.175616816344586 ], [ 4.396905716312433, 51.175254265951637 ], [ 4.3958907072382, 51.174952794432052 ], [ 4.394833589086467, 51.174715303934946 ], [ 4.393744538635284, 51.174544080650179 ], [ 4.392634039647215, 51.174440772828653 ], [ 4.391512782073555, 51.174406374936368 ], [ 4.390391559287131, 51.174441218094302 ], [ 4.389281164326374, 51.174544966895262 ], [ 4.388192286142592, 51.174716622628331 ], [ 4.387135406842313, 51.174954532879674 ], [ 4.386120700907351, 51.175256407418438 ], [ 4.385157937356633, 51.175619340215505 ], [ 4.384256385786392, 51.176039837384423 ], [ 4.383424727188926, 51.176513850777475 ], [ 4.382670970405369, 51.177036816915077 ], [ 4.382002375014875, 51.177603700875764 ], [ 4.381425381402197, 51.178209044726657 ], [ 4.380945548677785, 51.178847020029778 ], [ 4.380567501050439, 51.179511483921047 ], [ 4.380294883172415, 51.180196038223855 ], [ 4.380130324891661, 51.180894091029572 ], [ 4.380075415756373, 51.181598920153355 ], [ 4.380130689523795, 51.182303737855356 ], [ 4.380295618829567, 51.183001756204625 ], [ 4.380568620076194, 51.183686252456347 ], [ 4.380947068500925, 51.184350633812763 ], [ 4.381427323284929, 51.184988500943142 ], [ 4.382004762468491, 51.185593709650355 ], [ 4.382673827341603, 51.186160430088556 ], [ 4.383428075887171, 51.186683202959763 ], [ 4.384260244765606, 51.187156992146434 ], [ 4.385162319245987, 51.187577233270858 ], [ 4.386125610411069, 51.187939877711287 ], [ 4.387140838891861, 51.188241431648898 ], [ 4.388198224323288, 51.188478989767304 ], [ 4.389287579655892, 51.188650263277957 ], [ 4.390398409410685, 51.188753601999842 ], [ 4.391520010925193, 51.188788010279481 ], [ 4.392641577609132, 51.18875315659669 ], [ 4.39375230320828, 51.188649376763109 ], [ 4.394841486065088, 51.188477670682275 ], [ 4.395898632364609, 51.188239692702844 ], [ 4.396913557364396, 51.187937735658373 ], [ 4.397876483626987, 51.187574708748691 ], [ 4.398778135303225, 51.187154109476886 ], [ 4.399609827553784, 51.186679989914495 ], [ 4.40036355024428, 51.186156917621105 ], [ 4.401032045105722, 51.185589931597654 ], [ 4.401608875616638, 51.184984493699282 ], [ 4.402088488934489, 51.184346435978149 ], [ 4.402466269282144, 51.183681904465601 ], [ 4.402738582278756, 51.182997299936865 ], [ 4.402902809792798, 51.182299216230788 ], [ 4.40295737498726, 51.18159437671968 ] ] ] } },
{ "type": "Feature", "properties": { "stop_id": "osm-2216116546", "name": "Kuijpers", "lines": "7,A3", "line_count": 2, "source": "osm-overpass", "buffer_m": 800 }, "geometry": { "type": "Polygon", "coordinates": [ [ [ 4.44803402657358, 51.176519311257266 ], [ 4.447977734280927, 51.175814524078824 ], [ 4.447811818258, 51.175116598608447 ], [ 4.44753788112414, 51.174432255800994 ], [ 4.44715856542564, 51.173768085524898 ], [ 4.446677528018255, 51.173130483126194 ], [ 4.446099404702262, 51.172525587875249 ], [ 4.44542976545632, 51.171959223888031 ], [ 4.44467506070589, 51.171436844088717 ], [ 4.443842559147125, 51.170963477751677 ], [ 4.442940277727099, 51.170543682125455 ], [ 4.441976904455414, 51.17018149860268 ], [ 4.440961714789834, 51.169880413855751 ], [ 4.43990448239898, 51.169643326310187 ], [ 4.4388153851581, 51.169472518276699 ], [ 4.437704907278483, 51.169369634008724 ], [ 4.436583738507425, 51.169335663895026 ], [ 4.435462671363032, 51.169370934938719 ], [ 4.434352497386493, 51.169475107613671 ], [ 4.433263903403701, 51.169647179128596 ], [ 4.432207368787984, 51.169885493067063 ], [ 4.431193064706325, 51.170187755311929 ], [ 4.430230756312938, 51.170551056101331 ], [ 4.429329708826479, 51.170971898005753 ], [ 4.428498598390741, 51.17144622955793 ], [ 4.427745428573869, 51.171969484214351 ], [ 4.427077453308114, 51.172536624274784 ], [ 4.42650110701155, 51.173142189339281 ], [ 4.426021942565435, 51.173780348838605 ], [ 4.425644577746663, 51.174444958133513 ], [ 4.425372650634663, 51.175129617645624 ], [ 4.425208784426817, 51.175827734451367 ], [ 4.425154562006997, 51.176532585747765 ], [ 4.425210510518514, 51.17723738357958 ], [ 4.425376096097182, 51.177935340205366 ], [ 4.425649728822449, 51.178619733473028 ], [ 4.426028777846266, 51.179283971574868 ], [ 4.426509596561043, 51.179921656558435 ], [ 4.427087557570736, 51.180526645979633 ], [ 4.427757097134029, 51.181093112103646 ], [ 4.428511768656202, 51.181615598081137 ], [ 4.429344304718054, 51.182089070557403 ], [ 4.430246687046576, 51.182508968205084 ], [ 4.431210223754307, 51.182871245710857 ], [ 4.432225633102732, 51.183172412790661 ], [ 4.433283132980938, 51.183409567854952 ], [ 4.43437253523429, 51.183580425998287 ], [ 4.43548334393004, 51.183683341041537 ], [ 4.436604856607811, 51.183717321413312 ], [ 4.437726267533355, 51.183682039716253 ], [ 4.438836771954167, 51.183577835885885 ], [ 4.439925670345565, 51.183405713910787 ], [ 4.440982471635965, 51.183167332146525 ], [ 4.441996994410228, 51.182864987316819 ], [ 4.442959465109907, 51.182501592357141 ], [ 4.443860612279002, 51.182080648315953 ], [ 4.44469175594298, 51.181606210585592 ], [ 4.445444891256749, 51.181082849789902 ], [ 4.446112765613996, 51.180515607708053 ], [ 4.446688948474503, 51.179909948660523 ], [ 4.447167893237771, 51.179271706828331 ], [ 4.447544990569194, 51.178607030014717 ], [ 4.447816612668732, 51.177922320392753 ], [ 4.447980148060458, 51.177224172811734 ], [ 4.44803402657358, 51.176519311257266 ] ] ] } },
{ "type": "Feature", "properties": { "stop_id": "osm-2371923251", "name": "Kuijpers", "lines": "7,A3", "line_count": 2, "source": "osm-overpass", "buffer_m": 800 }, "geometry": { "type": "Polygon", "coordinates": [ [ [ 4.447507422840352, 51.176911762260815 ], [ 4.447451138026181, 51.176206974936051 ], [ 4.447285228482344, 51.175509048829589 ], [ 4.447011296765889, 51.174824704902385 ], [ 4.44663198537104, 51.174160533033735 ], [ 4.446150951112217, 51.17352292858498 ], [ 4.445572829759481, 51.172918030846247 ], [ 4.444903191272683, 51.172351663957485 ], [ 4.44414848607007, 51.171829280870853 ], [ 4.443315982852226, 51.171355910892288 ], [ 4.442413698582263, 51.170936111305451 ], [ 4.441450321297276, 51.170573923541134 ], [ 4.440435126493696, 51.170272834312499 ], [ 4.439377887889632, 51.170035742088224 ], [ 4.438288783420147, 51.16986492922414 ], [ 4.437178297366104, 51.169762040020089 ], [ 4.436057119553467, 51.169728064912377 ], [ 4.434936042587336, 51.169763330952186 ], [ 4.433825858103399, 51.169867498661596 ], [ 4.432737253028644, 51.17003956529706 ], [ 4.431680706843112, 51.170277874489173 ], [ 4.430666390825097, 51.170580132166471 ], [ 4.429704070243663, 51.170943428611068 ], [ 4.428803010434743, 51.171364266435283 ], [ 4.427971887660709, 51.171838594211152 ], [ 4.427218705608447, 51.172361845431503 ], [ 4.426550718327988, 51.172928982429205 ], [ 4.425974360353063, 51.173534544833892 ], [ 4.425495184677385, 51.174172702101856 ], [ 4.42511780918599, 51.174837309615413 ], [ 4.424845872061105, 51.175521967813324 ], [ 4.42468199659659, 51.176220083784742 ], [ 4.424627765765516, 51.176924934734721 ], [ 4.424683706792282, 51.177629732711374 ], [ 4.424849285884871, 51.178327689971916 ], [ 4.425122913185294, 51.179012084358078 ], [ 4.425501957897861, 51.179676324051506 ], [ 4.425982773456604, 51.180314011084391 ], [ 4.426560732495986, 51.180919002992923 ], [ 4.42723027129376, 51.181485472018274 ], [ 4.427984943262682, 51.182007961283269 ], [ 4.428817480979315, 51.182481437401499 ], [ 4.429719866154783, 51.182901339010492 ], [ 4.430683406874246, 51.183263620758808 ], [ 4.431698821360581, 51.183564792321491 ], [ 4.432756327453391, 51.183801952065821 ], [ 4.433845736938174, 51.183972815041251 ], [ 4.434956553812499, 51.184075735022134 ], [ 4.436078075537162, 51.184109720389429 ], [ 4.437199496290715, 51.184074443697725 ], [ 4.438310011225913, 51.183970244834263 ], [ 4.439398920716711, 51.183798127739799 ], [ 4.440455733584526, 51.183559750722907 ], [ 4.441470268302617, 51.183257410461479 ], [ 4.442432751197398, 51.182894019847055 ], [ 4.443333910695327, 51.182473079886265 ], [ 4.444165066703038, 51.181998645932083 ], [ 4.44491821425649, 51.181475288572024 ], [ 4.445586100631437, 51.180908049552166 ], [ 4.446162295171873, 51.180302393163508 ], [ 4.446641251164793, 51.179664153561468 ], [ 4.447018359167446, 51.178999478527885 ], [ 4.447289991277041, 51.178314770218634 ], [ 4.447453535921289, 51.177616623470399 ], [ 4.447507422840352, 51.176911762260815 ] ] ] } },
{ "type": "Feature", "properties": { "stop_id": "osm-12389841474", "name": "Lakborslei", "lines": "A9", "line_count": 1, "source": "osm-overpass", "buffer_m": 800 }, "geometry": { "type": "Polygon", "coordinates": [ [ [ 4.465019575632468, 51.22685896700375 ], [ 4.464962965790505, 51.226154201635019 ], [ 4.464796616370485, 51.225456313596482 ], [ 4.464522134175207, 51.22477202348157 ], [ 4.464142167008591, 51.224107920650525 ], [ 4.463660378007227, 51.223470399798906 ], [ 4.463081410214684, 51.222865599410831 ], [ 4.462410841745423, 51.222299342687997 ], [ 4.46165513197475, 51.221777081520806 ], [ 4.460821559276468, 51.221303844040499 ], [ 4.459918150909965, 51.220884186254253 ], [ 4.45895360573264, 51.220522148226948 ], [ 4.457937210481249, 51.220221215229557 ], [ 4.456878750426276, 51.219984284226243 ], [ 4.455788415256285, 51.219813636020405 ], [ 4.454676701093944, 51.219710913326544 ], [ 4.45355430958169, 51.219677104977933 ], [ 4.452432045002374, 51.219712536420396 ], [ 4.45132071041868, 51.219816866583933 ], [ 4.450231003824175, 51.219989091161253 ], [ 4.449173415298857, 51.220227552262841 ], [ 4.448158126152586, 51.220529954355072 ], [ 4.447194911021251, 51.220893386330197 ], [ 4.446293043852852, 51.221314349496076 ], [ 4.445461208684241, 51.221788791218344 ], [ 4.44470741606437, 51.222312143893092 ], [ 4.444038925926757, 51.222879368876569 ], [ 4.44346217765329, 51.223485004951321 ], [ 4.442982728003567, 51.224123220864286 ], [ 4.442605197509739, 51.224787871432966 ], [ 4.442333225856533, 51.22547255668124 ], [ 4.44216943668085, 51.226170683437324 ], [ 4.44211541213564, 51.226875528801912 ], [ 4.4421716774695, 51.227580304876263 ], [ 4.442337695777536, 51.228278224127649 ], [ 4.442611872981399, 51.22896256476313 ], [ 4.442991572997812, 51.22962673548102 ], [ 4.443473142956619, 51.230264338976916 ], [ 4.444051948231935, 51.230869233590646 ], [ 4.444722416954747, 51.231435592499601 ], [ 4.445478093582946, 51.231957959886344 ], [ 4.44631170101638, 51.232431303537673 ], [ 4.447215210660806, 51.232851063366333 ], [ 4.448179919766774, 51.233213195386043 ], [ 4.449196535297846, 51.233514210713679 ], [ 4.450255263518307, 51.233751209221239 ], [ 4.451345904434146, 51.233921907511196 ], [ 4.452457950173055, 51.234024660944236 ], [ 4.453580686350295, 51.234058479505919 ], [ 4.454703295437728, 51.234023037357829 ], [ 4.455814961133416, 51.23391867598145 ], [ 4.456904972719348, 51.233746400883547 ], [ 4.457962828394873, 51.233507871895121 ], [ 4.458978336583697, 51.233205387158641 ], [ 4.45994171423225, 51.232841860957812 ], [ 4.460843681147084, 51.23242079560584 ], [ 4.461675549458152, 51.231946247664013 ], [ 4.462429307342856, 51.231422788818229 ], [ 4.463097696202532, 51.230855461792338 ], [ 4.463674280547347, 51.23024973172523 ], [ 4.464153509917388, 51.229611433481963 ], [ 4.464530772245733, 51.228946715409037 ], [ 4.464802438153096, 51.228261980076695 ], [ 4.464965895752227, 51.227563822581402 ], [ 4.465019575632468, 51.22685896700375 ] ] ] } },
{ "type": "Feature", "properties": { "stop_id": "osm-611679322", "name": "Lakborslei", "lines": "A9", "line_count": 1, "source": "osm-overpass", "buffer_m": 800 }, "geometry": { "type": "Polygon", "coordinates": [ [ [ 4.465314567245467, 51.226825038435663 ], [ 4.465257952985527, 51.226120273198767 ], [ 4.465091599271034, 51.225422385565857 ], [ 4.46481711294613, 51.224738096126586 ], [ 4.464437141854486, 51.224073994234558 ], [ 4.463955349170457, 51.223436474576282 ], [ 4.463376377973042, 51.222831675624477 ], [ 4.462705806409457, 51.222265420566856 ], [ 4.461950093884764, 51.221743161277892 ], [ 4.461116518799254, 51.221269925870729 ], [ 4.460213108435262, 51.220850270332534 ], [ 4.45924856166939, 51.220488234706536 ], [ 4.45823216525366, 51.220187304240639 ], [ 4.457173704469747, 51.219950375874646 ], [ 4.456083369013213, 51.219779730386449 ], [ 4.454971655009475, 51.219677010464544 ], [ 4.45384926409943, 51.2196432049154 ], [ 4.452727000560145, 51.219678639157955 ], [ 4.451615667444292, 51.219782972095224 ], [ 4.450525962731322, 51.219955199393247 ], [ 4.449468376483136, 51.220193663136271 ], [ 4.448453089987698, 51.220496067765275 ], [ 4.447489877855402, 51.22085950214813 ], [ 4.446588014005401, 51.221280467569414 ], [ 4.445756182442638, 51.221754911373132 ], [ 4.445002393681368, 51.222278265935266 ], [ 4.444333907617994, 51.222845492593905 ], [ 4.443757163595198, 51.223451130115485 ], [ 4.443277718331678, 51.224089347232997 ], [ 4.442900192317366, 51.224753998752306 ], [ 4.44262822519387, 51.225438684688164 ], [ 4.442464440554478, 51.226136811862133 ], [ 4.442410420508458, 51.226841657370883 ], [ 4.442466690261077, 51.227546433314224 ], [ 4.442632712864871, 51.228244352160765 ], [ 4.442906894200102, 51.228928692121343 ], [ 4.443286598143682, 51.229592861900855 ], [ 4.443768171787607, 51.230230464203913 ], [ 4.44434698047046, 51.230835357381778 ], [ 4.445017452290375, 51.231401714625726 ], [ 4.445773131675382, 51.231924080134299 ], [ 4.446606741498731, 51.232397421712363 ], [ 4.447510253143129, 51.232817179292731 ], [ 4.448474963839829, 51.233179308910699 ], [ 4.449491580537039, 51.233480321706274 ], [ 4.450550309487791, 51.233717317575866 ], [ 4.451640950691023, 51.233888013147379 ], [ 4.452752996271641, 51.233990763807697 ], [ 4.453875731846429, 51.234024579569031 ], [ 4.454998339893055, 51.23398913462001 ], [ 4.456110004119617, 51.233884770469118 ], [ 4.457200013822269, 51.233712492649772 ], [ 4.458257867218522, 51.233473961019264 ], [ 4.459273372754062, 51.233171473745465 ], [ 4.46023674740091, 51.232807945136564 ], [ 4.461138710994565, 51.232386877528931 ], [ 4.461970575697003, 51.231912327505647 ], [ 4.462724329720418, 51.231388866772569 ], [ 4.463392714503372, 51.230821538071758 ], [ 4.463969294595327, 51.230215806558242 ], [ 4.464448519577367, 51.229577507111017 ], [ 4.464825777424841, 51.228912788088131 ], [ 4.465097438801651, 51.228228052068971 ], [ 4.465260891864177, 51.227529894156589 ], [ 4.465314567245467, 51.226825038435663 ] ] ] } },
{ "type": "Feature", "properties": { "stop_id": "osm-652646013", "name": "Lambrechtshoeken", "lines": "6", "line_count": 1, "source": "osm-overpass", "buffer_m": 800 }, "geometry": { "type": "Polygon", "coordinates": [ [ [ 4.441435140558761, 51.243386751185263 ], [ 4.441378867277414, 51.242681979176524 ], [ 4.44121281201707, 51.2419840625642 ], [ 4.440938578751923, 51.241299722217896 ], [ 4.440558812893173, 51.240635547982258 ], [ 4.440077175643448, 51.239997935241192 ], [ 4.439498308589555, 51.239393023364286 ], [ 4.438827788880247, 51.238826636627174 ], [ 4.438072075425291, 51.238304228172524 ], [ 4.437238446637468, 51.237830827549978 ], [ 4.436334930319136, 51.237410992337551 ], [ 4.43537022636932, 51.237048764308355 ], [ 4.434353623054959, 51.23674763056264 ], [ 4.433294907650493, 51.236510489997102 ], [ 4.432204272302912, 51.236339625432436 ], [ 4.431092216024117, 51.236236681665901 ], [ 4.429969443748846, 51.2362026496588 ], [ 4.428846763423694, 51.236237857009989 ], [ 4.427734982111369, 51.236341964806527 ], [ 4.426644802103375, 51.23651397088188 ], [ 4.425586718034324, 51.236752219449919 ], [ 4.424570915981698, 51.237054417023302 ], [ 4.423607175516262, 51.237417654463378 ], [ 4.422704775640814, 51.237838434951151 ], [ 4.421872405518413, 51.238312707611499 ], [ 4.421118080846416, 51.238835906468722 ], [ 4.42044906667949, 51.23940299436066 ], [ 4.419871807444217, 51.240008511390592 ], [ 4.419391864819912, 51.24064662745257 ], [ 4.419013864086149, 51.2413111983264 ], [ 4.418741449457044, 51.24199582480442 ], [ 4.418577248837231, 51.24269391428173 ], [ 4.418522848344566, 51.243398744219029 ], [ 4.418578776851436, 51.244103526867107 ], [ 4.41874450070061, 51.244801474630975 ], [ 4.419018428653843, 51.245485865443875 ], [ 4.419397927032898, 51.24615010752175 ], [ 4.419879344914238, 51.24678780287352 ], [ 4.420458049141263, 51.247392808954963 ], [ 4.421128468822569, 51.247959297870224 ], [ 4.421884148892405, 51.248481812549961 ], [ 4.422717812220964, 51.248955319362395 ], [ 4.423621429678509, 51.249375256648626 ], [ 4.424586297479292, 51.249737578712967 ], [ 4.425603121059673, 51.250038794841409 ], [ 4.426662104680513, 51.250276002971361 ], [ 4.427753045887418, 51.250446917685665 ], [ 4.428865433914481, 51.250549892259826 ], [ 4.429988551078066, 51.250583934548615 ], [ 4.431111576177711, 51.2505487165581 ], [ 4.43222368890122, 51.250444577610011 ], [ 4.43331417422114, 51.250272521068119 ], [ 4.434372525769888, 51.250034204657844 ], [ 4.435388547190897, 51.249731924473707 ], [ 4.436352450483189, 51.249368592829072 ], [ 4.437254950386627, 51.248947710163151 ], [ 4.43808735389413, 51.248473331277715 ], [ 4.438841644025376, 51.24795002623064 ], [ 4.439510557053071, 51.24738283626489 ], [ 4.440087652437373, 51.246777225199807 ], [ 4.440567374795653, 51.24613902675511 ], [ 4.440945107313046, 51.245474388316836 ], [ 4.441217216082838, 51.244789711689187 ], [ 4.441381084954395, 51.244091591404263 ], [ 4.441435140558761, 51.243386751185263 ] ] ] } },
{ "type": "Feature", "properties": { "stop_id": "osm-652646028", "name": "Lambrechtshoeken", "lines": "6", "line_count": 1, "source": "osm-overpass", "buffer_m": 800 }, "geometry": { "type": "Polygon", "coordinates": [ [ [ 4.442307852915099, 51.243030666665874 ], [ 4.442251566866782, 51.242325894972296 ], [ 4.44208549980698, 51.241627979486054 ], [ 4.441811255823422, 51.240943641065869 ], [ 4.441431480430407, 51.240279469537811 ], [ 4.440949834922252, 51.239641860259674 ], [ 4.440370960965157, 51.239036952567716 ], [ 4.439700435774212, 51.238470570697181 ], [ 4.438944718311851, 51.237948167743916 ], [ 4.438111087029315, 51.237474773204561 ], [ 4.437207569752884, 51.237054944598547 ], [ 4.436242866390717, 51.236692723635407 ], [ 4.435226265204029, 51.23639159734735 ], [ 4.434167553446727, 51.236154464559242 ], [ 4.433076923230658, 51.235983608016959 ], [ 4.431964873518322, 51.235880672440501 ], [ 4.430842109181253, 51.235846648712354 ], [ 4.429719438089663, 51.235881864351668 ], [ 4.428607667217422, 51.235985980365712 ], [ 4.427517498755599, 51.236157994508837 ], [ 4.426459427227733, 51.236396250917274 ], [ 4.425443638590655, 51.236698456028179 ], [ 4.42447991228608, 51.237061700630349 ], [ 4.42357752718056, 51.237482487835827 ], [ 4.42274517229505, 51.23795676670477 ], [ 4.421990863180288, 51.23847997120172 ], [ 4.421321864741232, 51.239047064110174 ], [ 4.420744621253077, 51.239652585485096 ], [ 4.42026469424356, 51.240290705178666 ], [ 4.419886708841912, 51.240955278935729 ], [ 4.419614309114613, 51.241639907520756 ], [ 4.41945012282277, 51.242337998308571 ], [ 4.419395735946212, 51.2430428287472 ], [ 4.419451677226133, 51.243747611082568 ], [ 4.419617412882204, 51.244445557722671 ], [ 4.419891351562366, 51.245129946611527 ], [ 4.420270859484947, 51.245794185983577 ], [ 4.420752285634377, 51.246431877873832 ], [ 4.421330996774283, 51.247036879771301 ], [ 4.422001421946551, 51.247603363820453 ], [ 4.422757106032414, 51.248125872998791 ], [ 4.423590771863262, 51.248599373727501 ], [ 4.424494390285152, 51.249019304406339 ], [ 4.42545925750296, 51.249381619403209 ], [ 4.426476078958592, 51.24968282807221 ], [ 4.427535058933326, 51.249920028422615 ], [ 4.428625995007873, 51.250090935112212 ], [ 4.429738376465759, 51.250193901493795 ], [ 4.43086148568666, 51.250227935501123 ], [ 4.431984501546665, 51.250192709219988 ], [ 4.433096603822648, 51.250088562052099 ], [ 4.434187077587881, 51.249916497440317 ], [ 4.435245416586183, 51.249678173187874 ], [ 4.436261424581981, 51.249375885464858 ], [ 4.437225313703736, 51.249012546657163 ], [ 4.43812779882792, 51.248591657273074 ], [ 4.438960187089913, 51.248117272179051 ], [ 4.439714461656345, 51.247593961492775 ], [ 4.440383358949928, 51.247026766511482 ], [ 4.440960438582431, 51.246421151102815 ], [ 4.441440145323003, 51.24578294902831 ], [ 4.441817862507222, 51.245118307708957 ], [ 4.442089956376051, 51.244433628976616 ], [ 4.442253810922356, 51.243735507383668 ], [ 4.442307852915099, 51.243030666665874 ] ] ] } },
{ "type": "Feature", "properties": { "stop_id": "osm-12618378801", "name": "Lamorinièrestraat", "lines": "4", "line_count": 1, "source": "osm-overpass", "buffer_m": 800 }, "geometry": { "type": "Polygon", "coordinates": [ [ [ 4.435078890286785, 51.204091466233621 ], [ 4.435022760456584, 51.203386680324812 ], [ 4.434856940190535, 51.202688744025032 ], [ 4.434583031191921, 51.202004378393838 ], [ 4.434203675742082, 51.201340173519867 ], [ 4.433722531085244, 51.200702525082534 ], [ 4.433144234059618, 51.200097572795684 ], [ 4.432474356321078, 51.199531141324577 ], [ 4.431719350595262, 51.199008684243211 ], [ 4.430886488479168, 51.198535231569942 ], [ 4.429983790393377, 51.198115341384451 ], [ 4.429019948360157, 51.197753055989608 ], [ 4.428004242350439, 51.19745186303836 ], [ 4.426946451003133, 51.19721466199772 ], [ 4.425856757573081, 51.197043736270864 ], [ 4.424745652008833, 51.196940731244034 ], [ 4.423623830097502, 51.19690663846837 ], [ 4.422502090641602, 51.196941786127745 ], [ 4.421391231651032, 51.197045835883777 ], [ 4.420301946542608, 51.197217786128526 ], [ 4.419244721339578, 51.197455981613111 ], [ 4.418229733854013, 51.197758129360963 ], [ 4.417266755816613, 51.198121320712772 ], [ 4.416365058890775, 51.198542059292933 ], [ 4.415533325471381, 51.199016294629416 ], [ 4.414779565123957, 51.199539461105516 ], [ 4.414111037466736, 51.200106521870552 ], [ 4.413534182237679, 51.200712017288787 ], [ 4.413054557220591, 51.201350117462091 ], [ 4.412676784630307, 51.202014678323188 ], [ 4.412404506476765, 51.202699300760735 ], [ 4.412240349342453, 51.203397392208792 ], [ 4.412185898918143, 51.204102230109235 ], [ 4.412241684548642, 51.20480702663636 ], [ 4.412407173944427, 51.205504994061812 ], [ 4.412680778117369, 51.206189410129873 ], [ 4.413059866500411, 51.20685368281368 ], [ 4.413540792112552, 51.207491413827952 ], [ 4.414118926533346, 51.20809646028534 ], [ 4.41478870435573, 51.208662993901768 ], [ 4.415543676693792, 51.20918555717779 ], [ 4.416376573233603, 51.209659116014102 ], [ 4.417279372231703, 51.210079108251207 ], [ 4.418243377787823, 51.21044148766444 ], [ 4.419259303646933, 51.210742762987806 ], [ 4.420317362721441, 51.210980031588747 ], [ 4.42140736146789, 51.211151007467826 ], [ 4.422518798204599, 51.211254043311421 ], [ 4.423640964417681, 51.211288146384156 ], [ 4.424763048073295, 51.211252988106459 ], [ 4.425874237934147, 51.211148907224747 ], [ 4.426963827868247, 51.210976906543102 ], [ 4.428021320138076, 51.210738643248668 ], [ 4.429036526668338, 51.210436412923926 ], [ 4.429999667310562, 51.210073127401543 ], [ 4.430901464152543, 51.209652286676075 ], [ 4.431733230959672, 51.209177945144923 ], [ 4.432486956883364, 51.20865467250578 ], [ 4.43315538362826, 51.208087509689115 ], [ 4.433732075334411, 51.207481920252512 ], [ 4.434211480502105, 51.206843737707111 ], [ 4.434588985365191, 51.206179109285699 ], [ 4.43486095820234, 51.205494436695965 ], [ 4.435024784164207, 51.204796314431128 ], [ 4.435078890286785, 51.204091466233621 ] ] ] } },
{ "type": "Feature", "properties": { "stop_id": "osm-582888357", "name": "Lamorinièrestraat", "lines": "4", "line_count": 1, "source": "osm-overpass", "buffer_m": 800 }, "geometry": { "type": "Polygon", "coordinates": [ [ [ 4.431579051869991, 51.204748305176693 ], [ 4.431522974129999, 51.204043517785479 ], [ 4.431357203894167, 51.203345576753478 ], [ 4.43108334238423, 51.202661203185961 ], [ 4.430704031424535, 51.201996987248101 ], [ 4.430222927831251, 51.201359324725985 ], [ 4.429644668047573, 51.200754355469201 ], [ 4.4289748233712, 51.200187904306453 ], [ 4.428219846209847, 51.199665425001498 ], [ 4.427387007885912, 51.199191947786638 ], [ 4.426484328591284, 51.198772030977949 ], [ 4.425520500167677, 51.198409717134595 ], [ 4.424504802455302, 51.198108494183472 ], [ 4.423447014013431, 51.197871261880373 ], [ 4.422357318069118, 51.19770030392943 ], [ 4.421246204595218, 51.197597266027159 ], [ 4.420124369455024, 51.197563140041076 ], [ 4.419002611578358, 51.197598254474777 ], [ 4.417891729152328, 51.197702271309758 ], [ 4.416802415819184, 51.197874189254911 ], [ 4.415745157873642, 51.198112353372373 ], [ 4.414730133442696, 51.19841447098748 ], [ 4.413767114612402, 51.198777633731126 ], [ 4.41286537343853, 51.199198345503021 ], [ 4.41203359274161, 51.199672556089375 ], [ 4.411279782541987, 51.20019570011182 ], [ 4.410611202937557, 51.200762740935964 ], [ 4.410034294166143, 51.201368219118059 ], [ 4.409554614526844, 51.202006304926144 ], [ 4.409176786760273, 51.202670854431332 ], [ 4.408904453407551, 51.203355468631791 ], [ 4.408740241582662, 51.204053555041028 ], [ 4.40868573750308, 51.204758391149596 ], [ 4.408741471030445, 51.205463189149157 ], [ 4.408906910377186, 51.206161161297366 ], [ 4.409180467037456, 51.206845585293131 ], [ 4.40955951090211, 51.207509869033387 ], [ 4.410040395419291, 51.208147614126396 ], [ 4.410618492564774, 51.208752677549448 ], [ 4.411288237290956, 51.209319230855037 ], [ 4.412043181031154, 51.209841816354192 ], [ 4.41287605374733, 51.21031539973356 ], [ 4.413778833925912, 51.21073541859726 ], [ 4.414742825848282, 51.211097826464162 ], [ 4.41575874339106, 51.211399131794181 ], [ 4.416816799547014, 51.211636431665674 ], [ 4.417906800800991, 51.211807439777928 ], [ 4.419018245447253, 51.211910508506755 ], [ 4.42014042489574, 51.211944644799956 ], [ 4.421262526985055, 51.211909519757903 ], [ 4.422373740300189, 51.21180547180672 ], [ 4.423463358483009, 51.211633503433305 ], [ 4.424520883523595, 51.21139527151346 ], [ 4.425536127030642, 51.211093071327447 ], [ 4.426499308499121, 51.21072981441759 ], [ 4.42740114962317, 51.210309000502789 ], [ 4.428232963741229, 51.209834683722264 ], [ 4.428986739548595, 51.209311433535284 ], [ 4.429655218269057, 51.208744290656149 ], [ 4.4302319635417, 51.208138718450471 ], [ 4.430711423350592, 51.207500550263511 ], [ 4.431088983403083, 51.206835933189922 ], [ 4.431361011446151, 51.206151268828172 ], [ 4.431524892098692, 51.20545315159238 ], [ 4.431579051869991, 51.204748305176693 ] ] ] } },
{ "type": "Feature", "properties": { "stop_id": "osm-12296832510", "name": "Lange Leemstraat", "lines": "2,6,A3", "line_count": 3, "source": "osm-overpass", "buffer_m": 800 }, "geometry": { "type": "Polygon", "coordinates": [ [ [ 4.429533415902193, 51.205823303295581 ], [ 4.429477367778845, 51.205118515227277 ], [ 4.429311624330522, 51.20442057161673 ], [ 4.429037786521284, 51.203736193594139 ], [ 4.428658495947555, 51.20307197136767 ], [ 4.428177409229524, 51.202434300783985 ], [ 4.427599162648235, 51.201829321770383 ], [ 4.426929327374582, 51.20126285924961 ], [ 4.426174355726062, 51.200740367094703 ], [ 4.425341518972269, 51.200266875661853 ], [ 4.424438837290232, 51.199846943403912 ], [ 4.423475002544841, 51.199484613028879 ], [ 4.422459294637333, 51.199183372622763 ], [ 4.421401492225222, 51.198946122109426 ], [ 4.420311778670102, 51.198775145368316 ], [ 4.41920064411436, 51.198672088276751 ], [ 4.418078784624173, 51.198637942887053 ], [ 4.416956999363665, 51.198673037889556 ], [ 4.415846086783414, 51.198777035452828 ], [ 4.414756740815767, 51.198948934471254 ], [ 4.413699448069404, 51.199187080189226 ], [ 4.412684387006109, 51.199489180109154 ], [ 4.411721330064374, 51.199852326032278 ], [ 4.410819549666658, 51.200273022020397 ], [ 4.409987729010903, 51.200747218011614 ], [ 4.409233878501986, 51.201270348768155 ], [ 4.40856525862575, 51.201837377783392 ], [ 4.407988310007667, 51.202442845727369 ], [ 4.407508591330445, 51.203080922966713 ], [ 4.407130725710585, 51.203745465655174 ], [ 4.406858356053762, 51.204430074856639 ], [ 4.406694109823666, 51.205128158132801 ], [ 4.406639573569247, 51.205832993004478 ], [ 4.406695277462204, 51.206537791675387 ], [ 4.406860690000628, 51.207235766396749 ], [ 4.407134222937142, 51.207920194842778 ], [ 4.407513246391403, 51.208584484867579 ], [ 4.40799411400848, 51.209222238019045 ], [ 4.408572197927256, 51.20982731119684 ], [ 4.409241933227861, 51.210393875859545 ], [ 4.40999687143471, 51.21091647420883 ], [ 4.410829742563357, 51.2113900718076 ], [ 4.411732525115766, 51.211810106122975 ], [ 4.41269652335065, 51.212172530525059 ], [ 4.413712451083978, 51.212473853314393 ], [ 4.414770521210435, 51.212711171401168 ], [ 4.415860540080323, 51.212882198309153 ], [ 4.416972005818183, 51.212985286233121 ], [ 4.418094209630691, 51.213019441935877 ], [ 4.419216339121605, 51.212984336330784 ], [ 4.420327582611771, 51.212880307656711 ], [ 4.421417233452149, 51.212708358214826 ], [ 4.422474793317983, 51.212470144698536 ], [ 4.423490073482227, 51.212167962210827 ], [ 4.424453293086466, 51.211804722123496 ], [ 4.425355173457216, 51.211383923993452 ], [ 4.426187027554629, 51.210909621807836 ], [ 4.426940843688675, 51.210386384885403 ], [ 4.427609362694527, 51.209819253812718 ], [ 4.428186147823103, 51.209213691841697 ], [ 4.428665646674508, 51.208575532219136 ], [ 4.429043244580022, 51.207910921957222 ], [ 4.429315308922082, 51.207226262588911 ], [ 4.429479223970077, 51.206528148480331 ], [ 4.429533415902193, 51.205823303295581 ] ] ] } },
{ "type": "Feature", "properties": { "stop_id": "osm-12296832512", "name": "Lange Leemstraat", "lines": "2,6,A3", "line_count": 3, "source": "osm-overpass", "buffer_m": 800 }, "geometry": { "type": "Polygon", "coordinates": [ [ [ 4.430299437970635, 51.206321029118008 ], [ 4.430243377674504, 51.205616241548896 ], [ 4.430077620995665, 51.204918299147074 ], [ 4.429803769025663, 51.204233923031055 ], [ 4.429424463497344, 51.203569703390571 ], [ 4.428943361174936, 51.202932036047436 ], [ 4.428365098489745, 51.20232706089763 ], [ 4.427695246767717, 51.201760602826688 ], [ 4.426940258484691, 51.201238115664836 ], [ 4.426107405070361, 51.200764629720084 ], [ 4.425204706862099, 51.200344703392524 ], [ 4.424240855883821, 51.199982379332965 ], [ 4.423225132192952, 51.19968114556665 ], [ 4.422167314598863, 51.199443901953494 ], [ 4.421077586609219, 51.199272932306513 ], [ 4.419966438505263, 51.199169882434738 ], [ 4.418844566483528, 51.199135744320984 ], [ 4.417722769828705, 51.199170846585567 ], [ 4.41661184710101, 51.199274851327104 ], [ 4.415522492330447, 51.199446757370929 ], [ 4.414465192210417, 51.199684909893733 ], [ 4.413450125273712, 51.199987016332528 ], [ 4.412487064015398, 51.200350168425729 ], [ 4.411585280899536, 51.200770870175738 ], [ 4.41075345915032, 51.201245071465195 ], [ 4.409999609183255, 51.201768207005308 ], [ 4.409330991479069, 51.202335240243357 ], [ 4.40875404664245, 51.202940711808729 ], [ 4.408274333319828, 51.203578792033206 ], [ 4.407896474576284, 51.20424333704171 ], [ 4.407624113251416, 51.204927947875774 ], [ 4.407459876728814, 51.205626032081412 ], [ 4.407405351464074, 51.206330867170372 ], [ 4.407461067523173, 51.2070356653443 ], [ 4.407626493287131, 51.207733638859139 ], [ 4.407900040381273, 51.208418065400728 ], [ 4.408279078788961, 51.209082352841477 ], [ 4.408759962011261, 51.209720102754069 ], [ 4.409338062036764, 51.210325172069425 ], [ 4.410007813790441, 51.210891732283251 ], [ 4.410762768638191, 51.211414325640071 ], [ 4.411595656435207, 51.211887917750857 ], [ 4.412498455522822, 51.21230794613561 ], [ 4.413462470000374, 51.212670364221502 ], [ 4.414478413527262, 51.212971680369904 ], [ 4.415536498845929, 51.213208991555042 ], [ 4.416626532160221, 51.213380011367136 ], [ 4.417738011455423, 51.213483092069303 ], [ 4.41886022780752, 51.213517240493935 ], [ 4.419982368699386, 51.213482127624559 ], [ 4.421093622341977, 51.213378091770004 ], [ 4.42218328198841, 51.213206135300616 ], [ 4.423240849229074, 51.212967914977511 ], [ 4.424256135265881, 51.212665725969273 ], [ 4.425219359183878, 51.21230247971053 ], [ 4.426121242268073, 51.211881675817594 ], [ 4.426953097452552, 51.21140736833317 ], [ 4.427706913036915, 51.21088412662705 ], [ 4.428375429861735, 51.21031699133183 ], [ 4.428952211199069, 51.209711425740117 ], [ 4.429431704685673, 51.209073263133554 ], [ 4.429809295704635, 51.208408650553054 ], [ 4.430081351704869, 51.207723989553919 ], [ 4.430245257036238, 51.207025874517868 ], [ 4.430299437970635, 51.206321029118008 ] ] ] } },
{ "type": "Feature", "properties": { "stop_id": "osm-604720908", "name": "Lente", "lines": "11", "line_count": 1, "source": "osm-overpass", "buffer_m": 800 }, "geometry": { "type": "Polygon", "coordinates": [ [ [ 4.437517153896932, 51.212907830217638 ], [ 4.437460976606928, 51.21220304787893 ], [ 4.437295088504924, 51.211505117387354 ], [ 4.437021091949202, 51.210820759746383 ], [ 4.436641630065831, 51.210156564967583 ], [ 4.436160361125296, 51.209518928632988 ], [ 4.435581923163666, 51.20891399033983 ], [ 4.434911889194701, 51.208347574618379 ], [ 4.434156713448854, 51.207825134890861 ], [ 4.433323669160364, 51.207351701008449 ], [ 4.432420778503719, 51.206931830869749 ], [ 4.431456735354882, 51.206569566584449 ], [ 4.430440821620468, 51.206268395602244 ], [ 4.429382817938432, 51.206031217178548 ], [ 4.428292909606861, 51.205860314498722 ], [ 4.4271815886421, 51.205757332727131 ], [ 4.426059552903793, 51.205723263191004 ], [ 4.424937603251821, 51.205758433850484 ], [ 4.42382653971854, 51.20586250614582 ], [ 4.422737057688928, 51.2060344782521 ], [ 4.421679645081184, 51.20627269471008 ], [ 4.420664481510935, 51.206574862341284 ], [ 4.419701340403747, 51.206938072295124 ], [ 4.41879949499286, 51.207358828016872 ], [ 4.417967629102923, 51.207833078869633 ], [ 4.417213753575365, 51.208356259087353 ], [ 4.41654512913818, 51.208923331687082 ], [ 4.415968196462233, 51.209528836919119 ], [ 4.415488514078359, 51.210166944790934 ], [ 4.415110704755324, 51.210831511161075 ], [ 4.41483841085848, 51.211516136865129 ], [ 4.414674259123745, 51.212214229305687 ], [ 4.414619835191795, 51.212919065914917 ], [ 4.414675668154203, 51.213623858879572 ], [ 4.414841225267455, 51.214321820505418 ], [ 4.415114916892975, 51.215006228592486 ], [ 4.41549411162299, 51.215670491190629 ], [ 4.415975161453575, 51.216308210111542 ], [ 4.416553436768927, 51.216913242584269 ], [ 4.417223370805696, 51.217479760459248 ], [ 4.417978513173765, 51.218002306388499 ], [ 4.418811591921585, 51.218475846439688 ], [ 4.419714583550421, 51.218895818634159 ], [ 4.420678790303999, 51.21925817694023 ], [ 4.421694923988471, 51.219559430295071 ], [ 4.422753195513322, 51.219796676277753 ], [ 4.423843409287419, 51.219967629106627 ], [ 4.424955061556432, 51.220070641690171 ], [ 4.426077441728872, 51.220104721517018 ], [ 4.427199735708454, 51.220069540231606 ], [ 4.4283111302305, 51.219965436801992 ], [ 4.429400917190322, 51.219793414249608 ], [ 4.430458596951422, 51.219555129972264 ], [ 4.431473979631618, 51.219252879754734 ], [ 4.432437283385078, 51.218889575621368 ], [ 4.433339228728147, 51.218468717746084 ], [ 4.434171127995848, 51.217994360691556 ], [ 4.434924969064058, 51.217471074305074 ], [ 4.435593492529041, 51.216903899649608 ], [ 4.436170261600238, 51.21629830039678 ], [ 4.43664972403405, 51.215660110152335 ], [ 4.437027265514272, 51.214995476223216 ], [ 4.437299253968599, 51.214310800370107 ], [ 4.437463074399097, 51.213612677117617 ], [ 4.437517153896932, 51.212907830217638 ] ] ] } },
{ "type": "Feature", "properties": { "stop_id": "osm-604721788", "name": "Lente", "lines": "11", "line_count": 1, "source": "osm-overpass", "buffer_m": 800 }, "geometry": { "type": "Polygon", "coordinates": [ [ [ 4.437463786603833, 51.213041035387555 ], [ 4.437407609959845, 51.212336253060059 ], [ 4.437241722182639, 51.211638322529794 ], [ 4.436967725627404, 51.210953964800602 ], [ 4.436588263420234, 51.210289769884895 ], [ 4.436106993834752, 51.20965213336607 ], [ 4.435528554913268, 51.209047194843052 ], [ 4.434858519678802, 51.208480778848397 ], [ 4.434103342374013, 51.207958338806932 ], [ 4.43327029624816, 51.207484904572844 ], [ 4.432367403493428, 51.207065034048135 ], [ 4.431403358005994, 51.206702769346258 ], [ 4.430387441714979, 51.206401597920852 ], [ 4.42932943528295, 51.206164419031587 ], [ 4.428239524034459, 51.205993515868357 ], [ 4.427128200013922, 51.205890533600154 ], [ 4.426006161110385, 51.205856463558973 ], [ 4.424884208214189, 51.205891633709861 ], [ 4.423773141388899, 51.205995705497919 ], [ 4.422683656051174, 51.20616767710316 ], [ 4.421626240151031, 51.206405893071107 ], [ 4.420611073335794, 51.206708060228053 ], [ 4.419647929062244, 51.207071269727948 ], [ 4.418746080594103, 51.207492025020478 ], [ 4.417914211785442, 51.207966275472813 ], [ 4.417160333505792, 51.208489455322812 ], [ 4.416491706509649, 51.209056527591066 ], [ 4.415914771492519, 51.209662032531078 ], [ 4.415435087007795, 51.210300140153052 ], [ 4.415057275844485, 51.21096470631803 ], [ 4.414784980385685, 51.211649331863534 ], [ 4.414620827382373, 51.212347424193702 ], [ 4.414566402487465, 51.213052260741811 ], [ 4.414622234801845, 51.213757053695083 ], [ 4.41478779158826, 51.214455015359526 ], [ 4.415061483211319, 51.215139423534723 ], [ 4.415440678263294, 51.215803686269709 ], [ 4.415921728737186, 51.216441405374844 ], [ 4.416500005011024, 51.217046438077439 ], [ 4.417169940312244, 51.217612956225651 ], [ 4.417925084238571, 51.218135502468961 ], [ 4.418758164823457, 51.218609042871925 ], [ 4.419661158550475, 51.219029015452506 ], [ 4.420625367643148, 51.219391374175345 ], [ 4.421641503885093, 51.219692627973572 ], [ 4.422699778161154, 51.219929874421972 ], [ 4.423789994853682, 51.220100827734449 ], [ 4.424901650180216, 51.220203840814762 ], [ 4.426024033519807, 51.220237921146825 ], [ 4.427146330745631, 51.220202740370169 ], [ 4.428257728561722, 51.220098637447954 ], [ 4.429347518831638, 51.219926615396702 ], [ 4.430405201886978, 51.219688331609454 ], [ 4.431420587813798, 51.219386081866197 ], [ 4.432383894734985, 51.219022778186748 ], [ 4.433285843136361, 51.218601920740639 ], [ 4.434117745323468, 51.218127564086444 ], [ 4.434871589144069, 51.217604278067576 ], [ 4.435540115167911, 51.217037103743451 ], [ 4.436116886579792, 51.216431504782527 ], [ 4.436596351113583, 51.215793314787724 ], [ 4.436973894432866, 51.215128681063575 ], [ 4.437245884447639, 51.214444005368819 ], [ 4.437409706144964, 51.213745882226561 ], [ 4.437463786603833, 51.213041035387555 ] ] ] } },
{ "type": "Feature", "properties": { "stop_id": "osm-5670766917", "name": "Londen", "lines": "24", "line_count": 1, "source": "osm-overpass", "buffer_m": 800 }, "geometry": { "type": "Polygon", "coordinates": [ [ [ 4.421698588859887, 51.230959862350382 ], [ 4.421642628958373, 51.230255077500097 ], [ 4.421476913433477, 51.229557129765695 ], [ 4.421203042985778, 51.228872740317314 ], [ 4.420823659531266, 51.228208499473247 ], [ 4.420342420589439, 51.227570803259603 ], [ 4.419763963911543, 51.22696579185051 ], [ 4.419093862695282, 51.226399290480586 ], [ 4.418338571821882, 51.225876753396875 ], [ 4.417505365636807, 51.225403211387984 ], [ 4.416602267875422, 51.224983223393622 ], [ 4.415637974409132, 51.224620832658118 ], [ 4.414621769555292, 51.224319527848458 ], [ 4.413563436754681, 51.224082209508325 ], [ 4.412473164473338, 51.223911162169919 ], [ 4.411361448230236, 51.223808032390117 ], [ 4.410238989688688, 51.223773812920825 ], [ 4.409116593776767, 51.223808833165457 ], [ 4.408005064820509, 51.22391275601224 ], [ 4.406915102682857, 51.224084581074941 ], [ 4.405857199901309, 51.224322654309915 ], [ 4.404841540807816, 51.224624683917661 ], [ 4.403877903596, 51.224987762376493 ], [ 4.402975566273187, 51.225408394398059 ], [ 4.402143217398249, 51.225882530536602 ], [ 4.401388872461538, 51.226405606131017 ], [ 4.400719796709989, 51.226972585206177 ], [ 4.400142435159956, 51.227578008913476 ], [ 4.399662350472518, 51.228216048045958 ], [ 4.399284169291652, 51.228880559124725 ], [ 4.399011537565545, 51.229565143518506 ], [ 4.398847085286, 51.230263209028401 ], [ 4.398792400991177, 51.230968033346599 ], [ 4.398848016283728, 51.231672828778891 ], [ 4.399013400520466, 51.232370807607893 ], [ 4.399286965732021, 51.233055247468599 ], [ 4.399666081732463, 51.233719556105285 ], [ 4.400147101280406, 51.234357334886653 ], [ 4.400725395055778, 51.234962440465601 ], [ 4.401395396121136, 51.235529043988564 ], [ 4.402150653443998, 51.236051687282817 ], [ 4.402983893968226, 51.236525335478142 ], [ 4.403887092638823, 51.236945425554183 ], [ 4.404851549706499, 51.237307910343574 ], [ 4.405867974566795, 51.237609297564994 ], [ 4.4069265753242, 51.237846683507676 ], [ 4.408017153215251, 51.238017781041478 ], [ 4.409129200976561, 51.238120941680585 ], [ 4.410252004204761, 51.238155171487158 ], [ 4.411374744725661, 51.23812014066052 ], [ 4.412486604970094, 51.238016186719122 ], [ 4.413576872343898, 51.237844311244153 ], [ 4.414635042579519, 51.237606170216516 ], [ 4.415650921066899, 51.23730405804104 ], [ 4.416614721181224, 51.236940885412331 ], [ 4.417517158654928, 51.236520151237762 ], [ 4.418349541080389, 51.236045908888684 ], [ 4.419103851677929, 51.235522727107842 ], [ 4.419772826520252, 51.234955645950997 ], [ 4.420350024468889, 51.234350128189782 ], [ 4.420829889149869, 51.233712006645554 ], [ 4.421207802373942, 51.233047427964223 ], [ 4.421480128490351, 51.232362793375039 ], [ 4.421644249251699, 51.231664697005861 ], [ 4.421698588859887, 51.230959862350382 ] ] ] } },
{ "type": "Feature", "properties": { "stop_id": "osm-5670766918", "name": "Londen", "lines": "24", "line_count": 1, "source": "osm-overpass", "buffer_m": 800 }, "geometry": { "type": "Polygon", "coordinates": [ [ [ 4.421234094243355, 51.23098160733322 ], [ 4.421178141338011, 51.23027682226919 ], [ 4.421012432689754, 51.229578873889899 ], [ 4.420738568932965, 51.228894483371704 ], [ 4.420359191919225, 51.228230241043292 ], [ 4.419877959106048, 51.227592542944997 ], [ 4.419299508185715, 51.226987529269131 ], [ 4.418629412300535, 51.226421025272202 ], [ 4.417874126280445, 51.225898485226466 ], [ 4.417040924424245, 51.225424939949129 ], [ 4.416137830425667, 51.225004948411353 ], [ 4.415173540119936, 51.224642553891599 ], [ 4.41415733779402, 51.224341245093271 ], [ 4.4130990068644, 51.224103922598452 ], [ 4.412008735779135, 51.223932870979368 ], [ 4.410897020045699, 51.223829736834041 ], [ 4.409774561322513, 51.223795512956464 ], [ 4.4086521645394, 51.223830528792476 ], [ 4.407540634030775, 51.223934447272704 ], [ 4.406450669674511, 51.224106268052992 ], [ 4.405392764029437, 51.224344337130923 ], [ 4.404377101455034, 51.224646362746952 ], [ 4.403413460178407, 51.225009437417924 ], [ 4.402511118245957, 51.225430065891842 ], [ 4.401678764260902, 51.225904198757199 ], [ 4.400924413762735, 51.226427271384367 ], [ 4.400255332051892, 51.226994247826831 ], [ 4.399677964202062, 51.227599669261316 ], [ 4.399197872934939, 51.228237706502775 ], [ 4.398819684957823, 51.228902216090525 ], [ 4.398547046284314, 51.229586799407677 ], [ 4.398382586973098, 51.230284864265698 ], [ 4.398327895630042, 51.230989688363124 ], [ 4.398383503925674, 51.231694484007825 ], [ 4.398548881284198, 51.232392463480437 ], [ 4.398822439802515, 51.233076904409756 ], [ 4.399201549359184, 51.2337412145298 ], [ 4.399682562774915, 51.234378995195009 ], [ 4.400260850788751, 51.234984103040084 ], [ 4.40093084651879, 51.235550709189717 ], [ 4.401686098983997, 51.236073355445868 ], [ 4.40251933517507, 51.236547006909774 ], [ 4.403422530078808, 51.236967100529611 ], [ 4.404386983982261, 51.237329589103929 ], [ 4.40540340631149, 51.237630980314854 ], [ 4.406462005195406, 51.237868370413274 ], [ 4.407552581888629, 51.238039472228941 ], [ 4.408664629139329, 51.238142637234859 ], [ 4.409787432549067, 51.238176871451032 ], [ 4.410910173941909, 51.238141845034356 ], [ 4.41202203574028, 51.238037895460778 ], [ 4.413112305335026, 51.23786602426938 ], [ 4.414170478437176, 51.23762788739986 ], [ 4.415186360409018, 51.237325779216874 ], [ 4.416150164592135, 51.236962610376693 ], [ 4.417052606679713, 51.236541879750114 ], [ 4.417884994219635, 51.236067640674314 ], [ 4.41863931038291, 51.23554446186057 ], [ 4.419308291188581, 51.234977383336059 ], [ 4.41988549544068, 51.234371867847003 ], [ 4.420365366704488, 51.23373374819294 ], [ 4.420743286727308, 51.233069171001588 ], [ 4.421015619792871, 51.232384537487846 ], [ 4.421179747586836, 51.231686441769249 ], [ 4.421234094243355, 51.23098160733322 ] ] ] } },
{ "type": "Feature", "properties": { "stop_id": "osm-1734431847", "name": "Luchtbal Kerk", "lines": "1,6", "line_count": 2, "source": "osm-overpass", "buffer_m": 800 }, "geometry": { "type": "Polygon", "coordinates": [ [ [ 4.431827294379596, 51.251735781729245 ], [ 4.431771156329601, 51.251031007509738 ], [ 4.431605215214207, 51.250333079746319 ], [ 4.431331073910415, 51.249648719416328 ], [ 4.430951376945978, 51.248984516557165 ], [ 4.430469784862234, 51.248346866828655 ], [ 4.429890938813148, 51.247741909956815 ], [ 4.429220415747158, 51.247175470650632 ], [ 4.428464674608123, 51.246653002559157 ], [ 4.427630994076879, 51.246179535806242 ], [ 4.426727402455215, 51.245759628606699 ], [ 4.425762600368078, 51.245397323426687 ], [ 4.424745877027819, 51.245096108109223 ], [ 4.423687020864654, 51.244858882336267 ], [ 4.422596225380581, 51.244687929748686 ], [ 4.421483991128744, 51.244584895991117 ], [ 4.420361024756513, 51.244550772891102 ], [ 4.419238136078095, 51.244585888924362 ], [ 4.418126134160841, 51.244689906056998 ], [ 4.417035723418715, 51.244861822995269 ], [ 4.415977400706248, 51.245099984811205 ], [ 4.414961354396979, 51.245402098852658 ], [ 4.413997366411875, 51.245765256785262 ], [ 4.413094718135498, 51.246185962555607 ], [ 4.412262101121395, 51.246660166008077 ], [ 4.411507533443163, 51.24718330183358 ], [ 4.410838282494652, 51.247750333477107 ], [ 4.410260794982054, 51.248355801583813 ], [ 4.409780634782837, 51.248993876519208 ], [ 4.409402429272066, 51.249658414459482 ], [ 4.409129824636548, 51.250343016514456 ], [ 4.408965450611745, 51.251041090314907 ], [ 4.408910894986836, 51.251745913472853 ], [ 4.408966688129872, 51.252450698304841 ], [ 4.409132297689158, 51.253148657195133 ], [ 4.409406133529208, 51.253833067970284 ], [ 4.40978556286107, 51.254497338654218 ], [ 4.410266935428376, 51.2551350709807 ], [ 4.410845618513053, 51.255740122049517 ], [ 4.411516041429295, 51.256306663531731 ], [ 4.412271749081948, 51.25682923785174 ], [ 4.413105464077026, 51.257302810803331 ], [ 4.414009156788326, 51.257722820090621 ], [ 4.414974122706085, 51.258085219324215 ], [ 4.415991066322028, 51.258386517046702 ], [ 4.417050190740871, 51.258623810409361 ], [ 4.418141292151697, 51.258794813173822 ], [ 4.419253858244771, 51.258897877767225 ], [ 4.420377169620249, 51.258932011177009 ], [ 4.421500403205647, 51.258896884531318 ], [ 4.422612736679024, 51.258792836271788 ], [ 4.423703452884896, 51.258620868888364 ], [ 4.424762043229941, 51.258382639247635 ], [ 4.425778309055644, 51.258080442608204 ], [ 4.426742460005149, 51.257717190478644 ], [ 4.427645208431259, 51.257296382532267 ], [ 4.428477858931732, 51.256822072851257 ], [ 4.42923239214611, 51.256298830827056 ], [ 4.429901542004972, 51.255731697095797 ], [ 4.43047886568694, 51.255126134935487 ], [ 4.430958805610472, 51.254487977595097 ], [ 4.431336742865569, 51.253823372065128 ], [ 4.431609041574344, 51.253138719833267 ], [ 4.431773083757919, 51.252440615196988 ], [ 4.431827294379596, 51.251735781729245 ] ] ] } },
{ "type": "Feature", "properties": { "stop_id": "osm-1734431859", "name": "Luchtbal Kerk", "lines": "1,6", "line_count": 2, "source": "osm-overpass", "buffer_m": 800 }, "geometry": { "type": "Polygon", "coordinates": [ [ [ 4.431772547511953, 51.251138487023432 ], [ 4.431716411009667, 51.250433712609038 ], [ 4.431550472841329, 51.249735784601626 ], [ 4.431276335855436, 51.249051423980895 ], [ 4.430896644538049, 51.248387220787095 ], [ 4.430415059376025, 51.247749570683261 ], [ 4.429836221456595, 51.24714461339898 ], [ 4.429165707649854, 51.246578173647308 ], [ 4.428409976810449, 51.246055705081517 ], [ 4.427576307520035, 51.245582237830121 ], [ 4.426672727972154, 51.24516233011262 ], [ 4.425707938675524, 51.244800024400263 ], [ 4.424691228719384, 51.244498808541159 ], [ 4.423632386405139, 51.24426158222245 ], [ 4.422541605101521, 51.244090629090351 ], [ 4.421429385225222, 51.243987594794703 ], [ 4.420306433285294, 51.243953471168183 ], [ 4.419183558957075, 51.243988586691621 ], [ 4.418071571169851, 51.244092603336071 ], [ 4.416981174201625, 51.244264519812418 ], [ 4.415922864774383, 51.244502681197176 ], [ 4.414906831133816, 51.244804794842295 ], [ 4.413942855078957, 51.245167952417262 ], [ 4.413040217879532, 51.245588657872112 ], [ 4.41220761098244, 51.246062861054263 ], [ 4.411453052363846, 51.246585996657181 ], [ 4.410783809330334, 51.247153028127997 ], [ 4.410206328511826, 51.247758496113583 ], [ 4.409726173721255, 51.248396570980532 ], [ 4.409347972281513, 51.249061108905742 ], [ 4.409075370340092, 51.249745710999171 ], [ 4.4089109976064, 51.250443784891196 ], [ 4.40885644185705, 51.251148608192985 ], [ 4.408912233461165, 51.251853393219669 ], [ 4.409077840081749, 51.252551352353706 ], [ 4.409351671611488, 51.253235763419234 ], [ 4.409731095302839, 51.253900034437414 ], [ 4.410212460953657, 51.254537767138793 ], [ 4.410791135912407, 51.255142818619554 ], [ 4.411461549571483, 51.255709360546803 ], [ 4.412217246924849, 51.256231935340672 ], [ 4.413050950677712, 51.256705508790375 ], [ 4.413954631312151, 51.257125518595224 ], [ 4.414919584434749, 51.257487918360866 ], [ 4.415936514660534, 51.257789216624744 ], [ 4.416995625223254, 51.258026510532972 ], [ 4.418086712445546, 51.2581975138419 ], [ 4.419199264154426, 51.258300578973426 ], [ 4.420322561088711, 51.258334712909829 ], [ 4.421445780315111, 51.258299586774129 ], [ 4.422558099650106, 51.258195539003061 ], [ 4.423648802074491, 51.258023572081918 ], [ 4.424707379127777, 51.257785342872779 ], [ 4.425723632279546, 51.257483146630122 ], [ 4.426687771295074, 51.257119894858633 ], [ 4.427590508642153, 51.25669908722822 ], [ 4.428423149025266, 51.256224777818005 ], [ 4.429177673181398, 51.255701536016801 ], [ 4.429846815128337, 51.255134402458609 ], [ 4.430424132120867, 51.254528840419752 ], [ 4.43090406664179, 51.253890683148036 ], [ 4.431281999833059, 51.2532260776333 ], [ 4.431554295855816, 51.252541425363027 ], [ 4.431718336756941, 51.25184332063516 ], [ 4.431772547511953, 51.251138487023432 ] ] ] } },
{ "type": "Feature", "properties": { "stop_id": "osm-2217216526", "name": "Lunden", "lines": "10", "line_count": 1, "source": "osm-overpass", "buffer_m": 800 }, "geometry": { "type": "Polygon", "coordinates": [ [ [ 4.474772079162602, 51.219959022452656 ], [ 4.474715330299025, 51.219254259849698 ], [ 4.474548859539205, 51.218556383646721 ], [ 4.474274274852718, 51.217872114322915 ], [ 4.473894225028609, 51.217208041037829 ], [ 4.473412373997538, 51.216570558202292 ], [ 4.4728333653985, 51.215965803934132 ], [ 4.472162777737102, 51.215399600990693 ], [ 4.4714070705718, 51.214877400744427 ], [ 4.470573522249866, 51.214404230739945 ], [ 4.469670159794775, 51.213984646334673 ], [ 4.468705681620952, 51.213622686886943 ], [ 4.46768937381942, 51.213321836911312 ], [ 4.466631020818403, 51.213084992572661 ], [ 4.465540811275792, 51.212914433840091 ], [ 4.464429240105082, 51.212811802566883 ], [ 4.463307007572654, 51.212778086706223 ], [ 4.462184916431641, 51.212813610813669 ], [ 4.461073768076025, 51.21291803292717 ], [ 4.459984258707679, 51.21309034785434 ], [ 4.458926876509127, 51.213328896835776 ], [ 4.457911800805165, 51.213631383491837 ], [ 4.456948804178055, 51.213994895900605 ], [ 4.456047158473333, 51.214415934595387 ], [ 4.455215545596716, 51.214890446214511 ], [ 4.454461973957801, 51.215413862480887 ], [ 4.453793701363102, 51.215981144138205 ], [ 4.453217165100263, 51.216586829423036 ], [ 4.452737919887563, 51.217225086608188 ], [ 4.452360584288388, 51.21788977011331 ], [ 4.452088796110206, 51.218574479644765 ], [ 4.451925177222267, 51.21927262179652 ], [ 4.451871308136527, 51.219977473520579 ], [ 4.451927712603075, 51.220682246856505 ], [ 4.452093852375497, 51.221380154297648 ], [ 4.45236813220388, 51.222064474164362 ], [ 4.452747915014701, 51.222728615354661 ], [ 4.453229547138473, 51.223366180848295 ], [ 4.453808393348684, 51.223971029350821 ], [ 4.45447888138024, 51.224537334483614 ], [ 4.455234555503405, 51.225059640947073 ], [ 4.456068138640697, 51.225532917114727 ], [ 4.45697160243071, 51.225952603549388 ], [ 4.457936244564772, 51.226314656971766 ], [ 4.458952772650963, 51.226615589255914 ], [ 4.460011393795643, 51.226852501073914 ], [ 4.461101909036312, 51.227023109863438 ], [ 4.462213811711669, 51.227125771847575 ], [ 4.463336388815791, 51.22715949789287 ], [ 4.464458824353846, 51.227123963052435 ], [ 4.465570303696875, 51.227019509700774 ], [ 4.466660117923332, 51.226847144230724 ], [ 4.467717767135176, 51.226608527344027 ], [ 4.468733061746437, 51.22630595802989 ], [ 4.469696220762364, 51.225942351386728 ], [ 4.470597966096916, 51.225521210502627 ], [ 4.471429612015652, 51.22504659266631 ], [ 4.472183148839192, 51.224523070236764 ], [ 4.472851320098956, 51.223955686550049 ], [ 4.473427692401547, 51.223349907290533 ], [ 4.473906717329583, 51.222711567796857 ], [ 4.474283784785098, 51.222046816812423 ], [ 4.474555267265231, 51.221362057224006 ], [ 4.474718554648538, 51.220663884361358 ], [ 4.474772079162602, 51.219959022452656 ] ] ] } },
{ "type": "Feature", "properties": { "stop_id": "osm-2217216531", "name": "Lunden", "lines": "10", "line_count": 1, "source": "osm-overpass", "buffer_m": 800 }, "geometry": { "type": "Polygon", "coordinates": [ [ [ 4.475067102179679, 51.220052993883272 ], [ 4.475010348742738, 51.219348231447889 ], [ 4.474843873232153, 51.21865035568598 ], [ 4.474569283663252, 51.217966087072483 ], [ 4.474189228872104, 51.217302014760158 ], [ 4.473707372837191, 51.21666453315035 ], [ 4.473128359245687, 51.216059780349148 ], [ 4.472457766651245, 51.215493579099686 ], [ 4.471702054659803, 51.2149713807582 ], [ 4.470868501665071, 51.214498212850906 ], [ 4.469965134735483, 51.214078630715008 ], [ 4.469000652328518, 51.213716673687045 ], [ 4.467984340575916, 51.21341582625822 ], [ 4.466925983943911, 51.21317898456892 ], [ 4.465835771125318, 51.213008428562716 ], [ 4.464724197065151, 51.212905800066665 ], [ 4.463601962057584, 51.212872087007206 ], [ 4.462479868879568, 51.212907613912968 ], [ 4.461368718944678, 51.213012038794929 ], [ 4.460279208469997, 51.213184356434041 ], [ 4.459221825648701, 51.213422908044834 ], [ 4.458206749811588, 51.213725397222341 ], [ 4.45724375354223, 51.214088912020337 ], [ 4.456342108682738, 51.214509952949157 ], [ 4.455510497130719, 51.214984466625644 ], [ 4.454756927283057, 51.215507884752839 ], [ 4.454088656929049, 51.216075168056534 ], [ 4.45351212333481, 51.216680854757477 ], [ 4.453032881192962, 51.217319113114769 ], [ 4.45265554903736, 51.217983797536789 ], [ 4.452383764642345, 51.218668507721105 ], [ 4.452220149840774, 51.219366650255346 ], [ 4.45216628510528, 51.220071502087791 ], [ 4.452222694144079, 51.220776275257023 ], [ 4.45238883866674, 51.221474182257907 ], [ 4.45266312337761, 51.22215850141508 ], [ 4.453042911156141, 51.222822641633385 ], [ 4.453524548285001, 51.223460205901837 ], [ 4.454103399489455, 51.224065052937902 ], [ 4.454773892456286, 51.224631356376975 ], [ 4.455529571408195, 51.22515366093581 ], [ 4.456363159221165, 51.225626935006275 ], [ 4.45726662748871, 51.22604661917137 ], [ 4.458231273859002, 51.226408670173647 ], [ 4.459247805899273, 51.226709599910521 ], [ 4.460306430677764, 51.226946509078559 ], [ 4.461396949196933, 51.227117115140999 ], [ 4.462508854763875, 51.227219774347148 ], [ 4.463631434344787, 51.227253497590439 ], [ 4.464753871920959, 51.227217959950814 ], [ 4.465865352843791, 51.22711350382987 ], [ 4.466955168176512, 51.226941135647081 ], [ 4.468012818010425, 51.226702516130345 ], [ 4.469028112753587, 51.226399944294165 ], [ 4.46999127140999, 51.22603633526132 ], [ 4.470893015897079, 51.225615192142861 ], [ 4.471724660488611, 51.225140572249053 ], [ 4.472478195518023, 51.224617047958709 ], [ 4.473146364534057, 51.224049662625774 ], [ 4.473722734164962, 51.223443881950523 ], [ 4.474201756019137, 51.222805541285183 ], [ 4.474578820028261, 51.22214078938444 ], [ 4.474850298722701, 51.22145602914388 ], [ 4.475013582017511, 51.220757855899564 ], [ 4.475067102179679, 51.220052993883272 ] ] ] } },
{ "type": "Feature", "properties": { "stop_id": "osm-5027280218", "name": "MAS", "lines": "7", "line_count": 1, "source": "osm-overpass", "buffer_m": 800 }, "geometry": { "type": "Polygon", "coordinates": [ [ [ 4.415337235066031, 51.22992467838413 ], [ 4.41528137257688, 51.229219890237864 ], [ 4.415115755965907, 51.228521933306823 ], [ 4.414841984981133, 51.227837528849847 ], [ 4.414462700580869, 51.227173267330144 ], [ 4.41398155933104, 51.226535544973089 ], [ 4.413403198042595, 51.225930502204768 ], [ 4.412733188995223, 51.225363964561943 ], [ 4.41197798618327, 51.224841386641067 ], [ 4.411144863104953, 51.224367799624055 ], [ 4.410241842696145, 51.223947762884066 ], [ 4.409277620084182, 51.223585320134823 ], [ 4.408261478904906, 51.22328396054413 ], [ 4.407203201986687, 51.223046585183035 ], [ 4.406112977258087, 51.222875479132718 ], [ 4.405001299780726, 51.222772289515241 ], [ 4.403878870845033, 51.222738009658549 ], [ 4.402756495094268, 51.222772969547329 ], [ 4.401644976660437, 51.222876832650812 ], [ 4.400555015305113, 51.223048599157885 ], [ 4.399497103558049, 51.223286615588606 ], [ 4.398481425837169, 51.223588590690277 ], [ 4.39751776051497, 51.223951617466021 ], [ 4.396615385868838, 51.224372201124986 ], [ 4.395782990816345, 51.224846292687204 ], [ 4.395028591291728, 51.225369327920752 ], [ 4.394359453066755, 51.225936271239256 ], [ 4.393782021758557, 51.226541664138509 ], [ 4.393301860699166, 51.227179677708342 ], [ 4.392923597267259, 51.227844168716267 ], [ 4.392650878202432, 51.228528738724457 ], [ 4.392486334337015, 51.229226795672758 ], [ 4.392431555090722, 51.229931617336121 ], [ 4.392487072980344, 51.23063641604611 ], [ 4.392652358300595, 51.231334404054095 ], [ 4.392925824034763, 51.232018858906862 ], [ 4.393304840955152, 51.232683188204582 ], [ 4.393785762774935, 51.233320993117204 ], [ 4.394363961115738, 51.233926130046115 ], [ 4.395033869959859, 51.234492769835981 ], [ 4.395789039163708, 51.235015453964856 ], [ 4.396622196520609, 51.235489147169353 ], [ 4.397525317777386, 51.235909285995604 ], [ 4.398489703931167, 51.236271822806721 ], [ 4.399506065061292, 51.236573264820223 ], [ 4.400564609886807, 51.236810707797517 ], [ 4.401655140183618, 51.236981864059018 ], [ 4.402767149147295, 51.237085084553094 ], [ 4.403889922748569, 51.237119374765193 ], [ 4.405012643098877, 51.237084404312668 ], [ 4.406124492823447, 51.23698051013227 ], [ 4.407214759429386, 51.236808693229406 ], [ 4.408272938656328, 51.236570609020625 ], [ 4.409288835807248, 51.236268551363374 ], [ 4.410252664077083, 51.235905430427053 ], [ 4.411155138926451, 51.235484744621083 ], [ 4.411987567587031, 51.235010546850852 ], [ 4.412741932833048, 51.23448740542981 ], [ 4.413410970210043, 51.23392036002506 ], [ 4.413988237976412, 51.233314873063918 ], [ 4.414468179084949, 51.232676777071283 ], [ 4.414846174609565, 51.232012218447153 ], [ 4.415118588106187, 51.231327598227786 ], [ 4.415282800485307, 51.230629510402913 ], [ 4.415337235066031, 51.22992467838413 ] ] ] } },
{ "type": "Feature", "properties": { "stop_id": "osm-5723637293", "name": "MAS", "lines": "24", "line_count": 1, "source": "osm-overpass", "buffer_m": 800 }, "geometry": { "type": "Polygon", "coordinates": [ [ [ 4.415415735623239, 51.229926970782024 ], [ 4.415359871944584, 51.229222182673475 ], [ 4.415194254150246, 51.228524225852958 ], [ 4.414920481999648, 51.22783982157835 ], [ 4.414541196462317, 51.227175560311032 ], [ 4.414060054115126, 51.226537838273948 ], [ 4.41348169177958, 51.225932795890074 ], [ 4.412811681745449, 51.225366258692489 ], [ 4.412056478016567, 51.224843681273377 ], [ 4.411223354099973, 51.224370094809821 ], [ 4.410320332939603, 51.223950058669608 ], [ 4.40935610967002, 51.223587616560742 ], [ 4.408339967933391, 51.223286257644808 ], [ 4.407281690563442, 51.223048882986383 ], [ 4.406191465493083, 51.222877777659889 ], [ 4.405079787787215, 51.22277458878041 ], [ 4.403957358738471, 51.222740309668794 ], [ 4.402834982991189, 51.222775270302542 ], [ 4.40172346467735, 51.222879134143739 ], [ 4.40063350355737, 51.223050901374158 ], [ 4.399575592158739, 51.223288918506874 ], [ 4.398559914896037, 51.223590894282445 ], [ 4.39759625013735, 51.223953921697507 ], [ 4.396693876154651, 51.224374505955076 ], [ 4.39586148185913, 51.224848598069386 ], [ 4.395107083177745, 51.225371633803185 ], [ 4.394437945874154, 51.225938577565337 ], [ 4.393860515556627, 51.226543970847302 ], [ 4.393380355547661, 51.227181984735296 ], [ 4.393002093215825, 51.227846475993665 ], [ 4.392729375290133, 51.228531046182248 ], [ 4.392564832591941, 51.229229103239128 ], [ 4.392510054529737, 51.229933924938223 ], [ 4.392565573608901, 51.230638723610703 ], [ 4.392730860112695, 51.231336711508334 ], [ 4.393004327013006, 51.232021166178924 ], [ 4.3933833450709, 51.232685495224487 ], [ 4.393864267988589, 51.233323299817307 ], [ 4.394442467377123, 51.233928436361857 ], [ 4.395112377208696, 51.234495075706519 ], [ 4.395867547330198, 51.235017759333658 ], [ 4.396700705526109, 51.235491451984707 ], [ 4.397603827535156, 51.235911590211096 ], [ 4.398568214347219, 51.236274126381751 ], [ 4.399584576035284, 51.236575567720323 ], [ 4.40064312131302, 51.23681300999479 ], [ 4.401733651951966, 51.236984165532263 ], [ 4.402845661144393, 51.237087385288127 ], [ 4.403968434858825, 51.237121674754931 ], [ 4.405091155205612, 51.237086703557189 ], [ 4.40620300481001, 51.236982808638885 ], [ 4.407293271180288, 51.236810991012469 ], [ 4.408351450058356, 51.236572906101536 ], [ 4.409367346750557, 51.236270847770221 ], [ 4.410331174456245, 51.23590772619449 ], [ 4.411233648641491, 51.235487039789831 ], [ 4.412066076544373, 51.235012841467515 ], [ 4.412820440946427, 51.234489699546202 ], [ 4.413489477401329, 51.233922653697881 ], [ 4.414066744176368, 51.233317166354141 ], [ 4.414546684233892, 51.23267907004351 ], [ 4.414924678657947, 51.232014511169091 ], [ 4.41519709101506, 51.231329890769523 ], [ 4.415361302226705, 51.230631802836264 ], [ 4.415415735623239, 51.229926970782024 ] ] ] } },
{ "type": "Feature", "properties": { "stop_id": "osm-2206330109", "name": "Markgravelei", "lines": "2,6", "line_count": 2, "source": "osm-overpass", "buffer_m": 800 }, "geometry": { "type": "Polygon", "coordinates": [ [ [ 4.418841770321659, 51.197482438605256 ], [ 4.418785893741522, 51.196777643204463 ], [ 4.418620339875473, 51.196079682362267 ], [ 4.418346707860503, 51.195395277375248 ], [ 4.417967637310238, 51.194731018711678 ], [ 4.417486782725454, 51.194093302569549 ], [ 4.41690877815161, 51.193488269315246 ], [ 4.416239192429363, 51.19292174439412 ], [ 4.415484475473754, 51.192399182280468 ], [ 4.414651896102798, 51.191925614004269 ], [ 4.413749472016389, 51.191505598758511 ], [ 4.412785892600526, 51.191143180050332 ], [ 4.411770435299581, 51.190841846816319 ], [ 4.410712876359832, 51.190604499874105 ], [ 4.409623396800389, 51.190433424031532 ], [ 4.408512484512373, 51.190330266119943 ], [ 4.407390833423519, 51.190296019162226 ], [ 4.40626924069285, 51.190331012826448 ], [ 4.405158502918397, 51.190434910256648 ], [ 4.404069312350324, 51.190606711311119 ], [ 4.403012154101614, 51.190844762177228 ], [ 4.401997205339237, 51.191146771270546 ], [ 4.40103423742018, 51.191509831266615 ], [ 4.400132521909136, 51.19193044705446 ], [ 4.399300741378301, 51.19240456934439 ], [ 4.398546905844875, 51.192927633608242 ], [ 4.397878275648873, 51.193494603979715 ], [ 4.39730129151326, 51.194100021693707 ], [ 4.396821512460701, 51.194738057600681 ], [ 4.396443562186897, 51.195402568252661 ], [ 4.396171084410508, 51.196087155022326 ], [ 4.39600670763422, 51.196785225687812 ], [ 4.395952019662101, 51.197490057891734 ], [ 4.396007552125063, 51.198194863863932 ], [ 4.396172775170521, 51.198892855785772 ], [ 4.396446102374739, 51.199577311166259 ], [ 4.396824905837799, 51.200241637600584 ], [ 4.397305541322929, 51.200879436286314 ], [ 4.397883383204554, 51.201484563684978 ], [ 4.398552868894182, 51.202051190733293 ], [ 4.399307552320976, 51.20257385903227 ], [ 4.400140165955411, 51.203047533471356 ], [ 4.401042690780871, 51.203467650777696 ], [ 4.402006433540008, 51.203830163522035 ], [ 4.403022110511265, 51.20413157915408 ], [ 4.404079937006554, 51.20436899368962 ], [ 4.405169721724757, 51.204540119723326 ], [ 4.406280965047674, 51.204643308494973 ], [ 4.407402960326079, 51.20467756579572 ], [ 4.408524897173943, 51.204642561560078 ], [ 4.409635965768998, 51.204538633050262 ], [ 4.410725461147829, 51.204366781602296 ], [ 4.411782886483749, 51.204128662965431 ], [ 4.412798054345775, 51.203826571328527 ], [ 4.413761184957043, 51.20346341718809 ], [ 4.414663000500691, 51.203042699273055 ], [ 4.415494814560327, 51.202568470797772 ], [ 4.416248615830257, 51.202045300371068 ], [ 4.416917145287197, 51.201478227939006 ], [ 4.417493966079525, 51.20087271618884 ], [ 4.417973525461772, 51.200234597883849 ], [ 4.418351208180036, 51.199570019638514 ], [ 4.418623380797676, 51.198885382677751 ], [ 4.418787426539076, 51.198187281152222 ], [ 4.418841770321659, 51.197482438605256 ] ] ] } },
{ "type": "Feature", "properties": { "stop_id": "osm-2206330110", "name": "Markgravelei", "lines": "2,6", "line_count": 2, "source": "osm-overpass", "buffer_m": 800 }, "geometry": { "type": "Polygon", "coordinates": [ [ [ 4.418410137199811, 51.197347280404351 ], [ 4.418354267302361, 51.196642484762819 ], [ 4.418188720373305, 51.195944523279678 ], [ 4.417915095482814, 51.195260117257689 ], [ 4.417536032175907, 51.194595857175095 ], [ 4.417055184883618, 51.193958139243627 ], [ 4.416477187581195, 51.193353103846839 ], [ 4.41580760903931, 51.1927865764508 ], [ 4.415052899103899, 51.192264011553611 ], [ 4.414220326525425, 51.19179044021201 ], [ 4.413317908938428, 51.191370421648614 ], [ 4.412354335666374, 51.191007999402451 ], [ 4.411338884094532, 51.19070666244415 ], [ 4.410281330414071, 51.190469311627247 ], [ 4.409191855593511, 51.190298231796831 ], [ 4.408080947478382, 51.1901950698227 ], [ 4.406959299956283, 51.190160818766827 ], [ 4.405837710151916, 51.190195808336682 ], [ 4.404726974635157, 51.190299701715773 ], [ 4.403637785634438, 51.190471498801386 ], [ 4.402580628247639, 51.190709545819068 ], [ 4.401565679633423, 51.191011551221436 ], [ 4.400602711147322, 51.191374607719588 ], [ 4.39970099435945, 51.191795220236251 ], [ 4.398869211854253, 51.192269339513167 ], [ 4.398115373667889, 51.192792401051229 ], [ 4.397446740165865, 51.193359369010359 ], [ 4.39686975210292, 51.193964784648706 ], [ 4.396389968539476, 51.194602818836756 ], [ 4.396012013214615, 51.195267328143053 ], [ 4.395739529895579, 51.195951913953266 ], [ 4.395575147138384, 51.196649984054815 ], [ 4.395520452804651, 51.197354816095704 ], [ 4.395575978586521, 51.198059622307426 ], [ 4.395741194695737, 51.19875761486901 ], [ 4.396014514775342, 51.199442071283329 ], [ 4.396393310994039, 51.200106399135628 ], [ 4.396873939184836, 51.200744199609858 ], [ 4.397451773792433, 51.201349329150297 ], [ 4.39812125229843, 51.201915958673069 ], [ 4.398875928701218, 51.202438629755413 ], [ 4.399708535538972, 51.202912307259872 ], [ 4.40061105386059, 51.203332427884135 ], [ 4.40157479047143, 51.20369494416699 ], [ 4.402590461709204, 51.203996363524006 ], [ 4.403648282941107, 51.204233781935159 ], [ 4.404738062916769, 51.204404911957731 ], [ 4.405849302063715, 51.204508104793078 ], [ 4.406971293772981, 51.204542366193223 ], [ 4.408093227692945, 51.204507366053178 ], [ 4.409204294029561, 51.204403441595687 ], [ 4.410293787841171, 51.204231594117701 ], [ 4.411351212316185, 51.203993479330315 ], [ 4.412366380031892, 51.203691391385192 ], [ 4.413329511212808, 51.203328240743339 ], [ 4.414231328036554, 51.202907526099963 ], [ 4.41506314407436, 51.202433300637935 ], [ 4.415816948001425, 51.20191013293698 ], [ 4.416485480768818, 51.201343062917012 ], [ 4.417062305492967, 51.200737553241972 ], [ 4.417541869390474, 51.200099436655186 ], [ 4.417919557163896, 51.199434859754639 ], [ 4.418191735327841, 51.198750223752263 ], [ 4.418355787053232, 51.198052122789541 ], [ 4.418410137199811, 51.197347280404351 ] ] ] } },
{ "type": "Feature", "properties": { "stop_id": "osm-2316138107", "name": "Mechelseplein", "lines": "4,7", "line_count": 2, "source": "osm-overpass", "buffer_m": 800 }, "geometry": { "type": "Polygon", "coordinates": [ [ [ 4.416554625098382, 51.213596660293177 ], [ 4.41649876377276, 51.212891868208821 ], [ 4.416333186929591, 51.212193908515545 ], [ 4.416059493930527, 51.211509502498863 ], [ 4.415680324979679, 51.210845240636964 ], [ 4.415199335528334, 51.210207519158629 ], [ 4.4146211609232, 51.209602478481607 ], [ 4.413951371644318, 51.209035944122562 ], [ 4.41319641956838, 51.208513370646543 ], [ 4.412363575778375, 51.208039789192831 ], [ 4.411460860520663, 51.207619759081147 ], [ 4.410496965984668, 51.207257323961613 ], [ 4.409481172648189, 51.206955972928647 ], [ 4.408423259991763, 51.206718606971101 ], [ 4.407333412438517, 51.206547511079748 ], [ 4.406222121420657, 51.206444332278913 ], [ 4.405100084510098, 51.206410063792447 ], [ 4.403978102578135, 51.206445035495683 ], [ 4.402866975967574, 51.206548910744054 ], [ 4.401777400669902, 51.206720689609476 ], [ 4.400719865500077, 51.20695871849297 ], [ 4.399704551252175, 51.207260706021827 ], [ 4.398741232800593, 51.207623745079403 ], [ 4.397839185083951, 51.20804434075643 ], [ 4.397007093872475, 51.208518443957018 ], [ 4.396252972174751, 51.209041490337057 ], [ 4.395584083086743, 51.209608444202637 ], [ 4.3950068698254, 51.21021384694771 ], [ 4.394526893621337, 51.21085186956725 ], [ 4.39414878007089, 51.21151636874135 ], [ 4.393876174467616, 51.212200945953413 ], [ 4.393711706548142, 51.212899009073809 ], [ 4.393656964997499, 51.213603835817914 ], [ 4.39371248196598, 51.214308638468296 ], [ 4.393877727753684, 51.215006629238395 ], [ 4.394151115721231, 51.215691085648324 ], [ 4.394530017386701, 51.216355415283338 ], [ 4.395010787570434, 51.216993219310247 ], [ 4.395588799352054, 51.21759835413895 ], [ 4.396258488508736, 51.218164990634577 ], [ 4.39701340701143, 51.218687670307006 ], [ 4.397846285067349, 51.219161357935974 ], [ 4.39874910111331, 51.219581490121449 ], [ 4.399713159086659, 51.219944019290686 ], [ 4.400729172228788, 51.22024545273495 ], [ 4.401787352612153, 51.220482886298406 ], [ 4.402877505525036, 51.22065403239224 ], [ 4.403989127800424, 51.220757242062838 ], [ 4.405111509136363, 51.22079152090005 ], [ 4.40623383542548, 51.220756538630773 ], [ 4.407345293091521, 51.220652632305615 ], [ 4.408435173420722, 51.220480803046954 ], [ 4.409492975875925, 51.220242706390295 ], [ 4.410508509391434, 51.219940636312877 ], [ 4.411471990666523, 51.219577503103665 ], [ 4.412374138505352, 51.219156805290034 ], [ 4.413206263290056, 51.218682595892979 ], [ 4.413960350721852, 51.218159443337711 ], [ 4.414629139021595, 51.217592387398369 ], [ 4.415206188845575, 51.216986890603572 ], [ 4.415685945243984, 51.216348785572727 ], [ 4.416063791067496, 51.215684218792731 ], [ 4.416336091311144, 51.214999591378195 ], [ 4.416500227973101, 51.214301497388043 ], [ 4.416554625098382, 51.213596660293177 ] ] ] } },
{ "type": "Feature", "properties": { "stop_id": "osm-577358842", "name": "Mechelseplein", "lines": "4,7", "line_count": 2, "source": "osm-overpass", "buffer_m": 800 }, "geometry": { "type": "Polygon", "coordinates": [ [ [ 4.41648834473045, 51.213269266708032 ], [ 4.416432484798697, 51.21256447450245 ], [ 4.416266910109845, 51.211866514627332 ], [ 4.415993220004735, 51.211182108369968 ], [ 4.415614054659553, 51.210517846210905 ], [ 4.415133069490807, 51.209880124381755 ], [ 4.414554899803926, 51.209275083303595 ], [ 4.413885116031568, 51.208708548497079 ], [ 4.413130169997372, 51.208185974531474 ], [ 4.412297332726149, 51.20771239255081 ], [ 4.411394624401493, 51.207292361879887 ], [ 4.410430737146091, 51.206929926174183 ], [ 4.409414951367665, 51.206628574533816 ], [ 4.408357046474014, 51.20639120795348 ], [ 4.407267206813564, 51.206220111429907 ], [ 4.40615592374258, 51.206116931993527 ], [ 4.405033894756511, 51.206082662874358 ], [ 4.403911920650402, 51.206117633953738 ], [ 4.402800801691765, 51.20622150859316 ], [ 4.401711233798458, 51.206393286870401 ], [ 4.400653705714186, 51.206631315192126 ], [ 4.39963839816484, 51.20693330219104 ], [ 4.398675085960339, 51.207296340755597 ], [ 4.397773043979167, 51.207716935981274 ], [ 4.396940957936327, 51.208191038776505 ], [ 4.396186840790628, 51.208714084801095 ], [ 4.395517955594175, 51.209281038364551 ], [ 4.394940745526415, 51.209886440863777 ], [ 4.394460771787164, 51.210524463296011 ], [ 4.394082659948966, 51.211188962343265 ], [ 4.393810055288833, 51.211873539490085 ], [ 4.393645587534244, 51.212571602607483 ], [ 4.393590845368567, 51.21327642941089 ], [ 4.393646360947954, 51.21398123218232 ], [ 4.393811604585808, 51.214679223133956 ], [ 4.394084989663393, 51.215363679784261 ], [ 4.39446388772656, 51.216028009716204 ], [ 4.394944653630293, 51.216665814093595 ], [ 4.395522660495401, 51.217270949323108 ], [ 4.396192344146377, 51.217837586265944 ], [ 4.396947256607185, 51.218360266427716 ], [ 4.397780128143225, 51.218833954583403 ], [ 4.398682937254127, 51.219254087327961 ], [ 4.399646987944041, 51.219616617083197 ], [ 4.400662993524556, 51.219918051134819 ], [ 4.401721166140998, 51.220155485321087 ], [ 4.402811311156506, 51.220326632047168 ], [ 4.403922925480189, 51.220429842353418 ], [ 4.405045298886742, 51.220464121823504 ], [ 4.406167617345231, 51.22042914017829 ], [ 4.407279067354878, 51.220325234462329 ], [ 4.408368940275722, 51.220153405792132 ], [ 4.409426735642013, 51.219915309697562 ], [ 4.410442262456366, 51.219613240150387 ], [ 4.411405737482629, 51.219250107434483 ], [ 4.412307879585173, 51.218829410072509 ], [ 4.413139999201382, 51.218355201081067 ], [ 4.413894082082252, 51.217832048881455 ], [ 4.414562866492444, 51.217264993244406 ], [ 4.415139913125682, 51.216659496695605 ], [ 4.415619667062841, 51.216021391852109 ], [ 4.415997511178252, 51.215356825198967 ], [ 4.416269810483337, 51.21467219784963 ], [ 4.416433946985243, 51.21397410386237 ], [ 4.41648834473045, 51.213269266708032 ] ] ] } },
{ "type": "Feature", "properties": { "stop_id": "osm-11301934029", "name": "Meirbrug", "lines": "7", "line_count": 1, "source": "osm-overpass", "buffer_m": 800 }, "geometry": { "type": "Polygon", "coordinates": [ [ [ 4.416661823602879, 51.219292649980318 ], [ 4.41660595383241, 51.218587859514528 ], [ 4.416440355158658, 51.217889901523272 ], [ 4.416166627154671, 51.217205497275671 ], [ 4.415787410362749, 51.216541237232889 ], [ 4.41530636069584, 51.21590351760608 ], [ 4.414728114081322, 51.215298478795106 ], [ 4.414058241693287, 51.214731946298684 ], [ 4.413303196209149, 51.214209374663803 ], [ 4.412470249611576, 51.213735795011956 ], [ 4.411567423136881, 51.213315766645458 ], [ 4.410603410045206, 51.212953333197575 ], [ 4.409587491955512, 51.212651983746539 ], [ 4.408529449548997, 51.212414619265978 ], [ 4.407439468497399, 51.212243524732415 ], [ 4.406328041517511, 51.212140347156982 ], [ 4.405205867489465, 51.21210607975182 ], [ 4.40408374860386, 51.212141052381796 ], [ 4.40297248652123, 51.212244928393432 ], [ 4.401882778536571, 51.212416707851304 ], [ 4.400825114741627, 51.212654737150807 ], [ 4.399809677168271, 51.212956724915209 ], [ 4.398846241877834, 51.213319764025655 ], [ 4.397944084933592, 51.213740359572469 ], [ 4.397111893157361, 51.214214462461037 ], [ 4.396357680526111, 51.214737508350318 ], [ 4.39568871101168, 51.21530446155117 ], [ 4.395111428605937, 51.215909863464084 ], [ 4.394631395205984, 51.216547885091991 ], [ 4.394253236959758, 51.217212383124618 ], [ 4.393980599592226, 51.217896959056446 ], [ 4.393816113146991, 51.218595020770103 ], [ 4.39376136648867, 51.219299845994627 ], [ 4.39381689181796, 51.220004647027167 ], [ 4.393982159355651, 51.220702636096703 ], [ 4.394255582254059, 51.221387090739768 ], [ 4.394634531695926, 51.222051418558593 ], [ 4.395115362042414, 51.222689220737372 ], [ 4.395693445794508, 51.223294353703835 ], [ 4.396363218036825, 51.223860988340931 ], [ 4.397118229940499, 51.22438366617645 ], [ 4.397951210813339, 51.224857352007639 ], [ 4.398854138101852, 51.225277482451837 ], [ 4.399818314671685, 51.225640009952976 ], [ 4.400834452621495, 51.225941441818307 ], [ 4.40189276282099, 51.226178873907202 ], [ 4.402983049307291, 51.226350018644951 ], [ 4.404094807625925, 51.226453227091035 ], [ 4.405217326163601, 51.226487504847043 ], [ 4.406339789490399, 51.226452521650323 ], [ 4.407451382709106, 51.226348614560393 ], [ 4.408541395799352, 51.226176784707043 ], [ 4.409599326944353, 51.225938687631519 ], [ 4.410614983838125, 51.225636617315132 ], [ 4.411578581990979, 51.225273484049183 ], [ 4.412480839080924, 51.224852786361708 ], [ 4.413313064437603, 51.224378577272503 ], [ 4.414067242793572, 51.223855425203865 ], [ 4.414736111494169, 51.223288369925314 ], [ 4.415313230421747, 51.222682873959194 ], [ 4.415793043961583, 51.222044769916941 ], [ 4.416170934414832, 51.221380204275981 ], [ 4.416443266347671, 51.220695578140017 ], [ 4.416607421454169, 51.219997485555673 ], [ 4.416661823602879, 51.219292649980318 ] ] ] } },
{ "type": "Feature", "properties": { "stop_id": "osm-577359027", "name": "Meirbrug", "lines": "4", "line_count": 1, "source": "osm-overpass", "buffer_m": 800 }, "geometry": { "type": "Polygon", "coordinates": [ [ [ 4.416300115706635, 51.218445884998808 ], [ 4.416244252417732, 51.217741094128534 ], [ 4.416078662164854, 51.217043135399528 ], [ 4.415804944439795, 51.216358730087997 ], [ 4.415425739685726, 51.215694468665355 ], [ 4.414944703699554, 51.215056747356087 ], [ 4.414366472276826, 51.21445170657627 ], [ 4.413696616445288, 51.213885171843536 ], [ 4.412941588722902, 51.21336259772653 ], [ 4.412108660921308, 51.212889015370607 ], [ 4.411205854095872, 51.212468984104156 ], [ 4.4102418613176, 51.212106547588292 ], [ 4.409225964009954, 51.211805194930918 ], [ 4.408167942654143, 51.21156782713647 ], [ 4.407077982719342, 51.211396729213313 ], [ 4.405966576719162, 51.211293548205362 ], [ 4.404844423331878, 51.211259277357712 ], [ 4.403722324549489, 51.211294246568343 ], [ 4.4026110818391, 51.211398119216767 ], [ 4.401521392309303, 51.211569895399926 ], [ 4.400463745874245, 51.211807921544626 ], [ 4.399448324398731, 51.212109906304654 ], [ 4.398484903789123, 51.212472942589976 ], [ 4.397582759967367, 51.212893535518134 ], [ 4.396750579628904, 51.213367636019711 ], [ 4.395996376640523, 51.213890679776647 ], [ 4.39532741488113, 51.214457631120361 ], [ 4.394750138267806, 51.215063031469143 ], [ 4.394270108641742, 51.21570105184108 ], [ 4.393891952114384, 51.216365548937965 ], [ 4.393619314393964, 51.217050124263253 ], [ 4.393454825527312, 51.217748185705489 ], [ 4.393400074402171, 51.218453010996292 ], [ 4.393455593262072, 51.219157812432186 ], [ 4.393620852389934, 51.219855802238314 ], [ 4.393894265018905, 51.220540257944137 ], [ 4.394273202430489, 51.221204587141607 ], [ 4.3947540191016, 51.221842391001729 ], [ 4.395332087664841, 51.222447525935991 ], [ 4.396001843351072, 51.223014162808468 ], [ 4.396756837490861, 51.22353684312538 ], [ 4.397589799563121, 51.224010531660156 ], [ 4.398492707195492, 51.224430665004036 ], [ 4.399456863443011, 51.224793195573056 ], [ 4.400472980600185, 51.225094630644946 ], [ 4.401531269737115, 51.225332066048161 ], [ 4.402621535093941, 51.225503214176058 ], [ 4.40373327241986, 51.225606426055535 ], [ 4.404855770303932, 51.225640707255003 ], [ 4.405978213515337, 51.225605727478694 ], [ 4.407089787350757, 51.225501823753149 ], [ 4.40817978197665, 51.225329997175741 ], [ 4.409237695754196, 51.225091903256164 ], [ 4.410253336544772, 51.22478983594533 ], [ 4.411216920013853, 51.224426705505543 ], [ 4.412119163980901, 51.224006010437627 ], [ 4.412951377901948, 51.223531803736137 ], [ 4.413705546619646, 51.223008653800349 ], [ 4.414374407572093, 51.222441600379256 ], [ 4.414951520716159, 51.221836105977289 ], [ 4.415431330492693, 51.221198003190821 ], [ 4.415809219238937, 51.220533438485226 ], [ 4.416081551537339, 51.219848812955149 ], [ 4.416245709078265, 51.219150720641409 ], [ 4.416300115706635, 51.218445884998808 ] ] ] } },
{ "type": "Feature", "properties": { "stop_id": "osm-604935553", "name": "Meirbrug", "lines": "7", "line_count": 1, "source": "osm-overpass", "buffer_m": 800 }, "geometry": { "type": "Polygon", "coordinates": [ [ [ 4.416552887921313, 51.218740060523267 ], [ 4.416497020459492, 51.218035269853573 ], [ 4.416331425378647, 51.217337311558865 ], [ 4.416057702217125, 51.216652906911236 ], [ 4.415678491470483, 51.215988646375635 ], [ 4.415197448993374, 51.215350926168036 ], [ 4.414619210643868, 51.214745886693855 ], [ 4.413949347516417, 51.214179353458199 ], [ 4.413194312199233, 51.21365678101521 ], [ 4.412361376577073, 51.213183200494207 ], [ 4.411458561780578, 51.212763171205786 ], [ 4.410494560957466, 51.212400736792155 ], [ 4.409478655608623, 51.212099386340888 ], [ 4.408420626292625, 51.211862020835163 ], [ 4.407330658555241, 51.211690925261408 ], [ 4.406219244985154, 51.211587746640809 ], [ 4.40509708433347, 51.211553478195533 ], [ 4.403974978662084, 51.211588449800438 ], [ 4.402863729504389, 51.211692324811963 ], [ 4.401774034031011, 51.211864103304308 ], [ 4.400716382213306, 51.212102131682066 ], [ 4.399700955967878, 51.212404118577524 ], [ 4.398737531247025, 51.212767156880112 ], [ 4.397835384012278, 51.213187751687883 ], [ 4.397003200991968, 51.213661853913408 ], [ 4.396248996078731, 51.214184899221969 ], [ 4.395580033170059, 51.21475185193006 ], [ 4.395002756194148, 51.215357253442868 ], [ 4.394522726995739, 51.215995274767216 ], [ 4.394144571682227, 51.216659772595747 ], [ 4.393871935950225, 51.217344348424852 ], [ 4.393707449827485, 51.218042410138224 ], [ 4.39365270217539, 51.218747235464861 ], [ 4.393708225204098, 51.21945203670095 ], [ 4.393873489156433, 51.220150026073519 ], [ 4.394146907219129, 51.220834481116171 ], [ 4.394525850621409, 51.221498809427324 ], [ 4.395006673782511, 51.222136612186382 ], [ 4.395584749272559, 51.22274174581554 ], [ 4.396254512255692, 51.223308381191373 ], [ 4.397009513992197, 51.223831059834552 ], [ 4.397842483887803, 51.224304746534578 ], [ 4.398745399494758, 51.22472487790035 ], [ 4.399709563791255, 51.22508740636701 ], [ 4.400725688994223, 51.225388839232501 ], [ 4.401783986096211, 51.225626272346524 ], [ 4.402874259260583, 51.22579741812455 ], [ 4.403986004161271, 51.225900627616014 ], [ 4.405108509314315, 51.225934906412398 ], [ 4.406230959418832, 51.225899924241077 ], [ 4.407342539705053, 51.225796018151698 ], [ 4.408432540277264, 51.22562418926433 ], [ 4.409490459439336, 51.225386093111005 ], [ 4.410506105000767, 51.225084023664117 ], [ 4.411469692581071, 51.224720891206552 ], [ 4.412371939960117, 51.224300194258582 ], [ 4.413204156561092, 51.223825985832868 ], [ 4.413958327200866, 51.223302834345297 ], [ 4.414627189299067, 51.222735779559834 ], [ 4.415204302801583, 51.222130283994019 ], [ 4.415684112145866, 51.221492180255424 ], [ 4.416061999673392, 51.220827614818582 ], [ 4.416334329978413, 51.220142988785248 ], [ 4.416498484770567, 51.219444896201018 ], [ 4.416552887921313, 51.218740060523267 ] ] ] } },
{ "type": "Feature", "properties": { "stop_id": "osm-2000789738", "name": "Melkmarkt", "lines": "11", "line_count": 1, "source": "osm-overpass", "buffer_m": 800 }, "geometry": { "type": "Polygon", "coordinates": [ [ [ 4.415914553867816, 51.220230122358956 ], [ 4.41585869426866, 51.219525331798785 ], [ 4.415693103450391, 51.218827373016978 ], [ 4.415419380910623, 51.218142967290326 ], [ 4.415040167139259, 51.217478705094244 ], [ 4.414559118020374, 51.216840982660671 ], [ 4.413980869476274, 51.216235940416453 ], [ 4.413310992699818, 51.215669403893422 ], [ 4.412555940410832, 51.215146827677337 ], [ 4.411722984657641, 51.214673242933813 ], [ 4.410820146764812, 51.214253209014167 ], [ 4.409856120102486, 51.213890769605129 ], [ 4.408840186420311, 51.21358941384235 ], [ 4.407782126549601, 51.213352042760192 ], [ 4.40669212633019, 51.213180941398676 ], [ 4.405580678663337, 51.213077756834743 ], [ 4.404458482628242, 51.213043482347778 ], [ 4.403336340627251, 51.213078447870792 ], [ 4.402225054543305, 51.213182316818738 ], [ 4.401135321902322, 51.213354089324184 ], [ 4.400077633033276, 51.213592111849444 ], [ 4.399062170209306, 51.213894093083098 ], [ 4.398098709734705, 51.214257125969056 ], [ 4.397196527915111, 51.214677715657643 ], [ 4.396364311811745, 51.215151813110651 ], [ 4.395610075635744, 51.215674854039392 ], [ 4.394941083585614, 51.216241802802507 ], [ 4.394363779870218, 51.216847200843247 ], [ 4.393883726591884, 51.217485219201862 ], [ 4.393505550090045, 51.218149714599612 ], [ 4.393232896265565, 51.218834288556302 ], [ 4.393068395320669, 51.219532348973715 ], [ 4.393013636259774, 51.22023717359334 ], [ 4.393069151403214, 51.220941974718201 ], [ 4.393234411070078, 51.221639964576433 ], [ 4.393507828488708, 51.222324420697014 ], [ 4.393886774894842, 51.222988750667881 ], [ 4.394367604679094, 51.223626555652629 ], [ 4.394945690348073, 51.224231692051916 ], [ 4.395615466968115, 51.22479833071565 ], [ 4.396370485668348, 51.225321013132842 ], [ 4.397203475691248, 51.225794704056632 ], [ 4.398106414395283, 51.226214840055221 ], [ 4.399070604536193, 51.226577373519113 ], [ 4.400086758081941, 51.226878811698136 ], [ 4.401145085751982, 51.227116250390715 ], [ 4.402235391415101, 51.227287401958591 ], [ 4.403347170432006, 51.227390617395464 ], [ 4.404469710989906, 51.227424902235491 ], [ 4.405592197446629, 51.227389926147794 ], [ 4.406703814681998, 51.22728602612343 ], [ 4.407793852444125, 51.227114203224026 ], [ 4.408851808678405, 51.226876112923975 ], [ 4.409867490837002, 51.226574049139181 ], [ 4.410831114186717, 51.226210922098119 ], [ 4.411733396162712, 51.225790230268849 ], [ 4.412565645854814, 51.22531602661472 ], [ 4.413319847761089, 51.224792879505735 ], [ 4.413988739, 51.224225828663648 ], [ 4.414565879236801, 51.223620336568054 ], [ 4.41504571265156, 51.222982235793225 ], [ 4.415423621354072, 51.222317672785067 ], [ 4.415695969734856, 51.221633048621989 ], [ 4.415860139329711, 51.220934957331643 ], [ 4.415914553867816, 51.220230122358956 ] ] ] } },
{ "type": "Feature", "properties": { "stop_id": "osm-2205844992", "name": "Montigny", "lines": "1", "line_count": 1, "source": "osm-overpass", "buffer_m": 800 }, "geometry": { "type": "Polygon", "coordinates": [ [ [ 4.404167893599079, 51.205724259766342 ], [ 4.404112228866774, 51.205019459682468 ], [ 4.40394686531504, 51.204321480515979 ], [ 4.403673400250289, 51.203637043740436 ], [ 4.403294471680811, 51.202972740130804 ], [ 4.402813732742635, 51.202334966318276 ], [ 4.402235816370117, 51.201729863225012 ], [ 4.401566290557053, 51.201163256969139 ], [ 4.400811604643919, 51.200640602808328 ], [ 4.399979027151899, 51.200166932659002 ], [ 4.399076575764583, 51.199746806695146 ], [ 4.398112940132255, 51.19938426948984 ], [ 4.397097398241587, 51.19908281112054 ], [ 4.39603972715391, 51.198845333609569 ], [ 4.394950108968259, 51.198674123021604 ], [ 4.393839032910177, 51.198570827485156 ], [ 4.392717194483483, 51.198536441347933 ], [ 4.391595392649802, 51.19857129561769 ], [ 4.390484426019001, 51.19867505478036 ], [ 4.389394989043002, 51.19884672002528 ], [ 4.388337569205346, 51.199084638847218 ], [ 4.387322346189644, 51.199386520932983 ], [ 4.386359093991459, 51.199749460180989 ], [ 4.385457086910671, 51.200169962642896 ], [ 4.384625010325069, 51.200643980120304 ], [ 4.383870877100893, 51.2011669490945 ], [ 4.383201950443293, 51.201733834617016 ], [ 4.382624673928951, 51.202339178740118 ], [ 4.382144609395391, 51.202977153023404 ], [ 4.381766383287252, 51.203641614612792 ], [ 4.381493641979736, 51.20432616535399 ], [ 4.381329016514107, 51.205024213372674 ], [ 4.381274097090558, 51.205729036530194 ], [ 4.381329417570559, 51.206433847144112 ], [ 4.381494450144995, 51.207131857351655 ], [ 4.381767610226711, 51.207816344486339 ], [ 4.382146271527758, 51.208480715837958 ], [ 4.382626791183073, 51.209118572172024 ], [ 4.38320454468522, 51.209723769395119 ], [ 4.383873970299419, 51.210290477771743 ], [ 4.384628622535784, 51.210813238119798 ], [ 4.385461234167308, 51.211287014442149 ], [ 4.386363786198447, 51.211707242484671 ], [ 4.387327585111223, 51.212069873751382 ], [ 4.388343346644191, 51.212371414550105 ], [ 4.389401285295295, 51.212608959690925 ], [ 4.390491208683181, 51.212780220510034 ], [ 4.391602615853558, 51.212883546948625 ], [ 4.392724798578145, 51.212917943471489 ], [ 4.393846944664142, 51.212883078671659 ], [ 4.394958242272256, 51.212779288467942 ], [ 4.396047984231297, 51.212607572863874 ], [ 4.397105671337389, 51.212369586299943 ], [ 4.398121113635949, 51.212067621692654 ], [ 4.399084528704501, 51.211704588314809 ], [ 4.399986635984135, 51.211283983732152 ], [ 4.40081874624649, 51.210809860067478 ], [ 4.401572845331145, 51.21028678492025 ], [ 4.402241671344915, 51.20971979731911 ], [ 4.402818784578797, 51.20911435913461 ], [ 4.403298629470052, 51.208476302421872 ], [ 4.40367658801477, 51.207811773202671 ], [ 4.403949024120061, 51.207127172230315 ], [ 4.404113318473407, 51.20642909330946 ], [ 4.404167893599079, 51.205724259766342 ] ] ] } },
{ "type": "Feature", "properties": { "stop_id": "osm-2205844993", "name": "Montigny", "lines": "1", "line_count": 1, "source": "osm-overpass", "buffer_m": 800 }, "geometry": { "type": "Polygon", "coordinates": [ [ [ 4.40492984402173, 51.205929885979181 ], [ 4.404874167530807, 51.205225086310378 ], [ 4.404708791848654, 51.204527108265488 ], [ 4.404435314398518, 51.203842673307328 ], [ 4.404056373307954, 51.203178372193264 ], [ 4.403575621833546, 51.202540601530444 ], [ 4.402997693030334, 51.201935502210716 ], [ 4.402328155011753, 51.201368900315813 ], [ 4.401573457235743, 51.200846251061378 ], [ 4.400740868337638, 51.200372586316625 ], [ 4.399838406110761, 51.199952466203428 ], [ 4.398874760309685, 51.199589935238606 ], [ 4.397859209018899, 51.199288483439474 ], [ 4.396801529390151, 51.199051012765096 ], [ 4.395711903604641, 51.198879809214361 ], [ 4.394600820961008, 51.198776520848057 ], [ 4.393478977026429, 51.198742141944784 ], [ 4.392357170815515, 51.198777003442736 ], [ 4.391246200980254, 51.198880769758254 ], [ 4.390156762003418, 51.199052442011791 ], [ 4.389099341387825, 51.199290367630674 ], [ 4.388084118824613, 51.199592256236265 ], [ 4.38712086830503, 51.19995520166421 ], [ 4.386218864112869, 51.200375709906702 ], [ 4.385386791598185, 51.200849732709621 ], [ 4.384632663588098, 51.201372706503051 ], [ 4.38396374323766, 51.201939596292014 ], [ 4.383386474062923, 51.202544944087741 ], [ 4.382906417830833, 51.203182921414459 ], [ 4.382528200906189, 51.203847385388734 ], [ 4.382255469575852, 51.204531937833295 ], [ 4.382090854785084, 51.205229986857361 ], [ 4.382035946631346, 51.205934810312577 ], [ 4.382091278867631, 51.206639620513627 ], [ 4.382256323571631, 51.207337629601696 ], [ 4.382529496039394, 51.208022114921029 ], [ 4.382908169863679, 51.208686483778862 ], [ 4.383388702058778, 51.209324336964698 ], [ 4.38396646799645, 51.209929530415458 ], [ 4.384635905822075, 51.210496234431879 ], [ 4.385390569928086, 51.211018989873914 ], [ 4.386223192973064, 51.211492760791643 ], [ 4.387125755851439, 51.21191298298298 ], [ 4.388089564940663, 51.212275608008319 ], [ 4.389105335881174, 51.212577142235624 ], [ 4.390163283080205, 51.212814680538209 ], [ 4.391253214073985, 51.21298593431824 ], [ 4.392364627834888, 51.213089253584648 ], [ 4.39348681607109, 51.213123642871381 ], [ 4.394608966536658, 51.213088770841168 ], [ 4.395720267350085, 51.212984973482492 ], [ 4.3968100113093, 51.212813250867775 ], [ 4.397867699191178, 51.212575257505115 ], [ 4.398883141033695, 51.21227328637648 ], [ 4.399846554418813, 51.211910246817553 ], [ 4.400748658803909, 51.211489636453528 ], [ 4.401580764988581, 51.211015507462974 ], [ 4.402334858851778, 51.210492427496625 ], [ 4.403003678550703, 51.209925435629501 ], [ 4.403580784437284, 51.209319993773249 ], [ 4.404060621019648, 51.208681934018358 ], [ 4.404438570374008, 51.208017402415884 ], [ 4.404710996496086, 51.207332799742034 ], [ 4.404875280169595, 51.206634719817863 ], [ 4.40492984402173, 51.205929885979181 ] ] ] } },
{ "type": "Feature", "properties": { "stop_id": "osm-2201399093", "name": "Morckhoven", "lines": "24", "line_count": 1, "source": "osm-overpass", "buffer_m": 800 }, "geometry": { "type": "Polygon", "coordinates": [ [ [ 4.463571230311018, 51.210790707042769 ], [ 4.463514661861637, 51.210085936549525 ], [ 4.46334839142672, 51.209388042087966 ], [ 4.463074025045172, 51.208703744313496 ], [ 4.462694209402629, 51.208039632660203 ], [ 4.462212606173899, 51.207402101908791 ], [ 4.461633856611431, 51.206797290638931 ], [ 4.460963536726578, 51.206231022157162 ], [ 4.460208103499837, 51.205708748467444 ], [ 4.459374832641613, 51.205235497821754 ], [ 4.458471748504945, 51.204815826354192 ], [ 4.45750754682591, 51.204453774261559 ], [ 4.456491511034987, 51.204152826950441 ], [ 4.455433422943194, 51.203915881522896 ], [ 4.454343468659665, 51.203745218921284 ], [ 4.45323214064205, 51.203642481998813 ], [ 4.452110136817337, 51.203608659725752 ], [ 4.450988257738179, 51.203644077682014 ], [ 4.449877302758074, 51.203748394927352 ], [ 4.448787966218029, 51.203920607278867 ], [ 4.447730734637139, 51.204159056964514 ], [ 4.446715785890228, 51.204461448560565 ], [ 4.445752891336974, 51.204824871060154 ], [ 4.444851321839473, 51.205245825862214 ], [ 4.444019758568652, 51.205720260412782 ], [ 4.443266209455075, 51.206243607176788 ], [ 4.442597932086623, 51.206810827567253 ], [ 4.442021363794915, 51.207416460410833 ], [ 4.441542059604431, 51.20805467448546 ], [ 4.441164638644137, 51.208719324626237 ], [ 4.440892739541113, 51.209404010861128 ], [ 4.440728985230435, 51.210102140008793 ], [ 4.44067495752594, 51.210806989146917 ], [ 4.440731181703217, 51.211511770340415 ], [ 4.440897121250334, 51.212209696007427 ], [ 4.441171182844215, 51.212894044293243 ], [ 4.441550731512044, 51.21355822382268 ], [ 4.442032115838704, 51.214195837206638 ], [ 4.442610702984021, 51.214800742689846 ], [ 4.443280923178252, 51.215367113345231 ], [ 4.444036323271948, 51.215889493242379 ], [ 4.444869628827998, 51.216362850047801 ], [ 4.445772814159938, 51.216782623547743 ], [ 4.446737179642819, 51.217144769624383 ], [ 4.447753435551272, 51.21744579925933 ], [ 4.448811791615281, 51.217682812186894 ], [ 4.449902051427697, 51.217853524870726 ], [ 4.45101371078956, 51.217956292532975 ], [ 4.452136059040508, 51.217990125022091 ], [ 4.453258282391787, 51.217954696365531 ], [ 4.454369568259706, 51.217850347914776 ], [ 4.45545920958743, 51.217678085051936 ], [ 4.456516708143036, 51.217439567490118 ], [ 4.457531875792018, 51.217137093261535 ], [ 4.458494932762411, 51.216773576548583 ], [ 4.45939660195052, 51.216352519572894 ], [ 4.460228198354367, 51.215877978814902 ], [ 4.460981712770105, 51.215354525891172 ], [ 4.461649888943269, 51.214787203468319 ], [ 4.462226293431123, 51.214181476640753 ], [ 4.462705377504074, 51.213543180242283 ], [ 4.463082530492152, 51.212878462601502 ], [ 4.463354124066302, 51.21219372628439 ], [ 4.463517547032747, 51.211495566396934 ], [ 4.463571230311018, 51.210790707042769 ] ] ] } },
{ "type": "Feature", "properties": { "stop_id": "osm-2201399096", "name": "Morckhoven", "lines": "24", "line_count": 1, "source": "osm-overpass", "buffer_m": 800 }, "geometry": { "type": "Polygon", "coordinates": [ [ [ 4.463266973573833, 51.210966736510251 ], [ 4.463210409508592, 51.210261965919656 ], [ 4.463044142998786, 51.209564071077864 ], [ 4.462769780045561, 51.208879772644011 ], [ 4.462389967301592, 51.208215660058514 ], [ 4.461908366413827, 51.207578128111074 ], [ 4.461329618612228, 51.206973315392872 ], [ 4.46065929989124, 51.206407045224431 ], [ 4.459903867220206, 51.205884769625932 ], [ 4.459070596304216, 51.205411516867777 ], [ 4.458167511496908, 51.204991843104331 ], [ 4.457203308540845, 51.20462978855452 ], [ 4.456187270878819, 51.204328838648621 ], [ 4.455129180339879, 51.204091890513666 ], [ 4.454039223056724, 51.20392122511808 ], [ 4.452927891515874, 51.203818485341941 ], [ 4.451805883678227, 51.203784660183011 ], [ 4.450684000135049, 51.20382007524897 ], [ 4.449573040282784, 51.203924389627403 ], [ 4.44848369850931, 51.204096599162945 ], [ 4.447426461384079, 51.204335046110792 ], [ 4.446411506835255, 51.204637435073487 ], [ 4.445448606278329, 51.205000855069514 ], [ 4.444547030633167, 51.205421807521937 ], [ 4.44371546112985, 51.20589623989941 ], [ 4.442961905758917, 51.206419584687801 ], [ 4.442293622168481, 51.20698680331914 ], [ 4.441717047750047, 51.207592434637071 ], [ 4.441237737587086, 51.208230647434178 ], [ 4.44086031086607, 51.208895296557905 ], [ 4.440588406269562, 51.209579982045994 ], [ 4.440424646785559, 51.21027811072436 ], [ 4.440370614277748, 51.210982959675157 ], [ 4.440426834068001, 51.211687740965189 ], [ 4.440592769686682, 51.21238566701161 ], [ 4.440866827848596, 51.213070015956099 ], [ 4.441246373614031, 51.213734196417164 ], [ 4.441727755595876, 51.21437181099666 ], [ 4.442306340976595, 51.214976717927911 ], [ 4.442976560003491, 51.215543090269861 ], [ 4.443731959538413, 51.216065472075826 ], [ 4.444565265149665, 51.216538830993983 ], [ 4.445468451150298, 51.216958606790151 ], [ 4.446432817908945, 51.217320755324465 ], [ 4.447449075687973, 51.217621787554869 ], [ 4.448507434199358, 51.217858803190587 ], [ 4.449597697012373, 51.218029518669248 ], [ 4.450709359899157, 51.218132289186045 ], [ 4.451831712165368, 51.218166124561904 ], [ 4.45295393998355, 51.218130698796521 ], [ 4.454065230726957, 51.218026353213467 ], [ 4.455154877291748, 51.217854093167269 ], [ 4.456212381395513, 51.217615578343846 ], [ 4.457227554850258, 51.21731310674911 ], [ 4.458190617828053, 51.216949592539997 ], [ 4.459092293167293, 51.216528537914087 ], [ 4.459923895806709, 51.216053999329148 ], [ 4.460677416482362, 51.215530548380812 ], [ 4.461345598879459, 51.214963227716687 ], [ 4.461922009495301, 51.214357502414273 ], [ 4.462401099541258, 51.213719207292669 ], [ 4.46277825828983, 51.213054490668164 ], [ 4.463049857356486, 51.212369755097008 ], [ 4.463213285494571, 51.211671595677991 ], [ 4.463266973573833, 51.210966736510251 ] ] ] } },
{ "type": "Feature", "properties": { "stop_id": "osm-259448124", "name": "Mortsel", "lines": "7", "line_count": 1, "source": "osm-overpass", "buffer_m": 800 }, "geometry": { "type": "Polygon", "coordinates": [ [ [ 4.461989140626513, 51.170464959705953 ], [ 4.461932644939512, 51.169760177581033 ], [ 4.461766541799532, 51.169062270131391 ], [ 4.461492435626171, 51.168377958137775 ], [ 4.461112970591643, 51.167713831171454 ], [ 4.460631804987706, 51.167076284160899 ], [ 4.460053575846973, 51.166471455842775 ], [ 4.459383854164999, 51.165905169688202 ], [ 4.458629091158993, 51.165382877871743 ], [ 4.457796556084149, 51.164909608820395 ], [ 4.456894266208592, 51.164489918845945 ], [ 4.455930909621947, 51.164127848323723 ], [ 4.454915761620252, 51.163826882838237 ], [ 4.453858595470265, 51.163589919666833 ], [ 4.452769588409112, 51.16341923992298 ], [ 4.451659223779862, 51.163316486625121 ], [ 4.45053819023985, 51.163282648901259 ], [ 4.449417279005929, 51.163318052480108 ], [ 4.44830728011926, 51.163422356559764 ], [ 4.447218878721301, 51.163594557083918 ], [ 4.446162552332704, 51.163832996394213 ], [ 4.445148470117296, 51.164135379166481 ], [ 4.444186395094863, 51.164498794478547 ], [ 4.443285590238823, 51.164919743798023 ], [ 4.442454729358465, 51.165394174623394 ], [ 4.441701813620569, 51.165917519455071 ], [ 4.441034094512196, 51.166484739724218 ], [ 4.440458003985897, 51.167090374258287 ], [ 4.439979092460758, 51.16772859181858 ], [ 4.439601975278535, 51.168393247206382 ], [ 4.439330288133961, 51.169077940398836 ], [ 4.439166651913145, 51.169776078147528 ], [ 4.439112647284357, 51.170480937447188 ], [ 4.439168799292368, 51.171185730264952 ], [ 4.439334572111731, 51.171883668907064 ], [ 4.439608374016886, 51.172568031394079 ], [ 4.439987572528471, 51.173232226214289 ], [ 4.440468519597061, 51.173869855831668 ], [ 4.44104658658823, 51.174474778334989 ], [ 4.441716208737741, 51.175041166633619 ], [ 4.442470938653365, 51.175563564627737 ], [ 4.443303508351548, 51.176036939809933 ], [ 4.444205899233617, 51.176456731789891 ], [ 4.445169419328318, 51.176818896272238 ], [ 4.446184787056096, 51.177119944061687 ], [ 4.44724222070624, 51.177356974717938 ], [ 4.448331532761745, 51.17752770453415 ], [ 4.449442228158775, 51.177630488567637 ], [ 4.450563605528781, 51.177664336509224 ], [ 4.451684860441707, 51.177628922237545 ], [ 4.452795189649009, 51.177524586965397 ], [ 4.453883895315182, 51.177352335947845 ], [ 4.454940488226723, 51.177113828783632 ], [ 4.455954788977474, 51.176811363404546 ], [ 4.456917026149464, 51.176447853907341 ], [ 4.457817930537954, 51.176026802443751 ], [ 4.458648824508677, 51.175552265440743 ], [ 4.459401705623219, 51.175028814478232 ], [ 4.460069323725067, 51.174461492203584 ], [ 4.460645250743302, 51.173855763709362 ], [ 4.461123942542352, 51.17321746384512 ], [ 4.461500792224422, 51.172552740972471 ], [ 4.461772174374655, 51.171867997707636 ], [ 4.461935479827703, 51.171169829223352 ], [ 4.461989140626513, 51.170464959705953 ] ] ] } },
{ "type": "Feature", "properties": { "stop_id": "osm-11288284677", "name": "Muggenberg", "lines": "8,24", "line_count": 2, "source": "osm-overpass", "buffer_m": 800 }, "geometry": { "type": "Polygon", "coordinates": [ [ [ 4.46713874985929, 51.209650761538668 ], [ 4.467082128884875, 51.208945992441436 ], [ 4.466915809133812, 51.208248102689701 ], [ 4.466641397119573, 51.207563812893433 ], [ 4.466261539966819, 51.206899712409772 ], [ 4.465779899749633, 51.206262195911656 ], [ 4.465201118076163, 51.205657401841513 ], [ 4.464530771266465, 51.205091153340121 ], [ 4.46377531655981, 51.204568902218988 ], [ 4.46294202987297, 51.204095676512779 ], [ 4.462038935710968, 51.203676032115411 ], [ 4.461074729906042, 51.203314008963005 ], [ 4.460058695928104, 51.203013092183568 ], [ 4.459000615570493, 51.202776178585196 ], [ 4.457910674867748, 51.202605548803874 ], [ 4.456799366146718, 51.202502845376856 ], [ 4.455677387148652, 51.202469056951962 ], [ 4.454555538187302, 51.202504508783292 ], [ 4.453444618326404, 51.202608859604467 ], [ 4.452355321569118, 51.202781104909391 ], [ 4.451298134051861, 51.203019586608839 ], [ 4.450283233225584, 51.203322008970829 ], [ 4.449320389988988, 51.203685460692284 ], [ 4.4484188747105, 51.204106442890783 ], [ 4.447587368039418, 51.204580902748546 ], [ 4.446833877361717, 51.205104272486807 ], [ 4.446165659702963, 51.205671513297268 ], [ 4.44558915182012, 51.206277163809901 ], [ 4.445109908156208, 51.206915392632396 ], [ 4.444732547257505, 51.207580054457694 ], [ 4.444460707172774, 51.208264749201142 ], [ 4.444297010268726, 51.208962883599305 ], [ 4.444243037806247, 51.209667734679179 ], [ 4.44429931452872, 51.210372514486799 ], [ 4.444465303417878, 51.211070435453522 ], [ 4.444739410675088, 51.211754775769769 ], [ 4.445119000887327, 51.212418944136964 ], [ 4.44560042223889, 51.213056543273439 ], [ 4.446179041532511, 51.213661431561022 ], [ 4.446849288688299, 51.21422778223819 ], [ 4.447604710296626, 51.21475013956691 ], [ 4.448438031712681, 51.215223471431017 ], [ 4.449341227096808, 51.215643217856957 ], [ 4.450305596726863, 51.21600533498777 ], [ 4.451321850837227, 51.216306334083839 ], [ 4.452380199174993, 51.216543315173752 ], [ 4.453470445407297, 51.216713995027867 ], [ 4.454582085465963, 51.216816729184615 ], [ 4.455704408876618, 51.216850527815282 ], [ 4.45682660208993, 51.216815065273572 ], [ 4.457937852812744, 51.216710683237373 ], [ 4.459027454327069, 51.216538387412477 ], [ 4.460084908784843, 51.216299837829489 ], [ 4.461100028476742, 51.215997332829147 ], [ 4.462063034093177, 51.215633786890251 ], [ 4.462964649025559, 51.215212702515956 ], [ 4.463796188794952, 51.214738136450634 ], [ 4.464549644743425, 51.214214660554482 ], [ 4.46521776118004, 51.213647317715441 ], [ 4.465794105237745, 51.213041573224402 ], [ 4.46627312876923, 51.21240326208526 ], [ 4.466650221687779, 51.211738532768415 ], [ 4.466921756242959, 51.211053787952189 ], [ 4.467085121809387, 51.210355622824274 ], [ 4.46713874985929, 51.209650761538668 ] ] ] } },
{ "type": "Feature", "properties": { "stop_id": "osm-2201379768", "name": "Muggenberg", "lines": "8,24", "line_count": 2, "source": "osm-overpass", "buffer_m": 800 }, "geometry": { "type": "Polygon", "coordinates": [ [ [ 4.467916377559203, 51.209356786226962 ], [ 4.467859745191291, 51.208652017421841 ], [ 4.467693414853199, 51.207954128684662 ], [ 4.467418993160269, 51.207269840615609 ], [ 4.467039127330275, 51.206605742555141 ], [ 4.466557479520745, 51.205968229152901 ], [ 4.465978691412823, 51.205363438821401 ], [ 4.465308339388415, 51.204797194665467 ], [ 4.464552880736898, 51.204274948454717 ], [ 4.463719591412918, 51.203801728176522 ], [ 4.462816495946802, 51.203382089672573 ], [ 4.461852290183263, 51.203020072822206 ], [ 4.460836257591754, 51.202719162692759 ], [ 4.459778179952224, 51.20248225602834 ], [ 4.458688243273013, 51.202311633398111 ], [ 4.457576939842234, 51.202208937270569 ], [ 4.456454967350208, 51.202175156223213 ], [ 4.455333126048092, 51.202210615439149 ], [ 4.454222214925929, 51.202314973580926 ], [ 4.453132927902813, 51.202487226071952 ], [ 4.452075751021516, 51.202725714753818 ], [ 4.451060861630675, 51.203028143827339 ], [ 4.450098030518987, 51.203391601924814 ], [ 4.449196527938226, 51.20381259010243 ], [ 4.448365034415522, 51.204287055484805 ], [ 4.447611557210332, 51.204810430240009 ], [ 4.446943353218578, 51.205377675511414 ], [ 4.446366859065679, 51.205983329886017 ], [ 4.445887629062494, 51.206621561934263 ], [ 4.445510281623778, 51.207286226318047 ], [ 4.445238454668689, 51.207970922928041 ], [ 4.445074770437483, 51.208669058482805 ], [ 4.445020810068973, 51.209373909998114 ], [ 4.445077098190008, 51.210078689515854 ], [ 4.445243097672485, 51.210776609470102 ], [ 4.445517214615657, 51.211460948060989 ], [ 4.445896813513114, 51.212125114006568 ], [ 4.446378242465395, 51.212762710048437 ], [ 4.44695686820191, 51.213367594598225 ], [ 4.447627120580604, 51.213933940930374 ], [ 4.448382546141428, 51.214456293348704 ], [ 4.449215870201395, 51.214929619784328 ], [ 4.450119066895291, 51.215349360316011 ], [ 4.451083436488275, 51.215711471143521 ], [ 4.452099689215028, 51.216012463588051 ], [ 4.453158034835922, 51.216249437742142 ], [ 4.454248277044243, 51.216420110443075 ], [ 4.455359911810572, 51.216522837298164 ], [ 4.456482228711536, 51.216556628549043 ], [ 4.457604414260547, 51.21652115862048 ], [ 4.458715656238338, 51.216416769261649 ], [ 4.459805248011219, 51.216244466248767 ], [ 4.460862691825058, 51.21600590968179 ], [ 4.461877800073144, 51.215703397968653 ], [ 4.462840793556231, 51.215339845652885 ], [ 4.463742395782691, 51.21491875529906 ], [ 4.464573922396072, 51.214444183709077 ], [ 4.465327364865258, 51.213920702796443 ], [ 4.465995467629221, 51.213353355497311 ], [ 4.466571797952663, 51.21274760714558 ], [ 4.467050807820603, 51.212109292782245 ], [ 4.467427887277956, 51.211444560908767 ], [ 4.467699408703946, 51.210759814228105 ], [ 4.467862761599617, 51.210061647945786 ], [ 4.467916377559203, 51.209356786226962 ] ] ] } },
{ "type": "Feature", "properties": { "stop_id": "osm-655335635", "name": "Museum", "lines": "4", "line_count": 1, "source": "osm-overpass", "buffer_m": 800 }, "geometry": { "type": "Polygon", "coordinates": [ [ [ 4.405492609398554, 51.209455931520182 ], [ 4.405436920193697, 51.20875113308044 ], [ 4.405271523587132, 51.20805315677709 ], [ 4.404998017204321, 51.207368724056103 ], [ 4.404619039452077, 51.206704425653264 ], [ 4.404138243940603, 51.206066658149624 ], [ 4.403560264149446, 51.205461562406462 ], [ 4.402890668683378, 51.204894964471137 ], [ 4.402135907553732, 51.204372319521049 ], [ 4.401303250005971, 51.203898659383896 ], [ 4.400400714494404, 51.203478544137212 ], [ 4.39943699147908, 51.203116018250888 ], [ 4.398421359787686, 51.20281457169331 ], [ 4.397363597345733, 51.202577106373035 ], [ 4.396273887131325, 51.202405908237417 ], [ 4.395162719255506, 51.202302625295054 ], [ 4.394040790105531, 51.202268251772345 ], [ 4.392918899515934, 51.202303118555719 ], [ 4.391807846950575, 51.202406890010572 ], [ 4.390718327688253, 51.202578567207929 ], [ 4.389660830004367, 51.202816497527564 ], [ 4.388645534331718, 51.20311839054559 ], [ 4.387682215365223, 51.203481340055205 ], [ 4.386780148047574, 51.203901852009331 ], [ 4.3859480183366, 51.204375878118164 ], [ 4.385193839610265, 51.20489885477992 ], [ 4.384524875512192, 51.205465746972173 ], [ 4.383947569980034, 51.206071096682905 ], [ 4.383467485131304, 51.206709075417962 ], [ 4.383089247606931, 51.207373540280386 ], [ 4.382816503892792, 51.208058093084333 ], [ 4.382651885054111, 51.208756141935581 ], [ 4.382596981228076, 51.209460964687395 ], [ 4.382652326126756, 51.210165773661245 ], [ 4.382817391706646, 51.210863781010083 ], [ 4.383090593063442, 51.21154826409488 ], [ 4.383469303512313, 51.212212630244373 ], [ 4.383949879715375, 51.212850480274085 ], [ 4.384527696620981, 51.213455670151248 ], [ 4.385197191883957, 51.214022370211083 ], [ 4.385951919343725, 51.214545121351513 ], [ 4.386784611048733, 51.215018887664009 ], [ 4.387687247232031, 51.215439104990836 ], [ 4.388651133564811, 51.215801724939219 ], [ 4.389666984943188, 51.216103253925937 ], [ 4.390725014999206, 51.21634078687481 ], [ 4.391815030470498, 51.216512035239496 ], [ 4.392926529515177, 51.216615349081188 ], [ 4.394048803019346, 51.216649732985964 ], [ 4.395171037915134, 51.216614855668489 ], [ 4.396282421507186, 51.216511053168176 ], [ 4.397372245795529, 51.216339325606988 ], [ 4.398430010782792, 51.216101327540706 ], [ 4.399445525763849, 51.215799351996601 ], [ 4.400409007615885, 51.215436308352963 ], [ 4.401311175136613, 51.215015694274378 ], [ 4.402143338517449, 51.21454156197521 ], [ 4.40289748308652, 51.214018479138041 ], [ 4.403566346512854, 51.213451484865693 ], [ 4.404143488727545, 51.212846041092931 ], [ 4.404623353889287, 51.212207979928699 ], [ 4.405001323799598, 51.211543447437705 ], [ 4.405273762256861, 51.210858844404676 ], [ 4.405438049926699, 51.210160764654098 ], [ 4.405492609398554, 51.209455931520182 ] ] ] } },
{ "type": "Feature", "properties": { "stop_id": "osm-655336271", "name": "Museum", "lines": "4", "line_count": 1, "source": "osm-overpass", "buffer_m": 800 }, "geometry": { "type": "Polygon", "coordinates": [ [ [ 4.404460517907381, 51.208675531461815 ], [ 4.404404845230432, 51.207970732322266 ], [ 4.404239466835906, 51.207272754363423 ], [ 4.403965980173759, 51.20658831904727 ], [ 4.4035870234608, 51.205924017134599 ], [ 4.40310625010457, 51.205286245240323 ], [ 4.402528293371252, 51.204681144268044 ], [ 4.401858721643604, 51.204114540315445 ], [ 4.401103984704425, 51.203591888617957 ], [ 4.400271351566336, 51.20311822106828 ], [ 4.399368840448717, 51.202698097815301 ], [ 4.398405141576879, 51.202335563406002 ], [ 4.397389533546183, 51.202034107890881 ], [ 4.396331794054499, 51.201796633264706 ], [ 4.395242105859117, 51.201625425564437 ], [ 4.394130958859241, 51.201522132890751 ], [ 4.393009049241277, 51.201487749563782 ], [ 4.391887176651836, 51.201522606564204 ], [ 4.390776140381576, 51.201626368351697 ], [ 4.389686635552492, 51.201798036090324 ], [ 4.388629150301051, 51.202035957250864 ], [ 4.387613864940377, 51.202337841497666 ], [ 4.38665055406607, 51.20270078270832 ], [ 4.385748492542844, 51.203121286915618 ], [ 4.384916366272647, 51.203595305904422 ], [ 4.38416218860018, 51.204118276141472 ], [ 4.38349322315876, 51.204685162666152 ], [ 4.382915913898805, 51.205290507521127 ], [ 4.382435822973519, 51.205928482258962 ], [ 4.382057577082146, 51.206592944021239 ], [ 4.381784822790919, 51.207277494651962 ], [ 4.381620191266717, 51.207975542277907 ], [ 4.381565272768698, 51.208680364764199 ], [ 4.381620601150045, 51.209385174434821 ], [ 4.381785648526171, 51.21008318343614 ], [ 4.382058830167974, 51.210767669113224 ], [ 4.3824375195804, 51.211432038769871 ], [ 4.382918073628121, 51.212069893187909 ], [ 4.383495867472855, 51.212675088292329 ], [ 4.384165338991563, 51.21324179436801 ], [ 4.384920042252419, 51.213764552254979 ], [ 4.385752709537041, 51.214238325979743 ], [ 4.386655321313819, 51.214658551313178 ], [ 4.38761918348917, 51.215021179785403 ], [ 4.388635011192068, 51.215322717731112 ], [ 4.389693018282762, 51.215560259987811 ], [ 4.390783011720287, 51.215731517919487 ], [ 4.391894489875154, 51.215834841495159 ], [ 4.393016743834847, 51.215869235207151 ], [ 4.394138960719905, 51.215834367675605 ], [ 4.395250328008578, 51.215730574845651 ], [ 4.396340137858017, 51.215558856746107 ], [ 4.397397890409991, 51.215320867841548 ], [ 4.398413395079174, 51.215018901071019 ], [ 4.399376868842056, 51.21465586572824 ], [ 4.400279030574207, 51.214235259397853 ], [ 4.401111190522713, 51.213761134219567 ], [ 4.401865334048629, 51.213238057807416 ], [ 4.402534198830877, 51.212671069202294 ], [ 4.403111344787312, 51.212065630284386 ], [ 4.40359121604039, 51.211427573115955 ], [ 4.403969194332756, 51.210763043723169 ], [ 4.404241643381851, 51.210078442860997 ], [ 4.404405943751077, 51.209380364333072 ], [ 4.404460517907381, 51.208675531461815 ] ] ] } },
{ "type": "Feature", "properties": { "stop_id": "osm-1635561303", "name": "Nationale Bank", "lines": "1,10", "line_count": 2, "source": "osm-overpass", "buffer_m": 800 }, "geometry": { "type": "Polygon", "coordinates": [ [ [ 4.419570206366934, 51.211484568230716 ], [ 4.419514302000571, 51.210779776992467 ], [ 4.419348687528396, 51.210081820949824 ], [ 4.419074962673901, 51.209397421353081 ], [ 4.418695767947393, 51.208733168618465 ], [ 4.418214759047787, 51.208095458886788 ], [ 4.417636571508488, 51.207490432462563 ], [ 4.416966775933535, 51.206923914725245 ], [ 4.416211824259732, 51.20640136007971 ], [ 4.415378987565751, 51.205927799483938 ], [ 4.414476286029258, 51.2055077920568 ], [ 4.413512411707271, 51.205145381229983 ], [ 4.412496644882785, 51.204844055864072 ], [ 4.411438764780977, 51.204606716700816 ], [ 4.410348955511551, 51.204435648473073 ], [ 4.409237708138227, 51.204332497938822 ], [ 4.408115719812916, 51.204298258049889 ], [ 4.406993790939417, 51.204333258406265 ], [ 4.405882721350041, 51.204437162087586 ], [ 4.404793206487682, 51.20460896889206 ], [ 4.403735734585863, 51.204847024951704 ], [ 4.402720485829961, 51.205149038632214 ], [ 4.401757234464241, 51.205512102565123 ], [ 4.400855254781822, 51.205932721601648 ], [ 4.400023231898246, 51.206406846420961 ], [ 4.399269178164502, 51.206929912470713 ], [ 4.39860035602239, 51.207496883867535 ], [ 4.398023208044387, 51.208102301836547 ], [ 4.397543294832533, 51.20874033722594 ], [ 4.397165241376545, 51.209404846592783 ], [ 4.396892692391146, 51.210089431322231 ], [ 4.396728277067497, 51.210787499212067 ], [ 4.396673583583778, 51.211492327931651 ], [ 4.39672914362697, 51.212197129744382 ], [ 4.396894427081852, 51.21289511687165 ], [ 4.39716784694573, 51.213579566868546 ], [ 4.397546774428922, 51.214243887382018 ], [ 4.398027564102523, 51.21488167966654 ], [ 4.398605588857857, 51.215486800245152 ], [ 4.399275284346589, 51.216053420120097 ], [ 4.400030202478166, 51.216576080961374 ], [ 4.400863073462927, 51.217049747730002 ], [ 4.401765875805439, 51.217469857226924 ], [ 4.402729913574752, 51.217832362097951 ], [ 4.403745900206698, 51.218133769868487 ], [ 4.40480404802901, 51.218371176629965 ], [ 4.405894162643644, 51.218542295051797 ], [ 4.407005741252628, 51.218645476447072 ], [ 4.408128073974853, 51.218679726677955 ], [ 4.40925034717154, 51.218644715747075 ], [ 4.410361747778226, 51.218540780981122 ], [ 4.411451567631209, 51.218368923776509 ], [ 4.412509306776345, 51.218130799938002 ], [ 4.413524774758252, 51.21782870370464 ], [ 4.414488188907926, 51.21746554561738 ], [ 4.415390268676552, 51.217044824443228 ], [ 4.416222325102339, 51.216570593428152 ], [ 4.416976344545284, 51.216047421205559 ], [ 4.417645065881366, 51.215480347738932 ], [ 4.418222050412033, 51.214874835725695 ], [ 4.418701743816423, 51.214236717931684 ], [ 4.419079529551911, 51.213572140966626 ], [ 4.419351773192112, 51.212887506043103 ], [ 4.419515857280116, 51.212189407292243 ], [ 4.419570206366934, 51.211484568230716 ] ] ] } },
{ "type": "Feature", "properties": { "stop_id": "osm-2205925579", "name": "Nationale Bank", "lines": "4,7", "line_count": 2, "source": "osm-overpass", "buffer_m": 800 }, "geometry": { "type": "Polygon", "coordinates": [ [ [ 4.419736989460296, 51.211415752078125 ], [ 4.419681082656046, 51.210710960899917 ], [ 4.419515465932378, 51.210013005072277 ], [ 4.419241739034447, 51.209328605843417 ], [ 4.41886254249222, 51.208664353626062 ], [ 4.418381532022067, 51.208026644555986 ], [ 4.417803343172492, 51.207421618931349 ], [ 4.417133546560131, 51.20685510212391 ], [ 4.416378594131748, 51.206332548529595 ], [ 4.415545756973263, 51.205858989096242 ], [ 4.414643055266787, 51.205438982931504 ], [ 4.41367918107097, 51.205076573454996 ], [ 4.412663414667565, 51.204775249514235 ], [ 4.411605535277698, 51.204537911837278 ], [ 4.410515727004205, 51.204366845142637 ], [ 4.409404480901225, 51.20426369617357 ], [ 4.408282494108432, 51.20422945786683 ], [ 4.407160567014889, 51.204264459807156 ], [ 4.406049499435779, 51.204368365058954 ], [ 4.404959986794654, 51.204540173405313 ], [ 4.40390251730367, 51.20477823096342 ], [ 4.402887271125008, 51.205080246084513 ], [ 4.401924022478148, 51.205443311386283 ], [ 4.401022045630047, 51.205863931706787 ], [ 4.400190025668973, 51.206338057712777 ], [ 4.399435974917802, 51.206861124840486 ], [ 4.398767155789622, 51.207428097196193 ], [ 4.398190010827904, 51.208033515995794 ], [ 4.397710100605658, 51.208671552079423 ], [ 4.39733205008381, 51.209336061997476 ], [ 4.397059503948833, 51.210020647129781 ], [ 4.396895091364428, 51.210718715270268 ], [ 4.396840400482398, 51.211423544085889 ], [ 4.396895962964648, 51.212128345839105 ], [ 4.39706124867245, 51.212826332751803 ], [ 4.397334670581397, 51.213510782381213 ], [ 4.397713599882087, 51.21417510237778 ], [ 4.398194391128084, 51.21481289400095 ], [ 4.398772417195546, 51.215418013780138 ], [ 4.399442113723468, 51.215984632725274 ], [ 4.400197032611272, 51.216507292515352 ], [ 4.401029904061987, 51.216980958121461 ], [ 4.401932706575668, 51.217401066355762 ], [ 4.402896744219702, 51.217763569876247 ], [ 4.403912730431115, 51.218064976221285 ], [ 4.404970877541683, 51.218302381496066 ], [ 4.406060991160213, 51.218473498384341 ], [ 4.407172568498329, 51.218576678213964 ], [ 4.408294899687166, 51.218610926862198 ], [ 4.409417171102726, 51.21857591434685 ], [ 4.410528569697717, 51.218471978009987 ], [ 4.411618387327834, 51.218300119263084 ], [ 4.41267612406036, 51.21806199392578 ], [ 4.413691589463174, 51.217759896251557 ], [ 4.414655000892138, 51.21739673679523 ], [ 4.415557077824664, 51.21697601433705 ], [ 4.416389131326301, 51.216501782135325 ], [ 4.41714314778523, 51.21597860883486 ], [ 4.41781186610619, 51.215411534409562 ], [ 4.41838884761968, 51.214806021565998 ], [ 4.418868538033915, 51.214167903078121 ], [ 4.419246320835065, 51.213503325562215 ], [ 4.419518561625015, 51.212818690236269 ], [ 4.419682642974298, 51.212120591235234 ], [ 4.419736989460296, 51.211415752078125 ] ] ] } },
{ "type": "Feature", "properties": { "stop_id": "osm-2205925614", "name": "Nationale Bank", "lines": "4,7", "line_count": 2, "source": "osm-overpass", "buffer_m": 800 }, "geometry": { "type": "Polygon", "coordinates": [ [ [ 4.420302578309273, 51.211777897309368 ], [ 4.420246662523724, 51.211073106497999 ], [ 4.420081036050042, 51.210375151561088 ], [ 4.419807298727336, 51.209690753738236 ], [ 4.419428091185996, 51.209026503428596 ], [ 4.418947069248336, 51.208388796749581 ], [ 4.41836886857329, 51.207783773976288 ], [ 4.417699059891339, 51.207217260452971 ], [ 4.416944095265446, 51.206694710543971 ], [ 4.416111245898922, 51.206221155161565 ], [ 4.415208532091371, 51.205801153374452 ], [ 4.414244646017887, 51.20543874856007 ], [ 4.413228868074507, 51.205137429521024 ], [ 4.412170977593382, 51.204900096938211 ], [ 4.411081158784063, 51.20472903548108 ], [ 4.40996990280204, 51.204625891842461 ], [ 4.408847906882044, 51.204591658907809 ], [ 4.407725971500944, 51.204626666210132 ], [ 4.406614896553671, 51.20473057676228 ], [ 4.405525377534683, 51.20490239029624 ], [ 4.404467902717529, 51.205140452879306 ], [ 4.403452652315671, 51.205442472814312 ], [ 4.402489400589268, 51.205805542672643 ], [ 4.401587421834968, 51.206226167248438 ], [ 4.400755401159446, 51.206700297167544 ], [ 4.400001350892526, 51.207223367828497 ], [ 4.399332533442717, 51.2077903433035 ], [ 4.39875539133742, 51.208395764778444 ], [ 4.398275485122239, 51.209033803067719 ], [ 4.397897439719618, 51.209698314700425 ], [ 4.397624899766841, 51.210382901039864 ], [ 4.397460494368169, 51.211080969868334 ], [ 4.397405811606301, 51.21178579884613 ], [ 4.397461383065027, 51.212490600234148 ], [ 4.397626678519234, 51.213188586257743 ], [ 4.39790011085071, 51.21387303448271 ], [ 4.398279051149708, 51.214537352572947 ], [ 4.398759853863885, 51.215175141806313 ], [ 4.399337891758946, 51.215780258735187 ], [ 4.400007600359946, 51.216346874396919 ], [ 4.400762531449987, 51.216869530502088 ], [ 4.401595415114514, 51.217343192057356 ], [ 4.402498229735877, 51.217763295913841 ], [ 4.403462279264765, 51.218125794771645 ], [ 4.404478277023639, 51.21842719621413 ], [ 4.405536435232962, 51.218664596393687 ], [ 4.406626559394543, 51.218835708043144 ], [ 4.407738146618366, 51.218938882540819 ], [ 4.408860486940272, 51.218973125815374 ], [ 4.409982766648214, 51.218938107936388 ], [ 4.411094172614974, 51.218834166297569 ], [ 4.412183996625197, 51.218662302361508 ], [ 4.413241738684699, 51.218424171997825 ], [ 4.414257208310035, 51.218122069508425 ], [ 4.415220622816416, 51.21775890549457 ], [ 4.416122701651655, 51.217338178780352 ], [ 4.416954755863013, 51.216863942665071 ], [ 4.417708771831913, 51.216340765831283 ], [ 4.418377488467895, 51.215773688286887 ], [ 4.418954467117779, 51.215168172768507 ], [ 4.419434153517464, 51.21453005207583 ], [ 4.419811931191888, 51.213865472846379 ], [ 4.420084165792417, 51.213180836314592 ], [ 4.420248239949299, 51.212482736627052 ], [ 4.420302578309273, 51.211777897309368 ] ] ] } },
{ "type": "Feature", "properties": { "stop_id": "osm-2205925617", "name": "Nationale Bank", "lines": "1,10", "line_count": 2, "source": "osm-overpass", "buffer_m": 800 }, "geometry": { "type": "Polygon", "coordinates": [ [ [ 4.420105090138365, 51.211826016435253 ], [ 4.420049177279537, 51.211121225543678 ], [ 4.419883553590347, 51.210423270343107 ], [ 4.419609818883109, 51.209738872075754 ], [ 4.419230613763041, 51.209074621145028 ], [ 4.418749594029167, 51.208436913674326 ], [ 4.41817139531922, 51.207831889946391 ], [ 4.417501588344791, 51.207265375314655 ], [ 4.416746625152423, 51.206742824154162 ], [ 4.415913776931649, 51.206269267389224 ], [ 4.415011063971065, 51.205849264101872 ], [ 4.414047178437628, 51.20548685768393 ], [ 4.413031400722194, 51.205185536953508 ], [ 4.411973510154738, 51.204948202607767 ], [ 4.41088369094564, 51.204777139333117 ], [ 4.409772434254255, 51.20467399383989 ], [ 4.408650437322136, 51.204639759031409 ], [ 4.407528500635893, 51.204674764458716 ], [ 4.406417424103016, 51.204778673152653 ], [ 4.405327903233216, 51.204950484863168 ], [ 4.404270426317836, 51.20518854567505 ], [ 4.403255173590533, 51.205490563908263 ], [ 4.402291919333826, 51.205853632150514 ], [ 4.401389937868706, 51.206274255211518 ], [ 4.400557914327926, 51.206748383731707 ], [ 4.399803861068876, 51.207271453123091 ], [ 4.399135040528854, 51.207838427470129 ], [ 4.398557895265002, 51.208443847969527 ], [ 4.398077985853324, 51.209081885445066 ], [ 4.397699937247035, 51.209746396433772 ], [ 4.397427394114255, 51.21043098230507 ], [ 4.397262985589879, 51.211129050845805 ], [ 4.397208299786702, 51.211833879719073 ], [ 4.397263868317811, 51.212538681186743 ], [ 4.397429160986307, 51.213236667473446 ], [ 4.39770259070082, 51.213921116142444 ], [ 4.398081528576824, 51.214585434853376 ], [ 4.39856232908534, 51.215223224878081 ], [ 4.399140365013337, 51.215828342761334 ], [ 4.399810071904848, 51.216394959531357 ], [ 4.400565001559462, 51.216917616888011 ], [ 4.401397884076479, 51.217391279825897 ], [ 4.402300697849324, 51.21781138518282 ], [ 4.403264746836879, 51.218173885644497 ], [ 4.404280744366836, 51.218475288778727 ], [ 4.405338902661881, 51.218712690721674 ], [ 4.406429027222999, 51.218883804189183 ], [ 4.407540615156337, 51.218986980541999 ], [ 4.408662956490899, 51.21902122569098 ], [ 4.409785237504876, 51.218986209687586 ], [ 4.410896645058459, 51.218882269907496 ], [ 4.411986470920997, 51.218710407795349 ], [ 4.413044215080441, 51.218472279203247 ], [ 4.414059687033101, 51.218170178416017 ], [ 4.415023104071746, 51.21780701601844 ], [ 4.415925185619771, 51.21738629081915 ], [ 4.41675724269829, 51.216912056102807 ], [ 4.417511261661081, 51.216388880538489 ], [ 4.418179981388827, 51.21582180412188 ], [ 4.418756963198554, 51.21521628957877 ], [ 4.419236652795702, 51.214578169699386 ], [ 4.419614433674411, 51.213913591113496 ], [ 4.419886671455176, 51.213228955049345 ], [ 4.420050748737611, 51.212530855648971 ], [ 4.420105090138365, 51.211826016435253 ] ] ] } },
{ "type": "Feature", "properties": { "stop_id": "osm-1734462775", "name": "Noorderbrug", "lines": "1", "line_count": 1, "source": "osm-overpass", "buffer_m": 800 }, "geometry": { "type": "Polygon", "coordinates": [ [ [ 4.431961209679068, 51.239187968601811 ], [ 4.431905084719348, 51.238483190913101 ], [ 4.431739186272894, 51.23778525984082 ], [ 4.431465116803212, 51.237100896394253 ], [ 4.43108552014387, 51.236436690640907 ], [ 4.430604055868133, 51.235799038268489 ], [ 4.430025363897391, 51.235194079028652 ], [ 4.429355019694945, 51.234627637653233 ], [ 4.428599480481303, 51.234105167811371 ], [ 4.427766022992381, 51.233631699643922 ], [ 4.426862673382193, 51.233211791379411 ], [ 4.425898129945749, 51.232849485494434 ], [ 4.42488167940571, 51.232548269838858 ], [ 4.423823107566765, 51.232311044098033 ], [ 4.422732605194789, 51.232140091912612 ], [ 4.42162067002245, 51.232037058923432 ], [ 4.420498005819388, 51.232002936950629 ], [ 4.419375419492426, 51.232038054459146 ], [ 4.418263717199781, 51.232142073400873 ], [ 4.417173600472442, 51.232313992464533 ], [ 4.416115563335787, 51.232552156701729 ], [ 4.415099791415201, 51.232854273436843 ], [ 4.41413606399084, 51.233217434309516 ], [ 4.41323365993921, 51.233638143237847 ], [ 4.412401268462636, 51.234112350035801 ], [ 4.411646905462943, 51.234635489361814 ], [ 4.410977836362565, 51.235202524627063 ], [ 4.410400506115634, 51.235807996441721 ], [ 4.40992047708381, 51.236446075135461 ], [ 4.409542375377256, 51.237110616848149 ], [ 4.409269846181019, 51.23779522265324 ], [ 4.409105518501677, 51.238493300145286 ], [ 4.409050979679516, 51.239198126900696 ], [ 4.409106759918086, 51.239902915201377 ], [ 4.409272326987299, 51.240600877398236 ], [ 4.409546091158291, 51.241285291285926 ], [ 4.40992542032995, 51.241949564858515 ], [ 4.410406665208415, 51.242587299822027 ], [ 4.410985194303609, 51.243192353250919 ], [ 4.411655438411447, 51.243758896793665 ], [ 4.412410944158002, 51.244281472854922 ], [ 4.413244436093478, 51.244755047211875 ], [ 4.414147886740105, 51.245175057555215 ], [ 4.415112593920092, 51.245537457485497 ], [ 4.416129264618217, 51.245838755538728 ], [ 4.417188104569227, 51.246076048863117 ], [ 4.418278912703862, 51.246247051220742 ], [ 4.419391179539158, 51.246350115042752 ], [ 4.420514188559859, 51.246384247324031 ], [ 4.421637119607988, 51.246349119203586 ], [ 4.422749153277886, 51.246245069137274 ], [ 4.423839575303925, 51.246073099632461 ], [ 4.424897879928261, 51.245834867576036 ], [ 4.42591387124612, 51.245532668249815 ], [ 4.426877761546018, 51.245169413188115 ], [ 4.427780265692242, 51.244748602092422 ], [ 4.428612690635887, 51.244274289075101 ], [ 4.42936701918901, 51.243751043559584 ], [ 4.43003598725294, 51.243183906215499 ], [ 4.430613153756317, 51.242578340355529 ], [ 4.431092962630054, 51.241940179264141 ], [ 4.431470796224541, 51.241275569967911 ], [ 4.431743019658131, 51.24059091399058 ], [ 4.431907015674526, 51.239892805665754 ], [ 4.431961209679068, 51.239187968601811 ] ] ] } },
{ "type": "Feature", "properties": { "stop_id": "osm-1734462777", "name": "Noorderbrug", "lines": "1", "line_count": 1, "source": "osm-overpass", "buffer_m": 800 }, "geometry": { "type": "Polygon", "coordinates": [ [ [ 4.431903107251794, 51.23877117422326 ], [ 4.431846983672562, 51.238066396390202 ], [ 4.431681087579605, 51.237368465120859 ], [ 4.431407021413675, 51.236684101426412 ], [ 4.431027428976456, 51.236019895376728 ], [ 4.430545969800481, 51.235382242662432 ], [ 4.429967283757978, 51.23477728303839 ], [ 4.42929694625512, 51.234210841240248 ], [ 4.428541414447879, 51.233688370941138 ], [ 4.427707965000843, 51.233214902286356 ], [ 4.426804623990588, 51.232794993509124 ], [ 4.425840089629345, 51.232432687090963 ], [ 4.424823648552416, 51.23213147088692 ], [ 4.423765086473423, 51.231894244587572 ], [ 4.42267459406432, 51.231723291838982 ], [ 4.421562668961911, 51.231620258287414 ], [ 4.420440014838944, 51.231586135758434 ], [ 4.419317438505248, 51.23162125272227 ], [ 4.418205746022897, 51.231725271136128 ], [ 4.41711563882848, 51.23189718969379 ], [ 4.416057610855646, 51.232135353451717 ], [ 4.415041847641585, 51.232437469738912 ], [ 4.414078128382663, 51.232800630199293 ], [ 4.413175731876776, 51.233221338755008 ], [ 4.412343347253599, 51.233695545223505 ], [ 4.41158899034896, 51.234218684266466 ], [ 4.410919926526573, 51.234785719297733 ], [ 4.410342600689712, 51.235391190929782 ], [ 4.409862575157513, 51.236029269493976 ], [ 4.409484476006374, 51.236693811131509 ], [ 4.409211948396655, 51.237378416916492 ], [ 4.409047621319577, 51.238076494443668 ], [ 4.408993082109535, 51.238781321289196 ], [ 4.409048860973729, 51.239486109733996 ], [ 4.409214425695214, 51.240184072127654 ], [ 4.409488186567659, 51.240868486262954 ], [ 4.409867511521638, 51.241532760131541 ], [ 4.410348751303843, 51.242170495436582 ], [ 4.410927274473234, 51.242775549249316 ], [ 4.411597511882753, 51.243342093214459 ], [ 4.412353010222968, 51.243864669732652 ], [ 4.413186494115406, 51.244338244576653 ], [ 4.414089936159771, 51.244758255432465 ], [ 4.415054634261155, 51.24512065589574 ], [ 4.416071295491811, 51.245421954497338 ], [ 4.417130125677734, 51.245659248380164 ], [ 4.418220923843772, 51.245830251300951 ], [ 4.419333180603052, 51.245933315685427 ], [ 4.420456179537439, 51.245967448523032 ], [ 4.421579100586186, 51.245932320947432 ], [ 4.422691124440022, 51.245828271409259 ], [ 4.423781536927935, 51.245656302410744 ], [ 4.424839832384012, 51.2454180708339 ], [ 4.42585581499184, 51.245115871955946 ], [ 4.426819697123867, 51.244752617306865 ], [ 4.427722193723073, 51.244331806584142 ], [ 4.428554611813263, 51.243857493896591 ], [ 4.429308934272487, 51.243334248664425 ], [ 4.429977897060748, 51.242767111554564 ], [ 4.430555059157459, 51.242161545877394 ], [ 4.431034864535928, 51.241523384915659 ], [ 4.431412695580139, 51.240858775694655 ], [ 4.431684917432934, 51.240174119737468 ], [ 4.431848912853153, 51.239476011377398 ], [ 4.431903107251794, 51.23877117422326 ] ] ] } },
{ "type": "Feature", "properties": { "stop_id": "osm-5670761997", "name": "Noorderplaats", "lines": "24", "line_count": 1, "source": "osm-overpass", "buffer_m": 800 }, "geometry": { "type": "Polygon", "coordinates": [ [ [ 4.424559173551332, 51.230491585319868 ], [ 4.42450317096591, 51.229786801693535 ], [ 4.424337414280471, 51.229088857839123 ], [ 4.424063504591788, 51.228404474889324 ], [ 4.423684084193494, 51.227740243099781 ], [ 4.423202810960551, 51.227102558409285 ], [ 4.422624322974093, 51.226497560880908 ], [ 4.421954193732948, 51.22593107561552 ], [ 4.421198878387844, 51.225408556705069 ], [ 4.420365651519528, 51.224935034763149 ], [ 4.419462537062188, 51.224515068536171 ], [ 4.418498231047679, 51.224152701058955 ], [ 4.417482017913909, 51.223851420774523 ], [ 4.416423681181167, 51.223614127990409 ], [ 4.415333409353194, 51.223443106992853 ], [ 4.414221697944504, 51.223340004085088 ], [ 4.413099248571839, 51.223305811760405 ], [ 4.41197686607503, 51.223340859160885 ], [ 4.410865354651057, 51.223444808913371 ], [ 4.409775413994224, 51.223616660372585 ], [ 4.408717536435431, 51.223854759240844 ], [ 4.407701906064037, 51.224156813471772 ], [ 4.406738300797417, 51.224519915306729 ], [ 4.405835998335627, 51.224940569232189 ], [ 4.405003686902218, 51.225414725591548 ], [ 4.404249381627342, 51.22593781952893 ], [ 4.403580347376339, 51.226504814892571 ], [ 4.403003028766237, 51.227110252676937 ], [ 4.402522988044866, 51.227748303539428 ], [ 4.402144851433016, 51.228412823888164 ], [ 4.401872264449826, 51.229097415002407 ], [ 4.401707856656283, 51.229795484618499 ], [ 4.401653216162141, 51.230500310388969 ], [ 4.401708874148167, 51.231205104605458 ], [ 4.401874299559874, 51.23190307956223 ], [ 4.402147904031149, 51.23258751293141 ], [ 4.402527056997698, 51.233251812519711 ], [ 4.403008110861808, 51.233889579782925 ], [ 4.403586435972564, 51.234494671484725 ], [ 4.404256465090361, 51.235061258905183 ], [ 4.40501174691216, 51.235583884026624 ], [ 4.405845008145491, 51.236057512153828 ], [ 4.406748223535544, 51.236477580459706 ], [ 4.407712693171675, 51.236840041986667 ], [ 4.40872912632809, 51.237141404677381 ], [ 4.409787731029151, 51.237378765057457 ], [ 4.410878308473247, 51.237549836243019 ], [ 4.411990351401204, 51.237652970002088 ], [ 4.413113145456187, 51.237687172655839 ], [ 4.414235872552407, 51.23765211466521 ], [ 4.415347715250126, 51.237548133810357 ], [ 4.416437961124372, 51.237376231931762 ], [ 4.417496106114918, 51.237138065264752 ], [ 4.418511955855145, 51.236835928461097 ], [ 4.419475723997457, 51.236472732452732 ], [ 4.420378126582577, 51.236051976372195 ], [ 4.421210471539277, 51.235577713801845 ], [ 4.421964742449121, 51.235054513679202 ], [ 4.422633675767396, 51.234487416236611 ], [ 4.42321083075587, 51.233881884402521 ], [ 4.423690651454594, 51.233243751133777 ], [ 4.424068520098125, 51.232579163189087 ], [ 4.424340801465203, 51.231894521886822 ], [ 4.42450487773949, 51.231196421419405 ], [ 4.424559173551332, 51.230491585319868 ] ] ] } },
{ "type": "Feature", "properties": { "stop_id": "osm-5670761998", "name": "Noorderplaats", "lines": "1", "line_count": 1, "source": "osm-overpass", "buffer_m": 800 }, "geometry": { "type": "Polygon", "coordinates": [ [ [ 4.424482270833469, 51.230480492767136 ], [ 4.424426269423983, 51.229775709101304 ], [ 4.424260513929272, 51.229077765136054 ], [ 4.423986605434654, 51.228393382005123 ], [ 4.423607186222251, 51.227729149965967 ], [ 4.423125914155616, 51.227091464959706 ], [ 4.422547427304658, 51.226486467052517 ], [ 4.421877299157276, 51.225919981348881 ], [ 4.421121984853674, 51.225397461945008 ], [ 4.420288758964579, 51.224923939459181 ], [ 4.419385645414757, 51.224503972643149 ], [ 4.418421340227339, 51.224141604537316 ], [ 4.417405127832271, 51.22384032359075 ], [ 4.41634679174274, 51.223603030117431 ], [ 4.415256520456303, 51.223432008410178 ], [ 4.414144809482265, 51.223328904779066 ], [ 4.413022360433185, 51.223294711724357 ], [ 4.411899978145785, 51.223329758395202 ], [ 4.410788466815023, 51.223433707425379 ], [ 4.409698526134315, 51.223605558176644 ], [ 4.408640648434777, 51.223843656358056 ], [ 4.407625017807123, 51.224145709929935 ], [ 4.406661412171194, 51.224508811139913 ], [ 4.405759109230591, 51.224929464480489 ], [ 4.404926797213464, 51.225403620300739 ], [ 4.404172491255579, 51.225926713749928 ], [ 4.403503456228846, 51.226493708681062 ], [ 4.402926136757749, 51.227099146092691 ], [ 4.402446095098402, 51.227737196645862 ], [ 4.402067957480619, 51.228401716751605 ], [ 4.401795369433214, 51.229086307691652 ], [ 4.401630960527423, 51.229784377203892 ], [ 4.401576318883701, 51.230489202941946 ], [ 4.401631975693887, 51.231193997197707 ], [ 4.401797399914811, 51.231891972265117 ], [ 4.402071003191829, 51.232576405815202 ], [ 4.402450154972158, 51.233240705652982 ], [ 4.402931207669507, 51.233878473231776 ], [ 4.403509531644209, 51.234483565312274 ], [ 4.404179559667605, 51.235050153170903 ], [ 4.404934840447202, 51.235572778785759 ], [ 4.405768100700585, 51.236046407456854 ], [ 4.406671315182384, 51.236466476351893 ], [ 4.407635783990717, 51.23682893850755 ], [ 4.408652216407769, 51.23713030186051 ], [ 4.409710820465035, 51.237367662929962 ], [ 4.410801397367114, 51.237538734825399 ], [ 4.411913439860054, 51.237641869308035 ], [ 4.413036233591215, 51.237676072692032 ], [ 4.414158960477937, 51.237641015431265 ], [ 4.415270803082493, 51.237537035298914 ], [ 4.416361048980812, 51.23736513412851 ], [ 4.41741919411243, 51.237126968148488 ], [ 4.418435044109365, 51.236824832004054 ], [ 4.419398812621543, 51.236461636620803 ], [ 4.420301215686117, 51.236040881125163 ], [ 4.421133561227231, 51.235566619093966 ], [ 4.421887832820812, 51.235043419459465 ], [ 4.422556766915553, 51.234476322449389 ], [ 4.42313392276573, 51.233870790987922 ], [ 4.42361374440309, 51.233232658028371 ], [ 4.423991614053139, 51.232568070326472 ], [ 4.424263896484914, 51.231883429198241 ], [ 4.424427973871814, 51.231185328834471 ], [ 4.424482270833469, 51.230480492767136 ] ] ] } },
{ "type": "Feature", "properties": { "stop_id": "osm-5670761999", "name": "Noorderplaats", "lines": "1,24", "line_count": 2, "source": "osm-overpass", "buffer_m": 800 }, "geometry": { "type": "Polygon", "coordinates": [ [ [ 4.42463583171569, 51.229914277889016 ], [ 4.424579828664975, 51.229209494138345 ], [ 4.424414072884609, 51.228511550232412 ], [ 4.424140165462528, 51.227827167304341 ], [ 4.423760748670415, 51.227162935609606 ], [ 4.423279480348404, 51.226525251086066 ], [ 4.42270099853025, 51.225920253795188 ], [ 4.422030876655309, 51.225353768835596 ], [ 4.421275569803321, 51.224831250296269 ], [ 4.420442352473219, 51.224357728787204 ], [ 4.419539248507335, 51.223937763050706 ], [ 4.418574953836508, 51.223575396116836 ], [ 4.417558752789454, 51.223274116423418 ], [ 4.416500428770134, 51.223036824272292 ], [ 4.41541017015993, 51.222865803943584 ], [ 4.414298472346176, 51.222762701734126 ], [ 4.413176036814797, 51.222728510130459 ], [ 4.412053668272448, 51.222763558267765 ], [ 4.410942170781844, 51.222867508765731 ], [ 4.409852243903226, 51.223039360971981 ], [ 4.408794379834911, 51.223277460581549 ], [ 4.407778762536442, 51.223579515541019 ], [ 4.406815169799383, 51.223942618084642 ], [ 4.40591287920319, 51.224363272692088 ], [ 4.405080578857181, 51.224837429700216 ], [ 4.404326283784762, 51.225360524246859 ], [ 4.403657258753009, 51.225927520174388 ], [ 4.403079948290141, 51.22653295847185 ], [ 4.402599914565474, 51.227171009791682 ], [ 4.402221783732352, 51.227835530537561 ], [ 4.40194920125416, 51.228520121984999 ], [ 4.401784796648408, 51.229218191867034 ], [ 4.40173015799403, 51.229923017833677 ], [ 4.401785816453949, 51.230627812174674 ], [ 4.401951240968998, 51.231325787183067 ], [ 4.40222484318157, 51.232010220530498 ], [ 4.402603992549017, 51.232674520023906 ], [ 4.403085041508179, 51.233312287119958 ], [ 4.403663360455297, 51.233917378583982 ], [ 4.404333382210057, 51.234483965698303 ], [ 4.405088655540284, 51.235006590448229 ], [ 4.405921907235263, 51.235480218142122 ], [ 4.406825112132048, 51.235900285957086 ], [ 4.407789570421071, 51.236262746940191 ], [ 4.408805991485874, 51.236564109039435 ], [ 4.409864583467331, 51.236801468786091 ], [ 4.410955147686425, 51.236972539302386 ], [ 4.412067177011445, 51.237075672362842 ], [ 4.413189957216672, 51.237109874295314 ], [ 4.414312670349827, 51.237074815567681 ], [ 4.415424499105765, 51.23697083396722 ], [ 4.416514731193901, 51.236798931341632 ], [ 4.417572862686889, 51.236560763933383 ], [ 4.418588699348202, 51.236258626401415 ], [ 4.419552454956285, 51.235895429684639 ], [ 4.420454845672645, 51.235474672922429 ], [ 4.421287179540401, 51.23500040970373 ], [ 4.422041440247927, 51.234477208972251 ], [ 4.422710364348765, 51.233910110966256 ], [ 4.423287511193426, 51.233304578619538 ], [ 4.423767324900339, 51.23266644489393 ], [ 4.424145187771332, 51.232001856552536 ], [ 4.424417464640641, 51.231317214917489 ], [ 4.424581537735142, 51.230619114184456 ], [ 4.42463583171569, 51.229914277889016 ] ] ] } },
{ "type": "Feature", "properties": { "stop_id": "osm-772334663", "name": "Olympiade", "lines": "2,6", "line_count": 2, "source": "osm-overpass", "buffer_m": 800 }, "geometry": { "type": "Polygon", "coordinates": [ [ [ 4.403464148008322, 51.185563127687367 ], [ 4.403408517958409, 51.18485832181311 ], [ 4.403243236379002, 51.184160336258785 ], [ 4.402969899782993, 51.18347589255962 ], [ 4.40259114493769, 51.182811581557296 ], [ 4.402110623302815, 51.182173799954484 ], [ 4.401532965717309, 51.18156868874842 ], [ 4.400863737680772, 51.181002074135677 ], [ 4.400109385664773, 51.180479411454527 ], [ 4.399277174974565, 51.180005732703719 ], [ 4.398375119761749, 51.179585598140221 ], [ 4.397411905862576, 51.179223052420227 ], [ 4.396396807204317, 51.178921585703293 ], [ 4.395339596582528, 51.178684100092283 ], [ 4.394250451665097, 51.178512881730022 ], [ 4.393139857123575, 51.178409578819966 ], [ 4.392018503828659, 51.17837518578083 ], [ 4.390897186074172, 51.178410033686866 ], [ 4.389786697812312, 51.17851378708523 ], [ 4.388697728892127, 51.178685447220694 ], [ 4.387640762293279, 51.178923361637096 ], [ 4.386625973337702, 51.179225240063516 ], [ 4.385663131843375, 51.179588176433434 ], [ 4.38476150815683, 51.180008676826034 ], [ 4.383929783964706, 51.180482693062601 ], [ 4.383175968739831, 51.181005661636199 ], [ 4.382507322624334, 51.181572547601988 ], [ 4.381930286491785, 51.182177893007761 ], [ 4.381450419862584, 51.182815869400585 ], [ 4.381072347272647, 51.183480333905962 ], [ 4.380799713615322, 51.184164888341357 ], [ 4.380635148891306, 51.184862940796819 ], [ 4.38058024271167, 51.185567769090916 ], [ 4.380635528806049, 51.186272585491764 ], [ 4.3808004796922, 51.186970602080933 ], [ 4.38107351156559, 51.187655096130534 ], [ 4.381451999369222, 51.188319474863896 ], [ 4.381932301905648, 51.188957338975584 ], [ 4.382509796755747, 51.189562544297502 ], [ 4.383178924673757, 51.190129261016324 ], [ 4.383933243035603, 51.190652029869831 ], [ 4.384765487829346, 51.191125814779191 ], [ 4.385667643592809, 51.191546051407784 ], [ 4.38663102062563, 51.19190869117714 ], [ 4.387646338731409, 51.192210240313422 ], [ 4.388703816681343, 51.192447793546442 ], [ 4.389793266534273, 51.192619062134675 ], [ 4.39090419190015, 51.192722395944536 ], [ 4.392025889194882, 51.192756799369867 ], [ 4.393147550904918, 51.192721940937219 ], [ 4.394258369860047, 51.192618156504032 ], [ 4.395347643502864, 51.192446446018138 ], [ 4.39640487714338, 51.192208463870671 ], [ 4.397419885197405, 51.191906502935375 ], [ 4.398382889427129, 51.191543472449602 ], [ 4.39928461323219, 51.191122869950945 ], [ 4.400116371078449, 51.190648747541999 ], [ 4.400870152199773, 51.190125672809863 ], [ 4.401538697764613, 51.18955868477898 ], [ 4.402115570763504, 51.188953245323844 ], [ 4.402595217945181, 51.18831518651168 ], [ 4.402973023206975, 51.187650654384306 ], [ 4.403245351928807, 51.186966049722919 ], [ 4.403409585828485, 51.186267966367645 ], [ 4.403464148008322, 51.185563127687367 ] ] ] } },
{ "type": "Feature", "properties": { "stop_id": "osm-772334739", "name": "Olympiade", "lines": "2,6", "line_count": 2, "source": "osm-overpass", "buffer_m": 800 }, "geometry": { "type": "Polygon", "coordinates": [ [ [ 4.403085030661457, 51.185084464397022 ], [ 4.403029406908217, 51.18437965821569 ], [ 4.402864132694602, 51.183681672003786 ], [ 4.402590804462483, 51.182997227302813 ], [ 4.402212058898556, 51.182332914964185 ], [ 4.401731547373107, 51.181695131703378 ], [ 4.401153900627694, 51.181090018533723 ], [ 4.400484684057523, 51.180523401670605 ], [ 4.399730344023747, 51.180000736474021 ], [ 4.39889814571627, 51.179527054966982 ], [ 4.397996103167496, 51.179106917432954 ], [ 4.397032902091799, 51.178744368556778 ], [ 4.396017816293038, 51.178442898528374 ], [ 4.394960618443038, 51.17820540948248 ], [ 4.393871486086795, 51.178034187595053 ], [ 4.392760903775, 51.17793088110345 ], [ 4.391639562260682, 51.177896484460845 ], [ 4.390518255724326, 51.177931328776204 ], [ 4.389407778010183, 51.178035078631225 ], [ 4.388318818865804, 51.178206735304819 ], [ 4.387261861176772, 51.178444646374118 ], [ 4.386247080179261, 51.178746521600452 ], [ 4.385284245614633, 51.179109454948062 ], [ 4.384382627762691, 51.179529952525272 ], [ 4.38355090825386, 51.180003966180436 ], [ 4.382797096515827, 51.180526932431498 ], [ 4.38212845265708, 51.18109381635594 ], [ 4.381551417529375, 51.181699160021282 ], [ 4.381071550643347, 51.182337134991315 ], [ 4.380693476537276, 51.183001598405241 ], [ 4.380420840119005, 51.183686152091049 ], [ 4.380256271415702, 51.18438420414607 ], [ 4.380201360076648, 51.185089032392646 ], [ 4.38025663988106, 51.18579384909944 ], [ 4.380421583407177, 51.186491866345065 ], [ 4.380694606921262, 51.187176361395331 ], [ 4.381073085446761, 51.187840741463972 ], [ 4.381553377875527, 51.188478607232646 ], [ 4.382130861885757, 51.189083814517353 ], [ 4.382799978336078, 51.189650533485882 ], [ 4.383554284712879, 51.190173304854369 ], [ 4.384386517119682, 51.190647092519733 ], [ 4.385288660213662, 51.19106733211882 ], [ 4.386252024416549, 51.191429975044578 ], [ 4.3872673296556, 51.191731527492742 ], [ 4.388324794826027, 51.191969084161244 ], [ 4.389414232109852, 51.192140356275452 ], [ 4.390525145238193, 51.19224369366782 ], [ 4.391646830744922, 51.192278100697671 ], [ 4.392768481230118, 51.192243245856822 ], [ 4.393879289631775, 51.192139464968093 ], [ 4.394968553494198, 51.191967757945235 ], [ 4.396025778221659, 51.191729779145902 ], [ 4.397040778315853, 51.191427821411686 ], [ 4.398003775615653, 51.191064793949025 ], [ 4.398905493587434, 51.190644194266433 ], [ 4.399737246753221, 51.190170074439322 ], [ 4.400491024391915, 51.189647002029972 ], [ 4.401159567705442, 51.189080016040428 ], [ 4.401736439705947, 51.188474578325554 ], [ 4.402216087151678, 51.18783652093574 ], [ 4.402593893937327, 51.187171989899213 ], [ 4.402866225428026, 51.186487385986588 ], [ 4.4030304633148, 51.185789303030852 ], [ 4.403085030661457, 51.185084464397022 ] ] ] } },
{ "type": "Feature", "properties": { "stop_id": "osm-604732755", "name": "Ommeganck", "lines": "11", "line_count": 1, "source": "osm-overpass", "buffer_m": 800 }, "geometry": { "type": "Polygon", "coordinates": [ [ [ 4.435740444659305, 51.218164302345876 ], [ 4.435684287888643, 51.217459520608827 ], [ 4.435518407677566, 51.21676158905526 ], [ 4.435244406309509, 51.21607722869895 ], [ 4.434864926957983, 51.215413029577618 ], [ 4.434383628062724, 51.214775387315186 ], [ 4.433805147949174, 51.214170441565919 ], [ 4.433135060037777, 51.213604016931917 ], [ 4.432379819079037, 51.213081566921211 ], [ 4.431546698935573, 51.212608121483932 ], [ 4.430643722512518, 51.212188238629899 ], [ 4.429679584511719, 51.211825960591263 ], [ 4.428663567752944, 51.21152477495 ], [ 4.427605453865799, 51.211287581102638 ], [ 4.426515429208984, 51.211116662382977 ], [ 4.425403986918247, 51.211013664109778 ], [ 4.42428182602066, 51.210979577769088 ], [ 4.42315974858036, 51.211014731482805 ], [ 4.422048555859235, 51.211118786854342 ], [ 4.420958944485268, 51.211290742221664 ], [ 4.419901403621212, 51.211528942286741 ], [ 4.41888611411686, 51.211831094028902 ], [ 4.417922850609685, 51.212194288750617 ], [ 4.417020887510975, 51.212615030043871 ], [ 4.416188909778226, 51.213089267410744 ], [ 4.415434929329621, 51.213612435215055 ], [ 4.414766207903481, 51.214179496593545 ], [ 4.414189187104824, 51.214784991904608 ], [ 4.413709426313476, 51.215423091251331 ], [ 4.413331549053836, 51.216087650574494 ], [ 4.413059198346246, 51.216772270777597 ], [ 4.412895001474619, 51.217470359316344 ], [ 4.412840544515322, 51.218175193660564 ], [ 4.412896356879108, 51.218879986018827 ], [ 4.413061906021971, 51.219577948702891 ], [ 4.413335602383245, 51.220262359502641 ], [ 4.413714814510649, 51.220926626441823 ], [ 4.414195894233726, 51.221564351290318 ], [ 4.414774211649698, 51.222169391220156 ], [ 4.415444199590495, 51.22273591800986 ], [ 4.416199407147436, 51.223258474225702 ], [ 4.417032561741507, 51.223732025836057 ], [ 4.417935639143659, 51.224152010751006 ], [ 4.41889994077148, 51.224514382816224 ], [ 4.419916177517107, 51.224815650836334 ], [ 4.42097455929696, 51.225052912249083 ], [ 4.422064889457372, 51.225223881124123 ], [ 4.423176663122266, 51.225326910215266 ], [ 4.424299168530045, 51.225361006852161 ], [ 4.425421590377235, 51.225325842517186 ], [ 4.426533114166587, 51.225221756015188 ], [ 4.427623030547349, 51.225049750204406 ], [ 4.428680838635529, 51.224811482321492 ], [ 4.429696347312058, 51.22450924799324 ], [ 4.430659773516803, 51.22414595909099 ], [ 4.431561836586094, 51.223725115641983 ], [ 4.432393847720633, 51.223250772070053 ], [ 4.433147793718615, 51.222727498092624 ], [ 4.433816414165642, 51.222160334653225 ], [ 4.434393271337269, 51.221554745315572 ], [ 4.434872812141763, 51.220916563589981 ], [ 4.435250421508698, 51.220251936701466 ], [ 4.4355224667127, 51.219567266342963 ], [ 4.435686332210185, 51.218869146986279 ], [ 4.435740444659305, 51.218164302345876 ] ] ] } },
{ "type": "Feature", "properties": { "stop_id": "osm-604732872", "name": "Ommeganck", "lines": "11", "line_count": 1, "source": "osm-overpass", "buffer_m": 800 }, "geometry": { "type": "Polygon", "coordinates": [ [ [ 4.435862379474937, 51.217898890534045 ], [ 4.43580622118106, 51.217194108781769 ], [ 4.435640340089225, 51.216496177326889 ], [ 4.435366338491285, 51.2158118171822 ], [ 4.434986859562914, 51.215147618383448 ], [ 4.434505561739713, 51.214509976551348 ], [ 4.433927083336751, 51.213905031336104 ], [ 4.433256997757963, 51.213338607334613 ], [ 4.432501759731347, 51.212816158048881 ], [ 4.431668643091268, 51.212342713421982 ], [ 4.430765670709113, 51.211922831456015 ], [ 4.429801537247808, 51.211560554374522 ], [ 4.428785525483413, 51.211259369750294 ], [ 4.427727416997466, 51.211022176970033 ], [ 4.426637398096682, 51.210851259357327 ], [ 4.425525961861416, 51.210748262220221 ], [ 4.42440380726047, 51.21071417703385 ], [ 4.423281736297399, 51.210749331909042 ], [ 4.422170550171772, 51.210853388437975 ], [ 4.421080945448109, 51.211025344947515 ], [ 4.420023411225173, 51.211263546128592 ], [ 4.419008128288854, 51.211565698949805 ], [ 4.418044871213427, 51.211928894703249 ], [ 4.417142914348275, 51.212349636970949 ], [ 4.416310942590887, 51.212823875245597 ], [ 4.415556967801932, 51.213347043882301 ], [ 4.414888251665234, 51.213914106009753 ], [ 4.414311235734866, 51.214519601979148 ], [ 4.41383147934376, 51.215157701887215 ], [ 4.413453605973915, 51.215822261669331 ], [ 4.413181258608176, 51.216506882224579 ], [ 4.413017064498233, 51.217204971005245 ], [ 4.412962609693806, 51.217909805478818 ], [ 4.41301842358484, 51.218614597852643 ], [ 4.413183973612563, 51.219312560438297 ], [ 4.413457670207726, 51.21999697102661 ], [ 4.41383688191574, 51.220661237643405 ], [ 4.414317960570139, 51.22129896206161 ], [ 4.414896276278376, 51.221904001457439 ], [ 4.415566261888795, 51.222470527614533 ], [ 4.416321466515121, 51.222993083105237 ], [ 4.417154617606543, 51.223466633904998 ], [ 4.418057690967736, 51.223886617931576 ], [ 4.419021988055204, 51.224248989039346 ], [ 4.420038219804821, 51.224550256042072 ], [ 4.421096596181147, 51.224787516387295 ], [ 4.422186920582589, 51.224958484154975 ], [ 4.423298688188569, 51.22506151210964 ], [ 4.424421187295892, 51.225095607591797 ], [ 4.42554360266182, 51.225060442095049 ], [ 4.426655119851574, 51.224956354435363 ], [ 4.427745029578024, 51.224784347482171 ], [ 4.428802831021319, 51.224546078483087 ], [ 4.429818333126437, 51.224243843075719 ], [ 4.43078175289658, 51.223880553141768 ], [ 4.431683809730091, 51.223459708718416 ], [ 4.432515814887751, 51.222985364238802 ], [ 4.433269755225342, 51.222462089429214 ], [ 4.43393837038299, 51.221894925241145 ], [ 4.434515222687188, 51.221289335245508 ], [ 4.434994759093067, 51.220651152958936 ], [ 4.435372364572537, 51.219986525611858 ], [ 4.435644406437627, 51.219301854901637 ], [ 4.435808269176873, 51.218603735303425 ], [ 4.435862379474937, 51.217898890534045 ] ] ] } },
{ "type": "Feature", "properties": { "stop_id": "osm-6991049277", "name": "Opera", "lines": "1", "line_count": 1, "source": "osm-overpass", "buffer_m": 800 }, "geometry": { "type": "Polygon", "coordinates": [ [ [ 4.426789905858458, 51.218409569141194 ], [ 4.426733884070144, 51.217704783225003 ], [ 4.426568136946145, 51.217006839185146 ], [ 4.426294265488592, 51.216322458156085 ], [ 4.425914911620508, 51.215658230374871 ], [ 4.425433732573953, 51.215020551741752 ], [ 4.424855365521125, 51.214415562261479 ], [ 4.424185382794724, 51.213849086957545 ], [ 4.423430238133418, 51.213326579826003 ], [ 4.422597204473636, 51.212853071367142 ], [ 4.421694303888818, 51.212433120197645 ], [ 4.420730230351578, 51.2120707692075 ], [ 4.419714266061895, 51.211769506681058 ], [ 4.418656192144969, 51.211532232755076 ], [ 4.417566194575279, 51.211361231534227 ], [ 4.416454766228234, 51.211258149131496 ], [ 4.415332605996913, 51.211223977842778 ], [ 4.414210515939102, 51.211259046607729 ], [ 4.413099297438031, 51.211363017847454 ], [ 4.412009647369556, 51.211534890709849 ], [ 4.410952055268468, 51.211773010691083 ], [ 4.409936702477196, 51.212075085541478 ], [ 4.408973364241739, 51.212438207303748 ], [ 4.408071315691977, 51.212858880272414 ], [ 4.407239242607176, 51.213333054607354 ], [ 4.406485157822617, 51.213856165279481 ], [ 4.405816324080241, 51.214423175975739 ], [ 4.405239184065598, 51.215028627542758 ], [ 4.404759298305595, 51.215666690505032 ], [ 4.404381291527256, 51.216331221154022 ], [ 4.404108807997532, 51.217015820669666 ], [ 4.403944476278967, 51.217713896707203 ], [ 4.403889883746288, 51.21841872685723 ], [ 4.40394556111582, 51.219123523369099 ], [ 4.4041109771438, 51.219821498514875 ], [ 4.404384543551928, 51.220505929964801 ], [ 4.404763630140062, 51.2211702255441 ], [ 4.405244589947557, 51.221807986747145 ], [ 4.405822794227449, 51.222413070396001 ], [ 4.406492676902316, 51.222979647848419 ], [ 4.40724778807841, 51.223502261182752 ], [ 4.408080856106126, 51.223975875817473 ], [ 4.40898385759128, 51.224395929055525 ], [ 4.409948094683719, 51.22475837408458 ], [ 4.410964278898125, 51.22505971900636 ], [ 4.41202262065772, 51.225297060517747 ], [ 4.413112923694974, 51.225468111916783 ], [ 4.414224683395538, 51.225571225162113 ], [ 4.415347188132602, 51.225605406772644 ], [ 4.416469622609211, 51.225570327412058 ], [ 4.417581172206316, 51.225466325066371 ], [ 4.418671127324223, 51.225294401783124 ], [ 4.419728986705267, 51.225056214003793 ], [ 4.420744558735596, 51.224754056583478 ], [ 4.421708059743978, 51.224390840652582 ], [ 4.42261020834526, 51.223970065535461 ], [ 4.423442314915254, 51.223495784997723 ], [ 4.424196365331864, 51.222972568149743 ], [ 4.424865098173892, 51.222405455384937 ], [ 4.425442074633329, 51.221799909779008 ], [ 4.425921740468603, 51.221161764421382 ], [ 4.426299479404279, 51.220497166187002 ], [ 4.426571657466445, 51.219812516493199 ], [ 4.426735657831503, 51.219114409613027 ], [ 4.426789905858458, 51.218409569141194 ] ] ] } },
{ "type": "Feature", "properties": { "stop_id": "osm-6991049278", "name": "Opera", "lines": "1", "line_count": 1, "source": "osm-overpass", "buffer_m": 800 }, "geometry": { "type": "Polygon", "coordinates": [ [ [ 4.427214259569359, 51.219035728053548 ], [ 4.427158230614911, 51.218330942511116 ], [ 4.42699247491389, 51.217632999237111 ], [ 4.42671859355114, 51.216948619358512 ], [ 4.426339228545171, 51.216284393101354 ], [ 4.425858037235368, 51.215646716351166 ], [ 4.42527965691208, 51.215041729094516 ], [ 4.424609660035807, 51.214475256333493 ], [ 4.423854500481486, 51.21395275203966 ], [ 4.423021451328926, 51.213479246685907 ], [ 4.422118534800695, 51.213059298859143 ], [ 4.421154445022865, 51.212696951417023 ], [ 4.420138464351704, 51.212395692609803 ], [ 4.419080374070044, 51.212158422538373 ], [ 4.417990360309834, 51.211987425270337 ], [ 4.416878916102249, 51.211884346880638 ], [ 4.415756740492977, 51.211850179626531 ], [ 4.414634635687765, 51.211885252408806 ], [ 4.413523403211733, 51.211989227609919 ], [ 4.412433740075221, 51.2121611043396 ], [ 4.411376135938776, 51.212399228056874 ], [ 4.410360772260671, 51.212701306476013 ], [ 4.409397424391705, 51.213064431605417 ], [ 4.408495367554527, 51.213485107707172 ], [ 4.407663287608226, 51.21395928491102 ], [ 4.406909197454209, 51.21448239816025 ], [ 4.406240359886198, 51.215049411116958 ], [ 4.405663217626678, 51.215654864606044 ], [ 4.405183331224291, 51.216292929133516 ], [ 4.404805325412374, 51.216957460975692 ], [ 4.404532844448712, 51.217642061301042 ], [ 4.404368516871283, 51.218340137756975 ], [ 4.404313930015071, 51.21904496793006 ], [ 4.404369614541879, 51.219749764069391 ], [ 4.40453503913914, 51.220447738450638 ], [ 4.40480861544614, 51.221132168751382 ], [ 4.405187713167493, 51.221796462807845 ], [ 4.405668685235407, 51.222434222129095 ], [ 4.406246902784883, 51.223039303555318 ], [ 4.406916799610718, 51.223605878465612 ], [ 4.407671925682864, 51.224128488962819 ], [ 4.408505009208218, 51.224602100492739 ], [ 4.409408026643277, 51.225022150388185 ], [ 4.410372279984185, 51.225384591869037 ], [ 4.41138848058903, 51.225685933071183 ], [ 4.412446838723056, 51.225923270727357 ], [ 4.413537157960898, 51.226094318172677 ], [ 4.414648933532043, 51.226197427403967 ], [ 4.41577145365669, 51.226231604978722 ], [ 4.416893902889562, 51.226196521599533 ], [ 4.418005466469365, 51.226092515291164 ], [ 4.419095434661634, 51.225920588139353 ], [ 4.420153306082702, 51.225682396622759 ], [ 4.421168889002692, 51.225380235632556 ], [ 4.422132399645461, 51.225017016333567 ], [ 4.423034556533064, 51.224596238082562 ], [ 4.42386666996152, 51.22412195467534 ], [ 4.424620725742731, 51.223598735249951 ], [ 4.425289462403897, 51.223031620224546 ], [ 4.425866441100331, 51.222426072696734 ], [ 4.426346107569031, 51.221787925774343 ], [ 4.426723845528585, 51.221123326347445 ], [ 4.426996021014625, 51.220438675844775 ], [ 4.427160017228505, 51.219740568547266 ], [ 4.427214259569359, 51.219035728053548 ] ] ] } },
{ "type": "Feature", "properties": { "stop_id": "osm-577358983", "name": "Oudaan", "lines": "4,7", "line_count": 2, "source": "osm-overpass", "buffer_m": 800 }, "geometry": { "type": "Polygon", "coordinates": [ [ [ 4.416428835396825, 51.215675172499992 ], [ 4.416372973482127, 51.214970380927497 ], [ 4.416207391141463, 51.214272421623512 ], [ 4.415933687789862, 51.213588015869803 ], [ 4.415554503731537, 51.212923754142032 ], [ 4.415073494563614, 51.212286032667663 ], [ 4.41449529582298, 51.211680991864348 ], [ 4.413825478222342, 51.211114457250027 ], [ 4.413070493911287, 51.210591883392155 ], [ 4.412237614283305, 51.210118301433674 ], [ 4.41133485992987, 51.209698270699114 ], [ 4.410370923416806, 51.209335834844588 ], [ 4.409355085625977, 51.209034482971589 ], [ 4.408297126465771, 51.208797116077051 ], [ 4.407207230806842, 51.208626019160718 ], [ 4.406095890544292, 51.208522839256752 ], [ 4.404973803723871, 51.208488569599702 ], [ 4.403851771697098, 51.208523540076087 ], [ 4.402740595288765, 51.208627414053161 ], [ 4.401650970969518, 51.208799191615142 ], [ 4.40059338802602, 51.209037219175542 ], [ 4.399578027712075, 51.209339205374434 ], [ 4.398614665345429, 51.209702243107998 ], [ 4.397712576287407, 51.210122837479723 ], [ 4.396880446706224, 51.210596939406337 ], [ 4.396126289979932, 51.211119984555985 ], [ 4.395457369541868, 51.21168693724659 ], [ 4.394880128911004, 51.212292338883579 ], [ 4.394400129581743, 51.212930360472484 ], [ 4.394021997373389, 51.213594858703416 ], [ 4.393749377759523, 51.214279435068853 ], [ 4.393584900612086, 51.214977497447336 ], [ 4.393530154705394, 51.215682323561417 ], [ 4.39358567223214, 51.216387125699718 ], [ 4.393750923487482, 51.217085116080575 ], [ 4.394024321779816, 51.217769572227915 ], [ 4.394403238528193, 51.218433901729519 ], [ 4.394884028408046, 51.2190717057534 ], [ 4.39546206430961, 51.21967684070956 ], [ 4.396131781777997, 51.220243477461807 ], [ 4.396886732511645, 51.220766157517602 ], [ 4.39771964640742, 51.221239845652875 ], [ 4.398622501556965, 51.221659978462782 ], [ 4.399586601520914, 51.222022508368511 ], [ 4.400602659136079, 51.222323942654221 ], [ 4.401660886046346, 51.222561377155955 ], [ 4.402751087091579, 51.222732524275777 ], [ 4.403862758640846, 51.222835735050289 ], [ 4.404985189917235, 51.222870015058575 ], [ 4.406107566331981, 51.222835034016384 ], [ 4.407219073825646, 51.222731128962408 ], [ 4.408309003204166, 51.222559301006804 ], [ 4.409366853457621, 51.222321205672557 ], [ 4.41038243305963, 51.222019136924153 ], [ 4.411345958265334, 51.221656005037758 ], [ 4.412248147455596, 51.221235308528101 ], [ 4.413080310614169, 51.220761100403571 ], [ 4.413834433072653, 51.220237949077145 ], [ 4.414503252714595, 51.219670894311157 ], [ 4.415080329894562, 51.219065398622966 ], [ 4.415560109399485, 51.218427294621335 ], [ 4.415937973857783, 51.217762728783264 ], [ 4.416210288085353, 51.217078102214323 ], [ 4.416374433946088, 51.216380008965302 ], [ 4.416428835396825, 51.215675172499992 ] ] ] } },
{ "type": "Feature", "properties": { "stop_id": "osm-577358991", "name": "Oudaan", "lines": "4,7", "line_count": 2, "source": "osm-overpass", "buffer_m": 800 }, "geometry": { "type": "Polygon", "coordinates": [ [ [ 4.416351319789782, 51.216018880010914 ], [ 4.416295458634814, 51.215314088496378 ], [ 4.416129876233835, 51.214616129177401 ], [ 4.41585617200253, 51.213931723335982 ], [ 4.415476986253649, 51.213267461448574 ], [ 4.414995974600671, 51.21262973974418 ], [ 4.41441777260446, 51.212024698642708 ], [ 4.413747951009123, 51.211458163664915 ], [ 4.412992962002751, 51.210935589381791 ], [ 4.412160077024073, 51.210462006940325 ], [ 4.411257316716087, 51.210041975669775 ], [ 4.410293373701959, 51.209679539231338 ], [ 4.409277528926133, 51.209378186732152 ], [ 4.408219562364231, 51.20914081917519 ], [ 4.407129658958132, 51.208969721566532 ], [ 4.406018310677497, 51.208866540947049 ], [ 4.404896215645222, 51.208832270558148 ], [ 4.403774175291835, 51.208867240293365 ], [ 4.402662990522255, 51.208971113527205 ], [ 4.401573357887565, 51.209142890350876 ], [ 4.400515766754447, 51.209380917185136 ], [ 4.399500398455514, 51.209682902676988 ], [ 4.398537028385354, 51.210045939729419 ], [ 4.397634931979436, 51.210466533452497 ], [ 4.396802795476716, 51.210940634769194 ], [ 4.396048632321878, 51.211463679353535 ], [ 4.395379706010167, 51.212030631528918 ], [ 4.394802460117141, 51.212636032705682 ], [ 4.394322456187894, 51.213274053893812 ], [ 4.393944320086077, 51.213938551787301 ], [ 4.393671697322818, 51.214623127881872 ], [ 4.393507217800442, 51.215321190058695 ], [ 4.393452470316213, 51.216026016042242 ], [ 4.393507987078077, 51.2167308181224 ], [ 4.393673238388641, 51.217428808518086 ], [ 4.393946637555845, 51.218113264753114 ], [ 4.394325555990375, 51.218777594414341 ], [ 4.394806348351493, 51.219415398668268 ], [ 4.395384387505598, 51.220020533922721 ], [ 4.396054108966513, 51.220587171038602 ], [ 4.396809064394261, 51.221109851519898 ], [ 4.39764198364052, 51.221583540138411 ], [ 4.398544844745408, 51.222003673484629 ], [ 4.399508951212195, 51.222366203974588 ], [ 4.400525015815036, 51.222667638886826 ], [ 4.401583250130489, 51.222905074051305 ], [ 4.402673458927051, 51.223076221863757 ], [ 4.403785138499078, 51.22317943335409 ], [ 4.404907577992331, 51.223213714094484 ], [ 4.406029962738835, 51.223178733793617 ], [ 4.407141478598843, 51.22307482948306 ], [ 4.408231416297645, 51.222903002265802 ], [ 4.409289274745118, 51.222664907657744 ], [ 4.410304862335907, 51.222362839616324 ], [ 4.411268395248163, 51.221999708410948 ], [ 4.412170591788488, 51.221579012549739 ], [ 4.413002761869818, 51.221104805034898 ], [ 4.413756890757058, 51.220581654273495 ], [ 4.414425716271852, 51.220014600022459 ], [ 4.415002798712214, 51.219409104794181 ], [ 4.415482582814438, 51.21877100119297 ], [ 4.415860451162709, 51.218106435692 ], [ 4.416132768535515, 51.217421809393599 ], [ 4.41629691676651, 51.21672371634596 ], [ 4.416351319789782, 51.216018880010914 ] ] ] } },
{ "type": "Feature", "properties": { "stop_id": "osm-516374621", "name": "Oudebareel", "lines": "2,A3", "line_count": 2, "source": "osm-overpass", "buffer_m": 800 }, "geometry": { "type": "Polygon", "coordinates": [ [ [ 4.461464308913197, 51.24652461157423 ], [ 4.461407728944445, 51.245819850003421 ], [ 4.461241362564682, 51.245121962407062 ], [ 4.460966816744206, 51.244437669374491 ], [ 4.460586739903619, 51.243773560294024 ], [ 4.460104796239276, 51.243136029921359 ], [ 4.459525630287269, 51.24253121683234 ], [ 4.458854822072832, 51.241964944350727 ], [ 4.458098833281821, 51.241442664518637 ], [ 4.457264944976036, 51.240969405646865 ], [ 4.456361187454389, 51.24054972394832 ], [ 4.455396262936056, 51.240187659717947 ], [ 4.454379461809484, 51.23988669847887 ], [ 4.453320573251653, 51.239649737466934 ], [ 4.452229791074882, 51.239479057774282 ], [ 4.451117615703274, 51.239376302418471 ], [ 4.449994753217066, 51.239342460547064 ], [ 4.448872012430711, 51.239377857928631 ], [ 4.447760200988792, 51.239482153821001 ], [ 4.446670021473117, 51.239654344246915 ], [ 4.445611968514244, 51.239892771645664 ], [ 4.444596227891231, 51.240195140808268 ], [ 4.443632578584905, 51.240558540944171 ], [ 4.442730298722207, 51.24097947366792 ], [ 4.441898076312794, 51.24145388663856 ], [ 4.441143925634074, 51.241977212529214 ], [ 4.440475110067814, 51.24254441295431 ], [ 4.439898072130725, 51.243150026933151 ], [ 4.439418371373598, 51.243788223425717 ], [ 4.43904063074919, 51.244452857436791 ], [ 4.438768491968852, 51.245137529149993 ], [ 4.438604580282502, 51.245835645524068 ], [ 4.438550479026831, 51.246540483759908 ], [ 4.438606714193331, 51.247245256027597 ], [ 4.438772749171886, 51.247943174831221 ], [ 4.439046989727753, 51.248627518382158 ], [ 4.439426799171486, 51.24929169535077 ], [ 4.439908523582633, 51.249929308372366 ], [ 4.440487526850885, 51.250534215695019 ], [ 4.44115823520285, 51.251100590373575 ], [ 4.441914190790333, 51.25162297643859 ], [ 4.442748113827527, 51.252096341496767 ], [ 4.443651972680815, 51.252516125254495 ], [ 4.444617061236902, 51.252878283494802 ], [ 4.445634082803461, 51.253179327081789 ], [ 4.446693239732131, 51.253416355615009 ], [ 4.447784327897248, 51.253587085407538 ], [ 4.448896835115751, 51.253689871516528 ], [ 4.45002004255471, 51.253723723612538 ], [ 4.451143128143332, 51.253688315534099 ], [ 4.452255270986473, 51.253583988434471 ], [ 4.453345755766763, 51.253411747490155 ], [ 4.454404076122493, 51.253173252203283 ], [ 4.455420035998698, 51.252870800391733 ], [ 4.456383847988774, 51.25250730602221 ], [ 4.457286227713928, 51.252086271101504 ], [ 4.458118483326853, 51.251611751897947 ], [ 4.458872599274149, 51.251088319820887 ], [ 4.459541313508754, 51.250521017336595 ], [ 4.460118187408079, 51.249915309347841 ], [ 4.460597667725215, 51.249277030507358 ], [ 4.460975139978788, 51.248612328975007 ], [ 4.461246972770788, 51.247927607161913 ], [ 4.461410552610259, 51.247229460034688 ], [ 4.461464308913197, 51.24652461157423 ] ] ] } },
{ "type": "Feature", "properties": { "stop_id": "osm-516374864", "name": "Oudebareel", "lines": "2,A3", "line_count": 2, "source": "osm-overpass", "buffer_m": 800 }, "geometry": { "type": "Polygon", "coordinates": [ [ [ 4.462275689539342, 51.24685313300359 ], [ 4.462219096901295, 51.246148371913506 ], [ 4.462052717198389, 51.245450485549874 ], [ 4.46177815752927, 51.244766194490133 ], [ 4.461398066447916, 51.244102088103553 ], [ 4.460916108287816, 51.243464561119872 ], [ 4.46033692772462, 51.242859752082254 ], [ 4.45966610492422, 51.242293484275457 ], [ 4.458910101712853, 51.241771209696537 ], [ 4.458076199291093, 51.241297956605678 ], [ 4.457172428093683, 51.240878281160192 ], [ 4.456207490471378, 51.240516223594724 ], [ 4.455190676938695, 51.240215269368264 ], [ 4.454131776791962, 51.239978315649125 ], [ 4.453040983954984, 51.239807643459223 ], [ 4.451928798954412, 51.239704895743948 ], [ 4.450805927963116, 51.239671061577262 ], [ 4.449683179877382, 51.239706466653566 ], [ 4.448571362412024, 51.239810770156637 ], [ 4.44748117820683, 51.23998296803596 ], [ 4.446423121937505, 51.240221402659074 ], [ 4.445407379415007, 51.240523778747423 ], [ 4.444443729638497, 51.24088718544381 ], [ 4.443541450739502, 51.241308124299621 ], [ 4.442709230718486, 51.241782542914827 ], [ 4.441955083829956, 51.242305873908201 ], [ 4.441286273419295, 51.242873078845079 ], [ 4.440709241953684, 51.243478696701253 ], [ 4.440229548921722, 51.244116896399383 ], [ 4.439851817201895, 51.244781532913329 ], [ 4.439579688419927, 51.245466206402604 ], [ 4.439415787729553, 51.246164323808827 ], [ 4.439361698361665, 51.246869162322916 ], [ 4.43941794619336, 51.247573934112197 ], [ 4.439583994492597, 51.248271851685402 ], [ 4.43985824889639, 51.248956193265691 ], [ 4.440238072581934, 51.249620367542356 ], [ 4.440719811491613, 51.250257977176652 ], [ 4.441298829375444, 51.250862880449191 ], [ 4.441969552319216, 51.251429250453846 ], [ 4.442725522334125, 51.251951631266152 ], [ 4.443559459495322, 51.252424990543403 ], [ 4.444463332033042, 51.252844768047645 ], [ 4.445428433702086, 51.253206919622144 ], [ 4.446445467683708, 51.253507956195222 ], [ 4.447504636209856, 51.25374497743401 ], [ 4.44859573504305, 51.253915699721837 ], [ 4.449708251897381, 51.254018478188129 ], [ 4.450831467847015, 51.254052322577124 ], [ 4.451954560739122, 51.254016906801596 ], [ 4.453066709608159, 51.253912572088936 ], [ 4.454157199078689, 51.253740323689058 ], [ 4.455215522743827, 51.253501821175874 ], [ 4.456231484516742, 51.253199362436902 ], [ 4.457195296972611, 51.252835861505588 ], [ 4.45809767572822, 51.252414820451925 ], [ 4.458929928945676, 51.251940295603347 ], [ 4.459684041094754, 51.251416858423546 ], [ 4.460352750165091, 51.250849551427933 ], [ 4.460929617583954, 51.250243839562735 ], [ 4.461409090166974, 51.249605557517995 ], [ 4.461786553507389, 51.248940853484427 ], [ 4.462058376293148, 51.248256129897207 ], [ 4.46222194512978, 51.24755798173998 ], [ 4.462275689539342, 51.24685313300359 ] ] ] } },
{ "type": "Feature", "properties": { "stop_id": "osm-4909252527", "name": "P+R Luchtbal", "lines": "6", "line_count": 1, "source": "osm-overpass", "buffer_m": 800 }, "geometry": { "type": "Polygon", "coordinates": [ [ [ 4.429794358292578, 51.262972078742848 ], [ 4.429738237455346, 51.262267306751383 ], [ 4.429572286770019, 51.26156937929678 ], [ 4.429298109208146, 51.260885017353452 ], [ 4.428918349648912, 51.260220810974353 ], [ 4.42843666923851, 51.259583155853221 ], [ 4.427857709983278, 51.258978191767937 ], [ 4.427187049923263, 51.258411743496879 ], [ 4.426431149322597, 51.257889264775386 ], [ 4.425597288398341, 51.257415785829565 ], [ 4.424693497189584, 51.256995864991502 ], [ 4.423728478242972, 51.256633544858609 ], [ 4.422711522858433, 51.256332313417715 ], [ 4.421652421699575, 51.256095070505921 ], [ 4.420561370626153, 51.255924099929011 ], [ 4.41944887265078, 51.255821047504782 ], [ 4.4183256369584, 51.255786905240363 ], [ 4.417202475954548, 51.255822001795963 ], [ 4.416090201326807, 51.255925999325257 ], [ 4.414999520113106, 51.256097896723162 ], [ 4.413940931770509, 51.256336039249938 ], [ 4.412924627228692, 51.256638134439157 ], [ 4.411960390893803, 51.257001274138069 ], [ 4.411057506540777, 51.257421962468939 ], [ 4.41022466799575, 51.257896149444221 ], [ 4.409469895465274, 51.258419269913574 ], [ 4.408800458316006, 51.258986287469995 ], [ 4.408222805047791, 51.259591742894479 ], [ 4.407742501135311, 51.260229806674779 ], [ 4.407364175338988, 51.260894335094704 ], [ 4.407091475005727, 51.261578929355878 ], [ 4.406927030794613, 51.262276997164271 ], [ 4.40687243117298, 51.262981816189708 ], [ 4.406928206934963, 51.263686598788638 ], [ 4.407093825898678, 51.264384557366938 ], [ 4.407367697840454, 51.265068969754168 ], [ 4.40774718962591, 51.265733243958749 ], [ 4.408228650399252, 51.266370981680531 ], [ 4.408807446594673, 51.266976039967346 ], [ 4.40947800643842, 51.267542590420582 ], [ 4.410233873517615, 51.268065175378283 ], [ 4.41106776890342, 51.268538760531563 ], [ 4.411971661232395, 51.268958783466957 ], [ 4.412936844071909, 51.269321197663508 ], [ 4.413954019823723, 51.269622511519501 ], [ 4.415013389355637, 51.269859822030739 ], [ 4.416104746494464, 51.27003084279356 ], [ 4.41721757646568, 51.270133926061632 ], [ 4.418341157325918, 51.270168078642442 ], [ 4.419464663405033, 51.270132971479377 ], [ 4.420577269754401, 51.270028942826393 ], [ 4.421668256588211, 51.269856994984615 ], [ 4.422727112704589, 51.269618784632343 ], [ 4.423743636883459, 51.269316606842452 ], [ 4.424708036278153, 51.26895337294205 ], [ 4.425611020847433, 51.268532582428939 ], [ 4.426443892913913, 51.268058289217478 ], [ 4.427198630982827, 51.267535062540652 ], [ 4.427867967011862, 51.266967942886886 ], [ 4.428445456387165, 51.266362393398772 ], [ 4.428925539932367, 51.265724247203366 ], [ 4.42930359735564, 51.265059651184011 ], [ 4.429575991623502, 51.264375006736898 ], [ 4.429740103838787, 51.263676908084697 ], [ 4.429794358292578, 51.262972078742848 ] ] ] } },
{ "type": "Feature", "properties": { "stop_id": "osm-4909252528", "name": "P+R Luchtbal", "lines": "1", "line_count": 1, "source": "osm-overpass", "buffer_m": 800 }, "geometry": { "type": "Polygon", "coordinates": [ [ [ 4.429715859631274, 51.262977486344774 ], [ 4.429659739975084, 51.262272714317646 ], [ 4.429493790446482, 51.26157478675448 ], [ 4.429219614005882, 51.260890424630766 ], [ 4.428839855521675, 51.26022621800125 ], [ 4.428358176129708, 51.259588562562008 ], [ 4.42777921782652, 51.258983598094005 ], [ 4.427108558642998, 51.258417149379362 ], [ 4.426352658834845, 51.257894670157611 ], [ 4.4255187986115, 51.257421190659734 ], [ 4.424615008005316, 51.25700126922311 ], [ 4.423649989557139, 51.25663894845092 ], [ 4.422633034562107, 51.25633771633612 ], [ 4.421573933680088, 51.256100472722345 ], [ 4.420482882768175, 51.255929501422145 ], [ 4.419370384837427, 51.255826448260201 ], [ 4.418247149072364, 51.255792305250822 ], [ 4.417123987879218, 51.255827401061374 ], [ 4.416011712947391, 51.255931397852628 ], [ 4.414921031317741, 51.256103294526739 ], [ 4.41386244245133, 51.256341436350823 ], [ 4.412846137282872, 51.256643530865276 ], [ 4.411881900224539, 51.257006669923832 ], [ 4.410979015058224, 51.257427357654919 ], [ 4.410146175617885, 51.257901544076752 ], [ 4.409391402118687, 51.258424664044306 ], [ 4.408721963936603, 51.258991681155443 ], [ 4.408144309581421, 51.259597136195467 ], [ 4.407664004538272, 51.260235199655803 ], [ 4.40728567757847, 51.260899727823343 ], [ 4.407012976060113, 51.261584321902149 ], [ 4.406848530653697, 51.262282389599932 ], [ 4.406793929838065, 51.262987208587624 ], [ 4.406849704418852, 51.263691991222018 ], [ 4.40701532222555, 51.264389949908654 ], [ 4.407289193045633, 51.265074362476035 ], [ 4.407668683755539, 51.265738636930905 ], [ 4.408150143509826, 51.26637637497064 ], [ 4.408728938752518, 51.266981433640048 ], [ 4.409399497719048, 51.267547984536861 ], [ 4.410155364004992, 51.268070569994741 ], [ 4.41098925868916, 51.268544155700134 ], [ 4.411893150414889, 51.268964179234175 ], [ 4.41285833275536, 51.269326594070108 ], [ 4.41387550811715, 51.269627908600157 ], [ 4.414934877371821, 51.269865219813539 ], [ 4.416026234348871, 51.27003624129987 ], [ 4.417139064275325, 51.27013932530587 ], [ 4.418262645208254, 51.270173478631861 ], [ 4.419386151476821, 51.270138372214085 ], [ 4.420498758130561, 51.27003434429929 ], [ 4.421589745380737, 51.269862397181548 ], [ 4.422648602021455, 51.269624187532123 ], [ 4.423665126827588, 51.269322010417163 ], [ 4.42462952694641, 51.268958777157209 ], [ 4.425532512329703, 51.268537987243953 ], [ 4.426365385292234, 51.268063694585983 ], [ 4.427120124330591, 51.2675404684109 ], [ 4.42778946139312, 51.266973349202352 ], [ 4.428366951855999, 51.266367800098593 ], [ 4.428847036532383, 51.265729654223016 ], [ 4.429225095119538, 51.265065058455882 ], [ 4.429497490572768, 51.264380414190924 ], [ 4.429661603983492, 51.263682315649106 ], [ 4.429715859631274, 51.262977486344774 ] ] ] } },
{ "type": "Feature", "properties": { "stop_id": "osm-2209157618", "name": "P+R Merksem", "lines": "A3", "line_count": 1, "source": "osm-overpass", "buffer_m": 800 }, "geometry": { "type": "Polygon", "coordinates": [ [ [ 4.4741711622678, 51.258544081197691 ], [ 4.474114375489168, 51.257839329117566 ], [ 4.47394777585992, 51.257141462768644 ], [ 4.473672972598638, 51.256457202535081 ], [ 4.473292616606668, 51.255793137488801 ], [ 4.472810374769653, 51.25515566196097 ], [ 4.472230894495546, 51.254550913998798 ], [ 4.471559758836386, 51.253984716298454 ], [ 4.470803432630596, 51.253462520181621 ], [ 4.469969200188013, 51.252989353152707 ], [ 4.469065095119814, 51.252569770540042 ], [ 4.468099822989856, 51.252207811684343 ], [ 4.467082677531552, 51.251906961094051 ], [ 4.46602345123503, 51.251670114939664 ], [ 4.464932341162141, 51.251499553207466 ], [ 4.463819850891736, 51.251396917779466 ], [ 4.462696689533743, 51.25136319664864 ], [ 4.46157366877819, 51.251398714421335 ], [ 4.460461598963523, 51.251503129196458 ], [ 4.459371185157862, 51.251675435852398 ], [ 4.458312924246646, 51.251913975709599 ], [ 4.457297004010725, 51.252216452476503 ], [ 4.456333205160393, 51.252579954326755 ], [ 4.45543080726308, 51.253000981895681 ], [ 4.454598499466069, 51.253475481929158 ], [ 4.453844296870555, 51.253998886262018 ], [ 4.453175463360244, 51.254566155753345 ], [ 4.452598441627047, 51.255171828757277 ], [ 4.452118791068422, 51.255810073665202 ], [ 4.451741134156639, 51.256474745015396 ], [ 4.451469111799929, 51.25715944263154 ], [ 4.451305348130064, 51.257857573222552 ], [ 4.451251425061207, 51.258562413851926 ], [ 4.45130786687155, 51.259267176666128 ], [ 4.451474134963267, 51.259965074259824 ], [ 4.451748632858581, 51.260649385048119 ], [ 4.45212872139118, 51.261313518016301 ], [ 4.452610743953742, 51.261951076223028 ], [ 4.453190061564902, 51.262555918443759 ], [ 4.453861097423673, 51.26312221836001 ], [ 4.454617390526903, 51.263644520722025 ], [ 4.455451657836869, 51.264117793942461 ], [ 4.456355864402458, 51.264537478612077 ], [ 4.457321300759332, 51.264899531468181 ], [ 4.458338666862925, 51.265200464389928 ], [ 4.459398161743839, 51.265437378042904 ], [ 4.460489578018672, 51.265607989846856 ], [ 4.461602400341406, 51.265710655995626 ], [ 4.462725906841523, 51.265744387315507 ], [ 4.463849272565381, 51.265708858808722 ], [ 4.464961673917591, 51.265604412788832 ], [ 4.46605239308923, 51.265432055578138 ], [ 4.46711092145982, 51.265193447799049 ], [ 4.468127060970192, 51.264890888353229 ], [ 4.469091022483461, 51.264527292244459 ], [ 4.46999352018115, 51.264106162459612 ], [ 4.470825861080704, 51.263631556180947 ], [ 4.471580028808823, 51.263108045656566 ], [ 4.472248760821726, 51.262540674108287 ], [ 4.472825618328, 51.261934907103985 ], [ 4.473305048241333, 51.261296579864577 ], [ 4.473682436568726, 51.260631841015801 ], [ 4.4739541527235, 51.259947093327881 ], [ 4.474117584341053, 51.259248932016156 ], [ 4.4741711622678, 51.258544081197691 ] ] ] } },
{ "type": "Feature", "properties": { "stop_id": "osm-617189867", "name": "P+R Merksem", "lines": "2", "line_count": 1, "source": "osm-overpass", "buffer_m": 800 }, "geometry": { "type": "Polygon", "coordinates": [ [ [ 4.474251260036248, 51.258535073440839 ], [ 4.474194472056999, 51.257830321396604 ], [ 4.474027871260237, 51.257132455157894 ], [ 4.473753066875783, 51.256448195107858 ], [ 4.473372709815802, 51.255784130316634 ], [ 4.472890466976202, 51.255146655112888 ], [ 4.47231098577459, 51.254541907540769 ], [ 4.471639849271921, 51.253975710292657 ], [ 4.470883522314738, 51.25345351468588 ], [ 4.470049289220096, 51.2529803482199 ], [ 4.469145183605447, 51.252560766217712 ], [ 4.468179911039896, 51.252198808014043 ], [ 4.467162765261045, 51.251897958111151 ], [ 4.4661035387621, 51.251661112672885 ], [ 4.465012428606862, 51.251490551678621 ], [ 4.463899938374965, 51.251387917003257 ], [ 4.462776777175967, 51.251354196632569 ], [ 4.461653756698364, 51.251389715165551 ], [ 4.460541687277934, 51.251494130693793 ], [ 4.459451273979, 51.251666438088428 ], [ 4.458393013682128, 51.251904978662814 ], [ 4.457377094162267, 51.252207456118491 ], [ 4.456413296122813, 51.252570958622435 ], [ 4.4555108991234, 51.252991986803679 ], [ 4.454678592302685, 51.253466487402243 ], [ 4.453924390752461, 51.253989892247546 ], [ 4.453255558346382, 51.254557162193656 ], [ 4.452678537765729, 51.25516283559034 ], [ 4.452198888396873, 51.255801080825258 ], [ 4.451821232700637, 51.256465752433471 ], [ 4.451549211573547, 51.257150450236232 ], [ 4.451385449135535, 51.257848580940596 ], [ 4.451331527288903, 51.258553421609029 ], [ 4.451387970300075, 51.259258184387598 ], [ 4.451554239559654, 51.259956081871287 ], [ 4.451828738578605, 51.260640392476233 ], [ 4.452208828179799, 51.261304525189544 ], [ 4.452690851745607, 51.261942083072299 ], [ 4.453270170284997, 51.262546924903113 ], [ 4.453941206988031, 51.263113224367189 ], [ 4.454697500843412, 51.263635526219183 ], [ 4.455531768806167, 51.264108798876606 ], [ 4.456435975918883, 51.264528482935702 ], [ 4.457401412711945, 51.264890535139628 ], [ 4.458418779136577, 51.265191467373825 ], [ 4.459478274220285, 51.265428380310532 ], [ 4.460569690577699, 51.265598991376358 ], [ 4.461682512862011, 51.265701656772244 ], [ 4.462806019203073, 51.265735387331759 ], [ 4.463929384648769, 51.26569985806448 ], [ 4.465041785606396, 51.265595411291237 ], [ 4.466132504270838, 51.265423053341657 ], [ 4.467191032026502, 51.265184444845211 ], [ 4.468207170820153, 51.264881884710483 ], [ 4.46917113152182, 51.264518287947915 ], [ 4.470073628320851, 51.26409715755068 ], [ 4.470905968243356, 51.263622550706913 ], [ 4.471660134925454, 51.263099039670145 ], [ 4.47232886583345, 51.262531667667155 ], [ 4.472905722186582, 51.261925900270171 ], [ 4.473385150909651, 51.261287572703935 ], [ 4.47376253802113, 51.26062283359731 ], [ 4.474034252946051, 51.259938085722993 ], [ 4.474197683331665, 51.259239924298129 ], [ 4.474251260036248, 51.258535073440839 ] ] ] } },
{ "type": "Feature", "properties": { "stop_id": "osm-617198940", "name": "P+R Merksem", "lines": "2,A3", "line_count": 2, "source": "osm-overpass", "buffer_m": 800 }, "geometry": { "type": "Polygon", "coordinates": [ [ [ 4.475010381895843, 51.259031099933956 ], [ 4.474953581828923, 51.258326348395187 ], [ 4.474786967887946, 51.257628483364932 ], [ 4.474512149429386, 51.256944225214674 ], [ 4.474131777500994, 51.256280162996212 ], [ 4.473649519141889, 51.255642691013456 ], [ 4.473070021919127, 51.255037947279426 ], [ 4.472398869047915, 51.254471754449582 ], [ 4.471642525532366, 51.253949563798678 ], [ 4.470808275848907, 51.253476402778453 ], [ 4.469904153774645, 51.253056826659382 ], [ 4.468938865037065, 51.252694874719658 ], [ 4.467921703529375, 51.252394031401117 ], [ 4.466862461896112, 51.252157192804262 ], [ 4.465771337346681, 51.251986638842595 ], [ 4.464658833599203, 51.25188401132332 ], [ 4.463535659893264, 51.251850298163333 ], [ 4.462412628037694, 51.251885823892181 ], [ 4.461300548477749, 51.251990246532195 ], [ 4.460210126375332, 51.252162560886106 ], [ 4.459151858695746, 51.252401108200168 ], [ 4.458135933285018, 51.252703592111132 ], [ 4.457172130903295, 51.253067100723825 ], [ 4.456269731152071, 51.253488134608439 ], [ 4.455437423196559, 51.253962640450091 ], [ 4.454683222139582, 51.254486050027694 ], [ 4.454014391850155, 51.255053324149792 ], [ 4.453437374989303, 51.255659001125885 ], [ 4.452957730907713, 51.256297249309171 ], [ 4.452580082015434, 51.256961923206326 ], [ 4.452308069143614, 51.257646622616484 ], [ 4.452144316332824, 51.258344754231267 ], [ 4.452090405392782, 51.259049595104237 ], [ 4.452146860484987, 51.259754357379549 ], [ 4.452313142883797, 51.260452253656965 ], [ 4.452587655973712, 51.261136562364229 ], [ 4.452967760442129, 51.261800692506696 ], [ 4.453449799528263, 51.262438247170145 ], [ 4.454029134091599, 51.263043085164185 ], [ 4.454700187167838, 51.26360938021098 ], [ 4.45545649758794, 51.264131677107663 ], [ 4.456290782147303, 51.264604944319515 ], [ 4.457195005728575, 51.265024622495154 ], [ 4.458160458703407, 51.265386668434459 ], [ 4.459177840867046, 51.26568759408319 ], [ 4.460237351095273, 51.265924500176993 ], [ 4.461328781856726, 51.266095104208475 ], [ 4.462441617665731, 51.266197762446275 ], [ 4.463565136521762, 51.266231485792986 ], [ 4.46468851335206, 51.266195949327631 ], [ 4.465800924454189, 51.266091495440406 ], [ 4.466891651925256, 51.265919130529497 ], [ 4.467950187064822, 51.265680515291415 ], [ 4.468966331748517, 51.265377948699765 ], [ 4.469930296789655, 51.265014345827083 ], [ 4.470832796335838, 51.26459320972549 ], [ 4.471665137386787, 51.264118597638102 ], [ 4.47241930356784, 51.26359508186885 ], [ 4.473088032350245, 51.263027705690178 ], [ 4.473664884973835, 51.26242193471451 ], [ 4.47414430839947, 51.261783604200986 ], [ 4.474521688696791, 51.261118862806903 ], [ 4.474793395356595, 51.260434113326951 ], [ 4.474956816105875, 51.259735950993658 ], [ 4.475010381895843, 51.259031099933956 ] ] ] } },
{ "type": "Feature", "properties": { "stop_id": "osm-2202016711", "name": "P+R Olympiade", "lines": "6", "line_count": 1, "source": "osm-overpass", "buffer_m": 800 }, "geometry": { "type": "Polygon", "coordinates": [ [ [ 4.40371764551085, 51.183921603118876 ], [ 4.403662013589488, 51.183216796923396 ], [ 4.403496734032739, 51.182518811287608 ], [ 4.40322340333368, 51.181834367747555 ], [ 4.402844658202498, 51.181170057143341 ], [ 4.402364150005067, 51.180532276173793 ], [ 4.401786509450679, 51.179927165830108 ], [ 4.401117301874717, 51.179360552300516 ], [ 4.400362973551565, 51.178837890912909 ], [ 4.399530789558237, 51.178364213653559 ], [ 4.398628763789231, 51.177944080765151 ], [ 4.397665581797306, 51.177581536887658 ], [ 4.396650517202581, 51.177280072163015 ], [ 4.395593342472762, 51.177042588674865 ], [ 4.394504234930327, 51.176871372545641 ], [ 4.393393678887171, 51.176768071957277 ], [ 4.392272364843563, 51.176733681306175 ], [ 4.391151086715659, 51.176768531643589 ], [ 4.39004063807438, 51.176872287493268 ], [ 4.38895170838755, 51.177043950076339 ], [ 4.387894780257319, 51.177281866913141 ], [ 4.386880028635441, 51.177583747709413 ], [ 4.385917222980598, 51.177946686375797 ], [ 4.38501563329436, 51.178367188969339 ], [ 4.384183940936063, 51.178841207290155 ], [ 4.383430155072021, 51.179364177811166 ], [ 4.382761535561604, 51.179931065568809 ], [ 4.382184523022095, 51.180536412593575 ], [ 4.381704676746542, 51.181174390416942 ], [ 4.381326621074647, 51.181838856150591 ], [ 4.381054000736581, 51.182523411600144 ], [ 4.380889445604474, 51.183221464845872 ], [ 4.380834545196699, 51.183926293698704 ], [ 4.380889833186958, 51.184631110421364 ], [ 4.381054782074401, 51.185329127092331 ], [ 4.381327808073394, 51.186013620982912 ], [ 4.381706286183194, 51.186677999317993 ], [ 4.382186575299415, 51.187315862795934 ], [ 4.382764053131933, 51.18792106725477 ], [ 4.383433160598673, 51.188487782889467 ], [ 4.384187455272389, 51.189010550448344 ], [ 4.385019673369206, 51.189484333864968 ], [ 4.385921799684046, 51.189904568817141 ], [ 4.386885144800226, 51.190267206742561 ], [ 4.387900428828861, 51.190568753885152 ], [ 4.388957870869516, 51.190806304993977 ], [ 4.390047283327113, 51.190977571347979 ], [ 4.391158170172032, 51.191080902835111 ], [ 4.392279828191483, 51.191115303871555 ], [ 4.393401450250508, 51.191080443006932 ], [ 4.394512229561105, 51.19097665612211 ], [ 4.39560146394801, 51.190804943188496 ], [ 4.396658659099623, 51.190566958620821 ], [ 4.397673629802709, 51.190264995316177 ], [ 4.398636598179417, 51.189901962534648 ], [ 4.399538287974863, 51.189481357835959 ], [ 4.400370013982577, 51.189007233343887 ], [ 4.401123765743115, 51.188484156665595 ], [ 4.401792284707685, 51.187917166844215 ], [ 4.402369134122928, 51.187311725771501 ], [ 4.402848760964573, 51.186673665530158 ], [ 4.403226549325634, 51.186009132175855 ], [ 4.403498864748546, 51.185324526501532 ], [ 4.403663089078902, 51.18462644235705 ], [ 4.40371764551085, 51.183921603118876 ] ] ] } },
{ "type": "Feature", "properties": { "stop_id": "osm-2202016721", "name": "P+R Olympiade", "lines": "6", "line_count": 1, "source": "osm-overpass", "buffer_m": 800 }, "geometry": { "type": "Polygon", "coordinates": [ [ [ 4.403004296414847, 51.184129072204684 ], [ 4.402948675019903, 51.183424265728931 ], [ 4.402783405397533, 51.182726279150252 ], [ 4.402510083945205, 51.182041834013816 ], [ 4.402131347284145, 51.181377521175087 ], [ 4.40165084669875, 51.180739737354465 ], [ 4.401073212825104, 51.180134623570623 ], [ 4.400404010934352, 51.179568006044931 ], [ 4.39964968724624, 51.179045340143752 ], [ 4.398817506793236, 51.178571657896853 ], [ 4.397915483435833, 51.178151519594891 ], [ 4.396952302703649, 51.177788969930063 ], [ 4.39593723820473, 51.177487499099946 ], [ 4.394880062405906, 51.177250009246976 ], [ 4.393790952639978, 51.177078786554873 ], [ 4.392680393240261, 51.176975479268734 ], [ 4.391559074739332, 51.176941081849428 ], [ 4.39043779109624, 51.17697592541338 ], [ 4.389327335934965, 51.177079674549539 ], [ 4.388238398786057, 51.17725133054369 ], [ 4.387181462323441, 51.177489240979526 ], [ 4.386166701579025, 51.177791115624473 ], [ 4.38520388609924, 51.178154048448356 ], [ 4.384302285980172, 51.178574545564508 ], [ 4.383470582681531, 51.179048558825755 ], [ 4.382716785474889, 51.179571524753804 ], [ 4.38204815432876, 51.180138408429265 ], [ 4.381471129972407, 51.18074375192198 ], [ 4.380991271812619, 51.18138172679744 ], [ 4.380613204303502, 51.182046190195791 ], [ 4.380340572289201, 51.182730743945093 ], [ 4.380176005754288, 51.183428796142081 ], [ 4.380121094326967, 51.184133624607796 ], [ 4.380176371787096, 51.184838441608726 ], [ 4.380341310735289, 51.185536459220636 ], [ 4.380614327481705, 51.186220954705867 ], [ 4.380992797114793, 51.186885335273971 ], [ 4.381473078611896, 51.187523201601785 ], [ 4.382050549756365, 51.188128409499946 ], [ 4.382719651530645, 51.188695129130316 ], [ 4.38347394156242, 51.189217901202703 ], [ 4.384306156112604, 51.18969168960723 ], [ 4.38520828001038, 51.190111929973668 ], [ 4.386171623862414, 51.190474573687553 ], [ 4.38718690779206, 51.190776126937052 ], [ 4.388244350899885, 51.191013684412376 ], [ 4.389333765580559, 51.191184957331146 ], [ 4.390444655783057, 51.191288295518042 ], [ 4.391566318262242, 51.191322703324744 ], [ 4.392687945840168, 51.191287849235614 ], [ 4.393798731675632, 51.191184069066196 ], [ 4.39488797353046, 51.191012362723285 ], [ 4.395945177021046, 51.190774384558033 ], [ 4.396960156853756, 51.190472427405922 ], [ 4.39792313506271, 51.190109400467705 ], [ 4.39882483529823, 51.189688801246859 ], [ 4.399656572253198, 51.189214681814398 ], [ 4.400410335362642, 51.188691609728714 ], [ 4.401078865968384, 51.188124623988799 ], [ 4.401655727204878, 51.187519186447027 ], [ 4.402135365933935, 51.186881129152162 ], [ 4.402513166134051, 51.186216598131487 ], [ 4.402785493233618, 51.185531994155525 ], [ 4.402949728965763, 51.184833911057765 ], [ 4.403004296414847, 51.184129072204684 ] ] ] } },
{ "type": "Feature", "properties": { "stop_id": "osm-252024920", "name": "P+R Schoonselhof", "lines": "10", "line_count": 1, "source": "osm-overpass", "buffer_m": 800 }, "geometry": { "type": "Polygon", "coordinates": [ [ [ 4.374151866658969, 51.169317666228579 ], [ 4.374096698542068, 51.168612842270591 ], [ 4.373931912766521, 51.167914811471888 ], [ 4.37365910106819, 51.167230295804622 ], [ 4.373280895158138, 51.166565886804769 ], [ 4.372800941209344, 51.165927982119726 ], [ 4.372223864594474, 51.16532272393308 ], [ 4.371555225219899, 51.164755939857542 ], [ 4.370801463890802, 51.164233086863995 ], [ 4.369969840227371, 51.163759198784199 ], [ 4.369068362732065, 51.163338837891224 ], [ 4.368105711682167, 51.162976051020664 ], [ 4.367091155589491, 51.16267433065412 ], [ 4.366034462029628, 51.162436581336578 ], [ 4.364945803696036, 51.162265091749703 ], [ 4.363835660579103, 51.162161512707954 ], [ 4.362714719206511, 51.162126841288291 ], [ 4.36159376990888, 51.162161411244703 ], [ 4.360483603093021, 51.162264889799921 ], [ 4.359394905514459, 51.162436280844389 ], [ 4.358338157540884, 51.162673934512313 ], [ 4.357323532388939, 51.162975563042899 ], [ 4.356360798298248, 51.163338262775298 ], [ 4.355459224579152, 51.163758542066972 ], [ 4.35462749243433, 51.164232354868005 ], [ 4.353873611409629, 51.164755139630344 ], [ 4.353204842276621, 51.165321863179308 ], [ 4.35262762708884, 51.165927069127065 ], [ 4.352147527085994, 51.16656493036416 ], [ 4.351769169046275, 51.16722930512568 ], [ 4.351496200606907, 51.167913796094282 ], [ 4.35133125498781, 51.168611811972212 ], [ 4.351275925463828, 51.169316630931355 ], [ 4.351330749837801, 51.170021465330969 ], [ 4.351495205071042, 51.170719527080465 ], [ 4.351767712130244, 51.171404093018275 ], [ 4.352145651011464, 51.172068569676583 ], [ 4.352625385803479, 51.172706556807881 ], [ 4.353202299555698, 51.17331190906026 ], [ 4.353870838620478, 51.173878795206058 ], [ 4.354624566047478, 51.17440175435194 ], [ 4.355456223519353, 51.174875748586729 ], [ 4.356357801234402, 51.175296211557935 ], [ 4.35732061506396, 51.175659092507075 ], [ 4.358335390240678, 51.175960895337219 ], [ 4.359392350769692, 51.17619871233434 ], [ 4.360481313698062, 51.176370252215897 ], [ 4.36159178733, 51.176473862234587 ], [ 4.362713072436315, 51.176508544123095 ], [ 4.363834365476891, 51.176473963725051 ], [ 4.36494486283507, 51.17637045421904 ], [ 4.366033865052766, 51.176199012904 ], [ 4.367090880055182, 51.175961291577622 ], [ 4.368105724363899, 51.175659580600779 ], [ 4.369068621317232, 51.175296786802647 ], [ 4.369970295346111, 51.174876405440713 ], [ 4.370802061393013, 51.174402486487367 ], [ 4.371555908609254, 51.173879595570007 ], [ 4.372224577522505, 51.173312769942854 ], [ 4.372801629930617, 51.172707469916496 ], [ 4.37328151084942, 51.172069526215815 ], [ 4.373659601919989, 51.17140508377468 ], [ 4.373932265764588, 51.170720542511425 ], [ 4.374096880868693, 51.170022495656546 ], [ 4.374151866658969, 51.169317666228579 ] ] ] } },
{ "type": "Feature", "properties": { "stop_id": "osm-3470330327", "name": "P+R Wommelgem", "lines": "8", "line_count": 1, "source": "osm-overpass", "buffer_m": 800 }, "geometry": { "type": "Polygon", "coordinates": [ [ [ 4.503036833067684, 51.211651585101436 ], [ 4.502979667201341, 51.210946833832047 ], [ 4.502812803176831, 51.210248995214897 ], [ 4.502537852748276, 51.209564789366134 ], [ 4.502157468223648, 51.208900804832979 ], [ 4.501675316753174, 51.208263435170714 ], [ 4.501096044865186, 51.207658817406532 ], [ 4.50042523359672, 51.207092772982733 ], [ 4.499669344655552, 51.206570751744906 ], [ 4.498835658135609, 51.206097779513669 ], [ 4.497932202387693, 51.205678409741971 ], [ 4.49696767672159, 51.20531667972157 ], [ 4.495951367683198, 51.205016071758102 ], [ 4.494893059710864, 51.204779479686572 ], [ 4.493802941027799, 51.204609181047587 ], [ 4.492691505672266, 51.204506815190612 ], [ 4.491569452603279, 51.204473367513913 ], [ 4.490447582847051, 51.204509159991467 ], [ 4.489336695667646, 51.20461384807782 ], [ 4.48824748475448, 51.204786424020185 ], [ 4.487190435419151, 51.205025226546468 ], [ 4.486175723784575, 51.205327956836086 ], [ 4.485213118930895, 51.205691700621443 ], [ 4.48431188893483, 51.206112956208059 ], [ 4.483480711702742, 51.206587668145744 ], [ 4.482727591452677, 51.20711126622821 ], [ 4.482059781647618, 51.207678709448004 ], [ 4.481483715121405, 51.208284534485315 ], [ 4.481004942070999, 51.208922908266395 ], [ 4.4806280765144, 51.209587684087246 ], [ 4.480356751733329, 51.210272460764202 ], [ 4.480193585134487, 51.210970644243503 ], [ 4.48014015287343, 51.211675511077978 ], [ 4.480196974491987, 51.212380273160548 ], [ 4.480363507724191, 51.213078143091764 ], [ 4.48063815352809, 51.213762399552088 ], [ 4.481018271302255, 51.214426452049253 ], [ 4.481500204147535, 51.215063904416233 ], [ 4.482079313937243, 51.215668616447495 ], [ 4.482750025863687, 51.216234763078162 ], [ 4.483505882036753, 51.21675689053486 ], [ 4.484339603621773, 51.217229968915014 ], [ 4.48524316092041, 51.217649440686472 ], [ 4.486207850720349, 51.218011264637674 ], [ 4.487224380168118, 51.218311954853249 ], [ 4.488282956355161, 51.218548614337315 ], [ 4.489373380750926, 51.218718962958675 ], [ 4.490485147568783, 51.218821359446963 ], [ 4.491607545111806, 51.218854817226877 ], [ 4.492729759115837, 51.218819013936113 ], [ 4.493840977087562, 51.218714294535708 ], [ 4.494930492625394, 51.218541667981803 ], [ 4.495987808711189, 51.218302797491503 ], [ 4.497002738970955, 51.217999984497155 ], [ 4.497965505922905, 51.217636146444704 ], [ 4.498866835260977, 51.217214788651226 ], [ 4.499698045261154, 51.2167399704947 ], [ 4.500451130446127, 51.216216266263281 ], [ 4.501118838700447, 51.215648721043728 ], [ 4.501694741092816, 51.215042802075622 ], [ 4.502173293733842, 51.214404346042414 ], [ 4.502549891075738, 51.213739502809048 ], [ 4.502820910144115, 51.21305467614976 ], [ 4.502983745280646, 51.212356462039104 ], [ 4.503036833067684, 51.211651585101436 ] ] ] } },
{ "type": "Feature", "properties": { "stop_id": "osm-12361661877", "name": "Paardenmarkt", "lines": "1,24", "line_count": 2, "source": "osm-overpass", "buffer_m": 800 }, "geometry": { "type": "Polygon", "coordinates": [ [ [ 4.426484196811118, 51.225294898832232 ], [ 4.426428171369579, 51.22459011467452 ], [ 4.426262404344015, 51.223892172089975 ], [ 4.425988496929643, 51.223207792198991 ], [ 4.425609091397089, 51.222543565227731 ], [ 4.425127845477128, 51.22190588706853 ], [ 4.424549396986952, 51.221300897721541 ], [ 4.423879319044269, 51.220734422208913 ], [ 4.423124066305204, 51.220211914528683 ], [ 4.422290912747212, 51.219738405186298 ], [ 4.421387881598314, 51.219318452806931 ], [ 4.420423668088135, 51.218956100292075 ], [ 4.419407555764015, 51.218654835940796 ], [ 4.418349327175898, 51.218417559907245 ], [ 4.417259169786727, 51.21824655631643 ], [ 4.416147578009769, 51.218143471304067 ], [ 4.415025252310633, 51.218109297191184 ], [ 4.413902996339191, 51.218144362944571 ], [ 4.41279161307504, 51.218248331014372 ], [ 4.41170180097938, 51.218420200578976 ], [ 4.410644051146091, 51.218658317166373 ], [ 4.409628546435489, 51.218960388559601 ], [ 4.408665063555673, 51.219323506834726 ], [ 4.407762879028803, 51.219744176319843 ], [ 4.406930679943208, 51.220218347208522 ], [ 4.406176480347447, 51.220741454504918 ], [ 4.405507544089258, 51.22130846192853 ], [ 4.404930314841859, 51.2219139103576 ], [ 4.404450353992181, 51.222551970346935 ], [ 4.404072286991303, 51.223216498216644 ], [ 4.403799758687264, 51.223901095173531 ], [ 4.403635398075092, 51.224599168897484 ], [ 4.403580792809167, 51.225303997001433 ], [ 4.403636473729904, 51.226008791754445 ], [ 4.403801909560813, 51.226706765445535 ], [ 4.404075511834298, 51.227391195758962 ], [ 4.404454650006133, 51.228055490530863 ], [ 4.404935676620055, 51.228693251263309 ], [ 4.405513962286689, 51.229298334782932 ], [ 4.40618394014554, 51.229864912448619 ], [ 4.406939159386653, 51.230387526336578 ], [ 4.407772347319876, 51.230861141859904 ], [ 4.408675479396174, 51.231281196312942 ], [ 4.409639856507334, 51.231643642871553 ], [ 4.410656188818928, 51.231944989622662 ], [ 4.411714685327011, 51.232182333245468 ], [ 4.41280514827263, 51.232353387017589 ], [ 4.413917071500154, 51.232456502874882 ], [ 4.415039741806514, 51.232490687310957 ], [ 4.416162342298772, 51.23245561096229 ], [ 4.417274056757591, 51.23235161178593 ], [ 4.418364173994147, 51.232179691798855 ], [ 4.419422191188161, 51.231941507410845 ], [ 4.420437915204797, 51.231639353444343 ], [ 4.421401560908143, 51.231276140996563 ], [ 4.422303845518832, 51.230855369358409 ], [ 4.423136078102364, 51.230381092261986 ], [ 4.423890243322878, 51.229857878784664 ], [ 4.424559078653657, 51.229290769287388 ], [ 4.425136144300063, 51.228685226814548 ], [ 4.425615885162265, 51.228047084425413 ], [ 4.42599368424318, 51.227382488966441 ], [ 4.426265906990778, 51.226697841828219 ], [ 4.426429936152398, 51.225999737259372 ], [ 4.426484196811118, 51.225294898832232 ] ] ] } },
{ "type": "Feature", "properties": { "stop_id": "osm-7004037897", "name": "Paardenmarkt", "lines": "1,24", "line_count": 2, "source": "osm-overpass", "buffer_m": 800 }, "geometry": { "type": "Polygon", "coordinates": [ [ [ 4.426988626022275, 51.223785449963422 ], [ 4.426932594769957, 51.223080665626604 ], [ 4.426766825560488, 51.222382723335365 ], [ 4.426492919609789, 51.221698344207255 ], [ 4.426113519174067, 51.221034118461063 ], [ 4.425632281934726, 51.220396441977336 ], [ 4.425053845625103, 51.219791454740125 ], [ 4.424383783245387, 51.219224981751204 ], [ 4.423628549301662, 51.218702476984305 ], [ 4.42279541759028, 51.218228970916904 ], [ 4.421892411128828, 51.217809022142596 ], [ 4.420928224909212, 51.217446673528222 ], [ 4.419912142216035, 51.217145413335224 ], [ 4.418853945314038, 51.216908141677806 ], [ 4.417763821361214, 51.216737142638877 ], [ 4.416652264449068, 51.216634062310256 ], [ 4.415529974707736, 51.216599892967956 ], [ 4.414407755441109, 51.216634963532833 ], [ 4.41329640927563, 51.216738936408703 ], [ 4.412206634315538, 51.216910810727683 ], [ 4.411148921297399, 51.217148931972005 ], [ 4.41013345272727, 51.217451007879845 ], [ 4.409170004965456, 51.217814130483781 ], [ 4.408267854196119, 51.218234804070264 ], [ 4.407435687182648, 51.218708978793309 ], [ 4.406681517664821, 51.219232089620157 ], [ 4.406012609200749, 51.219799100236244 ], [ 4.405435405195954, 51.220404551489111 ], [ 4.404955466794165, 51.221042613906313 ], [ 4.404577419230129, 51.221707143784514 ], [ 4.404304907164486, 51.222391742311217 ], [ 4.404140559435635, 51.223089817151148 ], [ 4.404085963573582, 51.223794645906445 ], [ 4.404141650327871, 51.224499440839892 ], [ 4.404307088365502, 51.225197414238743 ], [ 4.404580689197297, 51.225881843790056 ], [ 4.404959822292598, 51.226546137337294 ], [ 4.405440840243743, 51.227183896394322 ], [ 4.406019113744521, 51.227788977803925 ], [ 4.406689076051392, 51.228355552945231 ], [ 4.407444276504016, 51.228878163918885 ], [ 4.408277442593089, 51.229351776165998 ], [ 4.409180549979907, 51.229771827012499 ], [ 4.410144899794065, 51.23013426966898 ], [ 4.411161202464103, 51.230435612259996 ], [ 4.412219667271704, 51.23067295150485 ], [ 4.413310096763408, 51.230844000723323 ], [ 4.414421985106019, 51.230947111895155 ], [ 4.415544619432717, 51.230981291559083 ], [ 4.416667183197386, 51.23094621039759 ], [ 4.417778860534721, 51.23084220641411 ], [ 4.418868940613725, 51.230670281671905 ], [ 4.419926920972288, 51.230432092626536 ], [ 4.420942608830608, 51.230129934145367 ], [ 4.421906219401261, 51.229766717369067 ], [ 4.422808470243428, 51.229345941630186 ], [ 4.423640670747985, 51.228871660700371 ], [ 4.424394805888103, 51.228348443693839 ], [ 4.425063613426794, 51.227781331005552 ], [ 4.425640653837043, 51.227175785710592 ], [ 4.426120372261962, 51.226537640895366 ], [ 4.426498151920402, 51.225873043429694 ], [ 4.426770358447173, 51.225188394723503 ], [ 4.426934374745574, 51.22449028904034 ], [ 4.426988626022275, 51.223785449963422 ] ] ] } },
{ "type": "Feature", "properties": { "stop_id": "osm-655336718", "name": "Pacificatie", "lines": "4", "line_count": 1, "source": "osm-overpass", "buffer_m": 800 }, "geometry": { "type": "Polygon", "coordinates": [ [ [ 4.401158757798895, 51.205985251182945 ], [ 4.401103138223684, 51.20528044975358 ], [ 4.400937818773919, 51.20458246644813 ], [ 4.400664396331459, 51.203898022780187 ], [ 4.400285508494355, 51.203233709591167 ], [ 4.399804808006665, 51.202595923604676 ], [ 4.399226927432791, 51.201990805860127 ], [ 4.398557434422152, 51.201424182616833 ], [ 4.397802777999718, 51.200901509296088 ], [ 4.396970226403074, 51.200427817998843 ], [ 4.396067797066811, 51.200007669102696 ], [ 4.395104179429228, 51.199645107401629 ], [ 4.394088651304026, 51.199343623208875 ], [ 4.393030989620237, 51.19910611879537 ], [ 4.391941376386548, 51.198934880484813 ], [ 4.390830300780953, 51.198831556672609 ], [ 4.389708458302981, 51.198797141978574 ], [ 4.38858664795325, 51.198831967685408 ], [ 4.38747566842355, 51.198935698553996 ], [ 4.386386214289852, 51.199107336046033 ], [ 4.3853287732007, 51.199345227923487 ], [ 4.384313525044067, 51.199647084132494 ], [ 4.383350244057287, 51.20000999882069 ], [ 4.382448204817119, 51.200430478276132 ], [ 4.381616093010649, 51.20090447452197 ], [ 4.380861921842909, 51.20142742424396 ], [ 4.380192954884073, 51.201994292679039 ], [ 4.379615636098575, 51.202599622044104 ], [ 4.379135527730705, 51.203237584040927 ], [ 4.378757256646971, 51.203902035933829 ], [ 4.378484469655507, 51.204586579662006 ], [ 4.378319798237388, 51.205284623418791 ], [ 4.378264833035297, 51.20598944510666 ], [ 4.378320108351594, 51.206694257057485 ], [ 4.3784850968122, 51.207392271395761 ], [ 4.378758214254987, 51.208076765415314 ], [ 4.379136834802868, 51.208741146339747 ], [ 4.379617315983556, 51.209379014842455 ], [ 4.380195033660502, 51.209984226712933 ], [ 4.380864426444319, 51.210550952074676 ], [ 4.381619049161699, 51.211073731582026 ], [ 4.382451634870326, 51.211547529053341 ], [ 4.383354164824706, 51.211967780030797 ], [ 4.38431794571984, 51.212330435797554 ], [ 4.385333693468138, 51.212632002425394 ], [ 4.386391622700569, 51.212869574475505 ], [ 4.387481541126701, 51.213040863024922 ], [ 4.388592947840169, 51.213144217747661 ], [ 4.389715134617155, 51.213178642835921 ], [ 4.390837289225815, 51.213143806607604 ], [ 4.391948599744687, 51.213040044706197 ], [ 4.393038358878067, 51.212868356862529 ], [ 4.394096067256447, 51.212630397249654 ], [ 4.395111534720076, 51.212328458524446 ], [ 4.396074978603778, 51.211965449710341 ], [ 4.396977118070755, 51.211544868136457 ], [ 4.397809263582261, 51.211070765704015 ], [ 4.398563400638002, 51.210547709807933 ], [ 4.399232266978708, 51.209980739291517 ], [ 4.399809422506642, 51.20937531586079 ], [ 4.400289311251417, 51.208737271428888 ], [ 4.400667314786512, 51.208072751899351 ], [ 4.400939796585544, 51.207388157932321 ], [ 4.4011041368958, 51.206690083265045 ], [ 4.401158757798895, 51.205985251182945 ] ] ] } },
{ "type": "Feature", "properties": { "stop_id": "osm-655336893", "name": "Pacificatie", "lines": "4", "line_count": 1, "source": "osm-overpass", "buffer_m": 800 }, "geometry": { "type": "Polygon", "coordinates": [ [ [ 4.4015405223655, 51.206248414214734 ], [ 4.401484896707863, 51.20554361303688 ], [ 4.401319570612749, 51.204845630336557 ], [ 4.401046141026056, 51.204161187621466 ], [ 4.400667245614659, 51.203496875723822 ], [ 4.400186537195577, 51.202859091354767 ], [ 4.399608648409586, 51.202253975538198 ], [ 4.398939146985177, 51.201687354514796 ], [ 4.398184482028317, 51.20116468368446 ], [ 4.397351921858734, 51.200690995124177 ], [ 4.396449483993527, 51.200270849185209 ], [ 4.395485857953067, 51.199908290633005 ], [ 4.394470321631903, 51.199606809750513 ], [ 4.393412652037932, 51.199369308776781 ], [ 4.392323031255941, 51.199198074002418 ], [ 4.391211948536543, 51.199094753788735 ], [ 4.390090099447706, 51.199060342720969 ], [ 4.38896828305366, 51.199095172046896 ], [ 4.38785729810435, 51.199198906492519 ], [ 4.386767839227903, 51.199370547485138 ], [ 4.385710394118512, 51.199608442753025 ], [ 4.384695142702858, 51.199910302209702 ], [ 4.383731859249662, 51.200273219971429 ], [ 4.382829818359456, 51.200693702296789 ], [ 4.38199770573525, 51.201167701181276 ], [ 4.381243534589997, 51.201690653285233 ], [ 4.380574568493711, 51.202257523822645 ], [ 4.379997251402584, 51.202862854990173 ], [ 4.37951714554466, 51.2035008184722 ], [ 4.37913887776235, 51.204165271518768 ], [ 4.378866094832066, 51.204849816057944 ], [ 4.378701428195853, 51.205547860275232 ], [ 4.378646468450403, 51.206252682068659 ], [ 4.378701749845592, 51.206957493769067 ], [ 4.378866744948849, 51.20765550750334 ], [ 4.379139869534103, 51.208340000571113 ], [ 4.379518497655515, 51.209004380205144 ], [ 4.379998986767874, 51.209642247091239 ], [ 4.380576712658233, 51.210247457034441 ], [ 4.381246113858094, 51.210814180176776 ], [ 4.382000745113061, 51.211336957194021 ], [ 4.382833339398553, 51.211810751928432 ], [ 4.383735877886415, 51.21223099994863 ], [ 4.384699667189408, 51.212593652566142 ], [ 4.385715423138888, 51.212895215883165 ], [ 4.386773360286777, 51.213132784492785 ], [ 4.38786328626633, 51.213304069505149 ], [ 4.388974700098369, 51.213407420628329 ], [ 4.39009689349045, 51.213441842089274 ], [ 4.391219054146961, 51.213407002240785 ], [ 4.392330370088143, 51.213303236761213 ], [ 4.393420133966037, 51.213131545415898 ], [ 4.394477846365413, 51.212893582411638 ], [ 4.395493317087791, 51.212591640437928 ], [ 4.396456763436608, 51.212228628549553 ], [ 4.39735890455135, 51.211808044105233 ], [ 4.398191050877432, 51.211333939033857 ], [ 4.398945187906761, 51.210810880755766 ], [ 4.399614053380377, 51.210243908137151 ], [ 4.400191207208964, 51.209638482904332 ], [ 4.400671093438566, 51.209000436987729 ], [ 4.401049093666964, 51.208335916305273 ], [ 4.401321571399694, 51.207651321528111 ], [ 4.401485906923278, 51.206953246401319 ], [ 4.4015405223655, 51.206248414214734 ] ] ] } },
{ "type": "Feature", "properties": { "stop_id": "osm-13727756363", "name": "Plantin & Moretus", "lines": "11", "line_count": 1, "source": "osm-overpass", "buffer_m": 800 }, "geometry": { "type": "Polygon", "coordinates": [ [ [ 4.437519158547477, 51.210889929997663 ], [ 4.437462983658147, 51.210185147106444 ], [ 4.437297102703745, 51.209487216069896 ], [ 4.437023117973312, 51.208802857896728 ], [ 4.43664367247865, 51.208138662603638 ], [ 4.436162424332079, 51.207501025777667 ], [ 4.435584011369139, 51.206896087020716 ], [ 4.434914006362634, 51.206329670867625 ], [ 4.434158863263973, 51.205807230744789 ], [ 4.43332585499294, 51.205333796507126 ], [ 4.432423003377195, 51.204913926056761 ], [ 4.431459001916846, 51.204551661506414 ], [ 4.430443132117226, 51.204250490308297 ], [ 4.429385174193451, 51.204013311719962 ], [ 4.428295313003259, 51.203842408928338 ], [ 4.427184040109381, 51.203739427098881 ], [ 4.426062052908925, 51.2037053575594 ], [ 4.424940151794757, 51.203740528270117 ], [ 4.42382913633221, 51.203844600670671 ], [ 4.422739701443734, 51.20401657293521 ], [ 4.421682334593904, 51.204254789602935 ], [ 4.420667214958019, 51.204556957493374 ], [ 4.419704115538792, 51.204920167753336 ], [ 4.418802309168197, 51.205340923825254 ], [ 4.417970479295026, 51.205815175068714 ], [ 4.41721663641389, 51.206338355713953 ], [ 4.416548040938338, 51.206905428773858 ], [ 4.415971133260192, 51.207510934494323 ], [ 4.415491471669343, 51.208149042878013 ], [ 4.415113678734031, 51.208813609778566 ], [ 4.414841396661459, 51.209498236026455 ], [ 4.414677252073287, 51.210196329019027 ], [ 4.414622830540947, 51.210901166183149 ], [ 4.414678661132482, 51.211605959700165 ], [ 4.41484421112678, 51.212303921870571 ], [ 4.415117890953408, 51.212988330489139 ], [ 4.415497069317849, 51.213652593600649 ], [ 4.415978098373447, 51.214290313011794 ], [ 4.416556348704203, 51.214895345946999 ], [ 4.417226253787179, 51.215461864252205 ], [ 4.417981363510975, 51.215984410575338 ], [ 4.418814406238379, 51.216457950980292 ], [ 4.4197173588176, 51.216877923484994 ], [ 4.420681523868551, 51.217240282054782 ], [ 4.421697613599215, 51.217541535624399 ], [ 4.422755839342644, 51.217778781770775 ], [ 4.423846005948942, 51.217949734710764 ], [ 4.424957610118407, 51.218052747351713 ], [ 4.426079941723194, 51.218086827181764 ], [ 4.427202187135177, 51.2180516458453 ], [ 4.42831353355784, 51.217947542310874 ], [ 4.429403273350131, 51.217775519600927 ], [ 4.430460907330183, 51.217537235114762 ], [ 4.43147624605704, 51.21723498463917 ], [ 4.43243950810844, 51.216871680200938 ], [ 4.433341414402548, 51.21645082197692 ], [ 4.434173277650569, 51.215976464533149 ], [ 4.434927086075318, 51.215453177720626 ], [ 4.435595580587383, 51.214886002606391 ], [ 4.436172324674915, 51.214280402866478 ], [ 4.436651766334716, 51.213642212111282 ], [ 4.437029291450378, 51.212977577652694 ], [ 4.437301268106854, 51.21229290125644 ], [ 4.437465081419455, 51.211594777452362 ], [ 4.437519158547477, 51.210889929997663 ] ] ] } },
{ "type": "Feature", "properties": { "stop_id": "osm-13727756364", "name": "Plantin & Moretus", "lines": "11", "line_count": 1, "source": "osm-overpass", "buffer_m": 800 }, "geometry": { "type": "Polygon", "coordinates": [ [ [ 4.43761999456448, 51.210629320229117 ], [ 4.437563818465321, 51.209924537314421 ], [ 4.437397936928948, 51.209226606348672 ], [ 4.437123952249943, 51.208542248339946 ], [ 4.436744507439563, 51.207878053303347 ], [ 4.43626326060348, 51.207240416823439 ], [ 4.435684849564572, 51.206635478498789 ], [ 4.435014847077076, 51.206069062860053 ], [ 4.434259707068104, 51.205546623328686 ], [ 4.433426702427675, 51.205073189753911 ], [ 4.432523854948475, 51.204653320031511 ], [ 4.431559858090778, 51.204291056267152 ], [ 4.430543993315603, 51.203989885905507 ], [ 4.429486040789706, 51.203752708196035 ], [ 4.428396185318869, 51.203581806317246 ], [ 4.427284918410792, 51.203478825425833 ], [ 4.426162937404984, 51.203444756840533 ], [ 4.425041042634701, 51.203479928512323 ], [ 4.42393003360425, 51.203584001871761 ], [ 4.422840605174181, 51.203755975083602 ], [ 4.421783244746933, 51.203994192678024 ], [ 4.420768131436005, 51.204296361465566 ], [ 4.419805038183238, 51.204659572584454 ], [ 4.418903237761262, 51.205080329468807 ], [ 4.418071413561609, 51.205554581470409 ], [ 4.417317576024267, 51.206077762812178 ], [ 4.416648985511331, 51.20664483650031 ], [ 4.416072082366827, 51.2072503427746 ], [ 4.415592424836968, 51.207888451632435 ], [ 4.415214635450864, 51.208553018922835 ], [ 4.414942356381499, 51.209237645472562 ], [ 4.414778214221569, 51.209935738676016 ], [ 4.414723794519075, 51.210640575958017 ], [ 4.414779626324377, 51.211345369498794 ], [ 4.41494517690462, 51.212043331598579 ], [ 4.415218856683672, 51.212727740052891 ], [ 4.415598034367415, 51.213392002908002 ], [ 4.4160790621157, 51.214029721973148 ], [ 4.416657310525073, 51.214634754476023 ], [ 4.417327213091061, 51.215201272266761 ], [ 4.418082319726472, 51.215723817998274 ], [ 4.418915358823821, 51.216197357740086 ], [ 4.419818307266268, 51.216617329516581 ], [ 4.420782467713571, 51.216979687300089 ], [ 4.421798552418055, 51.217280940032914 ], [ 4.422856772761211, 51.217518185300058 ], [ 4.423946933645181, 51.217689137326857 ], [ 4.425058531825416, 51.217792149029449 ], [ 4.426180857231798, 51.217826227905036 ], [ 4.427303096295952, 51.217791045607179 ], [ 4.428414436282548, 51.217686941113676 ], [ 4.429504169612577, 51.217514917456235 ], [ 4.430561797166464, 51.21727663204328 ], [ 4.431577129565187, 51.216974380670536 ], [ 4.43254038544748, 51.216611075373422 ], [ 4.433442285790953, 51.216190216337083 ], [ 4.434274143364148, 51.21571585813534 ], [ 4.435027946444553, 51.215192570626513 ], [ 4.435696435994233, 51.214625394884308 ], [ 4.436273175549122, 51.21401979459084 ], [ 4.436752613149664, 51.213381603361867 ], [ 4.437130134718515, 51.212716968513739 ], [ 4.437402108374755, 51.212032291815994 ], [ 4.437565919262541, 51.21133416780139 ], [ 4.43761999456448, 51.210629320229117 ] ] ] } },
{ "type": "Feature", "properties": { "stop_id": "osm-604727568", "name": "Ploeg", "lines": "11", "line_count": 1, "source": "osm-overpass", "buffer_m": 800 }, "geometry": { "type": "Polygon", "coordinates": [ [ [ 4.437140468417543, 51.215410766728866 ], [ 4.437084293804764, 51.214705984898892 ], [ 4.436918402436321, 51.214008054559386 ], [ 4.436644396702476, 51.213323696712436 ], [ 4.43626491981819, 51.212659501371562 ], [ 4.435783630198854, 51.21202186412421 ], [ 4.435205166080065, 51.211416924576369 ], [ 4.434535100727787, 51.210850507270422 ], [ 4.433779888674914, 51.210328065643829 ], [ 4.432946803505444, 51.20985462956596 ], [ 4.432043867787565, 51.209434756956597 ], [ 4.431079775831099, 51.209072489949222 ], [ 4.430063810012497, 51.208771316019657 ], [ 4.429005751471013, 51.208534134451668 ], [ 4.427915786032672, 51.208363228460918 ], [ 4.426804406263352, 51.208260243243579 ], [ 4.425682310588511, 51.20822617016006 ], [ 4.424560300444728, 51.208261337204682 ], [ 4.423449176446391, 51.208365405852454 ], [ 4.422359634560263, 51.208537374313586 ], [ 4.421302163280495, 51.208775587163949 ], [ 4.420286942787322, 51.209077751259834 ], [ 4.419323747054119, 51.209440957784651 ], [ 4.418421849839919, 51.209861710216806 ], [ 4.417589935468055, 51.21033595795101 ], [ 4.416836015246766, 51.210859135251312 ], [ 4.416167350334473, 51.211426205162894 ], [ 4.415590381791943, 51.21203170796197 ], [ 4.415110668495636, 51.212669813679426 ], [ 4.414732833512322, 51.213334378194666 ], [ 4.414460519454857, 51.214019002361084 ], [ 4.414296353253766, 51.214717093596185 ], [ 4.414241920689535, 51.215421929343748 ], [ 4.414297750937405, 51.216126721798773 ], [ 4.414463311280541, 51.216824683272037 ], [ 4.414737012049787, 51.217509091565006 ], [ 4.415116221749808, 51.218173354725558 ], [ 4.415597292232948, 51.218811074559966 ], [ 4.416175593684896, 51.21941610828847 ], [ 4.416845559090882, 51.219982627749374 ], [ 4.417600737758894, 51.220505175579447 ], [ 4.418433857387896, 51.220978717828011 ], [ 4.419336894085438, 51.221398692495193 ], [ 4.420301149661109, 51.221761053525469 ], [ 4.421317335450665, 51.222062309829788 ], [ 4.422375661861492, 51.222299558958731 ], [ 4.423465932773489, 51.222470515100376 ], [ 4.42457764388161, 51.222573531131211 ], [ 4.42570008402722, 51.222607614506707 ], [ 4.426822438535925, 51.222572436837076 ], [ 4.427933893559585, 51.222468337055531 ], [ 4.429023740410321, 51.222296318148366 ], [ 4.430081478874358, 51.22205803747832 ], [ 4.43109691850372, 51.221755790795385 ], [ 4.432060276903758, 51.221392490089919 ], [ 4.432962274064236, 51.220971635502806 ], [ 4.433794221820944, 51.220497281565088 ], [ 4.434548107582688, 51.219973998094105 ], [ 4.435216671515303, 51.219406826124711 ], [ 4.43579347643862, 51.218801229302734 ], [ 4.436272969763967, 51.218163041210509 ], [ 4.436650536877945, 51.217498409134343 ], [ 4.436922545461758, 51.216813734817002 ], [ 4.437086380324064, 51.216115612768412 ], [ 4.437140468417543, 51.215410766728866 ] ] ] } },
{ "type": "Feature", "properties": { "stop_id": "osm-604728401", "name": "Ploeg", "lines": "11", "line_count": 1, "source": "osm-overpass", "buffer_m": 800 }, "geometry": { "type": "Polygon", "coordinates": [ [ [ 4.437205582353365, 51.215467560423811 ], [ 4.437149406688102, 51.214762778640385 ], [ 4.436983514143154, 51.214064848407723 ], [ 4.436709507120134, 51.213380490726841 ], [ 4.43633002884641, 51.212716295609674 ], [ 4.435848737750765, 51.212078658641516 ], [ 4.435270272083017, 51.211473719425619 ], [ 4.434600205124038, 51.210907302501226 ], [ 4.433844991422197, 51.210384861302096 ], [ 4.433011904577366, 51.209911425693498 ], [ 4.432108967173851, 51.209491553590688 ], [ 4.431144873537701, 51.209129287122209 ], [ 4.430128906061528, 51.208828113758806 ], [ 4.429070845900534, 51.208590932778691 ], [ 4.427980878896331, 51.208420027391945 ], [ 4.426869497629851, 51.208317042788877 ], [ 4.425747400540967, 51.208282970324007 ], [ 4.424625389079861, 51.208318137985664 ], [ 4.423514263873592, 51.208422207242961 ], [ 4.422424720900552, 51.208594176300217 ], [ 4.421367248665352, 51.208832389727597 ], [ 4.420352027357421, 51.209134554375773 ], [ 4.419388830957982, 51.209497761422902 ], [ 4.418486933232487, 51.209918514342334 ], [ 4.417655018509199, 51.210392762524101 ], [ 4.416901098099745, 51.210915940227935 ], [ 4.416232433164369, 51.211483010495101 ], [ 4.415655464764076, 51.212088513598431 ], [ 4.415175751773967, 51.212726619565878 ], [ 4.414797917257876, 51.213391184274414 ], [ 4.414525603824177, 51.214075808575608 ], [ 4.4143614383974, 51.2147738998856 ], [ 4.41430700675059, 51.215478735647494 ], [ 4.414362838050168, 51.21618352805617 ], [ 4.414528399569176, 51.216881489422768 ], [ 4.414802101627144, 51.217565897549854 ], [ 4.415181312716337, 51.218230160486861 ], [ 4.415662384675721, 51.218867880042225 ], [ 4.41624068767677, 51.219472913438914 ], [ 4.416910654689792, 51.220039432518341 ], [ 4.417665835007295, 51.220561979921037 ], [ 4.418498956312345, 51.221035521700344 ], [ 4.41940199469635, 51.22145549586098 ], [ 4.420366251952638, 51.221817856352267 ], [ 4.421382439400769, 51.222119112090354 ], [ 4.422440767432142, 51.222356360631309 ], [ 4.423531039911034, 51.222527316168801 ], [ 4.424642752517296, 51.222630331585201 ], [ 4.425765194077846, 51.222664414341878 ], [ 4.426887549904653, 51.222629236054985 ], [ 4.427999006136875, 51.222525135663737 ], [ 4.429088854074978, 51.222353116160264 ], [ 4.430146593494713, 51.222114834913043 ], [ 4.431162033938898, 51.221812587677654 ], [ 4.432125393005028, 51.221449286449733 ], [ 4.433027390676465, 51.22102843137526 ], [ 4.433859338784075, 51.220554076989941 ], [ 4.434613224733297, 51.220030793115406 ], [ 4.435281788688167, 51.219463620790421 ], [ 4.435858593468313, 51.218858023664261 ], [ 4.436338086486461, 51.218219835322145 ], [ 4.436715653132177, 51.217555203052775 ], [ 4.436987661091194, 51.216870528600829 ], [ 4.437151495178205, 51.216172406477519 ], [ 4.437205582353365, 51.215467560423811 ] ] ] } },
{ "type": "Feature", "properties": { "stop_id": "osm-2206330125", "name": "Provinciehuis", "lines": "2,6", "line_count": 2, "source": "osm-overpass", "buffer_m": 800 }, "geometry": { "type": "Polygon", "coordinates": [ [ [ 4.422521926480512, 51.1985278822197 ], [ 4.422465993049719, 51.197823088843684 ], [ 4.422300380416252, 51.197125133438746 ], [ 4.422026688283135, 51.196440737248977 ], [ 4.421647556842924, 51.195776490657742 ], [ 4.421166641182661, 51.195138789746686 ], [ 4.420588575935753, 51.194533774735405 ], [ 4.419918930526842, 51.193967270893516 ], [ 4.419164155445374, 51.193444732492154 ], [ 4.418331520068683, 51.192971190332962 ], [ 4.417429042635511, 51.192551203357468 ], [ 4.416465413045079, 51.192188814800495 ], [ 4.415449909224429, 51.191887513308401 ], [ 4.414392307867328, 51.191650199393152 ], [ 4.4133027904009, 51.191479157544627 ], [ 4.4121918450809, 51.191376034266973 ], [ 4.411070166152832, 51.191341822249662 ], [ 4.409948551043545, 51.191376850824383 ], [ 4.408837796566424, 51.191480782799147 ], [ 4.407748595132411, 51.191652617699702 ], [ 4.406691431959179, 51.191890701387607 ], [ 4.405676484261257, 51.192192741962444 ], [ 4.404713523385626, 51.192555831796724 ], [ 4.403811820829474, 51.192976475492145 ], [ 4.402980059040644, 51.193450623490314 ], [ 4.402226247856309, 51.193973711015566 ], [ 4.401557647382499, 51.194540701977495 ], [ 4.400980698056484, 51.195146137412685 ], [ 4.400500958566218, 51.195784188000921 ], [ 4.400123052226939, 51.196448710152708 ], [ 4.39985062233466, 51.19713330512986 ], [ 4.399686296931359, 51.197831380631392 ], [ 4.399631663326704, 51.198536214253124 ], [ 4.39968725262829, 51.19924101821119 ], [ 4.399852534436324, 51.199939004706096 ], [ 4.400125921761215, 51.200623451299052 ], [ 4.400504786124021, 51.201287765669655 ], [ 4.40098548270133, 51.201925549131609 ], [ 4.401563385278974, 51.202530658292872 ], [ 4.402232930683597, 51.203097264265764 ], [ 4.402987672268861, 51.203619908854272 ], [ 4.403820341944681, 51.204093557176016 ], [ 4.40472292015421, 51.204513646209747 ], [ 4.405686713125456, 51.204876128798574 ], [ 4.406702436652738, 51.205177512682575 ], [ 4.407760305599093, 51.205414894183463 ], [ 4.408850128254091, 51.205585986214118 ], [ 4.409961404633746, 51.205689140341917 ], [ 4.411083427770122, 51.205723362691835 ], [ 4.412205387008631, 51.205688323535092 ], [ 4.413316472311199, 51.205584360470368 ], [ 4.414405978553443, 51.205412475166625 ], [ 4.415463408804086, 51.205174323699318 ], [ 4.416478575584957, 51.204872200573604 ], [ 4.417441699129843, 51.204509016589306 ], [ 4.418343501690271, 51.204088270762909 ], [ 4.419175296975287, 51.203614016577596 ], [ 4.419929073860479, 51.203090822889799 ], [ 4.420597573557916, 51.202523729869625 ], [ 4.421174359503112, 51.201918200402574 ], [ 4.421653879286738, 51.201280067422474 ], [ 4.422031518036769, 51.200615477685005 ], [ 4.422303642740488, 51.19993083252573 ], [ 4.422467637084148, 51.199232726174053 ], [ 4.422521926480512, 51.1985278822197 ] ] ] } },
{ "type": "Feature", "properties": { "stop_id": "osm-2206330126", "name": "Provinciehuis", "lines": "2,6", "line_count": 2, "source": "osm-overpass", "buffer_m": 800 }, "geometry": { "type": "Polygon", "coordinates": [ [ [ 4.422949943212264, 51.199003840775013 ], [ 4.422894002744363, 51.198299047730792 ], [ 4.422728382017759, 51.197601093053592 ], [ 4.422454680813494, 51.19691669798037 ], [ 4.422075539411546, 51.196252452883854 ], [ 4.421594612994942, 51.19561475383118 ], [ 4.421016536300692, 51.195009741024073 ], [ 4.420346878863683, 51.194443239710857 ], [ 4.41959209128917, 51.193920704138385 ], [ 4.418759443074756, 51.19344716508099 ], [ 4.417856952582751, 51.193027181450319 ], [ 4.416893309838055, 51.192664796449073 ], [ 4.415877792894293, 51.192363498689261 ], [ 4.414820178571505, 51.192126188646959 ], [ 4.413730648421569, 51.191955150774774 ], [ 4.412619690822273, 51.191852031538552 ], [ 4.411498000137258, 51.191817823588828 ], [ 4.410376373906501, 51.19185285621819 ], [ 4.409265609050389, 51.191956792195583 ], [ 4.408176398079746, 51.192128631008281 ], [ 4.407119226304017, 51.192366718480109 ], [ 4.406104271020546, 51.192668762674273 ], [ 4.405141303649339, 51.193031855928396 ], [ 4.404239595750147, 51.193452502811333 ], [ 4.403407829822292, 51.193926653733953 ], [ 4.402654015742859, 51.194449743892392 ], [ 4.401985413645824, 51.195016737170974 ], [ 4.401408463984171, 51.195622174583939 ], [ 4.400928725449195, 51.196260226791971 ], [ 4.400550821347029, 51.19692475019005 ], [ 4.400278394952268, 51.197609346027946 ], [ 4.400114074273318, 51.198307421996304 ], [ 4.400059446574462, 51.199012255686576 ], [ 4.400115042906529, 51.199717059314075 ], [ 4.400280332802112, 51.200415045082551 ], [ 4.400553729193816, 51.201099490560161 ], [ 4.400932603515439, 51.201763803437252 ], [ 4.401413310847703, 51.202401585041848 ], [ 4.401991224872886, 51.20300669199986 ], [ 4.402660782307383, 51.203573295444748 ], [ 4.403415536388977, 51.204095937204826 ], [ 4.404248218907183, 51.204569582425002 ], [ 4.405150810181417, 51.204989668113868 ], [ 4.406114616313773, 51.205352147146712 ], [ 4.407130352971734, 51.205653527297912 ], [ 4.40818823489176, 51.205890904925141 ], [ 4.409278070238367, 51.206061992978526 ], [ 4.410389358905227, 51.206165143063842 ], [ 4.411511393805958, 51.20619936134495 ], [ 4.412633364172566, 51.206164318132302 ], [ 4.413744459859717, 51.206060351063655 ], [ 4.414833975642928, 51.205888461846563 ], [ 4.415891414498984, 51.205650306594158 ], [ 4.416906588866792, 51.205348179848059 ], [ 4.417869718907056, 51.20498499244303 ], [ 4.418771526808746, 51.204564243428408 ], [ 4.419603326229504, 51.204089986318209 ], [ 4.42035710600513, 51.20356678999697 ], [ 4.421025607319923, 51.202999694660193 ], [ 4.421602393593907, 51.202394163215644 ], [ 4.422081912414684, 51.201756028616217 ], [ 4.422459548919615, 51.201091437633224 ], [ 4.422731670117713, 51.200406791614121 ], [ 4.422895659729111, 51.199708684796683 ], [ 4.422949943212264, 51.199003840775013 ] ] ] } },
{ "type": "Feature", "properties": { "stop_id": "osm-2357174054", "name": "Pulhof", "lines": "7,A3", "line_count": 2, "source": "osm-overpass", "buffer_m": 800 }, "geometry": { "type": "Polygon", "coordinates": [ [ [ 4.442714898925003, 51.182522626460418 ], [ 4.442658679720152, 51.181817838353055 ], [ 4.442492821899345, 51.181119907001005 ], [ 4.442218927522833, 51.180435553415904 ], [ 4.441839638726601, 51.179771367570176 ], [ 4.441358612108761, 51.179133744959934 ], [ 4.440780483367039, 51.178528825050229 ], [ 4.440110822533576, 51.177962432194562 ], [ 4.439356080242791, 51.177440019595224 ], [ 4.4385235255532, 51.176966616842329 ], [ 4.437621175924135, 51.17654678153508 ], [ 4.436657720022394, 51.176184555448096 ], [ 4.435642434101542, 51.175883425663592 ], [ 4.434585092756922, 51.175646291040579 ], [ 4.43349587491253, 51.175475434342985 ], [ 4.432385265940336, 51.175372500292667 ], [ 4.431263956849113, 51.175338479757563 ], [ 4.430142741507123, 51.175373700226196 ], [ 4.429032412881427, 51.175477822659261 ], [ 4.42794365928585, 51.175649844749124 ], [ 4.426886961629411, 51.175888110555192 ], [ 4.425872492647824, 51.176190326423722 ], [ 4.42491001908202, 51.176553583039471 ], [ 4.424008807740124, 51.176974383398154 ], [ 4.423177536342892, 51.177448676432739 ], [ 4.422424210007787, 51.177971895970622 ], [ 4.421756084173828, 51.178539004649863 ], [ 4.42117959470884, 51.179144542372939 ], [ 4.42070029587285, 51.179782678833995 ], [ 4.420322806737254, 51.180447269615883 ], [ 4.420050766579264, 51.181131915318716 ], [ 4.41988679968575, 51.181830023152145 ], [ 4.419832489911261, 51.182534870399863 ], [ 4.419888365241585, 51.183239669145806 ], [ 4.420053892518655, 51.183937631639935 ], [ 4.420327482384828, 51.184622035673812 ], [ 4.42070650440628, 51.185286289336311 ], [ 4.421187312236907, 51.185923994525133 ], [ 4.421765278586851, 51.186529008601809 ], [ 4.422434839664592, 51.187095503593987 ], [ 4.423189548669274, 51.187618022374437 ], [ 4.42402213782155, 51.18809153127247 ], [ 4.424924588337703, 51.188511468609832 ], [ 4.425888207673898, 51.188873788690913 ], [ 4.426903713295886, 51.189175000821379 ], [ 4.427961322165324, 51.189412202977728 ], [ 4.429050845077392, 51.189583109800708 ], [ 4.430161784936538, 51.189686074642253 ], [ 4.431283438018188, 51.189720105451045 ], [ 4.432404997234724, 51.18968487434384 ], [ 4.433515656404167, 51.189580720768681 ], [ 4.434604714510092, 51.189408648230049 ], [ 4.435661678941313, 51.189170314607217 ], [ 4.436676366710112, 51.188868016160065 ], [ 4.437639002667685, 51.18850466537738 ], [ 4.438540313765288, 51.18808376288213 ], [ 4.439371618448606, 51.187609363666503 ], [ 4.440124910321013, 51.187086037983455 ], [ 4.440792935267869, 51.186518827274092 ], [ 4.441369261298392, 51.185913195556935 ], [ 4.441848340433248, 51.185274976749909 ], [ 4.442225562044024, 51.184610318434679 ], [ 4.442497297134349, 51.183925622606431 ], [ 4.442660933140924, 51.183227483981803 ], [ 4.442714898925003, 51.182522626460418 ] ] ] } },
{ "type": "Feature", "properties": { "stop_id": "osm-2357174056", "name": "Pulhof", "lines": "7,A3", "line_count": 2, "source": "osm-overpass", "buffer_m": 800 }, "geometry": { "type": "Polygon", "coordinates": [ [ [ 4.442273005704638, 51.183773669271154 ], [ 4.442216791666158, 51.183068881288868 ], [ 4.442050936007484, 51.182370949648345 ], [ 4.441777040768322, 51.181686595363999 ], [ 4.441397748093222, 51.181022408415046 ], [ 4.440916714617896, 51.180384784308195 ], [ 4.44033857610633, 51.179779862522963 ], [ 4.439668902684931, 51.179213467430877 ], [ 4.438914145109476, 51.178691052255701 ], [ 4.438081572585766, 51.178217646612467 ], [ 4.43717920274492, 51.177797808128091 ], [ 4.436215724448367, 51.17743557860787 ], [ 4.435200414165267, 51.177134445166949 ], [ 4.434143046725467, 51.176897306699587 ], [ 4.433053801304097, 51.176726446006718 ], [ 4.431943163538509, 51.176623507848674 ], [ 4.430821824714529, 51.176589483132894 ], [ 4.429700578986503, 51.176624699388142 ], [ 4.428590219613853, 51.176728817615675 ], [ 4.427501435206246, 51.176900835548381 ], [ 4.426444706969174, 51.177139097285711 ], [ 4.425430207932612, 51.177441309213009 ], [ 4.424467705126725, 51.177804562053048 ], [ 4.423566465641054, 51.178225358837892 ], [ 4.422735167467269, 51.178699648534923 ], [ 4.421981815980614, 51.179222865003759 ], [ 4.421313666862305, 51.179789970911948 ], [ 4.420737156204426, 51.180395506188709 ], [ 4.420257838471171, 51.18103364055176 ], [ 4.419880332916061, 51.181698229604159 ], [ 4.419608278974597, 51.182382873962759 ], [ 4.419444301066608, 51.183080980850143 ], [ 4.419389983152946, 51.183785827559092 ], [ 4.419445853298052, 51.184490626178814 ], [ 4.419611378394064, 51.185188588960479 ], [ 4.419884969104615, 51.185872993692911 ], [ 4.420263994988015, 51.186537248458215 ], [ 4.420744809661207, 51.187174955143561 ], [ 4.421322785768653, 51.187779971095985 ], [ 4.421992359425044, 51.188346468325108 ], [ 4.422747083708516, 51.188868989682149 ], [ 4.42357969069266, 51.189342501471586 ], [ 4.424482161422065, 51.189762441987305 ], [ 4.42544580315821, 51.190124765503057 ], [ 4.426461333151048, 51.190425981291455 ], [ 4.427518968127404, 51.190663187293694 ], [ 4.42860851863087, 51.190834098113498 ], [ 4.429719487299963, 51.190937067064269 ], [ 4.430841170132418, 51.190971102055094 ], [ 4.431962759753838, 51.190935875162438 ], [ 4.433073449689159, 51.190831725793743 ], [ 4.434162538625387, 51.190659657412958 ], [ 4.435219533654164, 51.190421327859262 ], [ 4.436234251492853, 51.190119033353461 ], [ 4.437196916702852, 51.189755686346267 ], [ 4.438098255953515, 51.189334787424357 ], [ 4.438929587419271, 51.188860391545433 ], [ 4.439682904445474, 51.188337068930458 ], [ 4.440350952675211, 51.187769860990905 ], [ 4.440927299893489, 51.187164231718633 ], [ 4.441406397917005, 51.186526015008084 ], [ 4.441783635935559, 51.18586135842078 ], [ 4.442055384794934, 51.185176663935231 ], [ 4.442219031799435, 51.18447852625517 ], [ 4.442273005704638, 51.183773669271154 ] ] ] } },
{ "type": "Feature", "properties": { "stop_id": "osm-616349924", "name": "Rerum Novarum", "lines": "2,A3", "line_count": 2, "source": "osm-overpass", "buffer_m": 800 }, "geometry": { "type": "Polygon", "coordinates": [ [ [ 4.467294667210536, 51.250833147015001 ], [ 4.467237993830602, 51.250128389451191 ], [ 4.467071524752119, 51.249430511259845 ], [ 4.466796867935079, 51.24874623293946 ], [ 4.466416672869479, 51.248082143736433 ], [ 4.465934604890467, 51.247444638214816 ], [ 4.465355309731319, 51.24683985471092 ], [ 4.464684368661358, 51.246273616263458 ], [ 4.463928244645414, 51.245751374586668 ], [ 4.463094220046894, 51.245278157623794 ], [ 4.462190326476406, 51.244858521184163 ], [ 4.461225267462335, 51.244496505126826 ], [ 4.460208334687267, 51.244195594511076 ], [ 4.459149318594837, 51.243958686085357 ], [ 4.458058414224384, 51.243788060435499 ], [ 4.456946123175618, 51.243685360058826 ], [ 4.455823152641709, 51.243651573573629 ], [ 4.454700312476668, 51.243687026215312 ], [ 4.453588411281309, 51.243791376709744 ], [ 4.452498152501169, 51.243963620554098 ], [ 4.451440031529716, 51.244202099673423 ], [ 4.450424234800798, 51.244504518360884 ], [ 4.449460541835593, 51.244867965349115 ], [ 4.448558231181763, 51.245288941801661 ], [ 4.447725991145974, 51.245763394956498 ], [ 4.446971836176088, 51.24628675709986 ], [ 4.446303029696065, 51.246853989497033 ], [ 4.445726014136128, 51.247459630859382 ], [ 4.445246348832693, 51.248097849883152 ], [ 4.444868656398266, 51.248762501355948 ], [ 4.444596578081317, 51.249447185293093 ], [ 4.44443273855065, 51.250145308535416 ], [ 4.444378720449162, 51.250850148217481 ], [ 4.444435048968529, 51.251554916495145 ], [ 4.444601186600428, 51.252252825910716 ], [ 4.444875538122165, 51.252937154765753 ], [ 4.445255465776072, 51.253601311871854 ], [ 4.445737314503488, 51.254238900055469 ], [ 4.446316446996844, 51.254843777803629 ], [ 4.446987288237981, 51.255410118455892 ], [ 4.447743379098429, 51.255932466370353 ], [ 4.448577438488933, 51.256405789521089 ], [ 4.449481433461849, 51.256825528018041 ], [ 4.450446656591953, 51.257187638080161 ], [ 4.451463809889772, 51.257488631035578 ], [ 4.452523094437106, 51.257725606971619 ], [ 4.453614304878046, 51.257896282708025 ], [ 4.454726927850761, 51.25799901382274 ], [ 4.455850243406436, 51.258032810516156 ], [ 4.456973428432058, 51.257997347160632 ], [ 4.458085661074017, 51.257892965441989 ], [ 4.459176225149468, 51.25772067106297 ], [ 4.460234613532614, 51.257482124040578 ], [ 4.461250629513126, 51.257179622691126 ], [ 4.462214485144112, 51.256816081458602 ], [ 4.463116895626756, 51.25639500280127 ], [ 4.463949168818021, 51.255920443408748 ], [ 4.46470328899591, 51.255396975077524 ], [ 4.46537199407349, 51.254829640623029 ], [ 4.465948845517387, 51.254223905255913 ], [ 4.466428290298069, 51.253585603892482 ], [ 4.466805714277593, 51.252920884909358 ], [ 4.467077486524063, 51.252236150885636 ], [ 4.467240994130794, 51.251537996905292 ], [ 4.467294667210536, 51.250833147015001 ] ] ] } },
{ "type": "Feature", "properties": { "stop_id": "osm-616349933", "name": "Rerum Novarum", "lines": "2,A3", "line_count": 2, "source": "osm-overpass", "buffer_m": 800 }, "geometry": { "type": "Polygon", "coordinates": [ [ [ 4.468407542088352, 51.251951839258666 ], [ 4.468350850516012, 51.251247082544467 ], [ 4.468184360774092, 51.250549206232208 ], [ 4.467909681021768, 51.249864930802239 ], [ 4.467529460970059, 51.249200845473069 ], [ 4.467047366194826, 51.248563344771426 ], [ 4.466468042687449, 51.247958566987165 ], [ 4.465797071990236, 51.247392335103847 ], [ 4.465040917353273, 51.246870100772455 ], [ 4.464206861434735, 51.246396891865551 ], [ 4.463302936146686, 51.245977264114813 ], [ 4.462337845322759, 51.245615257295619 ], [ 4.461320880951638, 51.24531435637833 ], [ 4.460261833780977, 51.245077458017967 ], [ 4.459170899149139, 51.244906842703514 ], [ 4.458058578946984, 51.244804152832742 ], [ 4.456935580648167, 51.244770376922851 ], [ 4.455812714373845, 51.244805840107382 ], [ 4.454700788976058, 51.244910201010775 ], [ 4.453610508133229, 51.245082455029987 ], [ 4.452552367451171, 51.245320943992134 ], [ 4.451536553553463, 51.245623372095558 ], [ 4.450572846126589, 51.245986827982392 ], [ 4.449670523857508, 51.246407812730396 ], [ 4.448838275164824, 51.246882273497718 ], [ 4.448084114579889, 51.247405642497299 ], [ 4.447415305580916, 51.247972880928387 ], [ 4.446838290622598, 51.248578527444288 ], [ 4.446358629035802, 51.249216750691538 ], [ 4.445980943397512, 51.249881405417092 ], [ 4.445708874891023, 51.250566091604881 ], [ 4.445545048090941, 51.251264216074084 ], [ 4.445491045517838, 51.251969055947328 ], [ 4.445547392214092, 51.252673823378636 ], [ 4.445713550496549, 51.25337173091841 ], [ 4.445987924943827, 51.25405605688622 ], [ 4.446367877577615, 51.254720210121462 ], [ 4.446849753098768, 51.255357793487754 ], [ 4.447428913941717, 51.255962665518531 ], [ 4.448099784815258, 51.256528999608364 ], [ 4.448855906305472, 51.257051340178542 ], [ 4.449689997028003, 51.257524655273819 ], [ 4.450594023733279, 51.257944385081721 ], [ 4.451559278690272, 51.25830648590491 ], [ 4.45257646360275, 51.258607469160474 ], [ 4.453635779247776, 51.258844435029189 ], [ 4.454727019969674, 51.259015100427774 ], [ 4.455839672114712, 51.259117821033726 ], [ 4.456963015452854, 51.259151607148773 ], [ 4.458086226603275, 51.259116133247097 ], [ 4.459198483460541, 51.259011741116183 ], [ 4.460289069608421, 51.258839436559107 ], [ 4.461347477708406, 51.258600879690931 ], [ 4.462363510860193, 51.258298368922823 ], [ 4.463327380951484, 51.257934818789522 ], [ 4.464229803044223, 51.25751373183499 ], [ 4.465062084883638, 51.257039164828875 ], [ 4.465816210664567, 51.256515689640942 ], [ 4.466484918246297, 51.255948349152654 ], [ 4.467061769071543, 51.255342608632773 ], [ 4.46754121011698, 51.254704303047241 ], [ 4.467918627280907, 51.254039580813341 ], [ 4.468190389697344, 51.25335484454142 ], [ 4.468353884554555, 51.252656689337044 ], [ 4.468407542088352, 51.251951839258666 ] ] ] } },
{ "type": "Feature", "properties": { "stop_id": "osm-582892700", "name": "Richard", "lines": "12", "line_count": 1, "source": "osm-overpass", "buffer_m": 800 }, "geometry": { "type": "Polygon", "coordinates": [ [ [ 4.431100253199698, 51.223897851785573 ], [ 4.431044159662058, 51.223193069429541 ], [ 4.430878328508147, 51.222495132934519 ], [ 4.430604361550314, 51.221810763362079 ], [ 4.430224901632054, 51.221146550838796 ], [ 4.429743607007288, 51.220508891117788 ], [ 4.429165115961595, 51.219903924021523 ], [ 4.428495002021825, 51.219337474357744 ], [ 4.427739720190094, 51.218814995875505 ], [ 4.426906544723394, 51.2183415187991 ], [ 4.426003499060148, 51.217921601442995 ], [ 4.425039278569261, 51.217559286371426 ], [ 4.424023166864893, 51.217258061522955 ], [ 4.422964946490728, 51.217020826671487 ], [ 4.421874804830451, 51.216849865545562 ], [ 4.420763236145816, 51.216746823872064 ], [ 4.419640940680151, 51.216712693554889 ], [ 4.418518721792401, 51.216747803139214 ], [ 4.417407382105381, 51.216851814653275 ], [ 4.41631761966109, 51.217023726857242 ], [ 4.41525992507579, 51.217261884868591 ], [ 4.414244480678355, 51.217563996071625 ], [ 4.413281062596707, 51.217927152159042 ], [ 4.412378946729646, 51.218347857094969 ], [ 4.411546819504951, 51.218822060731526 ], [ 4.410792694279765, 51.219345197757512 ], [ 4.410123834186185, 51.219912231606081 ], [ 4.409546682164433, 51.220517702900956 ], [ 4.409066798858114, 51.221155781976549 ], [ 4.408688808971811, 51.221820324969116 ], [ 4.408416356611077, 51.222504932939586 ], [ 4.408252070039582, 51.223203013461656 ], [ 4.408197536198554, 51.223907844082568 ], [ 4.408253285240312, 51.224612637046995 ], [ 4.408418785231959, 51.225310604660955 ], [ 4.408692447087532, 51.225995024667057 ], [ 4.409071639688441, 51.22665930500056 ], [ 4.409552715053624, 51.227297047302443 ], [ 4.410131043323522, 51.227902108576707 ], [ 4.410801057226669, 51.228468660396388 ], [ 4.411556305605299, 51.228991245086618 ], [ 4.412389515488009, 51.229464828341619 ], [ 4.413292662113788, 51.229884847766556 ], [ 4.414257046233796, 51.230247256874712 ], [ 4.415273377945701, 51.230548564113761 ], [ 4.416331866251046, 51.230785866543577 ], [ 4.41742231346971, 51.230956877838658 ], [ 4.418534213597493, 51.231059950344061 ], [ 4.419656853653899, 51.231094090971105 ], [ 4.420779417037552, 51.231058970778392 ], [ 4.421891087886847, 51.230954928145387 ], [ 4.42298115543341, 51.230782965507771 ], [ 4.424039117336062, 51.230544739686181 ], [ 4.425054780993075, 51.230242545902271 ], [ 4.42601836185051, 51.229879295636863 ], [ 4.42692057775418, 51.229458488545056 ], [ 4.427752738431958, 51.228984178700493 ], [ 4.428506829241118, 51.228460935495917 ], [ 4.429175588372154, 51.22789379957851 ], [ 4.429752576764776, 51.227288234247069 ], [ 4.430232240063557, 51.226650072780863 ], [ 4.430609962018678, 51.225985462209948 ], [ 4.430882108821038, 51.225300804070351 ], [ 4.431046063949394, 51.224602692716374 ], [ 4.431100253199698, 51.223897851785573 ] ] ] } },
{ "type": "Feature", "properties": { "stop_id": "osm-616349950", "name": "Ringlaan", "lines": "2,A3", "line_count": 2, "source": "osm-overpass", "buffer_m": 800 }, "geometry": { "type": "Polygon", "coordinates": [ [ [ 4.469647693135002, 51.253380319181247 ], [ 4.469590981067276, 51.25267556346585 ], [ 4.469424467647715, 51.251977689299046 ], [ 4.469149761263779, 51.251293417140516 ], [ 4.468769511883146, 51.250629336177205 ], [ 4.468287385364263, 51.249991840893685 ], [ 4.467708028004287, 51.249387069527657 ], [ 4.467037021671535, 51.248820845000814 ], [ 4.466280829959217, 51.248298618893273 ], [ 4.465446735882422, 51.247825418998332 ], [ 4.464542771720508, 51.247405800960905 ], [ 4.463577641681225, 51.247043804462841 ], [ 4.462560638130645, 51.246742914375062 ], [ 4.461501552193412, 51.246506027248394 ], [ 4.460410579580881, 51.246335423463563 ], [ 4.459298222549354, 51.246232745307438 ], [ 4.458175188926822, 51.246198981184371 ], [ 4.457052289174314, 51.246234456114493 ], [ 4.455940332465986, 51.246338828609161 ], [ 4.454850022781567, 51.246511093953735 ], [ 4.453791856004433, 51.246749593866291 ], [ 4.452776019009343, 51.247052032439903 ], [ 4.451812291705163, 51.247415498215723 ], [ 4.450909952970274, 51.247836492176461 ], [ 4.450077691381933, 51.248310961391496 ], [ 4.44932352159582, 51.248834337992434 ], [ 4.448654707178957, 51.24940158310536 ], [ 4.448077690638462, 51.25000723531921 ], [ 4.44759803132073, 51.250645463225624 ], [ 4.447220351781217, 51.251310121526672 ], [ 4.446948293144827, 51.251994810171858 ], [ 4.446784479891459, 51.252692935956588 ], [ 4.446730494411561, 51.253397775990834 ], [ 4.446786861583218, 51.254102542426999 ], [ 4.446953043526376, 51.254800447825026 ], [ 4.447227444592029, 51.255484770525037 ], [ 4.447607426545707, 51.256148919397837 ], [ 4.448089333806028, 51.256786497349069 ], [ 4.448668528501827, 51.257391362964199 ], [ 4.449339435015871, 51.257957689699595 ], [ 4.450095593590932, 51.258480022047308 ], [ 4.45092972248537, 51.258953328131298 ], [ 4.451833788081803, 51.259373048225875 ], [ 4.452799082274407, 51.259735138727137 ], [ 4.4538163063888, 51.26003611115172 ], [ 4.45487566082419, 51.260273065784659 ], [ 4.455966939550979, 51.260443719650958 ], [ 4.457079628549079, 51.260546428539186 ], [ 4.458203007233201, 51.260580202863942 ], [ 4.459326251881794, 51.260544717213037 ], [ 4.460438540066537, 51.260440313487138 ], [ 4.461529155069249, 51.260267997601069 ], [ 4.462587589273341, 51.260029429779024 ], [ 4.463603645526987, 51.259726908537701 ], [ 4.46456753549534, 51.259363348512771 ], [ 4.465469974048921, 51.258942252343509 ], [ 4.466302268774501, 51.258467676888301 ], [ 4.467056403742955, 51.257944194098307 ], [ 4.467725116725288, 51.25737684692826 ], [ 4.468301969112447, 51.256771100711177 ], [ 4.468781407866365, 51.256132790467952 ], [ 4.469158818907729, 51.255468064660633 ], [ 4.469430571429867, 51.254783325933978 ], [ 4.469594052716678, 51.254085169417159 ], [ 4.469647693135002, 51.253380319181247 ] ] ] } },
{ "type": "Feature", "properties": { "stop_id": "osm-616349961", "name": "Ringlaan", "lines": "2,A3", "line_count": 2, "source": "osm-overpass", "buffer_m": 800 }, "geometry": { "type": "Polygon", "coordinates": [ [ [ 4.471110662769422, 51.254884477527071 ], [ 4.471053926742695, 51.254179722939433 ], [ 4.4708873860364, 51.253481851253582 ], [ 4.470612649301027, 51.252797582905309 ], [ 4.47023236679675, 51.252133507044697 ], [ 4.469750204701137, 51.251496018107268 ], [ 4.469170809654019, 51.250891254269419 ], [ 4.468499763886639, 51.250325038380353 ], [ 4.467743531371887, 51.249802821936981 ], [ 4.466909395517636, 51.249329632639515 ], [ 4.466005389005357, 51.24891002603075 ], [ 4.46504021645038, 51.248548041682518 ], [ 4.46402317062789, 51.248247164348768 ], [ 4.462964043069282, 51.24801029045743 ], [ 4.461873029886379, 51.24783970026192 ], [ 4.460760633725811, 51.247737035918163 ], [ 4.459637562792043, 51.247703285697646 ], [ 4.458514627905092, 51.247738774486606 ], [ 4.457402638577181, 51.247843160663038 ], [ 4.456312299101922, 51.24801543938058 ], [ 4.455254105649414, 51.248253952228595 ], [ 4.454238245351186, 51.24855640317557 ], [ 4.453274498340472, 51.248919880643648 ], [ 4.452372143685462, 51.249340885502868 ], [ 4.451539870116831, 51.24981536471779 ], [ 4.450785692405799, 51.250338750323685 ], [ 4.450116874195929, 51.25090600335993 ], [ 4.449539858031162, 51.251511662339134 ], [ 4.449060203254596, 51.252149895787817 ], [ 4.448682532378307, 51.252814558354594 ], [ 4.448410486444139, 51.253499249947858 ], [ 4.448246689810047, 51.254197377334634 ], [ 4.448192724706787, 51.254902217609377 ], [ 4.448249115816545, 51.255606982922082 ], [ 4.448415325029031, 51.256304885843505 ], [ 4.448689756432873, 51.256989204737501 ], [ 4.449069771501618, 51.257653348511532 ], [ 4.449551714335089, 51.258290920120203 ], [ 4.450130946719586, 51.258895778210089 ], [ 4.450801892674893, 51.259462096309967 ], [ 4.451558092063845, 51.25998441899501 ], [ 4.452392262751574, 51.2604577144822 ], [ 4.45329637071798, 51.260877423147903 ], [ 4.454261707448911, 51.261239501498338 ], [ 4.45527897385999, 51.261540461167101 ], [ 4.456338369942727, 51.261777402562124 ], [ 4.457429689266066, 51.261948042835918 ], [ 4.458542417418577, 51.262050737908048 ], [ 4.45966583343752, 51.262084498326161 ], [ 4.460789113241455, 51.262048998812119 ], [ 4.46190143406319, 51.261944581400137 ], [ 4.462992078869987, 51.261772252136872 ], [ 4.464050539758032, 51.261533671375446 ], [ 4.465066619318398, 51.261231137757235 ], [ 4.466030528991726, 51.260867566037128 ], [ 4.466932983458793, 51.260446458967081 ], [ 4.467765290153209, 51.25997187351048 ], [ 4.468519433030749, 51.259448381714869 ], [ 4.469188149786473, 51.258881026621658 ], [ 4.469765001775278, 51.258275273640258 ], [ 4.470244435963254, 51.257636957856597 ], [ 4.470621838315417, 51.2569722277861 ], [ 4.470893578109154, 51.256287486114559 ], [ 4.471057042751323, 51.255589327999409 ], [ 4.471110662769422, 51.254884477527071 ] ] ] } },
{ "type": "Feature", "properties": { "stop_id": "osm-604968404", "name": "Roosevelt", "lines": "11,24", "line_count": 2, "source": "osm-overpass", "buffer_m": 800 }, "geometry": { "type": "Polygon", "coordinates": [ [ [ 4.429655540170137, 51.219364991638074 ], [ 4.429599473921846, 51.218660207343902 ], [ 4.429433680511616, 51.217962267582841 ], [ 4.429159761387423, 51.217277893447907 ], [ 4.428780358931348, 51.216613675109791 ], [ 4.428299130843288, 51.215976008377588 ], [ 4.427720714767574, 51.215371033141452 ], [ 4.427050683508774, 51.214804574287513 ], [ 4.426295491272644, 51.214282085653466 ], [ 4.425462411453421, 51.213808597561354 ], [ 4.42455946656868, 51.213388668431797 ], [ 4.423595351017243, 51.213026340942498 ], [ 4.422579347403272, 51.212725103151513 ], [ 4.421521237230255, 51.212487854957509 ], [ 4.420431206821442, 51.212316880217408 ], [ 4.419319749368126, 51.212213824789231 ], [ 4.418197564043396, 51.212179680709298 ], [ 4.417075453146465, 51.212214776655244 ], [ 4.415964218261083, 51.212318774786581 ], [ 4.414874556420822, 51.212490673992313 ], [ 4.413816957273831, 51.21272881951505 ], [ 4.41280160223049, 51.213030918859225 ], [ 4.411838266558655, 51.213394063831736 ], [ 4.410936225363756, 51.213814758503602 ], [ 4.410104164354538, 51.214288952825818 ], [ 4.409350096250351, 51.21481208157676 ], [ 4.408681283632896, 51.215379108269282 ], [ 4.408104168984709, 51.215984573595918 ], [ 4.407624312588837, 51.216622647948682 ], [ 4.407246338889936, 51.217287187509186 ], [ 4.406973891836795, 51.21797179337149 ], [ 4.406809599641019, 51.218669873129613 ], [ 4.406755049297021, 51.219374704338165 ], [ 4.406810771115066, 51.22007949923627 ], [ 4.406976233423495, 51.220777470111365 ], [ 4.407249847498381, 51.221461894674704 ], [ 4.407628982680526, 51.222126180817739 ], [ 4.408109991541212, 51.222763930125581 ], [ 4.408688244860898, 51.223368999534856 ], [ 4.40935817608964, 51.223935560540298 ], [ 4.410113334865777, 51.224458155378656 ], [ 4.410946449080925, 51.224931749646473 ], [ 4.411849494895694, 51.225351780842892 ], [ 4.412813774032579, 51.225714202367818 ], [ 4.413829997600915, 51.22601552254941 ], [ 4.414888375644501, 51.226252838322928 ], [ 4.415978711545967, 51.226423863234245 ], [ 4.417090500374107, 51.226526949497341 ], [ 4.41821303022128, 51.226561103891001 ], [ 4.419335485548474, 51.226525997341113 ], [ 4.42044705153567, 51.22642196809575 ], [ 4.421537018425249, 51.226250018461577 ], [ 4.422594884846171, 51.226011805133929 ], [ 4.423610459116881, 51.22570962321408 ], [ 4.424573957544737, 51.225346384068473 ], [ 4.425476098769681, 51.224925587245089 ], [ 4.426308193238875, 51.224451286718583 ], [ 4.427062226947122, 51.223928051791916 ], [ 4.427730938634536, 51.223360923032551 ], [ 4.428307889697268, 51.222755363670281 ], [ 4.428787526138769, 51.222117206926868 ], [ 4.429165231967102, 51.221452599786907 ], [ 4.429437373527604, 51.220767943753373 ], [ 4.429601334348568, 51.220069833160331 ], [ 4.429655540170137, 51.219364991638074 ] ] ] } },
{ "type": "Feature", "properties": { "stop_id": "osm-6466975538", "name": "Roosevelt", "lines": "1,24", "line_count": 2, "source": "osm-overpass", "buffer_m": 800 }, "geometry": { "type": "Polygon", "coordinates": [ [ [ 4.427764796360775, 51.22040747475527 ], [ 4.427708757436657, 51.21970268985234 ], [ 4.427542988619158, 51.219004747724924 ], [ 4.427269091119701, 51.218320369488843 ], [ 4.42688970711242, 51.217656145354375 ], [ 4.426408494119877, 51.217018471186492 ], [ 4.425830089641363, 51.216413486946998 ], [ 4.425160066370084, 51.215847017608766 ], [ 4.424404878435183, 51.215324517110432 ], [ 4.423571799189746, 51.214851015888385 ], [ 4.422668851146053, 51.214431072489567 ], [ 4.421704728733524, 51.214068729729128 ], [ 4.42068871462252, 51.213767475812169 ], [ 4.41963059041767, 51.213530210792513 ], [ 4.418540542577349, 51.213359218689135 ], [ 4.417429064460648, 51.213256145527176 ], [ 4.416306855439519, 51.213221983513662 ], [ 4.415184718041179, 51.213257061498858 ], [ 4.41407345410436, 51.213361041815197 ], [ 4.412983760942127, 51.21353292352314 ], [ 4.411926128503963, 51.213771052033742 ], [ 4.410910738520522, 51.214073135015255 ], [ 4.409947366595818, 51.214436264432088 ], [ 4.409045288184086, 51.214856944505058 ], [ 4.408213189352183, 51.21533112532574 ], [ 4.407459083183438, 51.215854241802553 ], [ 4.406790232625906, 51.216421257566552 ], [ 4.406213080527324, 51.217026713415571 ], [ 4.405733187531292, 51.217664779832951 ], [ 4.405355178434892, 51.218329313076744 ], [ 4.405082697527813, 51.219013914301975 ], [ 4.404918373347781, 51.2197119911473 ], [ 4.404863793197367, 51.220416821195592 ], [ 4.404919487674087, 51.221121616697076 ], [ 4.405084925369841, 51.221819589933581 ], [ 4.405358517798022, 51.222504018593646 ], [ 4.40573763450822, 51.223168310529296 ], [ 4.406218628249944, 51.223806067269997 ], [ 4.406796869949592, 51.224411145680719 ], [ 4.407466793169459, 51.224977717169629 ], [ 4.408221947625325, 51.22550032387246 ], [ 4.409055061250679, 51.225973931271554 ], [ 4.409958110212046, 51.22639397673953 ], [ 4.410922396201796, 51.226756413538851 ], [ 4.411938630263388, 51.227057749850495 ], [ 4.412997022339616, 51.227295082454305 ], [ 4.414087375677957, 51.227466124734057 ], [ 4.415199185179198, 51.227569228736371 ], [ 4.416321738736472, 51.227603401069089 ], [ 4.417444220582225, 51.227568312485289 ], [ 4.418555815640801, 51.227464301059904 ], [ 4.419645813874321, 51.227292368927962 ], [ 4.420703713609571, 51.227054172616157 ], [ 4.421719322843827, 51.226752007061833 ], [ 4.422682857547389, 51.22638878347378 ], [ 4.423585036010516, 51.225968001250116 ], [ 4.424417168321439, 51.22549371422491 ], [ 4.42517124011025, 51.224970491571078 ], [ 4.425839989750094, 51.224403373737907 ], [ 4.426416978271447, 51.223797823850013 ], [ 4.426896651316889, 51.223159675037955 ], [ 4.427274392541916, 51.222495074210009 ], [ 4.427546567950985, 51.22181042280841 ], [ 4.427710560746487, 51.22111231512271 ], [ 4.427764796360775, 51.22040747475527 ] ] ] } },
{ "type": "Feature", "properties": { "stop_id": "osm-7106153100", "name": "Roosevelt", "lines": "11", "line_count": 1, "source": "osm-overpass", "buffer_m": 800 }, "geometry": { "type": "Polygon", "coordinates": [ [ [ 4.428085594860026, 51.21958704367816 ], [ 4.428029552073379, 51.218882258700859 ], [ 4.427863781371147, 51.218184316799046 ], [ 4.427589883982726, 51.217499939086494 ], [ 4.427210502081005, 51.216835715768298 ], [ 4.42672929316811, 51.21619804270162 ], [ 4.426150894703892, 51.215593059837651 ], [ 4.42548087932352, 51.215026592136063 ], [ 4.42472570108005, 51.214504093519672 ], [ 4.423892633233174, 51.214030594406729 ], [ 4.422989698185373, 51.213610653323975 ], [ 4.422025590240918, 51.213248313064184 ], [ 4.421009591930883, 51.212947061808421 ], [ 4.4199514847078, 51.212709799584893 ], [ 4.418861454866608, 51.212538810385645 ], [ 4.417749995593194, 51.212435740207901 ], [ 4.416627806078192, 51.212401581229905 ], [ 4.415505688661136, 51.212436662272772 ], [ 4.414394444988508, 51.212540645639436 ], [ 4.413304772178391, 51.212712530361046 ], [ 4.412247159984445, 51.212950661819605 ], [ 4.41123178994253, 51.213252747654984 ], [ 4.410268437464744, 51.213615879804138 ], [ 4.409366377818168, 51.214036562461544 ], [ 4.408534296889031, 51.214510745693858 ], [ 4.407780207588305, 51.215033864386328 ], [ 4.40711137270162, 51.215600882148607 ], [ 4.406534234925792, 51.216206339759324 ], [ 4.406054354766437, 51.216844407684761 ], [ 4.405676356896929, 51.217508942168529 ], [ 4.405403885498738, 51.218193544353582 ], [ 4.405239569017873, 51.218891621869446 ], [ 4.405184994682603, 51.219596452292436 ], [ 4.405240693034272, 51.22030124786918 ], [ 4.405406132627283, 51.220999220880742 ], [ 4.405679724956576, 51.221683649017848 ], [ 4.406058839572518, 51.22234794013756 ], [ 4.406539829244629, 51.222985695777155 ], [ 4.40711806493835, 51.223590772812265 ], [ 4.407787980273695, 51.224157342664235 ], [ 4.408543125042287, 51.224679947484645 ], [ 4.409376227270847, 51.225153552773911 ], [ 4.410279263235635, 51.225573595924992 ], [ 4.411243534754194, 51.225936030222684 ], [ 4.412259753009389, 51.22623736387208 ], [ 4.413318128096317, 51.226474693678682 ], [ 4.414408463426185, 51.226645733053211 ], [ 4.415520254073344, 51.22674883407025 ], [ 4.416642788112657, 51.22678300336645 ], [ 4.417765249964708, 51.226747911724146 ], [ 4.418876824746573, 51.226643897247726 ], [ 4.419966802615822, 51.226471962101584 ], [ 4.421024682095549, 51.226233762841503 ], [ 4.42204027137825, 51.225931594433163 ], [ 4.423003786626522, 51.22556836811291 ], [ 4.423905946318109, 51.225147583305109 ], [ 4.424738060722112, 51.224673293868754 ], [ 4.425492115641135, 51.224150068999982 ], [ 4.426160849610818, 51.223582949169376 ], [ 4.426737823812536, 51.222977397520765 ], [ 4.42721748402673, 51.222339247201667 ], [ 4.427595214032393, 51.221674645134854 ], [ 4.427867379941918, 51.220989992774506 ], [ 4.428031365049049, 51.22029188441936 ], [ 4.428085594860026, 51.21958704367816 ] ] ] } },
{ "type": "Feature", "properties": { "stop_id": "osm-7106154302", "name": "Roosevelt", "lines": "1,24", "line_count": 2, "source": "osm-overpass", "buffer_m": 800 }, "geometry": { "type": "Polygon", "coordinates": [ [ [ 4.42802144067521, 51.220995249908547 ], [ 4.427965397165461, 51.220290465289629 ], [ 4.427799622416965, 51.219592523682699 ], [ 4.427525717698373, 51.21890814619865 ], [ 4.427146325253438, 51.218243923040404 ], [ 4.426665102686058, 51.217606250063604 ], [ 4.426086687587786, 51.2170012672185 ], [ 4.425416652754131, 51.216434799464572 ], [ 4.424661452425588, 51.215912300725208 ], [ 4.423828360074584, 51.215438801419744 ], [ 4.422925398339562, 51.215018860076782 ], [ 4.421961261781731, 51.214656519491626 ], [ 4.420945233207587, 51.214355267848426 ], [ 4.41988709436094, 51.214118005179067 ], [ 4.418797031841054, 51.213947015479988 ], [ 4.417685539148268, 51.213843944753116 ], [ 4.416563315794777, 51.213809785182008 ], [ 4.4154411644457, 51.213844865593494 ], [ 4.414329887074002, 51.213948848296582 ], [ 4.413240181122017, 51.214120732328809 ], [ 4.41218253666231, 51.214358863078814 ], [ 4.411167135541233, 51.214660948193348 ], [ 4.410203753470011, 51.215024079616228 ], [ 4.409301666000566, 51.215444761549058 ], [ 4.408469559286982, 51.215918944065393 ], [ 4.407715446488513, 51.216442062057396 ], [ 4.407046590617106, 51.21700907914154 ], [ 4.406469434571752, 51.217614536102914 ], [ 4.405989539034143, 51.21825260341415 ], [ 4.405611528825944, 51.218917137324716 ], [ 4.405339048247678, 51.219601738983201 ], [ 4.405174725834022, 51.220299816024095 ], [ 4.40512014887067, 51.221004646028327 ], [ 4.405175847924574, 51.22170944124661 ], [ 4.405341291543674, 51.222407413963431 ], [ 4.405614891184429, 51.223091841872332 ], [ 4.40599401632706, 51.223756132832612 ], [ 4.406475019639946, 51.224393888383034 ], [ 4.40705327195736, 51.224998965400097 ], [ 4.407723206739372, 51.225565535305307 ], [ 4.408478373590413, 51.226088140249722 ], [ 4.409311500324583, 51.22656174573256 ], [ 4.410214562982109, 51.226981789144865 ], [ 4.411178863123392, 51.22734422376891 ], [ 4.412195111655521, 51.227645557806696 ], [ 4.413253518381811, 51.227882888059881 ], [ 4.414343886408544, 51.228053927934937 ], [ 4.415455710494916, 51.228157029501581 ], [ 4.416578278393471, 51.228191199391162 ], [ 4.417700774198408, 51.228156108380297 ], [ 4.418812382699516, 51.228052094567353 ], [ 4.419902393729346, 51.22788016011026 ], [ 4.42096030549136, 51.227641961558206 ], [ 4.421975925866927, 51.227339793870044 ], [ 4.422939470718998, 51.226976568275198 ], [ 4.423841658240074, 51.226555784191085 ], [ 4.424673798431145, 51.2260814954697 ], [ 4.425427876846432, 51.225558271300343 ], [ 4.426096631795317, 51.224991152146842 ], [ 4.42667362425721, 51.224385601146565 ], [ 4.427153299836835, 51.223747451440772 ], [ 4.427531042165391, 51.223082849946358 ], [ 4.427803217236825, 51.222398198111946 ], [ 4.427967208256902, 51.221700090231259 ], [ 4.42802144067521, 51.220995249908547 ] ] ] } },
{ "type": "Feature", "properties": { "stop_id": "osm-1466191710", "name": "Ruggeveld", "lines": "10,A9", "line_count": 2, "source": "osm-overpass", "buffer_m": 800 }, "geometry": { "type": "Polygon", "coordinates": [ [ [ 4.493630137555724, 51.219806396192126 ], [ 4.493573103860362, 51.219101642622242 ], [ 4.493406351425119, 51.218403792952465 ], [ 4.493131490931487, 51.217719567405716 ], [ 4.492751173823458, 51.217055554719288 ], [ 4.492269066604138, 51.216418148719754 ], [ 4.49168981537778, 51.215813486784533 ], [ 4.491019000984366, 51.215247390781315 ], [ 4.490263085163477, 51.21472531105254 ], [ 4.489429348269329, 51.214252273982005 ], [ 4.488525819138936, 51.213832833647032 ], [ 4.487561197789487, 51.213471028018738 ], [ 4.486544771688654, 51.213170340130624 ], [ 4.485486326402014, 51.212933664587084 ], [ 4.484396051474642, 51.212763279732265 ], [ 4.483284442448574, 51.212660825745594 ], [ 4.482162199954055, 51.21262728887362 ], [ 4.481040126839958, 51.212662991948953 ], [ 4.479929024326935, 51.212767591286742 ], [ 4.478839588176145, 51.212940079988563 ], [ 4.477782305866215, 51.213178797622163 ], [ 4.476767355761591, 51.213481446184325 ], [ 4.475804509236931, 51.213845112194321 ], [ 4.474903036694447, 51.214266294706583 ], [ 4.47407161837464, 51.214740938974643 ], [ 4.473318260815952, 51.215264475443966 ], [ 4.472650219765687, 51.215831863700572 ], [ 4.47207393028401, 51.21643764095419 ], [ 4.471594944714775, 51.217075974591523 ], [ 4.471217879122791, 51.21774071829546 ], [ 4.470946368716785, 51.21842547119202 ], [ 4.470783032692071, 51.219123639456832 ], [ 4.470729448837173, 51.219828499789692 ], [ 4.470786138155463, 51.220533264146454 ], [ 4.470952559656968, 51.221231145106188 ], [ 4.471227115377792, 51.221915421243509 ], [ 4.47160716558619, 51.222579501876922 ], [ 4.472089054035858, 51.223216990568709 ], [ 4.472668143029743, 51.22382174676364 ], [ 4.473338857962361, 51.22438794497166 ], [ 4.474094740916354, 51.22491013092268 ], [ 4.474928512800569, 51.225383274150822 ], [ 4.475832143433339, 51.225802816499183 ], [ 4.476796928896801, 51.226164716076369 ], [ 4.477813575416472, 51.226465486238439 ], [ 4.478872288956201, 51.226702229219235 ], [ 4.479962869662096, 51.226872664083082 ], [ 4.481074810241232, 51.226975148728727 ], [ 4.482197397321952, 51.227008695731385 ], [ 4.483319814813134, 51.226972981869146 ], [ 4.484431248259911, 51.226868351241393 ], [ 4.485520989183517, 51.226695811949007 ], [ 4.486578538393081, 51.226457026368422 ], [ 4.487593707267354, 51.226154295113993 ], [ 4.488556716024481, 51.225790534844307 ], [ 4.489458288027747, 51.225369250127223 ], [ 4.490289739214429, 51.224894499636918 ], [ 4.491043061783037, 51.22437085700998 ], [ 4.491711001330909, 51.223803366739972 ], [ 4.492287126698566, 51.223197495537491 ], [ 4.492765891848961, 51.222559079626222 ], [ 4.493142689187861, 51.221894268485009 ], [ 4.49341389381535, 51.221209465579442 ], [ 4.493576898287014, 51.220511266655642 ], [ 4.493630137555724, 51.219806396192126 ] ] ] } },
{ "type": "Feature", "properties": { "stop_id": "osm-1466191712", "name": "Ruggeveld", "lines": "10,A9", "line_count": 2, "source": "osm-overpass", "buffer_m": 800 }, "geometry": { "type": "Polygon", "coordinates": [ [ [ 4.49362684622491, 51.219841696511374 ], [ 4.493569812536109, 51.219136942949667 ], [ 4.493403060023881, 51.2184390932849 ], [ 4.493128199370466, 51.217754867739927 ], [ 4.492747882021401, 51.217090855052085 ], [ 4.492265774482122, 51.216453449047897 ], [ 4.491686522859964, 51.215848787104903 ], [ 4.491015707998729, 51.215282691090799 ], [ 4.490259791642504, 51.214760611348147 ], [ 4.489426054150663, 51.214287574260929 ], [ 4.488522524365972, 51.213868133906558 ], [ 4.487557902311923, 51.213506328256322 ], [ 4.486541475462969, 51.213205640344015 ], [ 4.485483029391888, 51.212968964774227 ], [ 4.484392753651308, 51.212798579891363 ], [ 4.483281143791081, 51.212696125875077 ], [ 4.482158900449488, 51.212662588972243 ], [ 4.481036826483546, 51.212698292015787 ], [ 4.479925723122102, 51.212802891321125 ], [ 4.478836286134487, 51.212975379990127 ], [ 4.477779003007374, 51.213214097590921 ], [ 4.47676405211307, 51.213516746120582 ], [ 4.475801204833838, 51.213880412098646 ], [ 4.474899731579153, 51.214301594579929 ], [ 4.474068312596372, 51.214776238818217 ], [ 4.473314954430314, 51.215299775259254 ], [ 4.472646912834142, 51.215867163489364 ], [ 4.472070622873272, 51.216472940718511 ], [ 4.471591636896186, 51.217111274333639 ], [ 4.471214570971617, 51.217776018017858 ], [ 4.470943060311503, 51.218460770897366 ], [ 4.470779724113612, 51.219158939147967 ], [ 4.470726140168144, 51.219863799469572 ], [ 4.470782829479347, 51.22056856381819 ], [ 4.470949251057327, 51.221266444772915 ], [ 4.471223806937458, 51.221950720908438 ], [ 4.471603857386468, 51.22261480154328 ], [ 4.472085746155742, 51.223252290239714 ], [ 4.472664835545153, 51.223857046442454 ], [ 4.473335550945412, 51.224423244661388 ], [ 4.474091434434661, 51.224945430626299 ], [ 4.474925206916592, 51.225418573871167 ], [ 4.475828838203785, 51.22583811623894 ], [ 4.476793624372067, 51.226200015838074 ], [ 4.477810271640169, 51.226500786024353 ], [ 4.478868985964723, 51.226737529031439 ], [ 4.479959567484278, 51.226907963923367 ], [ 4.481071508898061, 51.227010448598627 ], [ 4.482194096826377, 51.227043995632158 ], [ 4.483316515169929, 51.227008281801723 ], [ 4.484427949465636, 51.226903651206442 ], [ 4.485517691226544, 51.22673111194684 ], [ 4.486575241253718, 51.226492326399061 ], [ 4.487590410918022, 51.226189595177132 ], [ 4.488553420429994, 51.225825834939336 ], [ 4.489454993145642, 51.225404550253245 ], [ 4.490286444995381, 51.224929799792683 ], [ 4.491039768171333, 51.224406157193989 ], [ 4.491707708264991, 51.223838666950464 ], [ 4.492283834111616, 51.223232795772418 ], [ 4.492762599669552, 51.222594379883311 ], [ 4.49313939734065, 51.221929568761787 ], [ 4.4934106022218, 51.221244765873259 ], [ 4.493573606866146, 51.220546566963698 ], [ 4.49362684622491, 51.219841696511374 ] ] ] } },
{ "type": "Feature", "properties": { "stop_id": "osm-12396061883", "name": "Ruggeveldlaan", "lines": "A9", "line_count": 1, "source": "osm-overpass", "buffer_m": 800 }, "geometry": { "type": "Polygon", "coordinates": [ [ [ 4.490495971625592, 51.231341699883302 ], [ 4.490438971196295, 51.230636947999905 ], [ 4.49027222441352, 51.229939097075281 ], [ 4.489997341906797, 51.229254867344522 ], [ 4.489616975334489, 51.228590847585245 ], [ 4.48913479167824, 51.227953431692214 ], [ 4.488555437780317, 51.227348757138081 ], [ 4.487884495471014, 51.226782645912003 ], [ 4.48712842772292, 51.226260548502957 ], [ 4.486294516354041, 51.225787491464942 ], [ 4.485390791881856, 51.225368029067383 ], [ 4.484425956204475, 51.225006199493727 ], [ 4.483409298852866, 51.224705486007977 ], [ 4.482350607618435, 51.224468783460807 ], [ 4.481260074413226, 51.22429837045626 ], [ 4.480148197264641, 51.224195887444694 ], [ 4.479025679382861, 51.224162320952026 ], [ 4.477903326266469, 51.224197994096002 ], [ 4.476791941830196, 51.22430256347986 ], [ 4.475702224547801, 51.2244750224936 ], [ 4.474644664602987, 51.224713710990841 ], [ 4.473629443031806, 51.225016331248916 ], [ 4.472666333821403, 51.225379970059663 ], [ 4.471764609902269, 51.225801126739569 ], [ 4.470932953934692, 51.226275746790989 ], [ 4.470179374745127, 51.226799260892726 ], [ 4.469511130215146, 51.227366628846333 ], [ 4.468934657364843, 51.227972388057239 ], [ 4.468455510304815, 51.22861070608603 ], [ 4.46807830665636, 51.229275436766166 ], [ 4.467806682959408, 51.229960179349206 ], [ 4.467643259502305, 51.23065834011031 ], [ 4.467589614917839, 51.231363195821686 ], [ 4.467646270796658, 51.232067958483896 ], [ 4.467812686473325, 51.232765840692316 ], [ 4.468087264042521, 51.233450121009724 ], [ 4.468467363564463, 51.234114208714409 ], [ 4.468949328320108, 51.234751707300546 ], [ 4.469528519879411, 51.235356476117644 ], [ 4.470199362650663, 51.23592268955403 ], [ 4.470955397486469, 51.236444893192875 ], [ 4.471789343833616, 51.236918056397819 ], [ 4.472693169830443, 51.237337620819481 ], [ 4.473658169677299, 51.237699544353731 ], [ 4.474675047534275, 51.23800034012568 ], [ 4.47573400713607, 51.238237110122448 ], [ 4.476824846257433, 51.238407573147931 ], [ 4.477937055114773, 51.238510086829542 ], [ 4.479059917750525, 51.238543663462679 ], [ 4.48018261541741, 51.238507979539918 ], [ 4.481294330959806, 51.238403378872228 ], [ 4.482384353179738, 51.238230869271874 ], [ 4.483442180174919, 51.237992112829197 ], [ 4.484457620646703, 51.237689409878037 ], [ 4.485420892195716, 51.237325676804325 ], [ 4.486322715652885, 51.236904417914104 ], [ 4.487154404532737, 51.236429691632893 ], [ 4.487907948744013, 51.235906071364248 ], [ 4.488576091749342, 51.235338601386495 ], [ 4.489152400430161, 51.234732748215031 ], [ 4.489631326984817, 51.234094347900026 ], [ 4.490008262265913, 51.233429549770278 ], [ 4.490279580046724, 51.232744757166301 ], [ 4.490442671795083, 51.232046565735153 ], [ 4.490495971625592, 51.231341699883302 ] ] ] } },
{ "type": "Feature", "properties": { "stop_id": "osm-12396061884", "name": "Ruggeveldlaan", "lines": "A9", "line_count": 1, "source": "osm-overpass", "buffer_m": 800 }, "geometry": { "type": "Polygon", "coordinates": [ [ [ 4.490538649177658, 51.231657395755029 ], [ 4.490481647717115, 51.230952643980146 ], [ 4.49031489916625, 51.230254793202725 ], [ 4.49004001417169, 51.229570563656402 ], [ 4.489659644415811, 51.228906544117116 ], [ 4.489177456910965, 51.228269128477407 ], [ 4.488598098536521, 51.227664454207535 ], [ 4.487927151165911, 51.227098343293939 ], [ 4.487171077820482, 51.22657624622255 ], [ 4.486337160372148, 51.226103189544069 ], [ 4.485433429396919, 51.225683727524554 ], [ 4.484468586855511, 51.225321898343743 ], [ 4.483451922344958, 51.225021185261838 ], [ 4.482393223725564, 51.22478448312566 ], [ 4.481302682980439, 51.22461407053531 ], [ 4.480190798209533, 51.22451158793708 ], [ 4.47906827269637, 51.224478021853002 ], [ 4.47794591201296, 51.224513695396816 ], [ 4.476834520146842, 51.224618265167969 ], [ 4.475744795643267, 51.224790724552683 ], [ 4.474687228755418, 51.225029413401032 ], [ 4.473672000586173, 51.225332033986959 ], [ 4.472708885186176, 51.225695673099182 ], [ 4.471807155545505, 51.226116830051225 ], [ 4.470975494379531, 51.226591450342887 ], [ 4.470221910564774, 51.227114964650625 ], [ 4.469553662027359, 51.227682332774023 ], [ 4.468977185826004, 51.228288092116898 ], [ 4.468498036103614, 51.228926410238536 ], [ 4.468120830507169, 51.2295911409715 ], [ 4.46784920559542, 51.230275883566904 ], [ 4.467685781668477, 51.230974044299728 ], [ 4.467632137363712, 51.23167889994243 ], [ 4.467688794269152, 51.232383662496247 ], [ 4.467855211709539, 51.233081544557699 ], [ 4.468129791762631, 51.233765824690856 ], [ 4.468509894464783, 51.234429912175806 ], [ 4.468991863066365, 51.235067410508883 ], [ 4.469571059100344, 51.235672179041948 ], [ 4.470241906931936, 51.236238392166122 ], [ 4.470997947365023, 51.236760595467558 ], [ 4.471831899792497, 51.23723375831316 ], [ 4.472735732294122, 51.237653322356998 ], [ 4.473700739007579, 51.238015245498545 ], [ 4.474717624026793, 51.238316040866756 ], [ 4.475776591017436, 51.238552810452575 ], [ 4.476867437683046, 51.238723273063876 ], [ 4.477979654167312, 51.238825786332072 ], [ 4.479102524439157, 51.238859362556532 ], [ 4.480225229677684, 51.238823678233793 ], [ 4.481336952654296, 51.238719077178622 ], [ 4.482426982099351, 51.238546567207081 ], [ 4.483484816040927, 51.238307810413069 ], [ 4.484500263113433, 51.238005107133787 ], [ 4.485463540853885, 51.237641373758343 ], [ 4.486365370033561, 51.237220114595729 ], [ 4.48719706411186, 51.236745388074013 ], [ 4.48795061294746, 51.236221767599147 ], [ 4.488618759958467, 51.235654297451418 ], [ 4.489195071987763, 51.235048444147836 ], [ 4.489674001201492, 51.234410043739878 ], [ 4.490050938426689, 51.233745245557259 ], [ 4.490322257417965, 51.233060452940911 ], [ 4.490485349631562, 51.232362261538114 ], [ 4.490538649177658, 51.231657395755029 ] ] ] } },
{ "type": "Feature", "properties": { "stop_id": "osm-660778300", "name": "Schijfwerper", "lines": "2", "line_count": 1, "source": "osm-overpass", "buffer_m": 800 }, "geometry": { "type": "Polygon", "coordinates": [ [ [ 4.395816846591145, 51.18310886825293 ], [ 4.395761334963052, 51.182404058122579 ], [ 4.395596176451341, 51.181706061221547 ], [ 4.395322966383489, 51.181021599194573 ], [ 4.394944340308297, 51.180357263060223 ], [ 4.394463948445597, 51.179719449763368 ], [ 4.393886420385024, 51.179114300606798 ], [ 4.393217320379438, 51.178547642152651 ], [ 4.392463093668225, 51.178024930161605 ], [ 4.391631004350857, 51.177551197107277 ], [ 4.390729065411119, 51.177131003769674 ], [ 4.389765961566622, 51.176768395370864 ], [ 4.388750965685898, 51.176466862674005 ], [ 4.387693849575828, 51.17622930841712 ], [ 4.386604789995149, 51.17605801940396 ], [ 4.38549427079452, 51.1759546445181 ], [ 4.384372982119859, 51.175920178871117 ], [ 4.383251717643283, 51.175954954236218 ], [ 4.382141270804314, 51.17605863585883 ], [ 4.381052331053279, 51.176230225674672 ], [ 4.379995381088899, 51.176468071904509 ], [ 4.378980596072672, 51.176769884933847 ], [ 4.378017745784169, 51.177132759325708 ], [ 4.377116100653963, 51.177553201756005 ], [ 4.376284342574375, 51.17802716460416 ], [ 4.375530481343626, 51.178550084877287 ], [ 4.374861777545825, 51.179116928095731 ], [ 4.374284672608932, 51.17972223671903 ], [ 4.373804726714817, 51.180360182648641 ], [ 4.373426565161633, 51.181024623303571 ], [ 4.373153833698441, 51.181709160731238 ], [ 4.372989163266914, 51.182407203185775 ], [ 4.372934144495348, 51.183112028582286 ], [ 4.372989312197076, 51.183816849217166 ], [ 4.373154140029624, 51.184514877131519 ], [ 4.373427045373323, 51.185199389488666 ], [ 4.373805404389756, 51.185863793335983 ], [ 4.374285577122006, 51.186501689126381 ], [ 4.374862942401496, 51.187106932386875 ], [ 4.375531942230958, 51.187673692939001 ], [ 4.376286135220713, 51.188196511098496 ], [ 4.37711825856719, 51.188670350311739 ], [ 4.378020297978886, 51.189090645719126 ], [ 4.378983564877108, 51.189453348176052 ], [ 4.37999878012726, 51.189754963304836 ], [ 4.381056163492224, 51.18999258519959 ], [ 4.382145527942798, 51.190163924457266 ], [ 4.38325637791235, 51.190267330263453 ], [ 4.384378010543693, 51.19030180631831 ], [ 4.385499618946647, 51.190267020448658 ], [ 4.386610396464794, 51.190163307812732 ], [ 4.387699640939992, 51.189991667666703 ], [ 4.388756857963132, 51.189753753723906 ], [ 4.38977186210981, 51.189451858201039 ], [ 4.390734875179385, 51.189088889705239 ], [ 4.391636620485704, 51.188668345176943 ], [ 4.392468412286729, 51.188194276160345 ], [ 4.393222239488357, 51.187671249728304 ], [ 4.393890842814185, 51.187104304440084 ], [ 4.394467784697345, 51.186498901758661 ], [ 4.394947511222025, 51.185860873397139 ], [ 4.395325405520321, 51.185196365104346 ], [ 4.395597832113626, 51.184511777432171 ], [ 4.395762171776244, 51.183813704057322 ], [ 4.395816846591145, 51.18310886825293 ] ] ] } },
{ "type": "Feature", "properties": { "stop_id": "osm-660778313", "name": "Schijfwerper", "lines": "2", "line_count": 1, "source": "osm-overpass", "buffer_m": 800 }, "geometry": { "type": "Polygon", "coordinates": [ [ [ 4.394974347302121, 51.183111649843788 ], [ 4.394918848394863, 51.182406839318311 ], [ 4.39475370247407, 51.181708841240194 ], [ 4.394480504745993, 51.181024377265622 ], [ 4.394101890640649, 51.180360038431886 ], [ 4.393621510262666, 51.179722221709916 ], [ 4.393043993091163, 51.179117068435438 ], [ 4.392374903274231, 51.178550405210387 ], [ 4.391620685953244, 51.178027687841279 ], [ 4.390788605137352, 51.177553948853607 ], [ 4.389886673728576, 51.177133749084476 ], [ 4.388923576372116, 51.176771133817901 ], [ 4.387908585874109, 51.176469593883148 ], [ 4.386851473989689, 51.176232032087938 ], [ 4.385762417436973, 51.176060735308603 ], [ 4.384651900037505, 51.175957352503438 ], [ 4.383530611919892, 51.175922878860298 ], [ 4.382409346750897, 51.175957646229328 ], [ 4.3812988979767, 51.176061319932963 ], [ 4.380209955066229, 51.176232901983113 ], [ 4.37915300074858, 51.176470740675335 ], [ 4.378138210227101, 51.176772546467667 ], [ 4.377175353334297, 51.177135413992858 ], [ 4.37627370056424, 51.177555849992878 ], [ 4.375441933882729, 51.178029806909102 ], [ 4.3746880631707, 51.178552721805744 ], [ 4.374019349103472, 51.179119560254925 ], [ 4.373442233207786, 51.179724864762157 ], [ 4.372962275770962, 51.180362807268537 ], [ 4.37258410220222, 51.181027245226055 ], [ 4.372311358366272, 51.181711780708135 ], [ 4.372146675323894, 51.18240982198769 ], [ 4.372091643824797, 51.183114646991164 ], [ 4.37214679880488, 51.183819468018804 ], [ 4.37231161404419, 51.184517497107876 ], [ 4.37258450704438, 51.185202011410517 ], [ 4.372962854085955, 51.185866417955339 ], [ 4.373443015327396, 51.186504317169344 ], [ 4.37402036971088, 51.187109564546574 ], [ 4.37468935934417, 51.187676329868928 ], [ 4.37544354293589, 51.188199153406245 ], [ 4.376275657773091, 51.188672998553074 ], [ 4.377177689646331, 51.189093300392699 ], [ 4.378140950049622, 51.18945600971854 ], [ 4.379156159911023, 51.189757632086739 ], [ 4.38021353904539, 51.18999526152168 ], [ 4.381302900464344, 51.190166608547692 ], [ 4.382413748630499, 51.190270022275485 ], [ 4.383535380704069, 51.190304506328921 ], [ 4.384656989800257, 51.190269728457736 ], [ 4.38576776925595, 51.19016602374311 ], [ 4.386857016894316, 51.189994391364898 ], [ 4.387914238275735, 51.189756484961585 ], [ 4.388929247933755, 51.189454596677237 ], [ 4.389892267614568, 51.18909163504928 ], [ 4.390794020568253, 51.188671096951957 ], [ 4.391625820979016, 51.188197033867539 ], [ 4.392379657669721, 51.187674012811726 ], [ 4.393048271272471, 51.187107072292072 ], [ 4.393625224121317, 51.186501673725537 ], [ 4.394104962194746, 51.18586364878572 ], [ 4.39448286851354, 51.185199143188484 ], [ 4.394755307483258, 51.184514557459728 ], [ 4.394919659758965, 51.183816485257552 ], [ 4.394974347302121, 51.183111649843788 ] ] ] } },
{ "type": "Feature", "properties": { "stop_id": "osm-1958438669", "name": "Schijnbeemden", "lines": "10,A9", "line_count": 2, "source": "osm-overpass", "buffer_m": 800 }, "geometry": { "type": "Polygon", "coordinates": [ [ [ 4.518082731419285, 51.224693928224617 ], [ 4.518025322138673, 51.223989187841362 ], [ 4.51785818625513, 51.223291374034801 ], [ 4.517582938143006, 51.222607206681516 ], [ 4.517202232978621, 51.221943273957443 ], [ 4.516719741000996, 51.221305968918266 ], [ 4.516140112017929, 51.220701427968415 ], [ 4.515468930504997, 51.220135471809911 ], [ 4.514712661734498, 51.219613549438087 ], [ 4.513878589456571, 51.219140685721158 ], [ 4.512974745734792, 51.218721433066982 ], [ 4.512009833612593, 51.21835982763946 ], [ 4.51099314335456, 51.218059350544486 ], [ 4.50993446306706, 51.217822894357063 ], [ 4.508843984555465, 51.217652735309478 ], [ 4.507732205319983, 51.217550511407431 ], [ 4.506609827628126, 51.217517206682579 ], [ 4.505487655629439, 51.217553141732843 ], [ 4.504376491496178, 51.217657970640325 ], [ 4.503287031582911, 51.2178306842967 ], [ 4.502229763597735, 51.218069620104195 ], [ 4.501214865768434, 51.218372477959257 ], [ 4.500252108968104, 51.218736342366277 ], [ 4.499350762737273, 51.219157710469467 ], [ 4.498519506102836, 51.219632525735427 ], [ 4.497766344049279, 51.22015621696292 ], [ 4.497098530444464, 51.22072374224755 ], [ 4.496522498161568, 51.221329637479094 ], [ 4.496043797070869, 51.22196806890765 ], [ 4.495667040500686, 51.222632889273719 ], [ 4.495395860686588, 51.223317696964273 ], [ 4.495232873642566, 51.224015897626387 ], [ 4.495179653798217, 51.224720767646886 ], [ 4.495236718652643, 51.225425518887334 ], [ 4.495403523599966, 51.226123364052093 ], [ 4.495678466983531, 51.226807582059507 ], [ 4.496058905337556, 51.22747158278699 ], [ 4.496541178676401, 51.2281089705656 ], [ 4.49712064559443, 51.228713605811251 ], [ 4.497791727844136, 51.229279664198131 ], [ 4.498547963967853, 51.22980169280244 ], [ 4.499382071470039, 51.23027466267343 ], [ 4.500286016933469, 51.230694017323785 ], [ 4.501251093404841, 51.231055716669999 ], [ 4.50226800430372, 51.231356275996902 ], [ 4.503326953044638, 51.231592799569405 ], [ 4.504417737505702, 51.231763008565579 ], [ 4.505529848429245, 51.231865263060293 ], [ 4.506652570801164, 51.231898577846209 ], [ 4.507775087226051, 51.231862631938753 ], [ 4.508886582295546, 51.231757771673088 ], [ 4.509976346937385, 51.231585007362575 ], [ 4.511033881732922, 51.231346003551657 ], [ 4.512048998201, 51.231043062957134 ], [ 4.51301191706636, 51.230679104254342 ], [ 4.513913362560404, 51.230257633922733 ], [ 4.514744651841605, 51.229782712424317 ], [ 4.515497778670888, 51.229258915042784 ], [ 4.516165490534038, 51.228691287761976 ], [ 4.516741358467754, 51.228085298611738 ], [ 4.517219838917602, 51.227446784951255 ], [ 4.517596327034372, 51.226781897200119 ], [ 4.517867200899006, 51.226097039560933 ], [ 4.518029856254983, 51.225398808306174 ], [ 4.518082731419285, 51.224693928224617 ] ] ] } },
{ "type": "Feature", "properties": { "stop_id": "osm-2201560045", "name": "Schijnbeemden", "lines": "10,A9", "line_count": 2, "source": "osm-overpass", "buffer_m": 800 }, "geometry": { "type": "Polygon", "coordinates": [ [ [ 4.518670251399876, 51.224775971329279 ], [ 4.51861283313781, 51.224071231254044 ], [ 4.5184456881673, 51.223373418300469 ], [ 4.518170430950191, 51.222689252336842 ], [ 4.517789716750483, 51.222025321525734 ], [ 4.517307215894159, 51.221388018904385 ], [ 4.516727578274486, 51.220783480853903 ], [ 4.516056388450147, 51.220217528048408 ], [ 4.515300111773415, 51.219695609450881 ], [ 4.514466032070499, 51.21922274989322 ], [ 4.513562181476392, 51.218803501743245 ], [ 4.512597263100635, 51.218441901121459 ], [ 4.511580567267961, 51.218141429087481 ], [ 4.510521882138353, 51.217904978167596 ], [ 4.509431399563752, 51.217734824543427 ], [ 4.508319617083435, 51.217632606168358 ], [ 4.507197236996135, 51.217599307020954 ], [ 4.506075063474436, 51.217635247645383 ], [ 4.504963898705252, 51.217740082070073 ], [ 4.50387443904928, 51.217912801133622 ], [ 4.50281717221217, 51.218151742186244 ], [ 4.501802276410674, 51.218454605073823 ], [ 4.500839522498416, 51.218818474252302 ], [ 4.499938179988169, 51.21923984682001 ], [ 4.499106927871072, 51.21971466620051 ], [ 4.498353771088179, 51.220238361152973 ], [ 4.497685963456672, 51.220805889737086 ], [ 4.497109937792286, 51.221411787810887 ], [ 4.496631243901636, 51.22205022159708 ], [ 4.496254495043773, 51.222715043813459 ], [ 4.495983323380051, 51.223399852829118 ], [ 4.495820344846026, 51.224098054278365 ], [ 4.495767133789376, 51.224802924540427 ], [ 4.495824207624604, 51.225507675474546 ], [ 4.495991021659338, 51.226205519787946 ], [ 4.496265974149411, 51.226889736407202 ], [ 4.496646421541316, 51.22755373522309 ], [ 4.497128703762335, 51.228191120584981 ], [ 4.497708179321243, 51.228795752932086 ], [ 4.498379269887253, 51.229361807966541 ], [ 4.499135513922542, 51.22988383279673 ], [ 4.499969628855293, 51.230356798508311 ], [ 4.500873581196648, 51.230776148654058 ], [ 4.501838663926978, 51.231137843193807 ], [ 4.502855580405497, 51.23143839745866 ], [ 4.503914533992928, 51.231674915762326 ], [ 4.505005322520642, 51.231845119333677 ], [ 4.506117436691756, 51.231947368299778 ], [ 4.507240161460849, 51.231980677506584 ], [ 4.508362679409405, 51.231944726023293 ], [ 4.509474175114378, 51.231839860238757 ], [ 4.510563939497393, 51.231667090519558 ], [ 4.511621473142314, 51.231428081462191 ], [ 4.512636587579111, 51.231125135834077 ], [ 4.513599503552125, 51.230761172358953 ], [ 4.514500945320683, 51.230339697562265 ], [ 4.515332230079207, 51.229864771949096 ], [ 4.516085351632252, 51.229340970842706 ], [ 4.516753057516498, 51.22877334026284 ], [ 4.5173289188263, 51.2281673482711 ], [ 4.517807392071103, 51.227528832254023 ], [ 4.518183872471147, 51.226863942653857 ], [ 4.518454738181764, 51.226179083691051 ], [ 4.518617385025004, 51.225480851650715 ], [ 4.518670251399876, 51.224775971329279 ] ] ] } },
{ "type": "Feature", "properties": { "stop_id": "osm-1465274734", "name": "Schotensesteenweg", "lines": "10", "line_count": 1, "source": "osm-overpass", "buffer_m": 800 }, "geometry": { "type": "Polygon", "coordinates": [ [ [ 4.487632999452748, 51.218831076954551 ], [ 4.487576057587923, 51.218126320224627 ], [ 4.487409398387678, 51.217428461832476 ], [ 4.487134631635639, 51.216744222085254 ], [ 4.486754407873209, 51.216080189857237 ], [ 4.486272392704881, 51.215442759163381 ], [ 4.4856932313489, 51.214838067619112 ], [ 4.485022503780359, 51.21427193737739 ], [ 4.484266670903381, 51.213749819110433 ], [ 4.483433012274161, 51.213276739573296 ], [ 4.482529555976805, 51.212857253252196 ], [ 4.481565001327916, 51.21249539856106 ], [ 4.480548635153601, 51.212194659005831 ], [ 4.479490242443074, 51.211957929688317 ], [ 4.478400012235738, 51.211787489470318 ], [ 4.47728843964351, 51.211684979064231 ], [ 4.476166224946195, 51.211651385259778 ], [ 4.475044170725243, 51.211687031437556 ], [ 4.473933078019477, 51.211791574460413 ], [ 4.472843642495582, 51.211964007972078 ], [ 4.471786351625941, 51.21220267207157 ], [ 4.470771383857082, 51.212505269271006 ], [ 4.469808510733291, 51.212868886584175 ], [ 4.468907002912333, 51.213290023534341 ], [ 4.468075540973751, 51.213764625813759 ], [ 4.467322131875269, 51.214288124272244 ], [ 4.466654031859733, 51.214855478861857 ], [ 4.466077676554345, 51.215461227116656 ], [ 4.465598618936069, 51.216099536702721 ], [ 4.465221475762831, 51.216764261534699 ], [ 4.464949882989838, 51.217449000920553 ], [ 4.464786460605079, 51.218147161166243 ], [ 4.464732787228343, 51.218852019049038 ], [ 4.464789384724864, 51.21955678654863 ], [ 4.46495571298883, 51.220254676214061 ], [ 4.465230174954312, 51.220938966536323 ], [ 4.465610131792684, 51.22160306669759 ], [ 4.46609192815719, 51.222240580072231 ], [ 4.466670927238098, 51.222845365867506 ], [ 4.467341555296454, 51.223411598308402 ], [ 4.468097355252258, 51.223933822795232 ], [ 4.468931048814453, 51.224407008491006 ], [ 4.469834606556482, 51.224826596829878 ], [ 4.470799325263285, 51.225188545477423 ], [ 4.471815911804098, 51.225489367317032 ], [ 4.472874572721145, 51.225726164084719 ], [ 4.473965108668, 51.22589665432664 ], [ 4.475077012783343, 51.225999195407979 ], [ 4.476199572047125, 51.226032799360226 ], [ 4.477321970636399, 51.225997142412773 ], [ 4.478433394278453, 51.225892568116628 ], [ 4.479523134588915, 51.225720084029923 ], [ 4.480580692382619, 51.225481351997189 ], [ 4.481595878955296, 51.22517867211694 ], [ 4.482558914354148, 51.224814960552798 ], [ 4.483460521685278, 51.22439372140343 ], [ 4.484292016545022, 51.223919012904119 ], [ 4.485045390710513, 51.223395408287011 ], [ 4.485713389281358, 51.222827951679605 ], [ 4.486289580528827, 51.222222109468404 ], [ 4.486768417780602, 51.221583717598001 ], [ 4.487145292747323, 51.220918925315821 ], [ 4.487416579780807, 51.220234135906068 ], [ 4.487579670642464, 51.219535944985097 ], [ 4.487632999452748, 51.218831076954551 ] ] ] } },
{ "type": "Feature", "properties": { "stop_id": "osm-2217159675", "name": "Schotensesteenweg", "lines": "10", "line_count": 1, "source": "osm-overpass", "buffer_m": 800 }, "geometry": { "type": "Polygon", "coordinates": [ [ [ 4.486985726330007, 51.218939939639611 ], [ 4.486928794114804, 51.218235182627978 ], [ 4.486762144211998, 51.217537323353127 ], [ 4.48648738631572, 51.216853082130775 ], [ 4.486107170882156, 51.21618904784944 ], [ 4.485625163435656, 51.215551614543884 ], [ 4.48504600912018, 51.214946919854647 ], [ 4.48437528784311, 51.214380785965027 ], [ 4.483619460448061, 51.213858663582371 ], [ 4.482785806438534, 51.213385579501363 ], [ 4.481882353854222, 51.21296608825201 ], [ 4.48091780197604, 51.212604228295632 ], [ 4.479901437603487, 51.212303483188919 ], [ 4.47884304570847, 51.212066748087082 ], [ 4.477752815322583, 51.21189630190765 ], [ 4.476641241559475, 51.211793785420397 ], [ 4.475519024710233, 51.211760185473551 ], [ 4.474396967377015, 51.211795825506876 ], [ 4.473285870628592, 51.211900362442357 ], [ 4.472196430170523, 51.212072789982315 ], [ 4.471139133522652, 51.212311448283231 ], [ 4.470124159187088, 51.212614039913085 ], [ 4.46916127877127, 51.212977651939305 ], [ 4.4682597630031, 51.213398783936 ], [ 4.46742829253857, 51.213873381643175 ], [ 4.466674874417424, 51.214396875954648 ], [ 4.46600676496932, 51.214964226862435 ], [ 4.465430399912222, 51.215569971936048 ], [ 4.464951332316941, 51.216208278872195 ], [ 4.464574179037435, 51.216873001611134 ], [ 4.46430257612621, 51.217557739480945 ], [ 4.464139143668863, 51.218255898802248 ], [ 4.464085460382188, 51.218960756361199 ], [ 4.464142048226872, 51.21966552414068 ], [ 4.464308367190087, 51.220363414687029 ], [ 4.464582820295525, 51.221047706482828 ], [ 4.464962768799942, 51.221711808696014 ], [ 4.465444557436924, 51.222349324681282 ], [ 4.466023549471237, 51.222954113620709 ], [ 4.46669417123188, 51.223520349709048 ], [ 4.467449965699589, 51.22404257831149 ], [ 4.468283654636253, 51.224515768551377 ], [ 4.469187208659942, 51.224935361819149 ], [ 4.470151924591486, 51.22529731573286 ], [ 4.471168509326913, 51.225598143125225 ], [ 4.472227169425888, 51.225834945678713 ], [ 4.473317705549889, 51.22600544188375 ], [ 4.474429610835926, 51.226107989048067 ], [ 4.475552172252669, 51.22614159914454 ], [ 4.476674573956422, 51.226105948343395 ], [ 4.477786001644452, 51.226001380136388 ], [ 4.478875746893371, 51.225828902023025 ], [ 4.47993331047039, 51.225590175790224 ], [ 4.480948503615469, 51.225287501480672 ], [ 4.48191154631244, 51.224923795204262 ], [ 4.482813161597025, 51.224502561008848 ], [ 4.483644664988875, 51.224027857081879 ], [ 4.484398048182873, 51.223504256611513 ], [ 4.485066056191583, 51.222936803685343 ], [ 4.485642257195309, 51.222330964654361 ], [ 4.486121104427714, 51.221692575432577 ], [ 4.486497989503266, 51.221027785242001 ], [ 4.486769286676386, 51.22034299734657 ], [ 4.486932387610818, 51.219644807348196 ], [ 4.486985726330007, 51.218939939639611 ] ] ] } },
{ "type": "Feature", "properties": { "stop_id": "osm-1890699098", "name": "Silsburg", "lines": "24", "line_count": 1, "source": "osm-overpass", "buffer_m": 800 }, "geometry": { "type": "Polygon", "coordinates": [ [ [ 4.494111322641027, 51.203858649354942 ], [ 4.494054301177798, 51.203153891643481 ], [ 4.493887598556512, 51.20245603832381 ], [ 4.493612824975648, 51.201771809653948 ], [ 4.493232631039151, 51.201107794401395 ], [ 4.492750682061253, 51.200470386417528 ], [ 4.492171622620052, 51.199865723098924 ], [ 4.491501031706885, 51.199299626326813 ], [ 4.490745368908052, 51.198777546451126 ], [ 4.489911912140641, 51.198304509857337 ], [ 4.489008687544175, 51.197885070618248 ], [ 4.488044392203953, 51.197523266694581 ], [ 4.487028310449559, 51.197222581103681 ], [ 4.485970224532442, 51.196985908427898 ], [ 4.484880320539357, 51.196815526983876 ], [ 4.48376909044301, 51.1967130769183 ], [ 4.482647231227597, 51.196679544440045 ], [ 4.481525542054184, 51.196715252339409 ], [ 4.480414820449254, 51.196819856885099 ], [ 4.479325758508898, 51.196992351128522 ], [ 4.478268840110917, 51.197231074583982 ], [ 4.47725424011775, 51.197533729192088 ], [ 4.476291726534497, 51.19789740141379 ], [ 4.47539056655862, 51.198318590243531 ], [ 4.474559437421473, 51.198793240873918 ], [ 4.473806342876893, 51.199316783688886 ], [ 4.473138536138948, 51.199884178213232 ], [ 4.472562450010304, 51.200489961596126 ], [ 4.472083634874862, 51.201128301165106 ], [ 4.47170670515394, 51.201793050545803 ], [ 4.47143529474516, 51.202477808809384 ], [ 4.471272021877823, 51.20317598207977 ], [ 4.471218463728968, 51.203880847008413 ], [ 4.471275141051027, 51.204585615506971 ], [ 4.471441512966149, 51.205283500114518 ], [ 4.471715981984711, 51.205967779370617 ], [ 4.472095909206925, 51.206631862563803 ], [ 4.472577639568241, 51.207269353231759 ], [ 4.473156536891874, 51.20787411080039 ], [ 4.473827028416573, 51.208440309766523 ], [ 4.474582658375482, 51.208962495852965 ], [ 4.475416150113531, 51.209435638592637 ], [ 4.4763194761473, 51.209855179833546 ], [ 4.47728393549331, 51.210217077695113 ], [ 4.478300237519333, 51.2105178455501 ], [ 4.479358591508994, 51.210754585654669 ], [ 4.480448801073669, 51.21092501710099 ], [ 4.481560362497702, 51.211027497820865 ], [ 4.482682566064163, 51.21106104042731 ], [ 4.483804599378766, 51.211025321740827 ], [ 4.48491565168987, 51.210920685907276 ], [ 4.486005018192537, 51.210748141077602 ], [ 4.487062203304804, 51.210509349681516 ], [ 4.488077021914549, 51.210206612389328 ], [ 4.489039697615363, 51.209842845917578 ], [ 4.489940956979698, 51.209421554893794 ], [ 4.490772118956755, 51.2089467980527 ], [ 4.491525178530678, 51.208423149091864 ], [ 4.492192883831306, 51.207855652565691 ], [ 4.49276880595415, 51.207249775244861 ], [ 4.493247400817965, 51.206611353411851 ], [ 4.493624062466343, 51.205946536602355 ], [ 4.493895167303545, 51.205261728336431 ], [ 4.494058108843206, 51.204563524411768 ], [ 4.494111322641027, 51.203858649354942 ] ] ] } },
{ "type": "Feature", "properties": { "stop_id": "osm-2206747108", "name": "Sint-Andries", "lines": "4", "line_count": 1, "source": "osm-overpass", "buffer_m": 800 }, "geometry": { "type": "Polygon", "coordinates": [ [ [ 4.410207354552922, 51.215344075000324 ], [ 4.410151587060836, 51.214639280399126 ], [ 4.409986099007778, 51.213941312293457 ], [ 4.409712488900916, 51.213256892050097 ], [ 4.409333396146792, 51.212592610284496 ], [ 4.408852475463705, 51.211954863417269 ], [ 4.408274361536985, 51.211349792110795 ], [ 4.407604624263232, 51.210783222176914 ], [ 4.406849715019225, 51.210260608523278 ], [ 4.406016904476339, 51.209786982676128 ], [ 4.40511421256156, 51.209366904382676 ], [ 4.404150331240213, 51.209004417756915 ], [ 4.403134540863403, 51.208703012389229 ], [ 4.402076620883586, 51.208465589791523 ], [ 4.400986755794669, 51.208294435499845 ], [ 4.399875437197807, 51.208191197100668 ], [ 4.398753362930405, 51.208156868391633 ], [ 4.397631334223239, 51.2081917798277 ], [ 4.396520151869126, 51.208295595344502 ], [ 4.395430512395787, 51.208467315588933 ], [ 4.3943729052355, 51.208705287526328 ], [ 4.393357511874823, 51.209007220332261 ], [ 4.39239410794915, 51.209370207416889 ], [ 4.39149196921934, 51.20979075437144 ], [ 4.390659782331204, 51.210264812569093 ], [ 4.389905561213857, 51.21078781809917 ], [ 4.389236569919922, 51.211354735661253 ], [ 4.38865925264994, 51.211960106998987 ], [ 4.388179171635611, 51.212598103409967 ], [ 4.387800953482226, 51.213262581826825 ], [ 4.38752824449048, 51.213947143933126 ], [ 4.387363675392613, 51.2146451977449 ], [ 4.387308835848168, 51.215350021067536 ], [ 4.387364258951461, 51.216054826216734 ], [ 4.38752941590702, 51.216752825382123 ], [ 4.387802720931571, 51.217437296003233 ], [ 4.388181546342713, 51.218101645528719 ], [ 4.388662247695984, 51.218739474933919 ], [ 4.38924019873478, 51.219344640384577 ], [ 4.38990983582219, 51.219911312450982 ], [ 4.390664711431546, 51.220434032300545 ], [ 4.391497556184025, 51.220907764326043 ], [ 4.392400348837997, 51.221327944699816 ], [ 4.393364393556785, 51.221690525384993 ], [ 4.394380403710003, 51.221992013176589 ], [ 4.395438591399321, 51.22222950339512 ], [ 4.396528761842907, 51.222400707905983 ], [ 4.397640411704987, 51.222503977192723 ], [ 4.398762830417827, 51.222538316270821 ], [ 4.399885203513805, 51.222503394286733 ], [ 4.40099671696543, 51.222399547710246 ], [ 4.402086661521088, 51.222227777088023 ], [ 4.403144536024359, 51.221989737390757 ], [ 4.404160148714849, 51.221687722046859 ], [ 4.405123715528436, 51.221324640818004 ], [ 4.406025954444575, 51.220903991730957 ], [ 4.406858174967349, 51.220429827337313 ], [ 4.407612361875083, 51.219906715628916 ], [ 4.40828125242981, 51.219339695986505 ], [ 4.408858406302348, 51.218734230589348 ], [ 4.409338267540261, 51.218096151754523 ], [ 4.409716217984148, 51.217431605716797 ], [ 4.409988621621237, 51.216746993391347 ], [ 4.410152859453897, 51.216048908691945 ], [ 4.410207354552922, 51.215344075000324 ] ] ] } },
{ "type": "Feature", "properties": { "stop_id": "osm-2206747112", "name": "Sint-Andries", "lines": "4", "line_count": 1, "source": "osm-overpass", "buffer_m": 800 }, "geometry": { "type": "Polygon", "coordinates": [ [ [ 4.41069187248126, 51.216231828088802 ], [ 4.410636096604649, 51.215527033960477 ], [ 4.410470598149559, 51.214829066774819 ], [ 4.410196975723499, 51.214144647889754 ], [ 4.409817868851785, 51.21348036790765 ], [ 4.409336932388785, 51.2128426232319 ], [ 4.408758801171865, 51.212237554503758 ], [ 4.408089045264174, 51.211670987510232 ], [ 4.407334116221936, 51.211148377130648 ], [ 4.406501284907151, 51.210674754859667 ], [ 4.405598571446762, 51.210254680410067 ], [ 4.404634668013474, 51.209892197858856 ], [ 4.403618855171198, 51.209590796757148 ], [ 4.40256091258857, 51.209353378575756 ], [ 4.401471024976988, 51.209182228808224 ], [ 4.400359684154315, 51.209078994997483 ], [ 4.399237588171803, 51.209044670896979 ], [ 4.39811553846916, 51.209079586917341 ], [ 4.397004336041218, 51.209183406950011 ], [ 4.39591467760886, 51.209355131598457 ], [ 4.394857052786815, 51.209593107785651 ], [ 4.393841643231621, 51.209895044646181 ], [ 4.392878224734571, 51.210258035551256 ], [ 4.391976073196816, 51.210678586055266 ], [ 4.391143875387525, 51.211152647497293 ], [ 4.390389645341038, 51.211675655935366 ], [ 4.389720647196055, 51.212242576041056 ], [ 4.389143325219205, 51.212847949533597 ], [ 4.388663241687672, 51.213485947689726 ], [ 4.388285023231157, 51.214150427425345 ], [ 4.388012316153465, 51.214834990411262 ], [ 4.387847751168596, 51.215533044655082 ], [ 4.387792917896688, 51.216237867957901 ], [ 4.387848349371841, 51.216942672635724 ], [ 4.388013516718137, 51.217640670882581 ], [ 4.388286834052404, 51.218325140146966 ], [ 4.388665673573821, 51.21898948789044 ], [ 4.389146390702146, 51.219627315105548 ], [ 4.389724359028925, 51.220232477979124 ], [ 4.39039401475078, 51.220799147106206 ], [ 4.391148910161578, 51.221321863682498 ], [ 4.391981775691754, 51.221795592132324 ], [ 4.39288458989949, 51.222215768662466 ], [ 4.393848656740419, 51.222578345273021 ], [ 4.394864689370962, 51.222879828798263 ], [ 4.395922899676146, 51.223117314599804 ], [ 4.397013092656147, 51.223288514585569 ], [ 4.398124764757958, 51.223391779282764 ], [ 4.399247205199462, 51.223426113750982 ], [ 4.400369599303583, 51.223391187181164 ], [ 4.401481132840328, 51.223287336087274 ], [ 4.40257109636449, 51.223115561059508 ], [ 4.403628988536834, 51.222877517110966 ], [ 4.404644617426699, 51.222575497711063 ], [ 4.405608198813885, 51.222212412660554 ], [ 4.406510450537461, 51.221791760023002 ], [ 4.407342681978175, 51.221317592384231 ], [ 4.408096877809253, 51.220794477767321 ], [ 4.408765775206877, 51.220227455581082 ], [ 4.409342933776077, 51.219621988029211 ], [ 4.40982279751934, 51.218983907449584 ], [ 4.410200748253302, 51.21831936009378 ], [ 4.410473149962586, 51.217634746889622 ], [ 4.410637383668326, 51.216936661759355 ], [ 4.41069187248126, 51.216231828088802 ] ] ] } },
{ "type": "Feature", "properties": { "stop_id": "osm-582893107", "name": "Sint-Gummarus", "lines": "12", "line_count": 1, "source": "osm-overpass", "buffer_m": 800 }, "geometry": { "type": "Polygon", "coordinates": [ [ [ 4.433329519657361, 51.224983735912168 ], [ 4.433273391115411, 51.224278954914908 ], [ 4.433107522729896, 51.22358102184441 ], [ 4.432833516671858, 51.222896657729173 ], [ 4.43245401616141, 51.222232452643155 ], [ 4.431972679843391, 51.221594802267731 ], [ 4.431394146404819, 51.220989846335307 ], [ 4.430723989780659, 51.220423409546086 ], [ 4.42996866538388, 51.219900945525076 ], [ 4.429135447881124, 51.219427484357283 ], [ 4.428232361115319, 51.219007584203943 ], [ 4.427268100850863, 51.218645287463687 ], [ 4.426251951084581, 51.218344081898536 ], [ 4.425193694726337, 51.218106867096722 ], [ 4.424103519505987, 51.217935926593768 ], [ 4.422991920008149, 51.217832905918058 ], [ 4.421869596772589, 51.217798796771312 ], [ 4.420747353425424, 51.217833927494929 ], [ 4.419635992824836, 51.217937959913641 ], [ 4.418546213214089, 51.218109892586412 ], [ 4.417488505374711, 51.218348070433677 ], [ 4.416473051763228, 51.218650200648781 ], [ 4.415509628596385, 51.21901337474138 ], [ 4.414607511822103, 51.219434096502255 ], [ 4.413775387877127, 51.219908315621552 ], [ 4.413021270087284, 51.220431466638971 ], [ 4.412352421513385, 51.220998512852908 ], [ 4.411775284985067, 51.221603994767975 ], [ 4.411295420997098, 51.222242082616354 ], [ 4.41091745406839, 51.222906632449671 ], [ 4.410645028083775, 51.223591245262945 ], [ 4.410480771053254, 51.224289328583183 ], [ 4.410426269633863, 51.22499415993056 ], [ 4.410482053665945, 51.225698951542654 ], [ 4.41064759087983, 51.226396915738455 ], [ 4.41092129183122, 51.227081330293373 ], [ 4.411300525025073, 51.227745603195082 ], [ 4.411781642089381, 51.228383336156064 ], [ 4.412360012762921, 51.228988386270146 ], [ 4.413030069365699, 51.229554925217876 ], [ 4.413785360328511, 51.230077495448306 ], [ 4.414618612269566, 51.230551062794866 ], [ 4.415521800022487, 51.230971065015922 ], [ 4.416486223942007, 51.23133345579042 ], [ 4.417502593742126, 51.231634743742724 ], [ 4.4185611180572, 51.231872026118424 ], [ 4.419651598859943, 51.232043016785234 ], [ 4.420763529822379, 51.232146068286958 ], [ 4.421886197666745, 51.232180187737306 ], [ 4.423008785523792, 51.232145046398834 ], [ 4.424120477296023, 51.232040982854784 ], [ 4.425210562013429, 51.231868999742332 ], [ 4.426268537169402, 51.231630754079383 ], [ 4.427284210034592, 51.231328541278778 ], [ 4.42824779596646, 51.230965273004458 ], [ 4.429150012762109, 51.23054444908508 ], [ 4.429982170141038, 51.230070123756356 ], [ 4.430736253492567, 51.229546866560199 ], [ 4.431405001079333, 51.228979718278545 ], [ 4.431981973952579, 51.228374142329201 ], [ 4.43246161790671, 51.227735972093683 ], [ 4.432839316878588, 51.227071354686494 ], [ 4.433111437280821, 51.226386691709379 ], [ 4.433275362846755, 51.225688577563119 ], [ 4.433329519657361, 51.224983735912168 ] ] ] } },
{ "type": "Feature", "properties": { "stop_id": "osm-604896078", "name": "Sint-Gummarus", "lines": "12", "line_count": 1, "source": "osm-overpass", "buffer_m": 800 }, "geometry": { "type": "Polygon", "coordinates": [ [ [ 4.433290503413545, 51.224510439684586 ], [ 4.433234376031214, 51.223805658537657 ], [ 4.433068509913514, 51.223107725282652 ], [ 4.432794507209551, 51.222423360949811 ], [ 4.43241501110705, 51.221759155615196 ], [ 4.431933680208322, 51.221121504962589 ], [ 4.431355153148139, 51.220516548727076 ], [ 4.43068500379999, 51.219950111611766 ], [ 4.429929687506753, 51.219427647244842 ], [ 4.429096478857021, 51.218954185714587 ], [ 4.428193401608481, 51.218534285185825 ], [ 4.427229151433904, 51.218171988060703 ], [ 4.426213012232998, 51.217870782105024 ], [ 4.42515476681395, 51.217633566910756 ], [ 4.424064602801341, 51.217462626017223 ], [ 4.422953014671946, 51.217359604956549 ], [ 4.421830702856144, 51.217325495434181 ], [ 4.420708470870178, 51.217360625795131 ], [ 4.419597121462915, 51.217464657867595 ], [ 4.418507352769913, 51.217636590213893 ], [ 4.417449655467646, 51.217874767757628 ], [ 4.416434211911235, 51.218176897694974 ], [ 4.41547079822065, 51.218540071538364 ], [ 4.414568690252592, 51.21896079308091 ], [ 4.413736574359023, 51.219435012014856 ], [ 4.412982463788235, 51.219958162881696 ], [ 4.4123136215315, 51.220525208981293 ], [ 4.411736490357583, 51.221130690819344 ], [ 4.411256630709633, 51.221768778628721 ], [ 4.410878667064702, 51.222433328461484 ], [ 4.410606243275905, 51.223117941312651 ], [ 4.410441987332015, 51.223816024708803 ], [ 4.410387485879499, 51.224520856169455 ], [ 4.41044326875892, 51.225225647931047 ], [ 4.410608803711608, 51.225923612311171 ], [ 4.410882501314946, 51.226608027083444 ], [ 4.41126173010605, 51.227272300233416 ], [ 4.411742841755236, 51.227910033471225 ], [ 4.412321206053373, 51.228515083888091 ], [ 4.412991255381822, 51.229081623161541 ], [ 4.413746538241409, 51.229604193737529 ], [ 4.41457978132838, 51.230077761446196 ], [ 4.41548295956164, 51.23049776404239 ], [ 4.41644737338764, 51.230860155201498 ], [ 4.417463732617631, 51.231161443544117 ], [ 4.418522245987841, 51.23139872631215 ], [ 4.419612715576471, 51.23156971736946 ], [ 4.420724635163626, 51.231672769256157 ], [ 4.421847291581202, 51.231706889082183 ], [ 4.422969868070094, 51.231671748106557 ], [ 4.424081548642381, 51.23156768490896 ], [ 4.425171622436019, 51.231395702123251 ], [ 4.426229587049686, 51.231157456764173 ], [ 4.427245249855634, 51.230855244241589 ], [ 4.42820882630826, 51.230491976216882 ], [ 4.429111034296001, 51.230071152516196 ], [ 4.429943183623206, 51.229596827373179 ], [ 4.430697259756738, 51.229073570327905 ], [ 4.431366001028739, 51.228506422160891 ], [ 4.431942968551228, 51.227900846288854 ], [ 4.432422608170084, 51.227262676092529 ], [ 4.432800303863859, 51.226598058686008 ], [ 4.433072422076643, 51.225913395671071 ], [ 4.433236346562784, 51.225215281448875 ], [ 4.433290503413545, 51.224510439684586 ] ] ] } },
{ "type": "Feature", "properties": { "stop_id": "osm-13727831191", "name": "Sint-Jacob", "lines": "11", "line_count": 1, "source": "osm-overpass", "buffer_m": 800 }, "geometry": { "type": "Polygon", "coordinates": [ [ [ 4.420374235355068, 51.219748990466847 ], [ 4.420318308926549, 51.219044201882376 ], [ 4.42015265306674, 51.218346249216431 ], [ 4.419878867899377, 51.217661853686757 ], [ 4.419499594517118, 51.216997605670358 ], [ 4.419018489377668, 51.216359901262514 ], [ 4.418440188942314, 51.215754880716382 ], [ 4.417770264903074, 51.215188369354685 ], [ 4.417015170434345, 51.21466582152086 ], [ 4.416182177990054, 51.214192268107169 ], [ 4.415279309247542, 51.213772268163197 ], [ 4.414315257873508, 51.213409865048575 ], [ 4.413299305855104, 51.213108547549474 ], [ 4.412241234199838, 51.212871216331898 ], [ 4.411151228860736, 51.212700156052087 ], [ 4.410039782788171, 51.212597013391509 ], [ 4.408917595045911, 51.212562781226161 ], [ 4.407795467956488, 51.212597789081684 ], [ 4.406684203259393, 51.212701699965514 ], [ 4.405594498274852, 51.212873513606546 ], [ 4.404536843065869, 51.213111576071086 ], [ 4.403521419581868, 51.213413595663162 ], [ 4.402558003748812, 51.213776664957479 ], [ 4.401655871442991, 51.214197288753752 ], [ 4.400823709249385, 51.214671417685366 ], [ 4.400069530860552, 51.215194487160481 ], [ 4.39940059991907, 51.215761461262822 ], [ 4.398823360045824, 51.216366881191519 ], [ 4.398343372728792, 51.217004917775924 ], [ 4.397965263672565, 51.217669427561709 ], [ 4.397692678128758, 51.218354011929911 ], [ 4.39752824564222, 51.219052078681919 ], [ 4.397473554558144, 51.219756905498016 ], [ 4.397529136542168, 51.220461704659918 ], [ 4.39769446126951, 51.221159688414438 ], [ 4.397967941341667, 51.221844134349162 ], [ 4.398346947390622, 51.222508450150031 ], [ 4.398827833232135, 51.223146237116879 ], [ 4.399405970832418, 51.223751351823815 ], [ 4.40007579475711, 51.224317965329554 ], [ 4.400830855679166, 51.224840619365395 ], [ 4.401663882433838, 51.225314278957747 ], [ 4.402566852025253, 51.22573438097659 ], [ 4.403531066911156, 51.2260968781397 ], [ 4.404547238820713, 51.226398278046616 ], [ 4.405605578296137, 51.22663567686449 ], [ 4.406695889092211, 51.2268067873392 ], [ 4.407807666520025, 51.226909960860326 ], [ 4.408930198782016, 51.226944203365932 ], [ 4.410052670315951, 51.226909184933014 ], [ 4.411164266145526, 51.226805242960594 ], [ 4.412254276225281, 51.226633378914499 ], [ 4.413312198767573, 51.226395248665476 ], [ 4.414327841549508, 51.226093146514401 ], [ 4.415291420217629, 51.225729983059274 ], [ 4.41619365263798, 51.225309257118951 ], [ 4.417025848378244, 51.224835021985335 ], [ 4.417779992456678, 51.22431184633156 ], [ 4.418448822549244, 51.223744770154354 ], [ 4.419025898910614, 51.223139256177184 ], [ 4.419505666336485, 51.222501137184942 ], [ 4.419883507572565, 51.221836559798895 ], [ 4.420155787659407, 51.22115192523578 ], [ 4.420319888790709, 51.22045382762321 ], [ 4.420374235355068, 51.219748990466847 ] ] ] } },
{ "type": "Feature", "properties": { "stop_id": "osm-2000795910", "name": "Sint-Jacob", "lines": "11", "line_count": 1, "source": "osm-overpass", "buffer_m": 800 }, "geometry": { "type": "Polygon", "coordinates": [ [ [ 4.420544779208131, 51.220742073963066 ], [ 4.420488849010596, 51.220037285733426 ], [ 4.42032318706996, 51.219339333577821 ], [ 4.420049393568714, 51.218654938709051 ], [ 4.419670109679952, 51.217990691497704 ], [ 4.419188991962716, 51.217352988031308 ], [ 4.418610676999533, 51.216747968553946 ], [ 4.417940736622421, 51.216181458378067 ], [ 4.417185624163152, 51.215658911835639 ], [ 4.416352612248914, 51.215185359806469 ], [ 4.415449722744508, 51.214765361326862 ], [ 4.414485649516493, 51.214402959742245 ], [ 4.413469674762375, 51.214101643824115 ], [ 4.412411579708462, 51.213864314223223 ], [ 4.411321550532944, 51.213693255580225 ], [ 4.410210080415554, 51.213590114560901 ], [ 4.409087868651417, 51.213555884025354 ], [ 4.407965717794189, 51.213590893483556 ], [ 4.406854429812056, 51.213694805927553 ], [ 4.405764702249294, 51.213866621071197 ], [ 4.404707025386167, 51.21410468496633 ], [ 4.403691581380493, 51.214406705903237 ], [ 4.402728146355757, 51.214769776443674 ], [ 4.40182599637299, 51.215190401375352 ], [ 4.400993818187374, 51.215664531320762 ], [ 4.400239625645484, 51.216187601678293 ], [ 4.399570682526235, 51.216754576523144 ], [ 4.398993432567883, 51.217359997047382 ], [ 4.398513437355646, 51.217998034074597 ], [ 4.398135322670302, 51.218662544146177 ], [ 4.397862733817862, 51.219347128640429 ], [ 4.397698300375231, 51.220045195357542 ], [ 4.397643610697024, 51.220750021978084 ], [ 4.397699196435547, 51.221454820785674 ], [ 4.397864527230073, 51.222152804030543 ], [ 4.398138015623869, 51.222837249305165 ], [ 4.398517032168945, 51.22350156430182 ], [ 4.398997930580134, 51.22413935032808 ], [ 4.399576082702708, 51.224744463967113 ], [ 4.400245922962529, 51.225311076287902 ], [ 4.401001001875277, 51.225833729033091 ], [ 4.401834048102937, 51.226307387241576 ], [ 4.402737038462066, 51.226727487796659 ], [ 4.403701275210309, 51.227089983430162 ], [ 4.404717469866175, 51.227391381756355 ], [ 4.405775832752657, 51.227628778957623 ], [ 4.406866167398907, 51.227799887795406 ], [ 4.407977968886121, 51.227903059675057 ], [ 4.409100525184821, 51.227937300550444 ], [ 4.410223020501073, 51.227902280514272 ], [ 4.411334639629332, 51.227798336980996 ], [ 4.412424672299553, 51.22762647143152 ], [ 4.413482616506366, 51.227388339751073 ], [ 4.414498279818087, 51.227086236254308 ], [ 4.415461877683422, 51.226723071552186 ], [ 4.416364127783464, 51.226302344475592 ], [ 4.417196339515586, 51.225828108327427 ], [ 4.41795049774404, 51.225304931790582 ], [ 4.418619340008552, 51.224737854870256 ], [ 4.419196426446669, 51.224132340297153 ], [ 4.41967620175715, 51.223494220861866 ], [ 4.420054048609931, 51.222829643189932 ], [ 4.420326331991648, 51.222145008500853 ], [ 4.420490434064469, 51.221446910923468 ], [ 4.420544779208131, 51.220742073963066 ] ] ] } },
{ "type": "Feature", "properties": { "stop_id": "osm-11302008208", "name": "Sint-Paulusplaats", "lines": "7", "line_count": 1, "source": "osm-overpass", "buffer_m": 800 }, "geometry": { "type": "Polygon", "coordinates": [ [ [ 4.412631168757231, 51.225583040393474 ], [ 4.412575352376864, 51.22487824976352 ], [ 4.412409791697012, 51.224180287849656 ], [ 4.412136085926266, 51.223495875958967 ], [ 4.411756875394252, 51.222831604626286 ], [ 4.411275815955006, 51.222193870171594 ], [ 4.410697543631295, 51.22158881313765 ], [ 4.410027629845914, 51.221022259198634 ], [ 4.409272527675864, 51.220499663108036 ], [ 4.408439509650391, 51.220026056222828 ], [ 4.407536597694109, 51.219605998107561 ], [ 4.406572485890516, 51.219243532681794 ], [ 4.40555645680907, 51.218942149331674 ], [ 4.40449829219944, 51.218704749357094 ], [ 4.403408178909549, 51.218533618076179 ], [ 4.402296610928786, 51.21843040285389 ], [ 4.401174288494072, 51.218396097264723 ], [ 4.400052015223953, 51.218431031541037 ], [ 4.39894059426438, 51.218534869398617 ], [ 4.397850724438984, 51.218706611269354 ], [ 4.396792897396673, 51.218944603910444 ], [ 4.39577729674011, 51.219246556298181 ], [ 4.394813700099924, 51.219609561654337 ], [ 4.393911385092177, 51.220030125394253 ], [ 4.393079040060009, 51.220504198729692 ], [ 4.392324680455661, 51.221027217604217 ], [ 4.391655571666003, 51.221594146588991 ], [ 4.391078159024063, 51.222199527317805 ], [ 4.390598005681348, 51.222837530997758 ], [ 4.390219738941351, 51.223502014491601 ], [ 4.389947005574584, 51.224186579433933 ], [ 4.389782436550111, 51.224884633813474 ], [ 4.389727621528957, 51.225589455429997 ], [ 4.389783093371479, 51.226294256615653 ], [ 4.389948322814963, 51.226992249598027 ], [ 4.390221723380041, 51.227676711876164 ], [ 4.390600666465978, 51.228341050978862 ], [ 4.391081506496528, 51.228978867981752 ], [ 4.391659615880687, 51.229584019169813 ], [ 4.392329429457331, 51.230150675250542 ], [ 4.393084498000432, 51.23067337754523 ], [ 4.393917550273001, 51.231147090615508 ], [ 4.39482056303433, 51.231567250816283 ], [ 4.395784838327044, 51.231929810304798 ], [ 4.396801087298889, 51.232231276080192 ], [ 4.397859519749934, 51.232468743674985 ], [ 4.398949938539253, 51.232639925172414 ], [ 4.40006183793729, 51.232743171277797 ], [ 4.401184504970946, 51.232777487229818 ], [ 4.402307122778925, 51.232742542397837 ], [ 4.403418874974879, 51.232638673471698 ], [ 4.404509050005951, 51.232466881213533 ], [ 4.405567144494344, 51.23222882080244 ], [ 4.4065829645596, 51.231926785866484 ], [ 4.40754672413933, 51.231563686356246 ], [ 4.408449139355798, 51.231143020474605 ], [ 4.409281518014904, 51.230668840935081 ], [ 4.410035843372136, 51.230145715875437 ], [ 4.410704851356734, 51.22957868480519 ], [ 4.411282100509542, 51.228973210013621 ], [ 4.411762033961855, 51.228335123908408 ], [ 4.412140032860441, 51.227670572794352 ], [ 4.412412460727791, 51.22698595763547 ], [ 4.412576698335, 51.226287872372843 ], [ 4.412631168757231, 51.225583040393474 ] ] ] } },
{ "type": "Feature", "properties": { "stop_id": "osm-11302008209", "name": "Sint-Paulusplaats", "lines": "7", "line_count": 1, "source": "osm-overpass", "buffer_m": 800 }, "geometry": { "type": "Polygon", "coordinates": [ [ [ 4.413260997721983, 51.224886879391185 ], [ 4.413205172654522, 51.224182088865632 ], [ 4.413039605018672, 51.223484127642649 ], [ 4.41276589408985, 51.222799717022689 ], [ 4.412386680247177, 51.222135447528231 ], [ 4.411905619376414, 51.221497715461666 ], [ 4.411327347513952, 51.220892661342596 ], [ 4.410657436077995, 51.220326110817226 ], [ 4.409902338122794, 51.219803518606156 ], [ 4.409069326136912, 51.219329916029018 ], [ 4.408166421986723, 51.218909862608783 ], [ 4.407202319680516, 51.218547402219933 ], [ 4.406186301696273, 51.218246024200084 ], [ 4.405128149676822, 51.218008629797758 ], [ 4.404038050348903, 51.217837504277533 ], [ 4.402926497567528, 51.217734294948876 ], [ 4.401804191423357, 51.217699995329518 ], [ 4.400681935378196, 51.217734935594386 ], [ 4.399570532412264, 51.217838779401639 ], [ 4.398480681176064, 51.218010527125848 ], [ 4.397422873139661, 51.218248525467871 ], [ 4.39640729172284, 51.218550483349141 ], [ 4.395443714371109, 51.218913493938516 ], [ 4.394541418514911, 51.219334062600943 ], [ 4.393709092313069, 51.21980814050076 ], [ 4.392954751036586, 51.220331163537629 ], [ 4.392285659895879, 51.220898096242536 ], [ 4.391708264054055, 51.221503480213478 ], [ 4.391228126500829, 51.222141486626285 ], [ 4.390849874387604, 51.222805972317396 ], [ 4.390577154343962, 51.223490538900215 ], [ 4.390412597210574, 51.224188594347645 ], [ 4.390357792533825, 51.224893416449149 ], [ 4.39041327307431, 51.225598217532131 ], [ 4.390578509485396, 51.226296209825229 ], [ 4.390851915220439, 51.226980670833996 ], [ 4.391230861628747, 51.227645008099529 ], [ 4.391711703101913, 51.228282822715066 ], [ 4.392289812034875, 51.228887970988616 ], [ 4.39295962327071, 51.229454623655741 ], [ 4.39371468760581, 51.22997732207056 ], [ 4.394547733843612, 51.230451030832135 ], [ 4.395450738801459, 51.230871186336806 ], [ 4.396415004597087, 51.231233740787125 ], [ 4.397431242469702, 51.231535201230699 ], [ 4.398489662326289, 51.23177266325149 ], [ 4.399580067147281, 51.231943838986439 ], [ 4.400691951337735, 51.23204707919632 ], [ 4.401814602071126, 51.232081389176656 ], [ 4.402937202643278, 51.232046438354345 ], [ 4.40404893683399, 51.231942563476984 ], [ 4.405139093263977, 51.231770765363954 ], [ 4.406197168734748, 51.231532699250842 ], [ 4.407212969549162, 51.231230658820628 ], [ 4.408176709830389, 51.230867554076767 ], [ 4.409079105886693, 51.23044688327257 ], [ 4.409911465708618, 51.229972699169011 ], [ 4.410665772733168, 51.229449569947732 ], [ 4.411334763066201, 51.228882535158363 ], [ 4.411911995418597, 51.228277057125972 ], [ 4.412391913083447, 51.227638968289448 ], [ 4.412769897359538, 51.226974414979829 ], [ 4.413042311910116, 51.226289798182307 ], [ 4.413206537634439, 51.225591711853653 ], [ 4.413260997721983, 51.224886879391185 ] ] ] } },
{ "type": "Feature", "properties": { "stop_id": "osm-11273671033", "name": "Sint-Vincentius", "lines": "4", "line_count": 1, "source": "osm-overpass", "buffer_m": 800 }, "geometry": { "type": "Polygon", "coordinates": [ [ [ 4.425683266991713, 51.207252276172959 ], [ 4.425627275328057, 51.20654748666994 ], [ 4.425461584412239, 51.205849538047595 ], [ 4.425187794702841, 51.205165151484493 ], [ 4.424808547333575, 51.204500917271197 ], [ 4.42432749850911, 51.203863231369944 ], [ 4.423749284146148, 51.203258233855657 ], [ 4.423079475105906, 51.202691749829256 ], [ 4.422324523453814, 51.202169233370952 ], [ 4.421491700267441, 51.201695715070983 ], [ 4.420589025593629, 51.201275753640942 ], [ 4.419625191230186, 51.200913392069658 ], [ 4.418609477074979, 51.20061211874355 ], [ 4.417551661845898, 51.200374833903361 ], [ 4.416461929028061, 51.200203821758997 ], [ 4.415350768949336, 51.200100728528589 ], [ 4.41422887792156, 51.200066546612376 ], [ 4.413107055412332, 51.200101605052254 ], [ 4.411996100230593, 51.200205566368737 ], [ 4.410906706718528, 51.200377429805187 ], [ 4.409849361942181, 51.200615540948498 ], [ 4.408834244863855, 51.200917607633954 ], [ 4.4078711284609, 51.201280721982819 ], [ 4.406969285727815, 51.201701388360831 ], [ 4.406137400462288, 51.20217555699125 ], [ 4.405383483690885, 51.202698662899834 ], [ 4.404714796537104, 51.203265669819231 ], [ 4.404137780273929, 51.203871118632364 ], [ 4.403657994235221, 51.204509179890209 ], [ 4.403280062185998, 51.205173709900521 ], [ 4.4030076276716, 51.205858309849397 ], [ 4.402843318780353, 51.206556387387849 ], [ 4.402788722664813, 51.207261220092043 ], [ 4.402844370073427, 51.207966020186745 ], [ 4.403009730048614, 51.208663999909639 ], [ 4.403283214849654, 51.209348436886906 ], [ 4.403662195060293, 51.210012738890654 ], [ 4.404143024742613, 51.210650507353478 ], [ 4.404721076401427, 51.211255599027673 ], [ 4.405390785428151, 51.211822185193832 ], [ 4.406145703600809, 51.212344807846485 ], [ 4.406978561128439, 51.212818432314492 ], [ 4.407881336644476, 51.213238495806223 ], [ 4.408845334475807, 51.21360095141069 ], [ 4.409861268442588, 51.213902307127853 ], [ 4.410919351379693, 51.21413965955071 ], [ 4.412009389514129, 51.214310721872216 ], [ 4.41312088078489, 51.214413845945899 ], [ 4.414243116152606, 51.214448038186319 ], [ 4.415365282916892, 51.21441296915475 ], [ 4.416476569039278, 51.214308976737748 ], [ 4.417566267459707, 51.214137062887097 ], [ 4.418623879394688, 51.213898883953348 ], [ 4.419639215615151, 51.213596734706265 ], [ 4.420602494722247, 51.213233526197513 ], [ 4.421504437468838, 51.212812757679771 ], [ 4.422336356213779, 51.212338482854967 ], [ 4.423090238643913, 51.211815270778374 ], [ 4.423758824955454, 51.211248161797272 ], [ 4.424335677750731, 51.21064261895097 ], [ 4.424815243977864, 51.210004475302057 ], [ 4.425192908319065, 51.20933987770907 ], [ 4.425465037516873, 51.20865522758308 ], [ 4.425629015216099, 51.207957119201332 ], [ 4.425683266991713, 51.207252276172959 ] ] ] } },
{ "type": "Feature", "properties": { "stop_id": "osm-1636529418", "name": "Sint-Vincentius", "lines": "4", "line_count": 1, "source": "osm-overpass", "buffer_m": 800 }, "geometry": { "type": "Polygon", "coordinates": [ [ [ 4.426167393550282, 51.206953229285048 ], [ 4.426111394930384, 51.206248439929688 ], [ 4.42594569783286, 51.205550491905122 ], [ 4.425671902775738, 51.204866106384159 ], [ 4.425292650944152, 51.204201873647335 ], [ 4.424811598585653, 51.203564189642584 ], [ 4.424233381650883, 51.20295919442659 ], [ 4.423563571025741, 51.202392713078147 ], [ 4.422808618790844, 51.201870199651644 ], [ 4.421975796029297, 51.201396684708158 ], [ 4.421073122783797, 51.200976726926939 ], [ 4.420109290838353, 51.200614369261707 ], [ 4.419093580067513, 51.200313100061244 ], [ 4.418035769156568, 51.20007581952656 ], [ 4.416946041549062, 51.199904811826173 ], [ 4.415834887522705, 51.199801723135408 ], [ 4.414713003331089, 51.199767545810786 ], [ 4.413591188376037, 51.199802608850028 ], [ 4.412480241393808, 51.199906574729354 ], [ 4.411390856647704, 51.200078442648234 ], [ 4.410333521119425, 51.200316558150377 ], [ 4.409318413682313, 51.200618629029115 ], [ 4.408355307220949, 51.200981747365354 ], [ 4.407453474634184, 51.20140241748642 ], [ 4.406621599622067, 51.20187658957952 ], [ 4.405867693112491, 51.20239969863708 ], [ 4.405199016130181, 51.202966708361387 ], [ 4.404622009850215, 51.203572159608392 ], [ 4.404142233510335, 51.204210222905587 ], [ 4.403764310782161, 51.204874754541095 ], [ 4.403491885121259, 51.205559355685274 ], [ 4.403327584530666, 51.206257433977704 ], [ 4.403272996082955, 51.206962266987219 ], [ 4.40332865045267, 51.20766706693562 ], [ 4.403494016615124, 51.208365046061978 ], [ 4.403767506769926, 51.209049481998257 ], [ 4.404146491449177, 51.209713782526478 ], [ 4.404627324671836, 51.210351549093524 ], [ 4.405205378908527, 51.210956638469888 ], [ 4.405875089525749, 51.211523221958224 ], [ 4.406630008286135, 51.212045841579013 ], [ 4.407462865392985, 51.212519462690182 ], [ 4.408365639483734, 51.21293952253248 ], [ 4.40932963489895, 51.213301974230063 ], [ 4.410345565482027, 51.213603325820536 ], [ 4.411403644100419, 51.213840673936666 ], [ 4.412493677022735, 51.214011731812839 ], [ 4.413605162238184, 51.214114851345499 ], [ 4.414727390765762, 51.214149038992886 ], [ 4.415849549971013, 51.21411396536061 ], [ 4.416960827888329, 51.214009968379486 ], [ 4.418050517536759, 51.213838050045304 ], [ 4.419108120217375, 51.213599866751778 ], [ 4.420123446790327, 51.213297713310702 ], [ 4.421086715949761, 51.212934500814129 ], [ 4.421988648544432, 51.212513728553141 ], [ 4.422820557031042, 51.212039450265735 ], [ 4.4235744291953, 51.211516235040541 ], [ 4.424243005332347, 51.210949123255126 ], [ 4.424819848142532, 51.210343577975799 ], [ 4.425299404670173, 51.209705432288601 ], [ 4.425677059690901, 51.209040833071647 ], [ 4.425949180037002, 51.208356181751633 ], [ 4.426113149438518, 51.207658072617328 ], [ 4.426167393550282, 51.206953229285048 ] ] ] } },
{ "type": "Feature", "properties": { "stop_id": "osm-582900264", "name": "Sint-Willibrordus", "lines": "7,A3", "line_count": 2, "source": "osm-overpass", "buffer_m": 800 }, "geometry": { "type": "Polygon", "coordinates": [ [ [ 4.43288219260285, 51.193094578829871 ], [ 4.432826109186935, 51.192389788893486 ], [ 4.432660360864511, 51.191691846558072 ], [ 4.432386548643849, 51.191007472941465 ], [ 4.432007313872329, 51.190343258209275 ], [ 4.431526312630358, 51.189705598136044 ], [ 4.430948180373731, 51.189100632547834 ], [ 4.430278487170655, 51.188534186238151 ], [ 4.429523683969201, 51.188011712923981 ], [ 4.428691040416014, 51.187538242780199 ], [ 4.42778857482732, 51.187118334054809 ], [ 4.426824976987276, 51.186756029229294 ], [ 4.425809524516478, 51.186454816143858 ], [ 4.424751993613826, 51.186217594459372 ], [ 4.423662565027949, 51.186046647777879 ], [ 4.422551726159006, 51.185943621687386 ], [ 4.421430170228022, 51.18590950794183 ], [ 4.420308693478343, 51.185944634926955 ], [ 4.419198091392158, 51.186048664503375 ], [ 4.418109054914323, 51.186220595257375 ], [ 4.417052067675561, 51.186458772127658 ], [ 4.416037305197842, 51.18676090231677 ], [ 4.415074537046179, 51.187124077334339 ], [ 4.414173032863496, 51.18754480096193 ], [ 4.413341473188853, 51.188019022871394 ], [ 4.412587865914449, 51.188542177575215 ], [ 4.41191946918382, 51.189109228335973 ], [ 4.411342721473066, 51.189714715614144 ], [ 4.410863179529163, 51.19035280959001 ], [ 4.410485464765189, 51.191017366255892 ], [ 4.410213218632183, 51.191701986540849 ], [ 4.41004906740204, 51.192400077899734 ], [ 4.409994596706347, 51.193104917775322 ], [ 4.41005033608277, 51.193809718322967 ], [ 4.410215753684927, 51.194507691775669 ], [ 4.410489261213944, 51.195192115819815 ], [ 4.410868229031563, 51.19585639835185 ], [ 4.411349011316267, 51.19649414099176 ], [ 4.411926981026673, 51.197099200740467 ], [ 4.412596574341126, 51.19766574918598 ], [ 4.413351344150223, 51.1981883286862 ], [ 4.41418402209057, 51.198661904985627 ], [ 4.415086588524465, 51.199081915756778 ], [ 4.416050349792321, 51.199444314596555 ], [ 4.41706602199311, 51.199745610051913 ], [ 4.418123820483824, 51.199982899296465 ], [ 4.419213554232582, 51.200153896131972 ], [ 4.420324724111983, 51.200256953042938 ], [ 4.421446624180456, 51.200291077091073 ], [ 4.422568444969643, 51.200255939494724 ], [ 4.423679377776107, 51.200151878800966 ], [ 4.4247687189456, 51.19997989761945 ], [ 4.425825973138267, 51.199741652949285 ], [ 4.426840954573247, 51.199439440193537 ], [ 4.427803885271124, 51.199076171015442 ], [ 4.428705489342418, 51.19865534525205 ], [ 4.429537082409399, 51.198181017156543 ], [ 4.430290655296624, 51.197657756297076 ], [ 4.430958951182041, 51.197090603490572 ], [ 4.431535535464973, 51.196485022198104 ], [ 4.432014857678887, 51.195846845852344 ], [ 4.432392304854798, 51.195182221626368 ], [ 4.432664245824932, 51.194497551187418 ], [ 4.432828066044629, 51.193799429008045 ], [ 4.43288219260285, 51.193094578829871 ] ] ] } },
{ "type": "Feature", "properties": { "stop_id": "osm-582900269", "name": "Sint-Willibrordus", "lines": "7,A3", "line_count": 2, "source": "osm-overpass", "buffer_m": 800 }, "geometry": { "type": "Polygon", "coordinates": [ [ [ 4.433258503099366, 51.192729842382093 ], [ 4.43320241443755, 51.192025052525821 ], [ 4.433036661781887, 51.19132711062074 ], [ 4.432762846182287, 51.190642737780543 ], [ 4.432383609018583, 51.189978524163372 ], [ 4.431902606394129, 51.189340865533005 ], [ 4.431324473777939, 51.188735901701584 ], [ 4.430654781241606, 51.188169457445717 ], [ 4.429899979726708, 51.187646986462632 ], [ 4.429067338863596, 51.187173518904714 ], [ 4.428164876942535, 51.186753612995069 ], [ 4.427201283712346, 51.186391311188132 ], [ 4.426185836749212, 51.186090101294944 ], [ 4.425128312199013, 51.185852882945724 ], [ 4.42403889074922, 51.185681939710399 ], [ 4.422928059731314, 51.185578917143779 ], [ 4.421806512290773, 51.1855448069659 ], [ 4.420685044589244, 51.185579937528139 ], [ 4.419574452021865, 51.185683970656726 ], [ 4.418485425441905, 51.185855904903676 ], [ 4.41742844838486, 51.186094085174162 ], [ 4.416413696274737, 51.186396218637888 ], [ 4.415450938576789, 51.18675939677302 ], [ 4.41454944483335, 51.18718012333111 ], [ 4.413717895483011, 51.187654347955714 ], [ 4.412964298318602, 51.188177505133226 ], [ 4.41229591138634, 51.188744558102421 ], [ 4.411719173067982, 51.18935004730244 ], [ 4.411239640020056, 51.189988142895061 ], [ 4.410861933569964, 51.190652700857036 ], [ 4.410589695088643, 51.191337322104943 ], [ 4.410425550774259, 51.192035414084302 ], [ 4.410371086191731, 51.192740254231921 ], [ 4.41042683081978, 51.193445054700511 ], [ 4.410592252761372, 51.194143027723847 ], [ 4.410865763675744, 51.194827450992399 ], [ 4.411244733891947, 51.19549173241009 ], [ 4.411725517565275, 51.19612947360762 ], [ 4.412303487640877, 51.196734531599787 ], [ 4.412973080293502, 51.197301077991504 ], [ 4.413727848420055, 51.197823655160491 ], [ 4.414560523673281, 51.198297228873692 ], [ 4.415463086441314, 51.198717236828507 ], [ 4.416426843099853, 51.199079632649003 ], [ 4.417442509792246, 51.199380924911196 ], [ 4.418500301928548, 51.199618210819487 ], [ 4.419590028538099, 51.199789204207747 ], [ 4.420701190562299, 51.199892257593739 ], [ 4.421823082135287, 51.199926378073087 ], [ 4.422944893870597, 51.199891236898544 ], [ 4.424055817152063, 51.199787172651689 ], [ 4.425145148417259, 51.19961518797637 ], [ 4.426202392421806, 51.199376939905378 ], [ 4.427217363483057, 51.19907472387451 ], [ 4.428180283721584, 51.198711451578596 ], [ 4.429081877348716, 51.19829062288467 ], [ 4.429913460087381, 51.197816292074158 ], [ 4.430667022861662, 51.197293028741363 ], [ 4.431335308946938, 51.19672587372699 ], [ 4.431911883836939, 51.196120290513434 ], [ 4.432391197155603, 51.195482112551801 ], [ 4.432768636019595, 51.194817487030726 ], [ 4.433040569341166, 51.194132815629942 ], [ 4.433204382649268, 51.193434692831183 ], [ 4.433258503099366, 51.192729842382093 ] ] ] } },
{ "type": "Feature", "properties": { "stop_id": "osm-660777912", "name": "Sportstraat", "lines": "2", "line_count": 1, "source": "osm-overpass", "buffer_m": 800 }, "geometry": { "type": "Polygon", "coordinates": [ [ [ 4.3902384133488, 51.182972608488079 ], [ 4.390182986132963, 51.182267795701662 ], [ 4.390017911536958, 51.181569790967558 ], [ 4.389744784080298, 51.180885316006282 ], [ 4.389366238516518, 51.180220961961055 ], [ 4.388885924290534, 51.179583125949499 ], [ 4.38830847024486, 51.178977949493245 ], [ 4.387639439920192, 51.178411259417523 ], [ 4.386885277885566, 51.177888511787543 ], [ 4.386053247618316, 51.177414739420229 ], [ 4.385151361534295, 51.176994503474127 ], [ 4.384188303842803, 51.176631849581611 ], [ 4.383173346968569, 51.176330268943822 ], [ 4.382116262343415, 51.176092664760361 ], [ 4.381027226423361, 51.175921324315667 ], [ 4.37991672283157, 51.17581789698832 ], [ 4.378795441563891, 51.175783378394804 ], [ 4.37767417622121, 51.175818100817963 ], [ 4.376563720251339, 51.175921730012881 ], [ 4.375474763192357, 51.176093268419955 ], [ 4.374417787909342, 51.176331064754805 ], [ 4.373402969807168, 51.176632829883289 ], [ 4.37244007898349, 51.176995658829625 ], [ 4.371538386258606, 51.177416058707294 ], [ 4.370706573982499, 51.177889982305381 ], [ 4.369952652474582, 51.178412867009023 ], [ 4.369283882898729, 51.178979678681124 ], [ 4.368706707315647, 51.179584960085116 ], [ 4.368226686586899, 51.180222883384687 ], [ 4.367848446730738, 51.180887306216952 ], [ 4.36757563424983, 51.181571830801118 ], [ 4.367410880865712, 51.182269865515188 ], [ 4.367355778005317, 51.182974688349105 ], [ 4.367410861291695, 51.183679511624135 ], [ 4.367575605195382, 51.184377547356135 ], [ 4.36784842790518, 51.185062072633464 ], [ 4.36822670637881, 51.185726494379175 ], [ 4.36870680143547, 51.186364412874028 ], [ 4.369284092655209, 51.186969683426575 ], [ 4.369953022754638, 51.187536475595522 ], [ 4.370707151016327, 51.188059329392281 ], [ 4.371539215260808, 51.18853320792001 ], [ 4.372441201766511, 51.18895354594045 ], [ 4.373404422464981, 51.189316293898585 ], [ 4.374419598667229, 51.189617956978381 ], [ 4.37547695051278, 51.189855628812005 ], [ 4.376566291276482, 51.190027019515362 ], [ 4.377677125620199, 51.190130477778318 ], [ 4.378798750837475, 51.190165006795645 ], [ 4.379920360109629, 51.190130273883888 ], [ 4.381031146771831, 51.190026613691067 ], [ 4.382120408577685, 51.189855024967976 ], [ 4.383177650950857, 51.189617160932613 ], [ 4.384192688222349, 51.189315313320826 ], [ 4.385155741871952, 51.188952390278182 ], [ 4.38605753482206, 51.188531888307303 ], [ 4.386889380871092, 51.188057858542422 ], [ 4.387643268401759, 51.187534867678366 ], [ 4.388311937555918, 51.186967953931926 ], [ 4.38888895013201, 51.186362578462308 ], [ 4.389368751532741, 51.185724572720737 ], [ 4.389746724168508, 51.185060082238302 ], [ 4.39001923180578, 51.184375507395536 ], [ 4.390183654437983, 51.183677441745829 ], [ 4.3902384133488, 51.182972608488079 ] ] ] } },
{ "type": "Feature", "properties": { "stop_id": "osm-660778144", "name": "Sportstraat", "lines": "2", "line_count": 1, "source": "osm-overpass", "buffer_m": 800 }, "geometry": { "type": "Polygon", "coordinates": [ [ [ 4.389632816981177, 51.182987367136491 ], [ 4.389577398894052, 51.182282554069886 ], [ 4.38941233330346, 51.181584548493504 ], [ 4.389139214642216, 51.180900072135977 ], [ 4.388760677579188, 51.180235716154037 ], [ 4.388280371477483, 51.179597877683918 ], [ 4.387702925101435, 51.178992698270996 ], [ 4.387033901917957, 51.178426004768966 ], [ 4.38627974642738, 51.177903253276043 ], [ 4.385447722044106, 51.177429476646346 ], [ 4.384545841127392, 51.177009236079456 ], [ 4.383582787836865, 51.176646577252285 ], [ 4.382567834554928, 51.176344991413451 ], [ 4.38151075267887, 51.17610738181267 ], [ 4.380421718638287, 51.175936035786449 ], [ 4.379311216038281, 51.175832602767194 ], [ 4.378189934865163, 51.175798078426105 ], [ 4.377068668718914, 51.175832795101414 ], [ 4.375958211055081, 51.175936418603499 ], [ 4.374869251428019, 51.176107951427561 ], [ 4.37381227272751, 51.176345742342974 ], [ 4.372797450391275, 51.176647502267755 ], [ 4.371834554557687, 51.17701032627626 ], [ 4.370932856095215, 51.177430721529454 ], [ 4.370101037409023, 51.177904640861009 ], [ 4.369347108880174, 51.178427521697103 ], [ 4.368678331740078, 51.178994329937915 ], [ 4.368101148122213, 51.17959960837991 ], [ 4.36762111896545, 51.180237529215354 ], [ 4.367242870369148, 51.180901950105032 ], [ 4.366970048920096, 51.181586473286949 ], [ 4.366805286426167, 51.18228450715263 ], [ 4.366750174402, 51.182989329700185 ], [ 4.366805248558896, 51.183694153253683 ], [ 4.366969983455322, 51.184392189826305 ], [ 4.367242797366855, 51.185076716498337 ], [ 4.367621067335984, 51.185741140179445 ], [ 4.368101154263869, 51.186379061131746 ], [ 4.368678437808907, 51.186984334640137 ], [ 4.369347360761689, 51.187551130234944 ], [ 4.370101482473694, 51.188073987894477 ], [ 4.370933540828613, 51.188547870684772 ], [ 4.371835522161675, 51.188968213326497 ], [ 4.372798738454315, 51.189330966220098 ], [ 4.373813911060049, 51.189632634502054 ], [ 4.374871260153096, 51.189870311754383 ], [ 4.375960599034859, 51.190041708040773 ], [ 4.377071432385367, 51.190145171997329 ], [ 4.378193057507747, 51.190179706763963 ], [ 4.379314667584238, 51.190144979601769 ], [ 4.38042545594225, 51.190041325103437 ], [ 4.381514720319032, 51.189869741964884 ], [ 4.382571966113447, 51.189631883350309 ], [ 4.383587007623497, 51.189330040943311 ], [ 4.384550066288085, 51.188967122839323 ], [ 4.385451864981238, 51.18854662549338 ], [ 4.386283717445988, 51.188072599995223 ], [ 4.387037612003177, 51.187549612998552 ], [ 4.387706288726908, 51.186982702682876 ], [ 4.388283309342654, 51.186377330174416 ], [ 4.388763119175617, 51.185739326895892 ], [ 4.389141100554935, 51.185074838354652 ], [ 4.389413617162812, 51.184390264912587 ], [ 4.389578048906254, 51.183692200109611 ], [ 4.389632816981177, 51.182987367136491 ] ] ] } },
{ "type": "Feature", "properties": { "stop_id": "osm-696787863", "name": "Stadspark", "lines": "1,10", "line_count": 2, "source": "osm-overpass", "buffer_m": 800 }, "geometry": { "type": "Polygon", "coordinates": [ [ [ 4.422963802420072, 51.21391383961538 ], [ 4.422907843855242, 51.213209050649681 ], [ 4.422742169969033, 51.212511100022212 ], [ 4.422468381057496, 51.211826708930943 ], [ 4.422089118248079, 51.211162467710096 ], [ 4.421608037895489, 51.210524772389448 ], [ 4.421029776221235, 51.209919763134621 ], [ 4.420359904543158, 51.209353265159621 ], [ 4.419604875530693, 51.208830732678962 ], [ 4.418771961006923, 51.208357196437092 ], [ 4.417869181898545, 51.207937215318339 ], [ 4.416905231009064, 51.207574832501088 ], [ 4.415889389358204, 51.207273536576174 ], [ 4.414831436891082, 51.207036228001897 ], [ 4.413741558413633, 51.206865191216579 ], [ 4.412630245655412, 51.206762072675581 ], [ 4.411508196397398, 51.206727865022678 ], [ 4.410386211629641, 51.20676289754757 ], [ 4.409275091722279, 51.20686683302025 ], [ 4.408185532602425, 51.20703867093286 ], [ 4.407128022929585, 51.207276757117988 ], [ 4.40611274325278, 51.207578799651351 ], [ 4.405149468114089, 51.207941890886673 ], [ 4.404247472035731, 51.208362535412391 ], [ 4.403415440291431, 51.208836683662213 ], [ 4.40266138531792, 51.209359770858185 ], [ 4.401992569569441, 51.209926760913305 ], [ 4.40141543555748, 51.210532194873046 ], [ 4.400935543750227, 51.211170243431447 ], [ 4.400557518931937, 51.211834763018743 ], [ 4.400285005542235, 51.212519354921554 ], [ 4.400120632430136, 51.213217426868468 ], [ 4.400065987367941, 51.213922256489688 ], [ 4.40012160157686, 51.214627056039767 ], [ 4.400286944420493, 51.215325037761701 ], [ 4.400560428324578, 51.216009479262574 ], [ 4.400939423882923, 51.216673788270931 ], [ 4.401420285011138, 51.217311566151984 ], [ 4.401998383912376, 51.217916669567352 ], [ 4.402668155524077, 51.218483269684491 ], [ 4.403423151022302, 51.219005908363613 ], [ 4.404256099871899, 51.219479550779127 ], [ 4.405158979827052, 51.219899633966527 ], [ 4.406123094208768, 51.220262110824969 ], [ 4.407139155714417, 51.22056348914969 ], [ 4.408197375949976, 51.220800865315766 ], [ 4.409287559819329, 51.220971952287378 ], [ 4.410399203856867, 51.221075101680597 ], [ 4.411521597550748, 51.221109319665928 ], [ 4.412643926674434, 51.221074276556635 ], [ 4.413755377624383, 51.220970309989504 ], [ 4.414845241751699, 51.220798421667325 ], [ 4.415903018675613, 51.220560267694644 ], [ 4.41691851757679, 51.220258142600883 ], [ 4.417881955488488, 51.219894957205007 ], [ 4.418784051633208, 51.219474210537179 ], [ 4.419616116891735, 51.218999956088886 ], [ 4.4203701375394, 51.218476762719277 ], [ 4.421038852441092, 51.217909670595482 ], [ 4.421615822960807, 51.217304142594593 ], [ 4.42209549491327, 51.216666011636391 ], [ 4.422473251963123, 51.216001424457261 ], [ 4.422745459960938, 51.215316782368163 ], [ 4.422909501793725, 51.214618679569014 ], [ 4.422963802420072, 51.21391383961538 ] ] ] } },
{ "type": "Feature", "properties": { "stop_id": "osm-696787893", "name": "Stadspark", "lines": "1,10", "line_count": 2, "source": "osm-overpass", "buffer_m": 800 }, "geometry": { "type": "Polygon", "coordinates": [ [ [ 4.423587003003191, 51.214323779268021 ], [ 4.423531034528159, 51.213618990710017 ], [ 4.423365349859026, 51.212921041067439 ], [ 4.423091549395745, 51.212236651528784 ], [ 4.422712274377055, 51.211572412413261 ], [ 4.422231181275248, 51.210934719730332 ], [ 4.421652906434618, 51.210329713620219 ], [ 4.420983021299768, 51.209763219266669 ], [ 4.420227978669676, 51.209240690849249 ], [ 4.41939505049849, 51.208767159073304 ], [ 4.418492257844254, 51.208347182780138 ], [ 4.417528293640819, 51.207984805101653 ], [ 4.416512439036013, 51.207683514579209 ], [ 4.41545447409959, 51.207446211619121 ], [ 4.414364583757445, 51.20727518060562 ], [ 4.413253259853287, 51.207172067938522 ], [ 4.41213120027532, 51.207137866205059 ], [ 4.411009206112891, 51.207172904637943 ], [ 4.409898077826536, 51.207276845950283 ], [ 4.408808511424, 51.207448689578015 ], [ 4.407750995634889, 51.20768678129874 ], [ 4.406735711067113, 51.207988829134848 ], [ 4.405772432309859, 51.208351925389053 ], [ 4.40487043392023, 51.208772574601426 ], [ 4.404038401194266, 51.20924672716059 ], [ 4.403284346578227, 51.209769818247082 ], [ 4.402615532523001, 51.210336811736447 ], [ 4.402038401523874, 51.210942248641018 ], [ 4.40155851402014, 51.211580299626569 ], [ 4.401180494754724, 51.212244821099887 ], [ 4.400907988113894, 51.212929414329402 ], [ 4.400743622881791, 51.213627487030934 ], [ 4.400688986754933, 51.214332316827388 ], [ 4.400744610868572, 51.215037115971583 ], [ 4.400909964491003, 51.215735096710411 ], [ 4.401183459944214, 51.216419536660403 ], [ 4.401562467710825, 51.217083843565028 ], [ 4.402043341588891, 51.217721618809712 ], [ 4.402621453658771, 51.21832671908146 ], [ 4.403291238731048, 51.218893315577965 ], [ 4.404046247852091, 51.219415950194296 ], [ 4.404879210355484, 51.219889588144028 ], [ 4.405782103863823, 51.220309666505607 ], [ 4.406746231567492, 51.220672138224693 ], [ 4.407762306035436, 51.22097351114602 ], [ 4.408820538748686, 51.221210881696742 ], [ 4.409910734490835, 51.221381962895094 ], [ 4.411022389681819, 51.2214851064128 ], [ 4.41214479370227, 51.221519318476929 ], [ 4.413267132226104, 51.221484269457846 ], [ 4.414378591559175, 51.221380297049237 ], [ 4.415468462971793, 51.221208403010181 ], [ 4.416526246012985, 51.220970243500354 ], [ 4.417541749804497, 51.220668113102484 ], [ 4.418505191332494, 51.22030492268663 ], [ 4.419407289784684, 51.219884171331323 ], [ 4.42023935601968, 51.219409912573212 ], [ 4.420993376303493, 51.218886715312962 ], [ 4.421662089504601, 51.218319619755199 ], [ 4.422239057003489, 51.217714088810013 ], [ 4.42271872464408, 51.217075955425564 ], [ 4.423096476132673, 51.216411366361626 ], [ 4.423368677373512, 51.215726722947245 ], [ 4.423532711318799, 51.215028619395135 ], [ 4.423587003003191, 51.214323779268021 ] ] ] } },
{ "type": "Feature", "properties": { "stop_id": "osm-2223417481", "name": "Station Luchtbal", "lines": "6", "line_count": 1, "source": "osm-overpass", "buffer_m": 800 }, "geometry": { "type": "Polygon", "coordinates": [ [ [ 4.43524806386345, 51.244698850367818 ], [ 4.435191882560854, 51.243994075786965 ], [ 4.435025915275997, 51.243296150856985 ], [ 4.434751765136329, 51.242611796527903 ], [ 4.434372076753148, 51.241947602779199 ], [ 4.433890510583693, 51.241309965182936 ], [ 4.433311707531058, 51.24070502334822 ], [ 4.432641244128484, 51.240138601839227 ], [ 4.43188557874436, 51.239616154133628 ], [ 4.431051989329368, 51.239142710159072 ], [ 4.430148503307482, 51.238722827911019 ], [ 4.429183820286669, 51.2383605496155 ], [ 4.428167228332913, 51.238059362856724 ], [ 4.427108514611708, 51.237822167041713 ], [ 4.426017871254134, 51.237651245523082 ], [ 4.424905797349392, 51.237548243646344 ], [ 4.423782998001918, 51.237514152932185 ], [ 4.422660281418843, 51.237549301544576 ], [ 4.421548455011691, 51.237653351136039 ], [ 4.420458221505744, 51.237825300100312 ], [ 4.41940007605019, 51.238063493201061 ], [ 4.418384205312947, 51.238365637484968 ], [ 4.417420389525434, 51.238728824326394 ], [ 4.416517908414972, 51.239149557393553 ], [ 4.415685451926087, 51.239623786267963 ], [ 4.414931036587031, 51.240146945395544 ], [ 4.414261928324852, 51.240713997996806 ], [ 4.413684572471602, 51.24131948451506 ], [ 4.413204531636483, 51.241957575138244 ], [ 4.412826432044423, 51.242622125891415 ], [ 4.412553918861296, 51.243306737760768 ], [ 4.412389620940719, 51.244004818282441 ], [ 4.412335125337634, 51.244709645003567 ], [ 4.412390961840593, 51.245414430206196 ], [ 4.412556597678774, 51.246112386270966 ], [ 4.41283044246204, 51.246796791051437 ], [ 4.413209863313761, 51.247461052629212 ], [ 4.413691210057781, 51.248098772825699 ], [ 4.414269850223411, 51.248703808857464 ], [ 4.41494021353706, 51.249270332540377 ], [ 4.415695845476704, 51.249792886470296 ], [ 4.416529469376913, 51.250266436637439 ], [ 4.417433056488466, 51.25068642096543 ], [ 4.41839790331858, 51.251048793305351 ], [ 4.419414715506167, 51.251350062458926 ], [ 4.420473697422277, 51.251587325852697 ], [ 4.421564646629247, 51.251758297537137 ], [ 4.422677052284256, 51.251861330238782 ], [ 4.423800196533884, 51.251895431252443 ], [ 4.424923257916611, 51.251860272018313 ], [ 4.426035415770452, 51.251756191292053 ], [ 4.427125954632815, 51.251584191876432 ], [ 4.428184367619832, 51.251345930946556 ], [ 4.429200457782503, 51.251043704062454 ], [ 4.430164436457014, 51.250680423023972 ], [ 4.431067017656387, 51.250259587782892 ], [ 4.431899507589738, 51.249785252684148 ], [ 4.432653888443559, 51.249261987363973 ], [ 4.433322895616056, 51.248694832682752 ], [ 4.433900087659997, 51.248089252120117 ], [ 4.43437990826128, 51.247451079102134 ], [ 4.434757739658439, 51.24678646077021 ], [ 4.435029946992179, 51.246101798735047 ], [ 4.435193913162506, 51.245403687388468 ], [ 4.43524806386345, 51.244698850367818 ] ] ] } },
{ "type": "Feature", "properties": { "stop_id": "osm-2223417490", "name": "Station Luchtbal", "lines": "6", "line_count": 1, "source": "osm-overpass", "buffer_m": 800 }, "geometry": { "type": "Polygon", "coordinates": [ [ [ 4.434642171814988, 51.244730909043717 ], [ 4.434585999636298, 51.244026134184097 ], [ 4.434420041310497, 51.243328208413004 ], [ 4.434145899878792, 51.242643852688545 ], [ 4.43376621986866, 51.241979657003711 ], [ 4.433284661656766, 51.241342016949162 ], [ 4.432705866069625, 51.240737072157735 ], [ 4.432035409568665, 51.240170647222094 ], [ 4.431279750455887, 51.239648195652912 ], [ 4.430446166621654, 51.239174747415021 ], [ 4.429542685436281, 51.238754860544994 ], [ 4.428578006461227, 51.238392577313306 ], [ 4.427561417723582, 51.238091385351709 ], [ 4.42650270635793, 51.237854184117346 ], [ 4.425412064472709, 51.237683257014957 ], [ 4.424299991142969, 51.237580249443866 ], [ 4.423177191467634, 51.237546152979512 ], [ 4.422054473656987, 51.237581295841245 ], [ 4.420942645134361, 51.237685339736956 ], [ 4.419852408645379, 51.237857283115176 ], [ 4.418794259367917, 51.238095470793411 ], [ 4.41777838400664, 51.238397609870468 ], [ 4.416814562837432, 51.238760791770915 ], [ 4.415912075639369, 51.239181520210487 ], [ 4.415079612415522, 51.239655744815266 ], [ 4.414325189758925, 51.24017890007228 ], [ 4.413656073667016, 51.240745949239397 ], [ 4.413078709547172, 51.241351432792861 ], [ 4.412598660088147, 51.241989520949311 ], [ 4.412220551597859, 51.242654069757506 ], [ 4.411948029327828, 51.243338680222443 ], [ 4.411783722219155, 51.244036759893739 ], [ 4.411729217415246, 51.244741586326775 ], [ 4.411785044793263, 51.245446371806409 ], [ 4.411950671670285, 51.246144328710628 ], [ 4.412224507742493, 51.246828734884943 ], [ 4.4126039202172, 51.24749299839754 ], [ 4.413085258998986, 51.248130721051211 ], [ 4.413663891693906, 51.24873576003889 ], [ 4.414334248100389, 51.249302287147991 ], [ 4.415089873763014, 51.249824844941351 ], [ 4.415923492076882, 51.250298399372021 ], [ 4.416827074346653, 51.250718388322525 ], [ 4.417791917126248, 51.251080765599482 ], [ 4.418808726093662, 51.251382039956972 ], [ 4.419867705651007, 51.251619308771488 ], [ 4.420958653383384, 51.251790286041206 ], [ 4.422071058462214, 51.251893324438903 ], [ 4.42319420303963, 51.251927431204479 ], [ 4.424317265650968, 51.251892277722746 ], [ 4.425429425622387, 51.251788202693902 ], [ 4.426519967470875, 51.251616208865812 ], [ 4.427578384283763, 51.251377953359814 ], [ 4.428594479075147, 51.251075731683642 ], [ 4.429558463136567, 51.250712455586942 ], [ 4.430461050429091, 51.250291624973919 ], [ 4.431293547103079, 51.24981729414494 ], [ 4.432047935280023, 51.249294032695147 ], [ 4.432716950287523, 51.248726881447567 ], [ 4.433294150602812, 51.248121303848841 ], [ 4.433773979832066, 51.247483133296491 ], [ 4.434151820130666, 51.246818516908128 ], [ 4.434424036553549, 51.246133856275904 ], [ 4.434588011913148, 51.245435745777982 ], [ 4.434642171814988, 51.244730909043717 ] ] ] } },
{ "type": "Feature", "properties": { "stop_id": "osm-12273237081", "name": "Station Oude God", "lines": "A3", "line_count": 1, "source": "osm-overpass", "buffer_m": 800 }, "geometry": { "type": "Polygon", "coordinates": [ [ [ 4.468094738924517, 51.170054368408515 ], [ 4.468038151552665, 51.169349589098005 ], [ 4.467871958594245, 51.168651690129984 ], [ 4.467597765333527, 51.167967392203259 ], [ 4.467218216780964, 51.167303284753366 ], [ 4.466736972032048, 51.166665762520658 ], [ 4.466158668880913, 51.166060964003037 ], [ 4.465488879035111, 51.165494712384515 ], [ 4.464734054367494, 51.164972459506949 ], [ 4.463901464726278, 51.164499233422333 ], [ 4.462999127904278, 51.164079590028692 ], [ 4.462035732442489, 51.163717569252846 ], [ 4.461020554010656, 51.163416656200326 ], [ 4.45996336616802, 51.163179747643682 ], [ 4.458874346360174, 51.163009124170649 ], [ 4.457763978052635, 51.162906428257898 ], [ 4.456642949938008, 51.162872648481077 ], [ 4.455522053180911, 51.162908110011109 ], [ 4.454412077683248, 51.163012471488209 ], [ 4.453323708361557, 51.163184728303541 ], [ 4.452267422428037, 51.163423222256853 ], [ 4.4512533886575, 51.163725657497956 ], [ 4.450291369603867, 51.164089122599457 ], [ 4.449390627702311, 51.164510118549671 ], [ 4.448559836156646, 51.164984592398028 ], [ 4.447806995466737, 51.165507976230614 ], [ 4.4471393563977, 51.16607523110298 ], [ 4.44656335013202, 51.166680895509266 ], [ 4.446084526277988, 51.167319137922952 ], [ 4.445707499333608, 51.16798381290576 ], [ 4.445435904125031, 51.168668520245994 ], [ 4.445272360653277, 51.16936666655873 ], [ 4.445218448693545, 51.170071528755997 ], [ 4.445274692398138, 51.17077631877676 ], [ 4.445440555058363, 51.171474248953949 ], [ 4.445714444083114, 51.172158597389391 ], [ 4.446093726153557, 51.172822772706525 ], [ 4.446574752414959, 51.173460377556886 ], [ 4.44715289346954, 51.174065270267661 ], [ 4.447822583839027, 51.174631624035072 ], [ 4.448577375473387, 51.175153983091647 ], [ 4.449409999793856, 51.175627315305015 ], [ 4.450312437674915, 51.176047060698764 ], [ 4.451275996691926, 51.17640917542618 ], [ 4.45229139488981, 51.176710170771251 ], [ 4.453348850263839, 51.176947146798973 ], [ 4.454438175087343, 51.177117820328775 ], [ 4.455548874173218, 51.177220546960243 ], [ 4.456670246117232, 51.177254336937274 ], [ 4.457791486541599, 51.177218864697004 ], [ 4.458901792337473, 51.177114472010722 ], [ 4.459990465895141, 51.176942164686693 ], [ 4.461047018310783, 51.176703602866134 ], [ 4.462061270568831, 51.176401085007342 ], [ 4.46302345171901, 51.17603752571268 ], [ 4.463924293096868, 51.175616427613598 ], [ 4.464755117675774, 51.175141847586232 ], [ 4.465507923686413, 51.17461835762488 ], [ 4.466175461696378, 51.174051000752428 ], [ 4.466751304406828, 51.173445242394578 ], [ 4.467229908494808, 51.172806917688327 ], [ 4.467606667907793, 51.172142175234448 ], [ 4.467877958100726, 51.171457417837466 ], [ 4.468041170794156, 51.170759240805999 ], [ 4.468094738924517, 51.170054368408515 ] ] ] } },
{ "type": "Feature", "properties": { "stop_id": "osm-2617982289", "name": "Station Oude God", "lines": "A3", "line_count": 1, "source": "osm-overpass", "buffer_m": 800 }, "geometry": { "type": "Polygon", "coordinates": [ [ [ 4.467537960383025, 51.170141522330496 ], [ 4.467481381311707, 51.169436742776313 ], [ 4.467315196366869, 51.168738843047691 ], [ 4.467041010755652, 51.168054543850765 ], [ 4.466661469414886, 51.167390434633369 ], [ 4.466180231370674, 51.166752910152887 ], [ 4.465601934352651, 51.166148108928802 ], [ 4.464932150009375, 51.165581854171279 ], [ 4.464177330160787, 51.165059597752396 ], [ 4.463344744608762, 51.164586367758226 ], [ 4.462442411106815, 51.164166720124463 ], [ 4.461479018164026, 51.163804694818765 ], [ 4.460463841425939, 51.163503776990289 ], [ 4.459406654435533, 51.163266863457515 ], [ 4.458317634630219, 51.163096234856077 ], [ 4.457207265475516, 51.162993533712097 ], [ 4.456086235672185, 51.162959748651524 ], [ 4.4549653364011, 51.162995204896134 ], [ 4.453855357588348, 51.163099561137024 ], [ 4.452766984182356, 51.163271812815793 ], [ 4.451710693434604, 51.163510301781628 ], [ 4.450696654166204, 51.163812732232351 ], [ 4.449734628983956, 51.16417619278667 ], [ 4.44883388038198, 51.164597184476662 ], [ 4.448003081628544, 51.165071654392854 ], [ 4.447250233292853, 51.165595034659134 ], [ 4.44658258621358, 51.166162286365463 ], [ 4.446006571650289, 51.166767948036416 ], [ 4.445527739291122, 51.167406188171867 ], [ 4.445150703715953, 51.16807086135546 ], [ 4.444879099834011, 51.168755567392878 ], [ 4.44471554772983, 51.169453712911775 ], [ 4.444661627261742, 51.170158574831795 ], [ 4.444717862664002, 51.170863365094633 ], [ 4.444883717307895, 51.171561296030909 ], [ 4.445157598679555, 51.172245645735153 ], [ 4.445536873533911, 51.172909822818625 ], [ 4.446017893085783, 51.17354742991585 ], [ 4.446596028002071, 51.174152325332358 ], [ 4.447265712863699, 51.174718682238371 ], [ 4.448020499673752, 51.17524104483617 ], [ 4.448853119900003, 51.175714380959342 ], [ 4.449755554456433, 51.176134130593702 ], [ 4.450719110950494, 51.17649624985178 ], [ 4.451734507451453, 51.176797249973895 ], [ 4.452791961970976, 51.177034230979046 ], [ 4.453881286790653, 51.177204909638647 ], [ 4.454991986723433, 51.177307641502892 ], [ 4.456113360356939, 51.177341436765303 ], [ 4.457234603297099, 51.177305969812025 ], [ 4.458344912410809, 51.177201582363473 ], [ 4.459433590056366, 51.177029280177372 ], [ 4.460490147290532, 51.176790723345484 ], [ 4.461504405051272, 51.176488210278066 ], [ 4.462466592335243, 51.176124655531282 ], [ 4.463367440418851, 51.175703561692814 ], [ 4.464198272210808, 51.175228985597705 ], [ 4.464951085872255, 51.174705499202403 ], [ 4.465618631897033, 51.174138145495483 ], [ 4.466194482909047, 51.173532389872143 ], [ 4.466673095505335, 51.172894067443096 ], [ 4.467049863551392, 51.172229326787118 ], [ 4.467321162418981, 51.171544570691516 ], [ 4.467484383745097, 51.170846394452354 ], [ 4.467537960383025, 51.170141522330496 ] ] ] } },
{ "type": "Feature", "properties": { "stop_id": "osm-660775911", "name": "Station Zuid", "lines": "4,10", "line_count": 2, "source": "osm-overpass", "buffer_m": 800 }, "geometry": { "type": "Polygon", "coordinates": [ [ [ 4.401441262094711, 51.198259523736063 ], [ 4.401385647463776, 51.197554720336967 ], [ 4.401220351165867, 51.196856735345413 ], [ 4.400946969858297, 51.196172290291258 ], [ 4.400568140741487, 51.195507976029262 ], [ 4.400087515992692, 51.194870189293432 ], [ 4.399509727445832, 51.194265071130438 ], [ 4.398840341863242, 51.193698447803726 ], [ 4.398085807234794, 51.193175774735423 ], [ 4.39725339062493, 51.192702084024162 ], [ 4.396351108168371, 51.192281936041958 ], [ 4.395387647889324, 51.191919375574081 ], [ 4.394372286086786, 51.191617892921975 ], [ 4.393314798089034, 51.191380390341799 ], [ 4.392225364233313, 51.191209154139671 ], [ 4.391114471971544, 51.191105832690695 ], [ 4.389992815039121, 51.191071420592003 ], [ 4.388871190651399, 51.191106249101338 ], [ 4.387760395710889, 51.191209982952536 ], [ 4.386671123017464, 51.191381623578607 ], [ 4.385613858473764, 51.191619518711285 ], [ 4.384598780268835, 51.191921378265342 ], [ 4.383635661004359, 51.192284296356092 ], [ 4.382733773700425, 51.192704779238781 ], [ 4.381901802581416, 51.193178778903501 ], [ 4.381147759497656, 51.193701732003021 ], [ 4.38047890678568, 51.194268603741605 ], [ 4.379901687309222, 51.194873936304276 ], [ 4.379421662355423, 51.195511901361954 ], [ 4.379043457986455, 51.196176356149408 ], [ 4.378770720366697, 51.19686090257786 ], [ 4.378606080500317, 51.197558948814638 ], [ 4.378551128724565, 51.198263772738272 ], [ 4.378606399210862, 51.19896858665912 ], [ 4.378771364630001, 51.199666602682619 ], [ 4.379044441040159, 51.200351098086443 ], [ 4.37942300295795, 51.201015480080912 ], [ 4.379903408474425, 51.201653349329113 ], [ 4.380481034180641, 51.202258561613398 ], [ 4.381150319572138, 51.202825287053386 ], [ 4.381904820509329, 51.203348066302723 ], [ 4.382737271222516, 51.203821863182363 ], [ 4.383639654266402, 51.20424211324022 ], [ 4.384603277751271, 51.204604767768409 ], [ 4.385618859106209, 51.204906332850705 ], [ 4.386676614565673, 51.205143903063295 ], [ 4.387766353514009, 51.205315189500922 ], [ 4.38887757677476, 51.205418541857973 ], [ 4.389999577892425, 51.205452964349547 ], [ 4.391121546424805, 51.205418125318502 ], [ 4.392232672244094, 51.205314360435317 ], [ 4.393322249834942, 51.205142669459562 ], [ 4.394379781577665, 51.204904706594434 ], [ 4.395395079014911, 51.204602764528019 ], [ 4.396358361120022, 51.204239752315971 ], [ 4.397260348615035, 51.203819167320006 ], [ 4.398092353425285, 51.203345061474195 ], [ 4.398846362405705, 51.202822002206354 ], [ 4.399515114530341, 51.202255028392074 ], [ 4.400092170800971, 51.20164960176912 ], [ 4.400571976202365, 51.201011554281237 ], [ 4.400949913109624, 51.200347031861391 ], [ 4.401222345636775, 51.199662435197439 ], [ 4.401386654504186, 51.198964358052606 ], [ 4.401441262094711, 51.198259523736063 ] ] ] } },
{ "type": "Feature", "properties": { "stop_id": "osm-660776246", "name": "Station Zuid", "lines": "4,10", "line_count": 2, "source": "osm-overpass", "buffer_m": 800 }, "geometry": { "type": "Polygon", "coordinates": [ [ [ 4.401272205042522, 51.198026940105478 ], [ 4.401216593242949, 51.197322136563692 ], [ 4.401051300298412, 51.196624151273213 ], [ 4.400777922833893, 51.195939705766762 ], [ 4.400399098012767, 51.195275390903468 ], [ 4.399918477970896, 51.194637603423139 ], [ 4.399340694496856, 51.194032484379612 ], [ 4.398671314304126, 51.19346586004481 ], [ 4.397916785330677, 51.192943185850588 ], [ 4.397084374586506, 51.19246949390643 ], [ 4.396182098149874, 51.192049344596214 ], [ 4.395218643987048, 51.191686782718008 ], [ 4.394203288338168, 51.19138529858683 ], [ 4.393145806472291, 51.191147794473075 ], [ 4.39205637866767, 51.190976556697635 ], [ 4.390945492317997, 51.190873233650763 ], [ 4.389823841101789, 51.190838819944979 ], [ 4.388702222179397, 51.190873646853461 ], [ 4.387591432400753, 51.190977379125499 ], [ 4.386502164516049, 51.191149018209309 ], [ 4.385444904381659, 51.19138691185141 ], [ 4.384429830144182, 51.191688769980985 ], [ 4.383466714367102, 51.192051686727012 ], [ 4.382564830036933, 51.192472168357739 ], [ 4.381732861349406, 51.192946166875274 ], [ 4.380978820131416, 51.193469118943405 ], [ 4.380309968701499, 51.194035989776374 ], [ 4.379732749911007, 51.194641321567914 ], [ 4.379252725040428, 51.195279285996335 ], [ 4.378874520151092, 51.195943740302546 ], [ 4.378601781412327, 51.196628286402323 ], [ 4.37843713983903, 51.197326332466226 ], [ 4.378382185784833, 51.198031156374441 ], [ 4.378437453443045, 51.198735970437433 ], [ 4.378602415511653, 51.199433986759352 ], [ 4.378875488081057, 51.200118482614954 ], [ 4.37925404570483, 51.20078286521025 ], [ 4.379734446515347, 51.201420735202497 ], [ 4.380312067148979, 51.202025948366966 ], [ 4.380981347150105, 51.202592674814724 ], [ 4.381735842431072, 51.203115455189803 ], [ 4.382568287276657, 51.203589253302184 ], [ 4.383470664298107, 51.204009504688059 ], [ 4.384434281663738, 51.204372160626633 ], [ 4.385449856861616, 51.204673727188215 ], [ 4.386507606185536, 51.204911298934626 ], [ 4.387597339078991, 51.205082586945899 ], [ 4.388708556423887, 51.205185940901288 ], [ 4.389830551821754, 51.2052203650004 ], [ 4.390952514885525, 51.205185527570691 ], [ 4.39206363554011, 51.205081764267199 ], [ 4.393153208319937, 51.204910074834252 ], [ 4.394210735651686, 51.204672113460155 ], [ 4.395226029120511, 51.204370172818642 ], [ 4.396189307737993, 51.204007161951694 ], [ 4.397091292259746, 51.20358657820799 ], [ 4.397923294639745, 51.203112473509641 ], [ 4.398677301756303, 51.202589415273252 ], [ 4.399346052601389, 51.202022442364616 ], [ 4.399923108189068, 51.2014170165127 ], [ 4.400402913510645, 51.200778969653889 ], [ 4.400780850941939, 51.200114447715031 ], [ 4.401053284591881, 51.199429851379406 ], [ 4.401217595169966, 51.198731774407015 ], [ 4.401272205042522, 51.198026940105478 ] ] ] } },
{ "type": "Feature", "properties": { "stop_id": "osm-2203727696", "name": "Stenenbrug", "lines": "24", "line_count": 1, "source": "osm-overpass", "buffer_m": 800 }, "geometry": { "type": "Polygon", "coordinates": [ [ [ 4.455927886504333, 51.214273247291921 ], [ 4.455871429338467, 51.213568474099972 ], [ 4.455705260865375, 51.212870569836795 ], [ 4.455430986143025, 51.212186255252554 ], [ 4.455051250975469, 51.211522119943481 ], [ 4.45456971626372, 51.210884558918288 ], [ 4.453991022601639, 51.210279711048393 ], [ 4.45332074546348, 51.209713399992943 ], [ 4.452565341419269, 51.209191078165908 ], [ 4.45173208589945, 51.208717774282917 ], [ 4.450829003110291, 51.208298044990663 ], [ 4.449864788775661, 51.207935931042684 ], [ 4.448848726448466, 51.20763491844113 ], [ 4.447790598195601, 51.207397904916576 ], [ 4.446700590513048, 51.207227172066958 ], [ 4.445589196372542, 51.207124363421713 ], [ 4.444467114337452, 51.207090468641503 ], [ 4.443345145713, 51.207125814004208 ], [ 4.442234090714211, 51.207230059268404 ], [ 4.441144644644313, 51.207402200944081 ], [ 4.440087295076099, 51.207640581939621 ], [ 4.439072221019446, 51.207942907492601 ], [ 4.438109195039569, 51.208306267231997 ], [ 4.437207489263021, 51.208727163161008 ], [ 4.436375786171973, 51.209201543292629 ], [ 4.435622095042441, 51.209724840615898 ], [ 4.434953674829057, 51.210292017020024 ], [ 4.43437696423834, 51.210897611755392 ], [ 4.433897519664644, 51.211535793967151 ], [ 4.433519961588583, 51.212200418797465 ], [ 4.433247929957652, 51.212885086518305 ], [ 4.433084048983431, 51.213583204126984 ], [ 4.433029901700009, 51.214288048812548 ], [ 4.433086014535226, 51.214992832683187 ], [ 4.433251852050273, 51.215690768131516 ], [ 4.433525821905716, 51.21637513320897 ], [ 4.433905290013366, 51.217039336378853 ], [ 4.434386605735175, 51.217676980024649 ], [ 4.434965136892939, 51.218281922099848 ], [ 4.435635314257356, 51.218848335325056 ], [ 4.436390685092651, 51.219370763359912 ], [ 4.437223975244579, 51.219844173407395 ], [ 4.438127159175979, 51.220264004740898 ], [ 4.439091537276145, 51.220626212685488 ], [ 4.440107819698756, 51.22092730762683 ], [ 4.441166215918772, 51.221164388670019 ], [ 4.442256529142381, 51.221335171622449 ], [ 4.443368254656082, 51.221438011029264 ], [ 4.444490681162013, 51.221471916047655 ], [ 4.445612994117131, 51.221436560006246 ], [ 4.446724380073979, 51.221332283556904 ], [ 4.447814131010793, 51.221160091388029 ], [ 4.448871747638912, 51.220921642531643 ], [ 4.449887040685505, 51.220619234358075 ], [ 4.450850229169689, 51.220255780413403 ], [ 4.451752034719965, 51.219834782314635 ], [ 4.452583771019913, 51.219360295975143 ], [ 4.453337427517321, 51.21883689248741 ], [ 4.454005746588451, 51.218269614042029 ], [ 4.454582293413621, 51.217663925310028 ], [ 4.455061517891897, 51.217025660758502 ], [ 4.455438808000814, 51.21636096840956 ], [ 4.455710534090696, 51.215676250585901 ], [ 4.455874083691736, 51.214978102215667 ], [ 4.455927886504333, 51.214273247291921 ] ] ] } },
{ "type": "Feature", "properties": { "stop_id": "osm-28792983", "name": "Stenenbrug", "lines": "24", "line_count": 1, "source": "osm-overpass", "buffer_m": 800 }, "geometry": { "type": "Polygon", "coordinates": [ [ [ 4.455688024576886, 51.214428170522858 ], [ 4.455631570848325, 51.213723397258917 ], [ 4.455465405412649, 51.213025492700737 ], [ 4.455191133298616, 51.212341177601303 ], [ 4.454811400285199, 51.211677041561813 ], [ 4.454329867252713, 51.211039479598035 ], [ 4.453751174778898, 51.210434630590427 ], [ 4.453080898326601, 51.209868318209118 ], [ 4.452325494459282, 51.209345994880842 ], [ 4.451492238605725, 51.208872689335635 ], [ 4.450589154975439, 51.208452958236215 ], [ 4.449624939300407, 51.208090842353585 ], [ 4.448608875146463, 51.207789827708446 ], [ 4.447550744598098, 51.207552812051098 ], [ 4.446460734173393, 51.207382076999956 ], [ 4.445349336870476, 51.207279266105672 ], [ 4.444227251283158, 51.207245369050568 ], [ 4.443105278750833, 51.207280712134434 ], [ 4.441994219526125, 51.207384955137734 ], [ 4.440904768952922, 51.207557094592275 ], [ 4.439847414647343, 51.207795473427808 ], [ 4.438832335664839, 51.208097796902656 ], [ 4.43786930461802, 51.208461154665876 ], [ 4.436967593682189, 51.208882048739667 ], [ 4.436135885389167, 51.209356427154901 ], [ 4.435382189065032, 51.209879722917087 ], [ 4.43471376371441, 51.210446897930552 ], [ 4.434137048093281, 51.211052491459029 ], [ 4.433657598644426, 51.211690672659309 ], [ 4.433280035895407, 51.212355296683299 ], [ 4.433007999838731, 51.213039963810765 ], [ 4.43284411472861, 51.213738081044703 ], [ 4.432789963638987, 51.214442925577835 ], [ 4.432846073034384, 51.215147709519783 ], [ 4.433011907509164, 51.215845645262505 ], [ 4.433285874753208, 51.216530010854591 ], [ 4.433665340703525, 51.21719421475445 ], [ 4.434146654742883, 51.217831859338453 ], [ 4.434725184709329, 51.218436802551146 ], [ 4.435395361385078, 51.219003217102099 ], [ 4.436150732041033, 51.219525646638317 ], [ 4.436984022524704, 51.219999058348172 ], [ 4.437887207295768, 51.220418891489103 ], [ 4.438851586735453, 51.220781101368821 ], [ 4.439867870984547, 51.221082198354246 ], [ 4.44092626950043, 51.22131928153086 ], [ 4.44201658546717, 51.221490066685469 ], [ 4.443128314144835, 51.221592908342011 ], [ 4.444250744205068, 51.221626815635986 ], [ 4.445373061070573, 51.221591461874112 ], [ 4.446484451256189, 51.221487187686265 ], [ 4.447574206699391, 51.221314997739093 ], [ 4.448631828068076, 51.22107655104319 ], [ 4.449647126043705, 51.220774144948081 ], [ 4.450610319597886, 51.220410692979797 ], [ 4.451512130310248, 51.219989696736363 ], [ 4.452343871814618, 51.219515212113222 ], [ 4.453097533508623, 51.218991810186367 ], [ 4.453765857718456, 51.218424533131348 ], [ 4.454342409574919, 51.217818845605812 ], [ 4.454821638928619, 51.217180582065239 ], [ 4.455198933710128, 51.216515890521997 ], [ 4.455470664224778, 51.215831173291058 ], [ 4.455634217960163, 51.215133025294861 ], [ 4.455688024576886, 51.214428170522858 ] ] ] } },
{ "type": "Feature", "properties": { "stop_id": "osm-1734458871", "name": "Straatsburgdok", "lines": "1", "line_count": 1, "source": "osm-overpass", "buffer_m": 800 }, "geometry": { "type": "Polygon", "coordinates": [ [ [ 4.431906787552699, 51.241132273896731 ], [ 4.431850661074243, 51.240427496727357 ], [ 4.431684756521881, 51.239729566118363 ], [ 4.431410676418317, 51.239045203074525 ], [ 4.431031064699907, 51.238380997659462 ], [ 4.430549581085259, 51.237743345557682 ], [ 4.42997086568228, 51.23713838651809 ], [ 4.42930049418014, 51.236571945270683 ], [ 4.428544924062384, 51.236049475483306 ], [ 4.427711432362601, 51.235576007296309 ], [ 4.426808045564235, 51.23515609893834 ], [ 4.425843462320334, 51.234793792886862 ], [ 4.424826969736723, 51.234492576993404 ], [ 4.423768354022745, 51.234255350945496 ], [ 4.422677806366491, 51.234084398386798 ], [ 4.421565824936383, 51.2339813649617 ], [ 4.420443113947153, 51.233947242494558 ], [ 4.419320480755782, 51.233982359455005 ], [ 4.418208731971406, 51.234086377800288 ], [ 4.417118569572352, 51.234258296224844 ], [ 4.416060488023478, 51.234496459786449 ], [ 4.415044673377547, 51.234798575815965 ], [ 4.414080905325924, 51.235161735959892 ], [ 4.41317846313617, 51.235582444143361 ], [ 4.412346036377771, 51.236056650187471 ], [ 4.411591641292295, 51.236579788757972 ], [ 4.41092254361121, 51.237146823273392 ], [ 4.410345188564009, 51.237752294351083 ], [ 4.409865138751382, 51.238390372327821 ], [ 4.409487020483883, 51.239054913350458 ], [ 4.409214479106363, 51.239739518499071 ], [ 4.409050143743085, 51.240437595374516 ], [ 4.408995601808718, 51.241142421559239 ], [ 4.409051383537211, 51.24184720934052 ], [ 4.409216956684534, 51.242545171074369 ], [ 4.409490731463695, 51.243229584559877 ], [ 4.409870075671781, 51.243893857794951 ], [ 4.410351339870454, 51.244531592488869 ], [ 4.410929892383844, 51.245136645718667 ], [ 4.411600163782533, 51.245703189134709 ], [ 4.412355700429899, 51.246225765142889 ], [ 4.4131892265786, 51.246699339520859 ], [ 4.414092714421343, 51.247119349959064 ], [ 4.415057461422002, 51.24748175005714 ], [ 4.416074174181669, 51.24778304834949 ], [ 4.417133058029763, 51.24802034198197 ], [ 4.418223911473945, 51.248191344713675 ], [ 4.419336224594533, 51.248294408972164 ], [ 4.420459280430122, 51.248328541748094 ], [ 4.421582258371473, 51.248293414175713 ], [ 4.422694338560902, 51.248189364705588 ], [ 4.423784806284366, 51.248017395839341 ], [ 4.424843155343568, 51.247779164457725 ], [ 4.425859189405472, 51.247476965836078 ], [ 4.426823120346676, 51.247113711501967 ], [ 4.427725662639864, 51.246692901149828 ], [ 4.428558122868636, 51.246218588884908 ], [ 4.429312483505178, 51.245695344123455 ], [ 4.429981480141874, 51.245128207527827 ], [ 4.430558671432309, 51.244522642403503 ], [ 4.431038501068875, 51.243884482027887 ], [ 4.431416351202263, 51.243219873420685 ], [ 4.431688586791864, 51.242535218099036 ], [ 4.431852590464676, 51.24183711039025 ], [ 4.431906787552699, 51.241132273896731 ] ] ] } },
{ "type": "Feature", "properties": { "stop_id": "osm-1734462778", "name": "Straatsburgdok", "lines": "1", "line_count": 1, "source": "osm-overpass", "buffer_m": 800 }, "geometry": { "type": "Polygon", "coordinates": [ [ [ 4.431963331172728, 51.2413097684232 ], [ 4.431907203625478, 51.240604991330457 ], [ 4.43174129759461, 51.239907060850079 ], [ 4.431467215617097, 51.239222697985561 ], [ 4.431087601647369, 51.23855849279883 ], [ 4.430606115425748, 51.237920840972158 ], [ 4.43002739708526, 51.237315882251814 ], [ 4.429357022343376, 51.236749441364758 ], [ 4.428601448714846, 51.236226971975277 ], [ 4.427767953267068, 51.235753504219936 ], [ 4.426864562519569, 51.235333596323223 ], [ 4.425899975163404, 51.234971290758153 ], [ 4.424883478343988, 51.234670075371561 ], [ 4.423824858311421, 51.234432849846108 ], [ 4.422734306295348, 51.234261897820446 ], [ 4.421622320506148, 51.234158864933789 ], [ 4.420499605200489, 51.234124743005339 ], [ 4.419376967776885, 51.234159860499538 ], [ 4.418265214885194, 51.234263879368456 ], [ 4.417175048543267, 51.234435798301583 ], [ 4.416116963253899, 51.234673962351671 ], [ 4.415101145105856, 51.23497607884498 ], [ 4.414137373824209, 51.235339239423503 ], [ 4.413234928707615, 51.235759948008223 ], [ 4.412402499353747, 51.236234154416358 ], [ 4.411648102029166, 51.236757293310148 ], [ 4.41097900248692, 51.237324328104961 ], [ 4.410401645974445, 51.237929799415582 ], [ 4.409921595106564, 51.238567877576457 ], [ 4.409543476204026, 51.239232418732676 ], [ 4.40927093461783, 51.23991702396301 ], [ 4.409106599474286, 51.240615100867572 ], [ 4.409052058185989, 51.24131992702852 ], [ 4.4091078409807, 51.242024714733347 ], [ 4.409273415604161, 51.242722676338772 ], [ 4.409547192255192, 51.243407089645153 ], [ 4.409926538712893, 51.244071362652114 ], [ 4.410407805517277, 51.244709097071109 ], [ 4.410986360967402, 51.245314149981837 ], [ 4.411656635605575, 51.245880693037755 ], [ 4.412412175763984, 51.246403268648173 ], [ 4.413245705661471, 51.246876842594574 ], [ 4.414149197454622, 51.247296852571594 ], [ 4.415113948569253, 51.247659252183318 ], [ 4.416130665566811, 51.247960549968788 ], [ 4.41718955373587, 51.248197843078763 ], [ 4.418280411542447, 51.248368845277369 ], [ 4.419392729024808, 51.248471908997288 ], [ 4.420515789179503, 51.248506041234378 ], [ 4.421638771355659, 51.248470913128095 ], [ 4.422750855654773, 51.248366863134102 ], [ 4.423841327323189, 51.248194893759134 ], [ 4.424899680124586, 51.247956661888807 ], [ 4.425915717689864, 51.247654462803162 ], [ 4.42687965186187, 51.247291208034255 ], [ 4.427782197082157, 51.246870397280695 ], [ 4.428614659906128, 51.246396084651629 ], [ 4.429369022780985, 51.245872839566772 ], [ 4.430038021277569, 51.245305702691631 ], [ 4.430615214031566, 51.244700137334348 ], [ 4.431095044721303, 51.244061976774624 ], [ 4.431472895487354, 51.243397368033889 ], [ 4.431745131283051, 51.242712712630585 ], [ 4.431909134733448, 51.242014604892759 ], [ 4.431963331172728, 51.2413097684232 ] ] ] } },
{ "type": "Feature", "properties": { "stop_id": "osm-605744025", "name": "Stuivenbergplein", "lines": "12", "line_count": 1, "source": "osm-overpass", "buffer_m": 800 }, "geometry": { "type": "Polygon", "coordinates": [ [ [ 4.440111781612789, 51.226867779127303 ], [ 4.440055548277503, 51.226163001875236 ], [ 4.439889571663932, 51.225465078838688 ], [ 4.439615454985529, 51.224780730949256 ], [ 4.439235842527673, 51.2241165481244 ], [ 4.43875439401304, 51.223478925830847 ], [ 4.438175749208719, 51.222874003530414 ], [ 4.437505483121575, 51.222307605599191 ], [ 4.436750052218006, 51.221785185287928 ], [ 4.435916732189503, 51.221311772260606 ], [ 4.435013547865435, 51.220891924214861 ], [ 4.434049195948742, 51.220529683047552 ], [ 4.433032961317925, 51.220228535985605 ], [ 4.431974627699175, 51.219991382054012 ], [ 4.430884383565523, 51.219820504202296 ], [ 4.429772724164482, 51.219717547355707 ], [ 4.42865035061206, 51.219683502601519 ], [ 4.427528067018472, 51.219718697661271 ], [ 4.426416676629183, 51.219822793740384 ], [ 4.425326877974217, 51.219994788785016 ], [ 4.424269162018584, 51.220233027115171 ], [ 4.423253711297241, 51.220535215341918 ], [ 4.42229030199955, 51.220898444416513 ], [ 4.421388209940478, 51.221319217600289 ], [ 4.420556121319503, 51.22179348408828 ], [ 4.419802049123129, 51.222316677964066 ], [ 4.419133255974023, 51.222883762113277 ], [ 4.418556184169043, 51.223489276675139 ], [ 4.418076393580625, 51.224127391567293 ], [ 4.417698508021766, 51.224791962580738 ], [ 4.417426170594541, 51.225476590506403 ], [ 4.417262008456889, 51.226174682725357 ], [ 4.417207607352622, 51.22687951667195 ], [ 4.417263496156484, 51.227584304558391 ], [ 4.417429141590105, 51.228282258739306 ], [ 4.417702953167093, 51.228966657086239 ], [ 4.418082298326946, 51.229630907742717 ], [ 4.418563527619093, 51.230268612635221 ], [ 4.419142009701051, 51.230873629127728 ], [ 4.419812175819285, 51.231440129224396 ], [ 4.420567573349141, 51.23196265574834 ], [ 4.421400927881662, 51.232436174953854 ], [ 4.422304213261512, 51.232856125062938 ], [ 4.423268728902237, 51.233218460256523 ], [ 4.424285183633513, 51.233519689694276 ], [ 4.42534378527081, 51.233756911185559 ], [ 4.42643433504129, 51.23392783918456 ], [ 4.427546325951997, 51.23403082683889 ], [ 4.428669044147188, 51.234064881877394 ], [ 4.429791672272214, 51.234029676183276 ], [ 4.430903393841469, 51.233925548959796 ], [ 4.431993497597857, 51.233753503457642 ], [ 4.433051480851497, 51.233515197295901 ], [ 4.434067150795319, 51.233212926470181 ], [ 4.435030722815364, 51.232849603203519 ], [ 4.435932914843334, 51.232428727854298 ], [ 4.436765036838008, 51.231954355153626 ], [ 4.437519074530347, 51.231431055099655 ], [ 4.438187766623654, 51.23086386888707 ], [ 4.438764674704596, 51.23025826029896 ], [ 4.439244245192556, 51.229620063031021 ], [ 4.439621862732873, 51.228955424457865 ], [ 4.439893894523272, 51.228270746384922 ], [ 4.440057725151274, 51.227572623358228 ], [ 4.440111781612789, 51.226867779127303 ] ] ] } },
{ "type": "Feature", "properties": { "stop_id": "osm-605744373", "name": "Stuivenbergplein", "lines": "12", "line_count": 1, "source": "osm-overpass", "buffer_m": 800 }, "geometry": { "type": "Polygon", "coordinates": [ [ [ 4.439772455036995, 51.226759411987018 ], [ 4.439716226961878, 51.226054634543495 ], [ 4.43955025581351, 51.22535671100092 ], [ 4.439276144752696, 51.224672362295728 ], [ 4.438896538010717, 51.224008178353287 ], [ 4.43841509525522, 51.223370554651083 ], [ 4.437836456197844, 51.222765630664504 ], [ 4.437166195790132, 51.222199230785911 ], [ 4.436410770443835, 51.221676808284784 ], [ 4.435577455796961, 51.221203392846192 ], [ 4.434674276627101, 51.220783542191015 ], [ 4.433709929587608, 51.220421298241256 ], [ 4.432693699510054, 51.220120148250579 ], [ 4.431635370076847, 51.219882991272222 ], [ 4.430545129720747, 51.219712110285002 ], [ 4.429433473652923, 51.219609150244416 ], [ 4.428311102957324, 51.219575102268387 ], [ 4.427188821716681, 51.21961029410955 ], [ 4.426077433153813, 51.219714387004267 ], [ 4.424987635781165, 51.219886378929381 ], [ 4.423929920551399, 51.220124614234891 ], [ 4.422914469992469, 51.220426799561025 ], [ 4.42195106029215, 51.220790025886906 ], [ 4.42104896726926, 51.22121079650038 ], [ 4.420216877132521, 51.221685060621219 ], [ 4.419462802882991, 51.222208252355792 ], [ 4.418794007163065, 51.222775334610368 ], [ 4.418216932294304, 51.223380847542366 ], [ 4.417737138178604, 51.224018961085179 ], [ 4.417359248662878, 51.224683531042814 ], [ 4.417086906887266, 51.225368158216334 ], [ 4.416922740051537, 51.226066249994133 ], [ 4.416868333944716, 51.226771083814768 ], [ 4.416924217489695, 51.227475871891691 ], [ 4.417089857458732, 51.228173826577688 ], [ 4.417363663418053, 51.228858225739472 ], [ 4.417743002861257, 51.22952247751271 ], [ 4.418224226392844, 51.230160183813204 ], [ 4.418802702725821, 51.230765201991346 ], [ 4.419472863162052, 51.231331704035014 ], [ 4.420228255131641, 51.231854232748638 ], [ 4.421061604279223, 51.232327754365443 ], [ 4.421964884501371, 51.232747707084158 ], [ 4.422929395261347, 51.233110045060592 ], [ 4.423945845435888, 51.233411277427628 ], [ 4.425004442884393, 51.233648501966364 ], [ 4.426094988874416, 51.233819433101687 ], [ 4.427206976449451, 51.233922423950979 ], [ 4.428329691785908, 51.233956482212257 ], [ 4.429452317556707, 51.233921279737707 ], [ 4.430564037298922, 51.233817155699555 ], [ 4.431654139773068, 51.233645113317856 ], [ 4.432712122301612, 51.233406810181528 ], [ 4.433727792084451, 51.233104542257138 ], [ 4.43469136450916, 51.232741221739694 ], [ 4.435593557503515, 51.232320348961125 ], [ 4.436425681016947, 51.231845978627796 ], [ 4.437179720765752, 51.231322680715017 ], [ 4.437848415433376, 51.230755496396881 ], [ 4.438425326581647, 51.230149889438223 ], [ 4.438904900600355, 51.229511693519036 ], [ 4.439282522100787, 51.228847056001001 ], [ 4.439554558242484, 51.228162378679393 ], [ 4.439718393571018, 51.227464256092915 ], [ 4.439772455036995, 51.226759411987018 ] ] ] } },
{ "type": "Feature", "properties": { "stop_id": "osm-12389841391", "name": "Ten Eekhove", "lines": "A9", "line_count": 1, "source": "osm-overpass", "buffer_m": 800 }, "geometry": { "type": "Polygon", "coordinates": [ [ [ 4.461102811340674, 51.22700154631341 ], [ 4.461046260532877, 51.22629677910993 ], [ 4.46087996923201, 51.225598885601507 ], [ 4.460605543681338, 51.224914586434444 ], [ 4.46022563113954, 51.224250471056237 ], [ 4.459743894217497, 51.223612934283423 ], [ 4.459164975457649, 51.223008114753611 ], [ 4.458494452502723, 51.222441835852784 ], [ 4.457738784290218, 51.221919549685097 ], [ 4.456905248794229, 51.22144628462253 ], [ 4.456001872916388, 51.221026596937911 ], [ 4.4550373552017, 51.22066452698391 ], [ 4.454020982122892, 51.220363560339031 ], [ 4.452962538737305, 51.220126594291273 ], [ 4.451872214573271, 51.219955909981429 ], [ 4.450760505647685, 51.219853150471586 ], [ 4.449638113552671, 51.219819304949375 ], [ 4.44851584257672, 51.219854699218523 ], [ 4.44740449584403, 51.219958992566802 ], [ 4.446314771464988, 51.220131181041381 ], [ 4.445257159690592, 51.220369607100189 ], [ 4.444241842054245, 51.220671975547077 ], [ 4.443278593465785, 51.221035375598149 ], [ 4.442376688194944, 51.221456308868689 ], [ 4.441544810645009, 51.221930723012115 ], [ 4.440790971772563, 51.222454050690175 ], [ 4.440122431956039, 51.223021253499851 ], [ 4.439545631055263, 51.223626870437229 ], [ 4.439066126336219, 51.224265070433717 ], [ 4.43868853886102, 51.224929708460138 ], [ 4.43841650886284, 51.22561438466132 ], [ 4.438252660540257, 51.226312505952748 ], [ 4.438198576615713, 51.227017349487888 ], [ 4.438254782909645, 51.227722127385768 ], [ 4.438420743085826, 51.228420052096297 ], [ 4.438694863625926, 51.229104401774066 ], [ 4.439074508992655, 51.229768585030506 ], [ 4.439556026842514, 51.230406204440555 ], [ 4.440134783051889, 51.231011118190871 ], [ 4.440805206224772, 51.231577499274643 ], [ 4.441560841258242, 51.232099891660908 ], [ 4.442394411453246, 51.232573262895706 ], [ 4.443297888574694, 51.232993052626178 ], [ 4.444262570186847, 51.233355216577969 ], [ 4.445279163518491, 51.23365626556037 ], [ 4.446337875048094, 51.233893299121156 ], [ 4.447428504942694, 51.23406403352508 ], [ 4.448540545436347, 51.234166823784932 ], [ 4.449663282194948, 51.234200679531398 ], [ 4.450785897684781, 51.234165274567843 ], [ 4.45189757554217, 51.234060950017479 ], [ 4.452987604931792, 51.233888711032186 ], [ 4.454045483881265, 51.233650217095125 ], [ 4.45506102058979, 51.233347766011043 ], [ 4.456024431728714, 51.232984271739419 ], [ 4.456926436781584, 51.232563236285962 ], [ 4.45775834751054, 51.232088715923943 ], [ 4.458512151683956, 51.231565282073639 ], [ 4.459180590256858, 51.230997977218159 ], [ 4.459757227260158, 51.230392266282962 ], [ 4.460236511726364, 51.229753983948967 ], [ 4.460613831057552, 51.229089278409496 ], [ 4.460885555325174, 51.228404552114249 ], [ 4.461049072079706, 51.227706400072805 ], [ 4.461102811340674, 51.22700154631341 ] ] ] } },
{ "type": "Feature", "properties": { "stop_id": "osm-611676508", "name": "Ten Eekhove", "lines": "A9", "line_count": 1, "source": "osm-overpass", "buffer_m": 800 }, "geometry": { "type": "Polygon", "coordinates": [ [ [ 4.462325194250362, 51.226932827934327 ], [ 4.462268625047932, 51.226228061296538 ], [ 4.46210231569497, 51.225530169488316 ], [ 4.461827872608541, 51.22484587313965 ], [ 4.461447943216101, 51.224181761670742 ], [ 4.460966190290701, 51.223544229860501 ], [ 4.460387256528772, 51.222939416298729 ], [ 4.45971671971736, 51.222373144313863 ], [ 4.458961038927242, 51.221850865943459 ], [ 4.458127492253491, 51.221377609484449 ], [ 4.457224106705218, 51.220957931126705 ], [ 4.456259580920409, 51.220595871133185 ], [ 4.455243201449374, 51.220294914986425 ], [ 4.454184753410892, 51.220057959873401 ], [ 4.453094426378017, 51.219887286829618 ], [ 4.451982716395208, 51.219784538808717 ], [ 4.450860325064737, 51.219750704887723 ], [ 4.44973805666773, 51.219786110758697 ], [ 4.448626714303584, 51.219890415597725 ], [ 4.447536996040671, 51.220062615341348 ], [ 4.446479392071178, 51.220301052339067 ], [ 4.44546408385346, 51.220603431289362 ], [ 4.444500846206787, 51.220966841307259 ], [ 4.443598953295662, 51.221387783912 ], [ 4.44276708940451, 51.221862206667254 ], [ 4.442013265358527, 51.222385542151727 ], [ 4.44134474139353, 51.222952751887213 ], [ 4.440767957216836, 51.223558374803183 ], [ 4.440288469933504, 51.224196579773363 ], [ 4.439910900437846, 51.224861221720651 ], [ 4.439638888789981, 51.225545900752095 ], [ 4.439475059011825, 51.226244023755875 ], [ 4.439420993647264, 51.226948867868913 ], [ 4.439477218337986, 51.227653645204597 ], [ 4.439643196570566, 51.228351568218251 ], [ 4.439917334652721, 51.229035915080736 ], [ 4.440296996878128, 51.229700094430541 ], [ 4.440778530740818, 51.230337708880164 ], [ 4.441357301962823, 51.230942616664066 ], [ 4.442027739003402, 51.231508990832822 ], [ 4.442783386625926, 51.232031375422096 ], [ 4.443616968009936, 51.232504738052967 ], [ 4.44452045481242, 51.232924518455448 ], [ 4.445485144504256, 51.233286672445068 ], [ 4.446501744236276, 51.233587710927068 ], [ 4.447560460425195, 51.233824733550364 ], [ 4.44865109319309, 51.233995456685108 ], [ 4.449763134746274, 51.234098235452649 ], [ 4.45088587074041, 51.234132079594389 ], [ 4.452008483649143, 51.234096663025511 ], [ 4.453120157133683, 51.233992326981046 ], [ 4.454210180400881, 51.233820076723632 ], [ 4.455268051537413, 51.233581571845008 ], [ 4.456283578817834, 51.233279110255303 ], [ 4.457246979004426, 51.232915606015297 ], [ 4.458148971686366, 51.232494561226652 ], [ 4.458980868745097, 51.232020032252535 ], [ 4.459734658080804, 51.231496590596215 ], [ 4.460403080791576, 51.230929278815985 ], [ 4.460979701061236, 51.230323561903901 ], [ 4.46145896808358, 51.229685274598495 ], [ 4.461836269428803, 51.229020565140928 ], [ 4.462107975341657, 51.228335836018523 ], [ 4.462271473549451, 51.227637682268117 ], [ 4.462325194250362, 51.226932827934327 ] ] ] } },
{ "type": "Feature", "properties": { "stop_id": "osm-2206732205", "name": "Tropisch Instituut", "lines": "4", "line_count": 1, "source": "osm-overpass", "buffer_m": 800 }, "geometry": { "type": "Polygon", "coordinates": [ [ [ 4.408687191482567, 51.212235422180427 ], [ 4.408631450681192, 51.211530626008283 ], [ 4.408465996408899, 51.21083265492954 ], [ 4.408192426846955, 51.210148230339762 ], [ 4.407813381010937, 51.209483942896235 ], [ 4.407332513166919, 51.208846189074393 ], [ 4.406754457491096, 51.208241109603634 ], [ 4.406084783318952, 51.207674530374476 ], [ 4.405329941419561, 51.207151906384134 ], [ 4.404497201815879, 51.206678269258447 ], [ 4.403594583751966, 51.206258178853268 ], [ 4.40263077848232, 51.205895679399255 ], [ 4.401615065626116, 51.205594260610305 ], [ 4.400557223889826, 51.20535682412762 ], [ 4.399467437014467, 51.205185655620888 ], [ 4.398356195848644, 51.205082402813467 ], [ 4.397234197484749, 51.205048059641676 ], [ 4.396112242423244, 51.205082956699762 ], [ 4.395001130748341, 51.205186758061686 ], [ 4.39391155830766, 51.205358464510617 ], [ 4.392854013888406, 51.205596423144719 ], [ 4.391838678373285, 51.205898343267556 ], [ 4.390875326840876, 51.206261318411393 ], [ 4.389973234547592, 51.206681854282387 ], [ 4.389141087692033, 51.207155902360441 ], [ 4.388386899817644, 51.20767889883227 ], [ 4.387717934656625, 51.208245808484612 ], [ 4.387140636157461, 51.20885117313739 ], [ 4.38666056637058, 51.209489164152444 ], [ 4.386282351792572, 51.210153638514527 ], [ 4.386009638689056, 51.210838197946167 ], [ 4.385845057831185, 51.211536250489289 ], [ 4.385790198991065, 51.212241073961444 ], [ 4.385845595448158, 51.212945880677019 ], [ 4.386010718662971, 51.213643882810622 ], [ 4.386283983176591, 51.214328357773269 ], [ 4.386662761696272, 51.214992712971821 ], [ 4.387143410228759, 51.215630549327138 ], [ 4.387721303025879, 51.216235722938038 ], [ 4.388390877011482, 51.216802404296281 ], [ 4.389145685266608, 51.217325134479871 ], [ 4.389978459061235, 51.217798877782059 ], [ 4.390881177837359, 51.218219070266649 ], [ 4.391845146470176, 51.218581663780135 ], [ 4.392861079062551, 51.218883164993976 ], [ 4.393919188463678, 51.21912066909946 ], [ 4.395009280646327, 51.219291887828128 ], [ 4.396120853029108, 51.219395171526664 ], [ 4.397243195791145, 51.219429525071611 ], [ 4.398365495196947, 51.219394617470087 ], [ 4.399476937929341, 51.21929078505331 ], [ 4.400566815418357, 51.219119028231503 ], [ 4.401624627153951, 51.218881001842362 ], [ 4.402640181980597, 51.218578999186072 ], [ 4.403603696391703, 51.218215929902087 ], [ 4.404505888871512, 51.217795291902021 ], [ 4.40533806937132, 51.217321137630705 ], [ 4.406092223054751, 51.216798034982382 ], [ 4.406761087503543, 51.216231023250621 ], [ 4.407338222639528, 51.215625564538357 ], [ 4.407818072690233, 51.214987491098405 ], [ 4.408196019603409, 51.214322949113573 ], [ 4.408468427399643, 51.213638339459969 ], [ 4.40863267704057, 51.212940256025739 ], [ 4.408687191482567, 51.212235422180427 ] ] ] } },
{ "type": "Feature", "properties": { "stop_id": "osm-2206732206", "name": "Tropisch Instituut", "lines": "4", "line_count": 1, "source": "osm-overpass", "buffer_m": 800 }, "geometry": { "type": "Polygon", "coordinates": [ [ [ 4.409202223618939, 51.213181172314393 ], [ 4.409146473903617, 51.212476376644744 ], [ 4.408981008568169, 51.211778406543814 ], [ 4.408707425900579, 51.211093983397703 ], [ 4.408328365042788, 51.210429697849861 ], [ 4.407847480405648, 51.209791946357356 ], [ 4.407269406327156, 51.209186869627182 ], [ 4.406599712320054, 51.208620293523424 ], [ 4.405844849344434, 51.208097673013228 ], [ 4.405012087626178, 51.207624039688845 ], [ 4.404109446622233, 51.207203953369493 ], [ 4.403145617807896, 51.206841458246579 ], [ 4.402129881028934, 51.206540043992206 ], [ 4.401072015222028, 51.206302612203928 ], [ 4.399982204359809, 51.206131448506248 ], [ 4.398870939521671, 51.206028200576213 ], [ 4.397748918027776, 51.20599386230321 ], [ 4.396626940601131, 51.206028764234269 ], [ 4.395515807541145, 51.206132570396512 ], [ 4.394426214901214, 51.206304281526883 ], [ 4.393368651662923, 51.206542244678452 ], [ 4.392353298890111, 51.206844169111342 ], [ 4.391389931827477, 51.207207148316314 ], [ 4.390487825880965, 51.207627687960397 ], [ 4.389655667380673, 51.208101739487255 ], [ 4.388901469982238, 51.208624739050322 ], [ 4.388232497509673, 51.209191651406634 ], [ 4.387655193981999, 51.209797018350031 ], [ 4.38717512149823, 51.210435011220305 ], [ 4.386796906581107, 51.211099486984338 ], [ 4.386524195499718, 51.211784047351159 ], [ 4.386359619005953, 51.212482100353647 ], [ 4.386304766830101, 51.213186923804926 ], [ 4.386360172187652, 51.213891730019597 ], [ 4.386525306453588, 51.214589731177 ], [ 4.386798584062746, 51.215274204697586 ], [ 4.387177377596405, 51.215938558002058 ], [ 4.387658042916831, 51.216576392029467 ], [ 4.388235954114249, 51.217181562901118 ], [ 4.388905547935336, 51.217748241135034 ], [ 4.389660377270101, 51.21827096783931 ], [ 4.390493173185465, 51.218744707340761 ], [ 4.391395914910296, 51.219164895739716 ], [ 4.392359907098661, 51.219527484922054 ], [ 4.393375863626412, 51.219828981600912 ], [ 4.394433997112055, 51.220066481011273 ], [ 4.395524113296208, 51.220237694929914 ], [ 4.396635709366127, 51.220340973749849 ], [ 4.397758075272599, 51.220375322394631 ], [ 4.398880397057034, 51.220340409918578 ], [ 4.399991861186542, 51.220236572699847 ], [ 4.401081758884916, 51.220064811195002 ], [ 4.40213958944734, 51.219826780286787 ], [ 4.403155161536864, 51.219524773318966 ], [ 4.404118691480566, 51.219161699972545 ], [ 4.405020897613077, 51.218741058198283 ], [ 4.405853089754207, 51.218266900477346 ], [ 4.406607252955521, 51.217743794737238 ], [ 4.407276124707182, 51.217176780301287 ], [ 4.407853264860822, 51.216571319298488 ], [ 4.408333117595797, 51.215933244003736 ], [ 4.408711064834185, 51.215268700617621 ], [ 4.40898347059365, 51.214584090029831 ], [ 4.409147715855648, 51.213886006137457 ], [ 4.409202223618939, 51.213181172314393 ] ] ] } },
{ "type": "Feature", "properties": { "stop_id": "osm-1636577310", "name": "Van Bree", "lines": "7", "line_count": 1, "source": "osm-overpass", "buffer_m": 800 }, "geometry": { "type": "Polygon", "coordinates": [ [ [ 4.419753509436742, 51.209052750449622 ], [ 4.419697605215747, 51.20834795863194 ], [ 4.419531996635903, 51.207650002186767 ], [ 4.419258283363454, 51.206965602368307 ], [ 4.418879105796695, 51.206301349594909 ], [ 4.418398119468862, 51.205663640007785 ], [ 4.41781995969564, 51.205058613910047 ], [ 4.417150196813396, 51.204492096678017 ], [ 4.416395282443913, 51.203969542711796 ], [ 4.41556248730653, 51.203495982962757 ], [ 4.414659831178718, 51.203075976541683 ], [ 4.413696005680329, 51.202713566870628 ], [ 4.412680290624365, 51.202412242799035 ], [ 4.411622464737769, 51.202174905056239 ], [ 4.4105327116085, 51.202003838361385 ], [ 4.409421521760071, 51.201900689457787 ], [ 4.408299591790879, 51.201866451281511 ], [ 4.407177721543244, 51.201901453416092 ], [ 4.406066710285395, 51.202005358924069 ], [ 4.404977252898961, 51.202177167586001 ], [ 4.403919837064416, 51.202415225516098 ], [ 4.402904642427586, 51.202717241061947 ], [ 4.401941442711902, 51.203080306837144 ], [ 4.401039511713321, 51.203500927675123 ], [ 4.400207534078706, 51.203975054237723 ], [ 4.399453521723356, 51.204498121955751 ], [ 4.398784736690543, 51.205065094929751 ], [ 4.398207621195233, 51.205670514369658 ], [ 4.397727735526421, 51.206308551109402 ], [ 4.397349704408253, 51.206973061693063 ], [ 4.397077172339944, 51.207657647494045 ], [ 4.396912768349286, 51.208355716299799 ], [ 4.39685808050483, 51.209060545770889 ], [ 4.396913640438731, 51.20976534816343 ], [ 4.397078918036295, 51.210463335693198 ], [ 4.397352326350742, 51.211147785911471 ], [ 4.397731236703141, 51.211812106462979 ], [ 4.398212003829153, 51.212449898601925 ], [ 4.398790000836899, 51.213055018852721 ], [ 4.399459663644995, 51.213621638220793 ], [ 4.400214544477457, 51.214144298381044 ], [ 4.401047373903753, 51.214617964301098 ], [ 4.401950130828705, 51.215038072790087 ], [ 4.402914119758891, 51.215400576503576 ], [ 4.403930054600716, 51.215701982978054 ], [ 4.404988148180986, 51.215939388317551 ], [ 4.406078206624426, 51.216110505205179 ], [ 4.407189727674472, 51.2162136849688 ], [ 4.408312002004831, 51.216247933486336 ], [ 4.409434216539578, 51.216212920776897 ], [ 4.410545558779721, 51.216108984184324 ], [ 4.411635321124165, 51.215937125122586 ], [ 4.412693004173076, 51.215698999414379 ], [ 4.413708418011717, 51.215396901316716 ], [ 4.414671780492872, 51.215033741388453 ], [ 4.415573811565586, 51.214613018414397 ], [ 4.416405822737206, 51.214138785657774 ], [ 4.417159800803628, 51.213615611768738 ], [ 4.417828485039284, 51.213048536726816 ], [ 4.418405437102791, 51.212443023244518 ], [ 4.418885102985739, 51.211804904101854 ], [ 4.419262866410235, 51.211140325921477 ], [ 4.419535093164381, 51.210455689927727 ], [ 4.419699165953436, 51.209757590261972 ], [ 4.419753509436742, 51.209052750449622 ] ] ] } },
{ "type": "Feature", "properties": { "stop_id": "osm-1636577331", "name": "Van Bree", "lines": "7", "line_count": 1, "source": "osm-overpass", "buffer_m": 800 }, "geometry": { "type": "Polygon", "coordinates": [ [ [ 4.419546018414398, 51.209496670549044 ], [ 4.419490116796656, 51.208791878754717 ], [ 4.41932450974544, 51.208093922139113 ], [ 4.419050796912365, 51.207409521958056 ], [ 4.418671618691595, 51.206745268633412 ], [ 4.418190630622755, 51.206107558311672 ], [ 4.417612468038375, 51.205502531303075 ], [ 4.41694270130197, 51.204936012992668 ], [ 4.416187782072492, 51.204413457790956 ], [ 4.415354981116117, 51.203939896661232 ], [ 4.414452318266385, 51.203519888727527 ], [ 4.413488485207872, 51.203157477426473 ], [ 4.412472761826374, 51.202856151623202 ], [ 4.41141492692897, 51.202618812063697 ], [ 4.410325164190348, 51.202447743484647 ], [ 4.409213964226486, 51.202344592647428 ], [ 4.408092023733126, 51.202310352506785 ], [ 4.406970142653842, 51.202345352665134 ], [ 4.405859120361083, 51.202449256203998 ], [ 4.404769651842654, 51.202621062922987 ], [ 4.403712224886131, 51.202859118954898 ], [ 4.402697019244371, 51.203161132665699 ], [ 4.401733808746696, 51.20352419668658 ], [ 4.40083186729284, 51.20394481586797 ], [ 4.399999879630296, 51.204418940887557 ], [ 4.399245857770905, 51.204942007191072 ], [ 4.398577063849444, 51.205508978892645 ], [ 4.397999940166485, 51.206114397214485 ], [ 4.397520047089897, 51.206752433001341 ], [ 4.397142009415203, 51.207416942806475 ], [ 4.396869471704818, 51.208101528010715 ], [ 4.396705063040938, 51.208799596407339 ], [ 4.396650371537207, 51.20950442566086 ], [ 4.396705928861106, 51.210209228029463 ], [ 4.396871204923181, 51.210907215729193 ], [ 4.397144612791535, 51.211591666309666 ], [ 4.39752352379163, 51.212255987412192 ], [ 4.398004292652981, 51.21289378028559 ], [ 4.398582292467076, 51.213498901447267 ], [ 4.399251959125579, 51.214065521893872 ], [ 4.400006844815471, 51.214588183289877 ], [ 4.400839680059483, 51.215061850591006 ], [ 4.401742443706428, 51.215481960593124 ], [ 4.402706440198143, 51.21584446593716 ], [ 4.403722383368192, 51.216145874143955 ], [ 4.404780485963139, 51.216383281300821 ], [ 4.405870554020836, 51.216554400073356 ], [ 4.406982085192055, 51.216657581771216 ], [ 4.408104370052953, 51.216691832253758 ], [ 4.409226595426093, 51.216656821521099 ], [ 4.410337948708008, 51.2165528868981 ], [ 4.411427722191171, 51.216381029779718 ], [ 4.412485416368369, 51.21614290596991 ], [ 4.413500841217616, 51.215840809707423 ], [ 4.414464214485563, 51.215477651533476 ], [ 4.415366256017311, 51.215056930215901 ], [ 4.416198277219422, 51.214582699002037 ], [ 4.416952264791161, 51.214059526527123 ], [ 4.417620957915396, 51.213492452757109 ], [ 4.418197918165144, 51.212886940392302 ], [ 4.41867759145318, 51.212248822201907 ], [ 4.419055361430334, 51.211584244799432 ], [ 4.419327593821653, 51.210899609401736 ], [ 4.419491671278186, 51.210201510144422 ], [ 4.419546018414398, 51.209496670549044 ] ] ] } },
{ "type": "Feature", "properties": { "stop_id": "osm-611691518", "name": "Van Overmeire", "lines": "A9", "line_count": 1, "source": "osm-overpass", "buffer_m": 800 }, "geometry": { "type": "Polygon", "coordinates": [ [ [ 4.490554399313228, 51.229826294202525 ], [ 4.490497399853803, 51.229121541925537 ], [ 4.490330657616834, 51.228423690665885 ], [ 4.490055783187771, 51.227739460661866 ], [ 4.48967542814689, 51.227075440693802 ], [ 4.48919325936453, 51.226438024658414 ], [ 4.488613923539499, 51.225833350029738 ], [ 4.487943002327884, 51.225267238797706 ], [ 4.487186958498992, 51.224745141451343 ], [ 4.486353073640433, 51.224272084544054 ], [ 4.485449378014401, 51.223852622344026 ], [ 4.48448457324129, 51.223490793032802 ], [ 4.483467948554593, 51.223190079871905 ], [ 4.482409291431335, 51.222953377708869 ], [ 4.481318793455288, 51.222782965144063 ], [ 4.480206952314872, 51.222680482623588 ], [ 4.479084470873793, 51.222646916668701 ], [ 4.477962154280011, 51.222682590391919 ], [ 4.476850806096848, 51.222787160390936 ], [ 4.475761124449239, 51.222959620049828 ], [ 4.474703599177992, 51.223198309215931 ], [ 4.473688410985492, 51.223500930160178 ], [ 4.472725333537637, 51.223864569667846 ], [ 4.471823639459185, 51.224285727048574 ], [ 4.470992011123146, 51.224760347798039 ], [ 4.470238457089903, 51.225283862588256 ], [ 4.469570234998736, 51.225851231214179 ], [ 4.468993781653555, 51.22645699107472 ], [ 4.468514650976966, 51.22709530972422 ], [ 4.468137460432284, 51.227760040990113 ], [ 4.467865846432995, 51.228444784118317 ], [ 4.46770242917377, 51.229142945378747 ], [ 4.467648787227402, 51.229847801538753 ], [ 4.467705442158809, 51.230552564594589 ], [ 4.467871853311352, 51.231250447137874 ], [ 4.468146422822972, 51.231934727728138 ], [ 4.468526510831199, 51.232598815641055 ], [ 4.46900846072761, 51.23323631436881 ], [ 4.469587634225058, 51.233841083259499 ], [ 4.47025845590562, 51.234407296700844 ], [ 4.471014466824909, 51.234929500275932 ], [ 4.47184838666001, 51.235402663349035 ], [ 4.472752183804608, 51.235822227572072 ], [ 4.473717152737001, 51.236184150842803 ], [ 4.474733997915154, 51.236484946288954 ], [ 4.47579292338868, 51.236721715900757 ], [ 4.476883727261244, 51.236892178485817 ], [ 4.477995900089007, 51.236994691675839 ], [ 4.479118726261701, 51.237028267770931 ], [ 4.480241387383519, 51.236992583268865 ], [ 4.481353066651119, 51.2368879819862 ], [ 4.482443053216178, 51.236715471741078 ], [ 4.483500845520083, 51.236476714630122 ], [ 4.484516252598529, 51.236174010993508 ], [ 4.485479492373957, 51.235810277223813 ], [ 4.486381285983448, 51.235389017633779 ], [ 4.487212947229077, 51.234914290655603 ], [ 4.487966466285759, 51.234390669699586 ], [ 4.488634586858351, 51.23382319905064 ], [ 4.489210876044235, 51.233217345230571 ], [ 4.489689786229366, 51.232578944295824 ], [ 4.490066708423788, 51.231914145581186 ], [ 4.490338016526566, 51.231229352432685 ], [ 4.490501102098456, 51.230531160502707 ], [ 4.490554399313228, 51.229826294202525 ] ] ] } },
{ "type": "Feature", "properties": { "stop_id": "osm-611691864", "name": "Van Overmeire", "lines": "A9", "line_count": 1, "source": "osm-overpass", "buffer_m": 800 }, "geometry": { "type": "Polygon", "coordinates": [ [ [ 4.490510258779633, 51.229254198468659 ], [ 4.49045326068704, 51.228549446011328 ], [ 4.490286521157005, 51.227851594531977 ], [ 4.490011650748788, 51.227167364271075 ], [ 4.489631301003839, 51.226503344011391 ], [ 4.489149138741403, 51.225865927652464 ], [ 4.488569810597426, 51.225261252671487 ], [ 4.487898898153968, 51.224695141061765 ], [ 4.487142864095865, 51.224173043315929 ], [ 4.486308989916626, 51.223699985991317 ], [ 4.485405305775616, 51.223280523360053 ], [ 4.484440513182659, 51.222918693607951 ], [ 4.483423901254013, 51.222617980000635 ], [ 4.482365257343916, 51.222381277390092 ], [ 4.481274772908992, 51.222210864380926 ], [ 4.480162945507359, 51.222108381423531 ], [ 4.479040477870534, 51.222074815043342 ], [ 4.477918175013655, 51.222110488356996 ], [ 4.476806840367872, 51.222215057966153 ], [ 4.475717171927863, 51.222387517258575 ], [ 4.474659659407339, 51.222626206085209 ], [ 4.473644483385985, 51.222928826720214 ], [ 4.472681417412558, 51.223292465951801 ], [ 4.471779734001361, 51.22371362309233 ], [ 4.470948115422699, 51.224188243639688 ], [ 4.470194570142999, 51.224711758267944 ], [ 4.469526355717217, 51.225279126773572 ], [ 4.468949908875397, 51.225884886556564 ], [ 4.468470783477457, 51.226523205172086 ], [ 4.468093596935785, 51.227187936447883 ], [ 4.467821985625227, 51.227872679629733 ], [ 4.467658569714446, 51.228570840987061 ], [ 4.467604927763123, 51.22927569728629 ], [ 4.46766158133611, 51.229980460522306 ], [ 4.467827989789726, 51.230678343285071 ], [ 4.46810255528779, 51.231362624131904 ], [ 4.468482638006378, 51.232026712336065 ], [ 4.468964581387919, 51.23266421138694 ], [ 4.469543747207935, 51.233268980629539 ], [ 4.47021456012239, 51.233835194448112 ], [ 4.470970561271287, 51.234357398422219 ], [ 4.4718044704258, 51.234830561912268 ], [ 4.472708256082493, 51.235250126566143 ], [ 4.473673212830343, 51.235612050277496 ], [ 4.474690045244718, 51.235912846169782 ], [ 4.475748957498233, 51.236149616228914 ], [ 4.476839747821978, 51.236320079258327 ], [ 4.477951906902698, 51.236422592885255 ], [ 4.479074719262639, 51.23645616940572 ], [ 4.480197366639137, 51.236420485313374 ], [ 4.481309032361353, 51.236315884420826 ], [ 4.482399005711526, 51.236143374542443 ], [ 4.483456785258411, 51.23590461777134 ], [ 4.484472180160659, 51.235601914444395 ], [ 4.485435408458038, 51.235238180951207 ], [ 4.486337191398223, 51.234816921601819 ], [ 4.487168842886075, 51.234342194826148 ], [ 4.487922353190482, 51.233818574032476 ], [ 4.488590466100574, 51.233251103504259 ], [ 4.489166748787489, 51.232645249761994 ], [ 4.489645653699699, 51.232006848861495 ], [ 4.490022571897955, 51.231342050137116 ], [ 4.490293877319701, 51.230657256935054 ], [ 4.49045696155141, 51.229959064908201 ], [ 4.490510258779633, 51.229254198468659 ] ] ] } },
{ "type": "Feature", "properties": { "stop_id": "osm-3392513429", "name": "Van Riel", "lines": "8", "line_count": 1, "source": "osm-overpass", "buffer_m": 800 }, "geometry": { "type": "Polygon", "coordinates": [ [ [ 4.486529679151642, 51.210193583676094 ], [ 4.486472764505788, 51.209488824040932 ], [ 4.486306152679425, 51.20879096174415 ], [ 4.486031452998222, 51.208106717130597 ], [ 4.485651315356101, 51.207442679121492 ], [ 4.485169404526841, 51.206805241787585 ], [ 4.48459036472279, 51.20620054280829 ], [ 4.483919774747699, 51.205634404408322 ], [ 4.483164094180197, 51.205112277338557 ], [ 4.482330601109637, 51.204639188438904 ], [ 4.481427322026035, 51.204219692285868 ], [ 4.480462954540005, 51.20385782738807 ], [ 4.479446783676184, 51.20355707734987 ], [ 4.47838859254413, 51.203320337374045 ], [ 4.477298568243456, 51.203149886425095 ], [ 4.476187203904783, 51.203047365318739 ], [ 4.475065197804132, 51.203013760947698 ], [ 4.473943350515902, 51.203049396794356 ], [ 4.472832461087864, 51.203153929820978 ], [ 4.471743223230741, 51.203326353767459 ], [ 4.470686122514841, 51.203565008824896 ], [ 4.469671335556732, 51.203867597592378 ], [ 4.468708632160443, 51.20423120716481 ], [ 4.467807281349909, 51.204652337139869 ], [ 4.466975962192965, 51.205126933276929 ], [ 4.466222680272302, 51.205650426484823 ], [ 4.465554690605638, 51.206217776766124 ], [ 4.464978427756774, 51.206823521696286 ], [ 4.464499443811266, 51.207461828973344 ], [ 4.46412235481624, 51.208126552534168 ], [ 4.463850796203616, 51.208811291698929 ], [ 4.4636873876307, 51.209509452775706 ], [ 4.463633707582456, 51.210214312533772 ], [ 4.463690277986517, 51.210919082934822 ], [ 4.463856558996162, 51.211616976499975 ], [ 4.464130953998827, 51.21230127168279 ], [ 4.464510824809215, 51.212965377618687 ], [ 4.46499251690774, 51.213602897626515 ], [ 4.465571394487756, 51.214207690849719 ], [ 4.466241884979687, 51.214773931441883 ], [ 4.466997532627988, 51.215296164724954 ], [ 4.467831060608372, 51.215769359777241 ], [ 4.468734441089265, 51.216188957942947 ], [ 4.469698972563409, 51.216550916793089 ], [ 4.47071536370419, 51.21685174911277 ], [ 4.471773822936941, 51.217088556537242 ], [ 4.472864152859084, 51.217259057509956 ], [ 4.473975848595136, 51.217361609292801 ], [ 4.475098199133662, 51.217395223814158 ], [ 4.476220390663704, 51.217359577201606 ], [ 4.477331610908471, 51.217255012906591 ], [ 4.478421153444139, 51.217082538390848 ], [ 4.479478520991778, 51.216843815406619 ], [ 4.480493526680619, 51.216541143965252 ], [ 4.481456392300933, 51.216177440148904 ], [ 4.482357842594614, 51.21575620798162 ], [ 4.483189194670744, 51.215281505631282 ], [ 4.483942441681566, 51.214757906270705 ], [ 4.484610329950923, 51.214190453976755 ], [ 4.485186428811669, 51.213584615094256 ], [ 4.48566519248021, 51.212946225535703 ], [ 4.486042013374543, 51.21228143452624 ], [ 4.486313266365706, 51.21159664533775 ], [ 4.486476343541255, 51.210898453584484 ], [ 4.486529679151642, 51.210193583676094 ] ] ] } },
{ "type": "Feature", "properties": { "stop_id": "osm-3392513430", "name": "Van Riel", "lines": "8", "line_count": 1, "source": "osm-overpass", "buffer_m": 800 }, "geometry": { "type": "Polygon", "coordinates": [ [ [ 4.487137898588445, 51.210273324775677 ], [ 4.487080974654633, 51.209568565455264 ], [ 4.486914353443002, 51.208870704037416 ], [ 4.486639644369589, 51.208186460858464 ], [ 4.486259497418754, 51.207522424825839 ], [ 4.485777577453876, 51.206884989991224 ], [ 4.485198528775235, 51.206280294009936 ], [ 4.484527930271988, 51.205714159077765 ], [ 4.483772241604821, 51.205192035912276 ], [ 4.482938740941007, 51.204718951315712 ], [ 4.48203545484361, 51.204299459823098 ], [ 4.481071080990708, 51.203937599898289 ], [ 4.480054904468174, 51.203636855097692 ], [ 4.478996708439986, 51.203400120573654 ], [ 4.477906680052848, 51.203229675238198 ], [ 4.47679531247668, 51.203127159853011 ], [ 4.475673304018644, 51.203093561255784 ], [ 4.474551455275817, 51.203129202873242 ], [ 4.473440565309971, 51.203233741612145 ], [ 4.472351327837014, 51.203406171157397 ], [ 4.471294228423576, 51.203644831646173 ], [ 4.470279443673724, 51.203947425625309 ], [ 4.469316743370275, 51.204311040139508 ], [ 4.468415396507436, 51.204732174738908 ], [ 4.467584082115099, 51.205206775138294 ], [ 4.466830805730147, 51.205730272205493 ], [ 4.466162822317078, 51.206297625905918 ], [ 4.46558656637954, 51.206903373782076 ], [ 4.465107589936611, 51.207541683503599 ], [ 4.464730508963242, 51.208206408983827 ], [ 4.46445895881416, 51.208891149524412 ], [ 4.464295559065222, 51.209589311420196 ], [ 4.464241888116442, 51.210294171432473 ], [ 4.464298467807852, 51.210998941520529 ], [ 4.464464758203295, 51.211696834208439 ], [ 4.464739162599813, 51.212381127958224 ], [ 4.465119042721613, 51.21304523191899 ], [ 4.4656007439594, 51.213682749428692 ], [ 4.466179630418453, 51.214287539654755 ], [ 4.466850129443628, 51.21485377677967 ], [ 4.467605785197127, 51.215376006158678 ], [ 4.468439320776525, 51.215849196907826 ], [ 4.469342708276978, 51.216268790412592 ], [ 4.470307246123546, 51.216630744288992 ], [ 4.471323642928168, 51.216931571370026 ], [ 4.472382107061554, 51.217168373341373 ], [ 4.473472441073864, 51.217338868699052 ], [ 4.474584140050174, 51.217441414759058 ], [ 4.475706492947799, 51.217475023504882 ], [ 4.476828685933046, 51.217439371119788 ], [ 4.477939906715094, 51.217334801110809 ], [ 4.479029448864951, 51.217162320994731 ], [ 4.48008681510743, 51.2169235925778 ], [ 4.481101818584371, 51.216620915923599 ], [ 4.482064681107395, 51.216257207164588 ], [ 4.482966127448293, 51.215835970372446 ], [ 4.483797474754285, 51.215361263759533 ], [ 4.484550716223635, 51.214837660539786 ], [ 4.485218598233636, 51.214270204827173 ], [ 4.485794690177499, 51.213664362999474 ], [ 4.486273446338335, 51.213025970997499 ], [ 4.486650259206511, 51.212361178069948 ], [ 4.48692150373043, 51.211676387507133 ], [ 4.487084572079241, 51.210978194936551 ], [ 4.487137898588445, 51.210273324775677 ] ] ] } },
{ "type": "Feature", "properties": { "stop_id": "osm-604706801", "name": "Van Ruusbroec", "lines": "11", "line_count": 1, "source": "osm-overpass", "buffer_m": 800 }, "geometry": { "type": "Polygon", "coordinates": [ [ [ 4.438756903138946, 51.207812910091597 ], [ 4.438700713253251, 51.207108126946487 ], [ 4.438534824722074, 51.206410196813302 ], [ 4.438260839906739, 51.205725840692089 ], [ 4.437881401819211, 51.205061648579729 ], [ 4.437400168499864, 51.204424016032583 ], [ 4.436821777640897, 51.203819082611354 ], [ 4.436151801801786, 51.203252672799486 ], [ 4.435396694652692, 51.202730239962342 ], [ 4.434563728766959, 51.202256813884709 ], [ 4.433660925563953, 51.201836952390131 ], [ 4.432696978077575, 51.201474697505141 ], [ 4.431681167293521, 51.201173536588939 ], [ 4.430623272858845, 51.2009363688001 ], [ 4.429533479020258, 51.200765477221601 ], [ 4.428422276692356, 51.200662506910994 ], [ 4.427300362593239, 51.200628449085194 ], [ 4.426178536412404, 51.200663631591596 ], [ 4.425067596994209, 51.200767715756442 ], [ 4.423978238529432, 51.200939699640529 ], [ 4.4229209477473, 51.201177927671175 ], [ 4.421905903091154, 51.201480106558527 ], [ 4.420942876842152, 51.201843327343511 ], [ 4.420041141128061, 51.202264093367148 ], [ 4.419209378717555, 51.202738353893189 ], [ 4.418455599455775, 51.203261543062453 ], [ 4.417787063143681, 51.20382862380572 ], [ 4.417210209603284, 51.204434136294758 ], [ 4.416730596602935, 51.205072250467069 ], [ 4.416352846242637, 51.205736822120514 ], [ 4.416080600319161, 51.206421452039663 ], [ 4.415916485105534, 51.207119547586466 ], [ 4.415862085889713, 51.207824386163161 ], [ 4.415917931524187, 51.208529179937365 ], [ 4.416083489142293, 51.209227141207123 ], [ 4.416357169099509, 51.20991154777581 ], [ 4.416736340099393, 51.210575807707926 ], [ 4.417217354365609, 51.211213522840772 ], [ 4.417795582624037, 51.211818550439943 ], [ 4.418465458563853, 51.212385062402767 ], [ 4.419220532353971, 51.212907601438324 ], [ 4.420053532703015, 51.213381133680656 ], [ 4.42095643686721, 51.213801097226366 ], [ 4.421920547932779, 51.214163446127145 ], [ 4.422936578627768, 51.214464689410825 ], [ 4.42399474085407, 51.214701924753541 ], [ 4.425084840073892, 51.214872866476206 ], [ 4.426196373637008, 51.214975867594269 ], [ 4.427318632096133, 51.215009935706895 ], [ 4.428440802528206, 51.214974742571364 ], [ 4.429552072859482, 51.214870627269931 ], [ 4.430641736182393, 51.214698592938348 ], [ 4.431699294052167, 51.21446029708796 ], [ 4.432714557761445, 51.214158035614936 ], [ 4.433677746610974, 51.213794720652011 ], [ 4.434579582224348, 51.213373852477396 ], [ 4.435411377993812, 51.212899485752935 ], [ 4.436165122792265, 51.212376190418986 ], [ 4.436833558143157, 51.211809007624616 ], [ 4.437410248104354, 51.211203401119768 ], [ 4.437889641193762, 51.210565204579943 ], [ 4.438267123762438, 51.209900565372649 ], [ 4.438539064304689, 51.209215885309348 ], [ 4.438702848283116, 51.20851775895509 ], [ 4.438756903138946, 51.207812910091597 ] ] ] } },
{ "type": "Feature", "properties": { "stop_id": "osm-604708969", "name": "Van Ruusbroec", "lines": "11", "line_count": 1, "source": "osm-overpass", "buffer_m": 800 }, "geometry": { "type": "Polygon", "coordinates": [ [ [ 4.438084573162764, 51.208097875205603 ], [ 4.438028393092966, 51.20739309181878 ], [ 4.437862513608393, 51.20669516081918 ], [ 4.437588536983338, 51.206010803215158 ], [ 4.437209106150982, 51.20534660901788 ], [ 4.43672787908193, 51.204708973803896 ], [ 4.436149493408299, 51.204104037159539 ], [ 4.435479521639737, 51.203537623599345 ], [ 4.434724417407301, 51.203015186524738 ], [ 4.433891453256347, 51.202541755761338 ], [ 4.432988650589616, 51.202121889177803 ], [ 4.43202470243591, 51.201759628849679 ], [ 4.431008889787409, 51.201458462188576 ], [ 4.429950992309148, 51.201221288408298 ], [ 4.428861194277158, 51.201050390649598 ], [ 4.427749986646415, 51.200947414029478 ], [ 4.426628066186051, 51.200913349825576 ], [ 4.425506232646777, 51.200948525946743 ], [ 4.424395284943749, 51.201052603780632 ], [ 4.423305917347435, 51.20122458144899 ], [ 4.422248616674923, 51.201462803438993 ], [ 4.421233561464691, 51.201764976518902 ], [ 4.420270524099436, 51.202128191785611 ], [ 4.419368776813865, 51.202548952633222 ], [ 4.418537002487996, 51.203023208375413 ], [ 4.417783211081617, 51.203546393198963 ], [ 4.417114662512568, 51.204113470076564 ], [ 4.416537796720835, 51.204718979217269 ], [ 4.416058171592704, 51.205357090590773 ], [ 4.415680409344941, 51.206021660021918 ], [ 4.415408151888792, 51.206706288316738 ], [ 4.41524402560836, 51.207404382852829 ], [ 4.415189615898218, 51.208109221042164 ], [ 4.415245451711965, 51.208814015056184 ], [ 4.415411000277594, 51.209511977190587 ], [ 4.415684672037841, 51.210196385240508 ], [ 4.416063835775311, 51.210860647256126 ], [ 4.416544843783702, 51.211498365054773 ], [ 4.417123066849278, 51.212103395876319 ], [ 4.417792938711327, 51.212669911587135 ], [ 4.418548009578141, 51.213192454860192 ], [ 4.419381008186591, 51.213665991788659 ], [ 4.420283911809756, 51.214085960424093 ], [ 4.421248023539127, 51.214448314769115 ], [ 4.422264056096416, 51.214749563799138 ], [ 4.423322221365606, 51.214986805134863 ], [ 4.424412324779615, 51.215157753039527 ], [ 4.425523863647811, 51.215260760469008 ], [ 4.426646128471782, 51.215294834961682 ], [ 4.427768306267122, 51.215259648213298 ], [ 4.428879584889112, 51.21515553924462 ], [ 4.429969257350238, 51.214983511130391 ], [ 4.431026825117641, 51.214745221321984 ], [ 4.432042099388531, 51.21444296565744 ], [ 4.433005299361833, 51.214079656213535 ], [ 4.433907146553904, 51.213658793215281 ], [ 4.434738954245379, 51.213184431274684 ], [ 4.435492711194243, 51.212661140286031 ], [ 4.436161158806848, 51.21209396135653 ], [ 4.436737861022903, 51.211488358198942 ], [ 4.437217266242246, 51.210850164456545 ], [ 4.437594760699085, 51.210185527469932 ], [ 4.437866712773221, 51.209500849029126 ], [ 4.438030507816215, 51.208802723683711 ], [ 4.438084573162764, 51.208097875205603 ] ] ] } },
{ "type": "Feature", "properties": { "stop_id": "osm-2217159672", "name": "Venneborg", "lines": "10", "line_count": 1, "source": "osm-overpass", "buffer_m": 800 }, "geometry": { "type": "Polygon", "coordinates": [ [ [ 4.481756019012067, 51.21971994610815 ], [ 4.481699164885152, 51.219015186794856 ], [ 4.48153259045964, 51.218317320363127 ], [ 4.481257904703137, 51.217633067197795 ], [ 4.480877757377568, 51.216969016302613 ], [ 4.480395813351938, 51.216331561872451 ], [ 4.479816717160078, 51.215726841751447 ], [ 4.479146048150308, 51.215160678367951 ], [ 4.478390266663598, 51.214638522713358 ], [ 4.477556651762042, 51.214165401902804 ], [ 4.476653231109384, 51.213745870819992 ], [ 4.475688703679642, 51.213383968309813 ], [ 4.474672356037404, 51.2130831783386 ], [ 4.473613972993887, 51.212846396493582 ], [ 4.472523743495752, 51.212675902142202 ], [ 4.471412162648286, 51.212573336517984 ], [ 4.470289930810841, 51.212539686942172 ], [ 4.469167850729824, 51.212575277332263 ], [ 4.468056723692836, 51.212679765088112 ], [ 4.466967245696774, 51.212852144385451 ], [ 4.465909904622514, 51.213090755845229 ], [ 4.464894879399433, 51.213393302486331 ], [ 4.463931942124406, 51.213756871809302 ], [ 4.463030364072214, 51.214177963799436 ], [ 4.462198826497962, 51.214652524581979 ], [ 4.461445337086983, 51.215175985406326 ], [ 4.460777152854814, 51.215743306587029 ], [ 4.460200710239001, 51.216349025979937 ], [ 4.459721563056757, 51.21698731152923 ], [ 4.459344328928071, 51.217652017381262 ], [ 4.459072644683745, 51.218336743026882 ], [ 4.458909131192489, 51.219034894904674 ], [ 4.458855367951447, 51.219739749872652 ], [ 4.458911877691408, 51.220444519938894 ], [ 4.459078121151979, 51.221142417627917 ], [ 4.45935250208434, 51.221826721353722 ], [ 4.459732382440797, 51.222490840169542 ], [ 4.460214107611812, 51.223128377270349 ], [ 4.460793041474017, 51.223733191634985 ], [ 4.461463610917328, 51.224299457213434 ], [ 4.462219359427057, 51.224821719086961 ], [ 4.463053009208402, 51.22529494605849 ], [ 4.463956531257208, 51.225714579164659 ], [ 4.464921222702857, 51.226076575639837 ], [ 4.465937790677732, 51.226377447906657 ], [ 4.466996441903347, 51.226614297215342 ], [ 4.468086977126954, 51.226784841605863 ], [ 4.469198889494411, 51.226887437921711 ], [ 4.470321465906236, 51.226921097662192 ], [ 4.471443890374219, 51.226885496519138 ], [ 4.472555348376165, 51.226780977505989 ], [ 4.473645131196375, 51.226608547648176 ], [ 4.47470273923975, 51.226369868267781 ], [ 4.475717983317442, 51.226067238956041 ], [ 4.476681082922117, 51.225703575389431 ], [ 4.477582760540755, 51.22528238120433 ], [ 4.478414331091972, 51.224807714202861 ], [ 4.479167785623146, 51.224284147217531 ], [ 4.479835868459154, 51.223716724013499 ], [ 4.480412147059048, 51.223110910655585 ], [ 4.480891073908652, 51.22247254281065 ], [ 4.481268039855248, 51.221807769494951 ], [ 4.481539418374107, 51.221122993810184 ], [ 4.481702600345388, 51.220424811240783 ], [ 4.481756019012067, 51.21971994610815 ] ] ] } },
{ "type": "Feature", "properties": { "stop_id": "osm-2217159673", "name": "Venneborg", "lines": "10", "line_count": 1, "source": "osm-overpass", "buffer_m": 800 }, "geometry": { "type": "Polygon", "coordinates": [ [ [ 4.481123055578774, 51.219868307407921 ], [ 4.481066210837476, 51.219163547831172 ], [ 4.48089964535464, 51.218465680548228 ], [ 4.480624968011816, 51.217781425952111 ], [ 4.480244828489953, 51.21711737306034 ], [ 4.47976289158299, 51.216479916087067 ], [ 4.479183801756288, 51.215875192900967 ], [ 4.478513138296951, 51.215309025959847 ], [ 4.477757361492595, 51.214786866289437 ], [ 4.476923750360302, 51.214313741043526 ], [ 4.476020332527597, 51.213894205148513 ], [ 4.475055806941413, 51.213532297495654 ], [ 4.47403946014864, 51.213231502100776 ], [ 4.472981076952365, 51.212994714603305 ], [ 4.471890846300748, 51.212824214425133 ], [ 4.470779263310194, 51.212721642855854 ], [ 4.469657028360692, 51.212687987273924 ], [ 4.468534944228592, 51.212723571654706 ], [ 4.467423812240475, 51.212828053455866 ], [ 4.466334328440857, 51.213000426910469 ], [ 4.465276980766443, 51.213239032695697 ], [ 4.464261948210094, 51.213541573885088 ], [ 4.463299002939218, 51.213905138031642 ], [ 4.462397416305517, 51.214326225170559 ], [ 4.461565869646648, 51.214800781473706 ], [ 4.460812370735345, 51.215324238233691 ], [ 4.460144176678556, 51.215891555804177 ], [ 4.459567724008373, 51.216497272075806 ], [ 4.459088566638779, 51.217135555022828 ], [ 4.458711322287826, 51.217800258816645 ], [ 4.458439627884735, 51.218484982968015 ], [ 4.458276104396035, 51.219183133929867 ], [ 4.458222331415159, 51.219887988569099 ], [ 4.458278831766719, 51.220592758896984 ], [ 4.458445066280778, 51.221290657435524 ], [ 4.458719438794729, 51.221974962590572 ], [ 4.459099311342023, 51.222639083401646 ], [ 4.459581029388406, 51.223276623044491 ], [ 4.460159956879206, 51.223881440473491 ], [ 4.460830520765797, 51.224447709609116 ], [ 4.46158626458709, 51.224969975498382 ], [ 4.462419910593521, 51.225443206905574 ], [ 4.463323429817376, 51.225862844824569 ], [ 4.464288119415317, 51.226224846443401 ], [ 4.465304686537571, 51.226525724135136 ], [ 4.466363337913919, 51.226762579097773 ], [ 4.467453874290185, 51.226933129316727 ], [ 4.468565788801138, 51.22703573157942 ], [ 4.469688368326652, 51.227069397327824 ], [ 4.470810796848504, 51.227033802195898 ], [ 4.471922259805414, 51.226929289139122 ], [ 4.473012048433913, 51.226756865125608 ], [ 4.4740696630829, 51.226518191421086 ], [ 4.475084914499825, 51.226215567562122 ], [ 4.476048022106594, 51.225851909172675 ], [ 4.476949708313026, 51.225430719839238 ], [ 4.477781287954944, 51.224956057317229 ], [ 4.478534751992093, 51.22443249439597 ], [ 4.479202844657719, 51.223865074801488 ], [ 4.479779133316135, 51.223259264563922 ], [ 4.480258070356242, 51.222620899320042 ], [ 4.480635046527127, 51.221956128061059 ], [ 4.480906435205578, 51.221271353868907 ], [ 4.48106962717389, 51.220573172213648 ], [ 4.481123055578774, 51.219868307407921 ] ] ] } },
{ "type": "Feature", "properties": { "stop_id": "osm-616349448", "name": "Victor Roosens", "lines": "2,A3", "line_count": 2, "source": "osm-overpass", "buffer_m": 800 }, "geometry": { "type": "Polygon", "coordinates": [ [ [ 4.465976204238444, 51.249355974675829 ], [ 4.465919552595189, 51.248651216063116 ], [ 4.465753108538461, 51.247953335603668 ], [ 4.465478479787033, 51.247269053817853 ], [ 4.465098315560421, 51.246604959985483 ], [ 4.464616280896641, 51.24596744871527 ], [ 4.464037021208068, 51.245362658398967 ], [ 4.463366117422425, 51.244796412140843 ], [ 4.462610032145563, 51.244274161730473 ], [ 4.461776047367944, 51.243800935195175 ], [ 4.460872194316897, 51.243381288436517 ], [ 4.45990717613084, 51.24301926141289 ], [ 4.458890284099471, 51.242718339289233 ], [ 4.457831308274377, 51.242481418924726 ], [ 4.456740443307456, 51.242310781020201 ], [ 4.45562819041931, 51.242208068190926 ], [ 4.454505256435943, 51.242174269175088 ], [ 4.453382450859706, 51.242209709328698 ], [ 4.4522705819586, 51.242314047497892 ], [ 4.451180352867397, 51.242486279298411 ], [ 4.450122258693841, 51.242724746771273 ], [ 4.449106485613835, 51.243027154321751 ], [ 4.448142812920865, 51.243390590789701 ], [ 4.447240518967353, 51.243811557439912 ], [ 4.446408291899059, 51.244286001604749 ], [ 4.445654146038803, 51.244809355656997 ], [ 4.444985344722618, 51.245376580939869 ], [ 4.444408330330731, 51.245982216233223 ], [ 4.443928662188, 51.246620430291799 ], [ 4.443550962933942, 51.24728507795102 ], [ 4.443278873882345, 51.247969759262951 ], [ 4.44311501980503, 51.248667881093795 ], [ 4.443060983484632, 51.249372720591694 ], [ 4.443117290287954, 51.250077489914354 ], [ 4.443283402915511, 51.250775401594112 ], [ 4.443557726385166, 51.251459733910714 ], [ 4.443937623209214, 51.252123895642541 ], [ 4.444419438625767, 51.252761489571498 ], [ 4.444998535647998, 51.253366374129371 ], [ 4.44566933959936, 51.253932722590136 ], [ 4.44642539171058, 51.254455079236749 ], [ 4.447259411265734, 51.254928411959199 ], [ 4.448163365701012, 51.25534816077527 ], [ 4.449128547981856, 51.255710281804504 ], [ 4.450145660512502, 51.256011286269427 ], [ 4.451204904767697, 51.256248274146493 ], [ 4.452296075779921, 51.256418962140437 ], [ 4.453408660567431, 51.256521705711044 ], [ 4.454531939549507, 51.256555514938782 ], [ 4.455655089965695, 51.256520064075183 ], [ 4.456767290295987, 51.256415694685728 ], [ 4.45785782466897, 51.256243412354408 ], [ 4.458916186245093, 51.25600487698209 ], [ 4.459932178572322, 51.255702386772846 ], [ 4.460896013931624, 51.255338856063346 ], [ 4.461798407719405, 51.254917787210459 ], [ 4.462630667953325, 51.254443236809408 ], [ 4.463384779036028, 51.253919776569973 ], [ 4.464053478967969, 51.253352449229716 ], [ 4.464630329265059, 51.252746719930713 ], [ 4.465109776908513, 51.252108423530913 ], [ 4.465487207732474, 51.251443708359133 ], [ 4.465758990738773, 51.250758976957805 ], [ 4.465922512916743, 51.250060824385642 ], [ 4.465976204238444, 51.249355974675829 ] ] ] } },
{ "type": "Feature", "properties": { "stop_id": "osm-616349560", "name": "Victor Roosens", "lines": "2,A3", "line_count": 2, "source": "osm-overpass", "buffer_m": 800 }, "geometry": { "type": "Polygon", "coordinates": [ [ [ 4.465535701479556, 51.248937717328808 ], [ 4.465479057006782, 51.248232958387085 ], [ 4.465312621040717, 51.247535077191003 ], [ 4.465038001222153, 51.246850794268134 ], [ 4.464657846684521, 51.246186698909206 ], [ 4.464175822372496, 51.245549185737715 ], [ 4.46359657359875, 51.244944393163657 ], [ 4.462925681185903, 51.244378144313117 ], [ 4.462169607630309, 51.243855891000585 ], [ 4.461335634809596, 51.243382661281395 ], [ 4.460431793836014, 51.242963011087745 ], [ 4.459466787731745, 51.242600980411126 ], [ 4.458449907670232, 51.242300054451633 ], [ 4.457390943587886, 51.2420631301054 ], [ 4.456300090023627, 51.241892488111581 ], [ 4.455187848088342, 51.241789771124814 ], [ 4.454064924502663, 51.241755967923318 ], [ 4.452942128668899, 51.241791403903385 ], [ 4.451830268761305, 51.241895737951317 ], [ 4.450740047828114, 51.242067965722555 ], [ 4.449681960898552, 51.242306429296868 ], [ 4.448666194078788, 51.24260883311706 ], [ 4.447702526602034, 51.242972266058935 ], [ 4.446800236770462, 51.243393229421223 ], [ 4.445968012690107, 51.243867670567901 ], [ 4.445213868654965, 51.24439102190086 ], [ 4.444545067983422, 51.244958244789451 ], [ 4.443968053049414, 51.245563878036641 ], [ 4.443488383182927, 51.24620209041683 ], [ 4.443110681039974, 51.246866736781641 ], [ 4.442838587962058, 51.247551417195638 ], [ 4.442674728759666, 51.248249538533635 ], [ 4.442620686264694, 51.248954377948586 ], [ 4.442676985903314, 51.249659147599012 ], [ 4.442843090444953, 51.250357060014061 ], [ 4.443117404985282, 51.251041393466458 ], [ 4.443497292122533, 51.25170555672365 ], [ 4.443979097188083, 51.252343152552896 ], [ 4.444558183294776, 51.252948039367645 ], [ 4.445228975871197, 51.253514390420165 ], [ 4.445985016257653, 51.25403674996852 ], [ 4.446819023851186, 51.254510085874664 ], [ 4.447722966203248, 51.254929838125811 ], [ 4.448688136395737, 51.255291962808364 ], [ 4.449705236949396, 51.255592971109685 ], [ 4.450764469454421, 51.255829962969287 ], [ 4.451855629056561, 51.256000655053469 ], [ 4.452968202884065, 51.256103402782713 ], [ 4.454091471461866, 51.256137216197352 ], [ 4.455214612129803, 51.256101769508561 ], [ 4.456326803461834, 51.255997404241675 ], [ 4.457417329673273, 51.255825125940902 ], [ 4.458475684003218, 51.255586594468298 ], [ 4.459491670069453, 51.255284107990363 ], [ 4.460455500213249, 51.254920580807834 ], [ 4.461357889881233, 51.254499515243531 ], [ 4.46219014713071, 51.254024967861042 ], [ 4.462944256393016, 51.25350151034111 ], [ 4.463612955686068, 51.252934185395041 ], [ 4.464189806531846, 51.252328458141896 ], [ 4.464669255906188, 51.251690163419894 ], [ 4.465046689626463, 51.251025449541721 ], [ 4.465318476666507, 51.250340719037347 ], [ 4.465482003976692, 51.249642566956886 ], [ 4.465535701479556, 51.248937717328808 ] ] ] } },
{ "type": "Feature", "properties": { "stop_id": "osm-13793510392", "name": "Viséstraat", "lines": "12", "line_count": 1, "source": "osm-overpass", "buffer_m": 800 }, "geometry": { "type": "Polygon", "coordinates": [ [ [ 4.442992021725989, 51.227846800211516 ], [ 4.442935743669424, 51.227142024601612 ], [ 4.442769720454983, 51.226444105877384 ], [ 4.442495555744997, 51.225759764928746 ], [ 4.442115894287415, 51.225095591606227 ], [ 4.441634396276728, 51.224457981284921 ], [ 4.441055701956527, 51.223853073311282 ], [ 4.440385386810298, 51.223286691923363 ], [ 4.439629907776598, 51.222764290212545 ], [ 4.438796541010075, 51.222290897663648 ], [ 4.437893311789803, 51.221871071777095 ], [ 4.436928917250663, 51.221508854236369 ], [ 4.435912642681191, 51.221207732040867 ], [ 4.434854272191791, 51.220970603976234 ], [ 4.433763994610164, 51.220799752742941 ], [ 4.432652305505574, 51.22069682300998 ], [ 4.43152990627978, 51.220662805603602 ], [ 4.43040760129001, 51.220698027982138 ], [ 4.429296193987606, 51.220802151088002 ], [ 4.42820638306539, 51.220974172607157 ], [ 4.42714865960651, 51.221212436604823 ], [ 4.42613320621827, 51.22151464944492 ], [ 4.425169799115879, 51.221877901841729 ], [ 4.424267714093407, 51.222298696832127 ], [ 4.423435637282874, 51.222772983401121 ], [ 4.422681581557409, 51.223296195438934 ], [ 4.422012809381457, 51.223863295656301 ], [ 4.421435762850329, 51.224468824037643 ], [ 4.420956001593496, 51.225106950367476 ], [ 4.420578149141908, 51.225771530326604 ], [ 4.42030584827921, 51.226456164619655 ], [ 4.420141725811567, 51.227154260566387 ], [ 4.420087367101059, 51.227859095565073 ], [ 4.4201433006144, 51.228563881817649 ], [ 4.420308992642821, 51.229261831694373 ], [ 4.420582852251279, 51.229946223108172 ], [ 4.420962246416701, 51.230610464269134 ], [ 4.42144352521649, 51.231248157195175 ], [ 4.422022056831203, 51.231853159365421 ], [ 4.422692272030037, 51.23241964292184 ], [ 4.423447717715356, 51.232942150846853 ], [ 4.424281119014077, 51.23341564957385 ], [ 4.425184449320072, 51.233835577522029 ], [ 4.426149007613789, 51.234197889085749 ], [ 4.427165502313698, 51.234499093652317 ], [ 4.428224140849911, 51.234736289270671 ], [ 4.429314724093834, 51.2349071906443 ], [ 4.43042674472977, 51.235010151177313 ], [ 4.431549488615396, 51.235044178859816 ], [ 4.432672138148405, 51.235008945838608 ], [ 4.433783876636848, 51.234904791580249 ], [ 4.434873992660601, 51.234732719595954 ], [ 4.435931983411641, 51.234494387759845 ], [ 4.436947656010775, 51.234192092314991 ], [ 4.437911225818647, 51.233828745721553 ], [ 4.4388134107885, 51.233407848562649 ], [ 4.439645520947396, 51.232933455779452 ], [ 4.440399542140652, 51.232410137563569 ], [ 4.441068213230865, 51.231842935284583 ], [ 4.441645096007407, 51.231237312880275 ], [ 4.442124637133799, 51.23059910417934 ], [ 4.442502221538577, 51.229934456666477 ], [ 4.442774216738988, 51.229249772233096 ], [ 4.442938007675298, 51.22855164548632 ], [ 4.442992021725989, 51.227846800211516 ] ] ] } },
{ "type": "Feature", "properties": { "stop_id": "osm-1890057685", "name": "Viséstraat", "lines": "12", "line_count": 1, "source": "osm-overpass", "buffer_m": 800 }, "geometry": { "type": "Polygon", "coordinates": [ [ [ 4.442608824660105, 51.227858537321261 ], [ 4.442552552382112, 51.227153761532229 ], [ 4.442386534862078, 51.226455842273232 ], [ 4.442112375707515, 51.225771500439343 ], [ 4.441732719612898, 51.225107325889617 ], [ 4.441251226721099, 51.224469714011036 ], [ 4.440672537226458, 51.223864804164968 ], [ 4.440002226566032, 51.223298420607605 ], [ 4.439246751635229, 51.222776016451142 ], [ 4.438413388549238, 51.22230262120398 ], [ 4.437510162551729, 51.221882792392535 ], [ 4.436545770746605, 51.221520571728455 ], [ 4.43552949839611, 51.221219446241243 ], [ 4.434471129589318, 51.220982314748156 ], [ 4.433380853137756, 51.220811459982727 ], [ 4.432269164599824, 51.220708526647925 ], [ 4.431146765371846, 51.220674505604684 ], [ 4.430024459811057, 51.220709724346364 ], [ 4.428913051374304, 51.220813843850316 ], [ 4.427823238765314, 51.220985861837313 ], [ 4.426765513083451, 51.221224122406426 ], [ 4.425750056957393, 51.221526331954678 ], [ 4.42478664662867, 51.221889581228005 ], [ 4.423884557922384, 51.222310373293375 ], [ 4.423052477005978, 51.222784657163935 ], [ 4.422298416792076, 51.223307866755924 ], [ 4.421629639788295, 51.223874964803613 ], [ 4.421052588136385, 51.224480491312306 ], [ 4.4205728215151, 51.225118616084615 ], [ 4.420194963507012, 51.225783194816323 ], [ 4.419922656949243, 51.226467828223889 ], [ 4.419758528702784, 51.227165923635631 ], [ 4.419704164185362, 51.22787075845492 ], [ 4.419760091919607, 51.228575544885516 ], [ 4.419925778252407, 51.229273495295978 ], [ 4.420199632303598, 51.22995788759404 ], [ 4.420579021103652, 51.230622129981356 ], [ 4.421060294781672, 51.231259824463997 ], [ 4.42163882156759, 51.231864828506154 ], [ 4.422309032277147, 51.232431314231761 ], [ 4.423064473855996, 51.232953824602312 ], [ 4.423897871470649, 51.233427326027659 ], [ 4.424801198550509, 51.233847256901051 ], [ 4.425765754107146, 51.234209571588643 ], [ 4.426782246585429, 51.234510779447668 ], [ 4.427840883436907, 51.234747978495335 ], [ 4.428931465549239, 51.234918883402067 ], [ 4.43004348561765, 51.235021847537951 ], [ 4.431166229505293, 51.235055878858418 ], [ 4.432288879609846, 51.235020649475182 ], [ 4.433400619233844, 51.23491649881975 ], [ 4.434490736946216, 51.234744430368622 ], [ 4.435548729922649, 51.234506101961898 ], [ 4.43656440526248, 51.234203809809578 ], [ 4.437527978299917, 51.233840466340133 ], [ 4.438430166957056, 51.233419572106563 ], [ 4.439262281225399, 51.232945182021901 ], [ 4.44001630691063, 51.23242186625172 ], [ 4.440684982832043, 51.231854666142091 ], [ 4.441261870732431, 51.231249045609886 ], [ 4.441741417225921, 51.230610838465772 ], [ 4.442119007189332, 51.22994619217949 ], [ 4.442391008086339, 51.229261508630614 ], [ 4.442554804802328, 51.228563382417811 ], [ 4.442608824660105, 51.227858537321261 ] ] ] } },
{ "type": "Feature", "properties": { "stop_id": "osm-772335023", "name": "Volhardingstraat", "lines": "2,6", "line_count": 2, "source": "osm-overpass", "buffer_m": 800 }, "geometry": { "type": "Polygon", "coordinates": [ [ [ 4.404909281841578, 51.187332687755685 ], [ 4.404853627854233, 51.186627883037701 ], [ 4.404688318391218, 51.18592989997601 ], [ 4.404414950234268, 51.185245460081781 ], [ 4.404036160454875, 51.184581154159964 ], [ 4.403555600849362, 51.1839433788642 ], [ 4.402977902622446, 51.183338275131035 ], [ 4.402308631665128, 51.182771669084929 ], [ 4.40155423486225, 51.182249015981689 ], [ 4.400721977950233, 51.181775347727751 ], [ 4.399819875525588, 51.181355224479027 ], [ 4.398856613878949, 51.180992690782688 ], [ 4.397841467397069, 51.180691236682556 ], [ 4.396784209335683, 51.180453764159971 ], [ 4.395695017819137, 51.180282559231784 ], [ 4.394584377967331, 51.180179269972093 ], [ 4.393462981086904, 51.180144890668217 ], [ 4.392341621891044, 51.180179752262177 ], [ 4.391231094730689, 51.180283519169357 ], [ 4.390142089829203, 51.18045519250451 ], [ 4.389085090512517, 51.180693119684413 ], [ 4.388070272417497, 51.180995010315314 ], [ 4.387107405642655, 51.181357958213141 ], [ 4.386205760777982, 51.181778469346163 ], [ 4.385374019714151, 51.18225249543223 ], [ 4.384620192086628, 51.182775472869587 ], [ 4.383951538157219, 51.183342366628025 ], [ 4.383374498875038, 51.183947718680351 ], [ 4.38289463379117, 51.184585700509572 ], [ 4.382516567427032, 51.185250169188762 ], [ 4.382243944616436, 51.185934726495226 ], [ 4.382079395256037, 51.186632780491308 ], [ 4.382024508809366, 51.187337608980663 ], [ 4.382079818816412, 51.188042424229472 ], [ 4.382244797564999, 51.188740438330349 ], [ 4.382517860982565, 51.189424928579271 ], [ 4.382896383708575, 51.190089302236196 ], [ 4.38337672420942, 51.190727160044432 ], [ 4.383954259700454, 51.191332357896556 ], [ 4.384623430544525, 51.191899066051185 ], [ 4.385377793704084, 51.192421825328488 ], [ 4.38621008473561, 51.192895599741838 ], [ 4.387112287731399, 51.193315825055699 ], [ 4.388075712535919, 51.193678452800569 ], [ 4.389091078492356, 51.193979989318422 ], [ 4.390148603910692, 51.194217529460602 ], [ 4.3912381003922, 51.194388784611739 ], [ 4.392349071097353, 51.194492104767633 ], [ 4.393470812004995, 51.194526494453697 ], [ 4.394592515181168, 51.194491622328876 ], [ 4.395703373055965, 51.194387824382503 ], [ 4.396792682696848, 51.194216100692671 ], [ 4.397849949066916, 51.193978105777646 ], [ 4.3988649862666, 51.19367613263428 ], [ 4.399828015777317, 51.193313090617487 ], [ 4.400729760755226, 51.192892477375963 ], [ 4.401561535462355, 51.192418345115819 ], [ 4.402315328970354, 51.191895261519036 ], [ 4.402983882328609, 51.191328265695446 ], [ 4.403560758452898, 51.190722819594619 ], [ 4.404040404062205, 51.190084755347684 ], [ 4.404418203069395, 51.18942021904887 ], [ 4.404690520915039, 51.188735611519483 ], [ 4.404854739422107, 51.188037526627205 ], [ 4.404909281841578, 51.187332687755685 ] ] ] } },
{ "type": "Feature", "properties": { "stop_id": "osm-772335055", "name": "Volhardingstraat", "lines": "2,6", "line_count": 2, "source": "osm-overpass", "buffer_m": 800 }, "geometry": { "type": "Polygon", "coordinates": [ [ [ 4.403954525399462, 51.186286680205747 ], [ 4.403898887080278, 51.185581874756814 ], [ 4.403733595603346, 51.184883890080954 ], [ 4.403460247577006, 51.184199447704898 ], [ 4.403081479878754, 51.183535138457565 ], [ 4.402600944092163, 51.182897359024693 ], [ 4.402023271192514, 51.182292250382631 ], [ 4.401354026826909, 51.181725638703192 ], [ 4.40059965762415, 51.181202979296444 ], [ 4.399767429054962, 51.180729304129557 ], [ 4.398865355443045, 51.180309173424988 ], [ 4.397902122801745, 51.179946631801755 ], [ 4.396887005238686, 51.179645169379995 ], [ 4.395829775731349, 51.179407688221161 ], [ 4.394740612129337, 51.179236474425245 ], [ 4.393629999283974, 51.179133176151758 ], [ 4.392508628242064, 51.179098787774734 ], [ 4.391387293468193, 51.179133640323606 ], [ 4.390276789078308, 51.179237398300771 ], [ 4.389187805076658, 51.17940906290697 ], [ 4.388130824588037, 51.17964698164301 ], [ 4.38711602306807, 51.179948864196362 ], [ 4.386153170455689, 51.1803118044608 ], [ 4.385251537204488, 51.180732308477992 ], [ 4.384419805093236, 51.181206328034378 ], [ 4.383665983671072, 51.181729299591005 ], [ 4.382997333139891, 51.182296188174341 ], [ 4.3824202944159, 51.182901535806984 ], [ 4.381940427044588, 51.183539514014548 ], [ 4.38156235556916, 51.184203979905014 ], [ 4.381289724872393, 51.184888535282504 ], [ 4.381125164926641, 51.185586588228041 ], [ 4.381070265297126, 51.186291416555399 ], [ 4.381125559650558, 51.18699623253238 ], [ 4.381290520425305, 51.187694248244554 ], [ 4.381563563721728, 51.188378740972524 ], [ 4.381942064372928, 51.189043117952352 ], [ 4.382422381057802, 51.189680979895407 ], [ 4.382999891221024, 51.190286182654454 ], [ 4.383669035469364, 51.190852896440852 ], [ 4.38442337102147, 51.191375662020661 ], [ 4.385255633699792, 51.19184944334647 ], [ 4.386157807869838, 51.192269676116233 ], [ 4.387121203653874, 51.192632311788614 ], [ 4.388136540674783, 51.192933856629274 ], [ 4.389194037521449, 51.193171405409331 ], [ 4.39028350607057, 51.193342669430244 ], [ 4.39139444975187, 51.193445998602343 ], [ 4.392516164804703, 51.193480397364169 ], [ 4.393637843544344, 51.193445534287271 ], [ 4.394748678636425, 51.193341745273763 ], [ 4.395837967368002, 51.193170030315635 ], [ 4.396895214903679, 51.192932043847129 ], [ 4.39791023552536, 51.192630078783608 ], [ 4.398873250874155, 51.192267044402179 ], [ 4.39977498424261, 51.191846438278006 ], [ 4.4006067500045, 51.191372312548587 ], [ 4.401360537317514, 51.190849234833017 ], [ 4.402029087290549, 51.190282244184466 ], [ 4.402605962871796, 51.189676802502689 ], [ 4.403085610785256, 51.189038741876281 ], [ 4.40346341492136, 51.188374208364564 ], [ 4.403735740671027, 51.187689602762056 ], [ 4.403899969780856, 51.186991518917928 ], [ 4.403954525399462, 51.186286680205747 ] ] ] } },
{ "type": "Feature", "properties": { "stop_id": "osm-2216116586", "name": "Vredebaan", "lines": "7,A3", "line_count": 2, "source": "osm-overpass", "buffer_m": 800 }, "geometry": { "type": "Polygon", "coordinates": [ [ [ 4.456790930868053, 51.172870063154704 ], [ 4.456734510756825, 51.172165279183382 ], [ 4.456568476777481, 51.171467365056714 ], [ 4.456294432684262, 51.170783041620005 ], [ 4.455915022052293, 51.170118898554875 ], [ 4.455433902650246, 51.169481330944961 ], [ 4.454855711066646, 51.168876477725455 ], [ 4.454186017936212, 51.168310162607376 ], [ 4.453431274201993, 51.167787838044227 ], [ 4.452598748934334, 51.167314532778384 ], [ 4.451696459307552, 51.166894803470356 ], [ 4.450733093409387, 51.166532690874213 ], [ 4.449717926625927, 51.166231680979507 ], [ 4.448660732405018, 51.16599467149112 ], [ 4.447571688254168, 51.165823943968384 ], [ 4.446461277873516, 51.165721141889691 ], [ 4.445340190360716, 51.165687254852614 ], [ 4.444219217451969, 51.165722609060573 ], [ 4.443109149781813, 51.165826864186911 ], [ 4.442020673153443, 51.165999016646538 ], [ 4.440964265811235, 51.166237409243855 ], [ 4.439950097697805, 51.166539747104444 ], [ 4.43898793265932, 51.166903119738407 ], [ 4.438087034535252, 51.167324029024428 ], [ 4.437256078032297, 51.167798422846438 ], [ 4.436503065237386, 51.16832173406123 ], [ 4.435835248571653, 51.168888924423747 ], [ 4.435259060926661, 51.169494533049544 ], [ 4.434780053656437, 51.170132728949589 ], [ 4.434402843024596, 51.170797367133879 ], [ 4.4341310656258, 51.171482047745457 ], [ 4.433967343215481, 51.172180177657253 ], [ 4.43391325729225, 51.172885033939693 ], [ 4.433969333684229, 51.173589828589165 ], [ 4.434135037294778, 51.174287773894527 ], [ 4.434408777065546, 51.174972147812319 ], [ 4.434787921116343, 51.175636358720944 ], [ 4.435268821923065, 51.176274008929596 ], [ 4.435846851297679, 51.176878956328828 ], [ 4.436516444839074, 51.177445373588391 ], [ 4.437271155431348, 51.177967804329477 ], [ 4.438103715277782, 51.178441215729386 ], [ 4.439006105875223, 51.178861047048976 ], [ 4.439969635255678, 51.179223253613877 ], [ 4.440985021750532, 51.179524345823381 ], [ 4.442042483468552, 51.1797614228093 ], [ 4.443131832622466, 51.179932200418406 ], [ 4.444242573791039, 51.180035033247542 ], [ 4.44536400516462, 51.180068930517379 ], [ 4.446485321792631, 51.180033565631291 ], [ 4.447595719831596, 51.179929279326245 ], [ 4.448684500782429, 51.179757076385535 ], [ 4.44974117470581, 51.179518615944701 ], [ 4.450755561414563, 51.179216195485409 ], [ 4.451717888662022, 51.178852728671693 ], [ 4.452618886375117, 51.178431717244223 ], [ 4.453449876020001, 51.17795721724427 ], [ 4.454202854236121, 51.177433799895397 ], [ 4.454870569931183, 51.176866507521339 ], [ 4.455446594093876, 51.176260804926791 ], [ 4.455925381652699, 51.175622526711926 ], [ 4.456302324787433, 51.174957821030105 ], [ 4.456573797183176, 51.174273090332143 ], [ 4.456737188805588, 51.173574929669918 ], [ 4.456790930868053, 51.172870063154704 ] ] ] } },
{ "type": "Feature", "properties": { "stop_id": "osm-2216116587", "name": "Vredebaan", "lines": "7,A3", "line_count": 2, "source": "osm-overpass", "buffer_m": 800 }, "geometry": { "type": "Polygon", "coordinates": [ [ [ 4.456296996612338, 51.173138010992936 ], [ 4.456240583635103, 51.172433226856867 ], [ 4.456074556087623, 51.171735312106392 ], [ 4.455800517662266, 51.17105098759275 ], [ 4.455421111879661, 51.170386843007982 ], [ 4.454939996461859, 51.169749273450421 ], [ 4.454361807959109, 51.169144417873959 ], [ 4.453692116976533, 51.168578100012326 ], [ 4.452937374436587, 51.16805577234549 ], [ 4.452104849398178, 51.167582463645708 ], [ 4.451202559033476, 51.167162730606556 ], [ 4.45023919143738, 51.166800614017994 ], [ 4.449224022012356, 51.16649959990805 ], [ 4.448166824231705, 51.16626258602215 ], [ 4.447077775637217, 51.166091853961994 ], [ 4.445967359971803, 51.165989047249624 ], [ 4.444846266383978, 51.165955155527236 ], [ 4.443725286668401, 51.165990505043325 ], [ 4.442615211525097, 51.16609475551644 ], [ 4.441526726829157, 51.166266903406303 ], [ 4.440470310902574, 51.166505291561236 ], [ 4.439456133770546, 51.166807625149609 ], [ 4.438493959366013, 51.167170993722671 ], [ 4.437593051618553, 51.167591899198243 ], [ 4.436762085327466, 51.168066289496899 ], [ 4.436009062673878, 51.168589597509353 ], [ 4.435341236173805, 51.169156785021428 ], [ 4.434765038813476, 51.169762391176164 ], [ 4.434286022040445, 51.170400585008316 ], [ 4.433908802209836, 51.17106522154775 ], [ 4.433637016004895, 51.171749900953444 ], [ 4.433473285265891, 51.172448030109926 ], [ 4.433419191571674, 51.173152886094961 ], [ 4.433475260825254, 51.173857680907751 ], [ 4.433640957998804, 51.174555626835641 ], [ 4.433914692096041, 51.175240001829202 ], [ 4.434293831291489, 51.175904214256498 ], [ 4.434774728107897, 51.176541866412045 ], [ 4.435352754395746, 51.177146816167735 ], [ 4.436022345783734, 51.177713236170597 ], [ 4.43677705517678, 51.178235670015439 ], [ 4.437609614789787, 51.178709084849643 ], [ 4.438512006121907, 51.179128919900961 ], [ 4.439475537198123, 51.17949113045912 ], [ 4.440490926333516, 51.179792226884928 ], [ 4.44154839161144, 51.180029308269582 ], [ 4.442637745210336, 51.180200090417472 ], [ 4.44374849166614, 51.180302927881684 ], [ 4.444869929118254, 51.180336829838268 ], [ 4.445991252557502, 51.1803014696454 ], [ 4.447101658074749, 51.180197187994878 ], [ 4.448190447098821, 51.180024989625124 ], [ 4.449247129612563, 51.179786533627663 ], [ 4.450261525345981, 51.179484117441319 ], [ 4.451223861965409, 51.179120654689008 ], [ 4.45212486930744, 51.1786996470722 ], [ 4.452955868745412, 51.178225150595544 ], [ 4.453708856824385, 51.177701736448654 ], [ 4.454376582357023, 51.177134446924406 ], [ 4.454952616237227, 51.176528746800095 ], [ 4.455431413299884, 51.175890470652092 ], [ 4.455808365633225, 51.175225766613892 ], [ 4.456079846833765, 51.17454103712047 ], [ 4.456243246782393, 51.173842877212117 ], [ 4.456296996612338, 51.173138010992936 ] ] ] } },
{ "type": "Feature", "properties": { "stop_id": "osm-2201387204", "name": "Waterbaan", "lines": "8,24", "line_count": 2, "source": "osm-overpass", "buffer_m": 800 }, "geometry": { "type": "Polygon", "coordinates": [ [ [ 4.475313974822691, 51.208129169805858 ], [ 4.475257232166553, 51.207424404212993 ], [ 4.47509079552257, 51.206726525556398 ], [ 4.474816272529326, 51.206042254338954 ], [ 4.474436311379468, 51.20537817973846 ], [ 4.473954575147676, 51.204740696178455 ], [ 4.473375706365716, 51.204135941783896 ], [ 4.472705282191424, 51.203569739313352 ], [ 4.471949760607997, 51.203047540134911 ], [ 4.471116418175135, 51.202574371783008 ], [ 4.470213279933673, 51.202154789599255 ], [ 4.469249042139405, 51.201792832920717 ], [ 4.468232988569503, 51.201491986235432 ], [ 4.467174901205353, 51.201255145676662 ], [ 4.466084966148526, 51.201084591177228 ], [ 4.464973675671266, 51.200981964549705 ], [ 4.463851727339129, 51.200948253702606 ], [ 4.462729921170749, 51.200983783143286 ], [ 4.461619055818181, 51.201088210858273 ], [ 4.460529824760267, 51.20126053160125 ], [ 4.459472713501507, 51.201499086556751 ], [ 4.458457898759392, 51.201801579287562 ], [ 4.457495150604643, 51.202165097813158 ], [ 4.456593738491112, 51.202586142607856 ], [ 4.455762342075707, 51.203060660251104 ], [ 4.455008967683702, 51.203584082407708 ], [ 4.45434087122183, 51.204151369764475 ], [ 4.453764488280818, 51.204757060502985 ], [ 4.453285372101236, 51.205395322843373 ], [ 4.452908140002259, 51.20606001115555 ], [ 4.452636428792682, 51.206744725099483 ], [ 4.45247285959831, 51.207442871226569 ], [ 4.452419012450116, 51.208147726450477 ], [ 4.452475410884419, 51.208852502777027 ], [ 4.452641516710371, 51.209550412670744 ], [ 4.45291573500254, 51.210234734428376 ], [ 4.453295429277771, 51.210898876929789 ], [ 4.453776946717228, 51.211536443142137 ], [ 4.454355653197211, 51.212141291764183 ], [ 4.455025977797052, 51.212707596416216 ], [ 4.455781466360155, 51.213229901803373 ], [ 4.456614843595768, 51.2137031763097 ], [ 4.457518083125605, 51.214122860514095 ], [ 4.458482484801423, 51.214484911158898 ], [ 4.45949875854817, 51.214785840145055 ], [ 4.460557113923191, 51.215022748176466 ], [ 4.461647354525402, 51.215193352727404 ], [ 4.462758976340622, 51.215296010061834 ], [ 4.463881269070169, 51.215329731091188 ], [ 4.465003419460402, 51.215294190916836 ], [ 4.466114615631015, 51.215189731964735 ], [ 4.46720415139001, 51.215017360681607 ], [ 4.4682615295234, 51.214778737825156 ], [ 4.469276563057847, 51.214476162441983 ], [ 4.470239473514567, 51.214112549688906 ], [ 4.471140985202531, 51.213691402712747 ], [ 4.471972414638246, 51.213216778860762 ], [ 4.472725754227485, 51.212693250549769 ], [ 4.473393749400965, 51.212125861172339 ], [ 4.47396996846042, 51.211520076467551 ], [ 4.474448864463155, 51.210881731826305 ], [ 4.474825828551265, 51.21021697604148 ], [ 4.475097234215466, 51.209532212046035 ], [ 4.475260472071889, 51.208834035212021 ], [ 4.475313974822691, 51.208129169805858 ] ] ] } },
{ "type": "Feature", "properties": { "stop_id": "osm-2201387205", "name": "Waterbaan", "lines": "8,24", "line_count": 2, "source": "osm-overpass", "buffer_m": 800 }, "geometry": { "type": "Polygon", "coordinates": [ [ [ 4.476050585269422, 51.207764898465285 ], [ 4.475993831926309, 51.207060133126475 ], [ 4.475827385561134, 51.206362255408571 ], [ 4.475552853905993, 51.205677985805288 ], [ 4.475172885236844, 51.20501391347895 ], [ 4.474691142700653, 51.204376432831133 ], [ 4.474112268889779, 51.203771681958706 ], [ 4.473441841010364, 51.203205483586331 ], [ 4.472686317081171, 51.202683289042632 ], [ 4.471852973684381, 51.202210125817359 ], [ 4.470949835870026, 51.201790549202833 ], [ 4.469985599889717, 51.201428598482458 ], [ 4.468969549503101, 51.201127758086926 ], [ 4.467911466660885, 51.200890924088924 ], [ 4.466821537421088, 51.20072037635812 ], [ 4.465710253999953, 51.200617756641932 ], [ 4.464588313895129, 51.200584052782368 ], [ 4.463466517046085, 51.2006195892195 ], [ 4.462355662015209, 51.200724023872503 ], [ 4.461266442182049, 51.200896351428248 ], [ 4.46020934294312, 51.201134913005731 ], [ 4.459194540900272, 51.201437412104006 ], [ 4.458231806002054, 51.201800936681146 ], [ 4.457330407574776, 51.202221987153266 ], [ 4.456499025143654, 51.202696510045165 ], [ 4.455745664899395, 51.203219936971031 ], [ 4.455077582612568, 51.20378722857177 ], [ 4.45450121373746, 51.204392922988106 ], [ 4.454022111379228, 51.205031188404675 ], [ 4.453644892723969, 51.205695879161809 ], [ 4.45337319445101, 51.206380594895862 ], [ 4.453209637561541, 51.207078742140965 ], [ 4.453155801967996, 51.207783597799981 ], [ 4.453212211095339, 51.208488373874523 ], [ 4.453378326649662, 51.20918628283151 ], [ 4.453652553611736, 51.209870602976672 ], [ 4.454032255414798, 51.210534743205407 ], [ 4.454513779167386, 51.211172306506732 ], [ 4.45509249068488, 51.2117771516074 ], [ 4.455762818997975, 51.212343452161605 ], [ 4.456518309914196, 51.212865752913949 ], [ 4.457351688120021, 51.213339022293155 ], [ 4.458254927227734, 51.213758700927443 ], [ 4.459219327093081, 51.214120745612846 ], [ 4.460235597658397, 51.214421668307722 ], [ 4.461293948511639, 51.21465856977656 ], [ 4.462384183295271, 51.214829167556871 ], [ 4.463495798051167, 51.214931817977849 ], [ 4.464618082548679, 51.214965532017551 ], [ 4.465740223613509, 51.21492998484468 ], [ 4.466851409455253, 51.214825518952615 ], [ 4.467940933981481, 51.214653140854949 ], [ 4.468998300086503, 51.214414511375061 ], [ 4.470013320912949, 51.2141119296233 ], [ 4.470976218104541, 51.213748310817934 ], [ 4.471877716098121, 51.213327158163949 ], [ 4.472709131542205, 51.212852529063419 ], [ 4.473462456977412, 51.212328995983626 ], [ 4.474130437970865, 51.211761602363097 ], [ 4.474706642960928, 51.211155813981726 ], [ 4.475185525140455, 51.210517466265834 ], [ 4.475562475784692, 51.209852708037886 ], [ 4.475833868513828, 51.209167942254325 ], [ 4.475997094068544, 51.208469764304411 ], [ 4.476050585269422, 51.207764898465285 ] ] ] } },
{ "type": "Feature", "properties": { "stop_id": "osm-2201565430", "name": "Wijnegem Shopping Center", "lines": "10,A9", "line_count": 2, "source": "osm-overpass", "buffer_m": 800 }, "geometry": { "type": "Polygon", "coordinates": [ [ [ 4.513079987277838, 51.22369411268506 ], [ 4.513022654843778, 51.222989369597364 ], [ 4.512855597414368, 51.222291548447046 ], [ 4.512580428608385, 51.221607369181577 ], [ 4.51219980283853, 51.220943420091857 ], [ 4.511717389579468, 51.220306094391304 ], [ 4.51113783788128, 51.21970152868348 ], [ 4.510466731475747, 51.219135543908976 ], [ 4.509710534912414, 51.218613589338702 ], [ 4.508876531246681, 51.218140690151067 ], [ 4.50797275188204, 51.217721399095495 ], [ 4.507007899242831, 51.217359752705669 ], [ 4.505991263021482, 51.217059232481901 ], [ 4.504932630804607, 51.216822731414354 ], [ 4.503842193935225, 51.216652526167465 ], [ 4.502730449513004, 51.216550255191613 ], [ 4.501608099470592, 51.216516902971662 ], [ 4.500485947691521, 51.216552790562702 ], [ 4.499374796153473, 51.216657572503671 ], [ 4.498285341089716, 51.2168302401384 ], [ 4.497228070161523, 51.217069131312101 ], [ 4.496213161624751, 51.217371946350944 ], [ 4.495250386455232, 51.217735770171487 ], [ 4.494349014369906, 51.218157100308737 ], [ 4.493517724644081, 51.218631880594813 ], [ 4.492764522580279, 51.219155540165367 ], [ 4.492096662430995, 51.219723037420856 ], [ 4.491520577516949, 51.220328908521047 ], [ 4.491041818214597, 51.220967319948571 ], [ 4.490664998412212, 51.221632124636649 ], [ 4.49039375095373, 51.222316921123344 ], [ 4.490230692504094, 51.223015115163861 ], [ 4.490177398180177, 51.22371998320898 ], [ 4.490234386198087, 51.224424737139501 ], [ 4.490401112691771, 51.225122589634047 ], [ 4.490675976760126, 51.225806819540622 ], [ 4.491056335701342, 51.226470836622248 ], [ 4.491538530294835, 51.227108245052584 ], [ 4.492117919893714, 51.227712905048797 ], [ 4.492788926995596, 51.228278992046889 ], [ 4.493545090867102, 51.228801052847523 ], [ 4.494379129709175, 51.229274058189944 ], [ 4.495283010766511, 51.229693451245232 ], [ 4.49624802770678, 51.230055191559956 ], [ 4.497264884523556, 51.230355794024241 ], [ 4.498323785152867, 51.230592362487535 ], [ 4.499414527936753, 51.230762617695397 ], [ 4.500526604019424, 51.230864919277472 ], [ 4.501649298722711, 51.230898281572706 ], [ 4.502771794917945, 51.230862383138877 ], [ 4.503883277391735, 51.230757569853672 ], [ 4.50497303719313, 51.230584851577852 ], [ 4.506030574949961, 51.230345892412231 ], [ 4.5070457021523, 51.230042994643611 ], [ 4.508008639421115, 51.229679076534666 ], [ 4.508910110810086, 51.229257644173835 ], [ 4.509741433227719, 51.228782757657363 ], [ 4.510494600115165, 51.228258991932044 ], [ 4.51116235857174, 51.227691392676832 ], [ 4.511738279184715, 51.227085427651772 ], [ 4.512216817891638, 51.226446933983723 ], [ 4.512593369281592, 51.22578206189992 ], [ 4.512864310825576, 51.225097215452223 ], [ 4.513027037614775, 51.224398990805476 ], [ 4.513079987277838, 51.22369411268506 ] ] ] } },
{ "type": "Feature", "properties": { "stop_id": "osm-5320916054", "name": "Wijnegem Shopping Center", "lines": "10,A9", "line_count": 2, "source": "osm-overpass", "buffer_m": 800 }, "geometry": { "type": "Polygon", "coordinates": [ [ [ 4.514301437869371, 51.223901494400508 ], [ 4.514244086718221, 51.223196751962604 ], [ 4.514077010265612, 51.222498932594931 ], [ 4.513801822313524, 51.221814756227722 ], [ 4.513421177459004, 51.221150811123913 ], [ 4.512938745360445, 51.220513490458501 ], [ 4.512359175249261, 51.219908930786538 ], [ 4.51168805103443, 51.219342952990424 ], [ 4.510931837436878, 51.218821006273885 ], [ 4.510097817675888, 51.21834811573963 ], [ 4.509194023309791, 51.217928834053822 ], [ 4.508229156907231, 51.217567197659861 ], [ 4.507212508293019, 51.217266687961853 ], [ 4.506153865172959, 51.217030197848601 ], [ 4.505063418994946, 51.216860003879077 ], [ 4.503951666948174, 51.216757744395181 ], [ 4.502829311038625, 51.216724403771039 ], [ 4.501707155206285, 51.216760302950178 ], [ 4.500596001467833, 51.216865096359911 ], [ 4.499506546077743, 51.217037775233763 ], [ 4.498449276700467, 51.217276677308753 ], [ 4.497434371576995, 51.217579502806018 ], [ 4.496471601650384, 51.217943336541488 ], [ 4.495570236587212, 51.218364675954703 ], [ 4.494738955595297, 51.218839464788495 ], [ 4.493985763893213, 51.219363132096142 ], [ 4.493317915633829, 51.219930636203614 ], [ 4.492741844023535, 51.220536513204699 ], [ 4.492263099310824, 51.221174929525155 ], [ 4.491886295243618, 51.221839738051024 ], [ 4.491615064514455, 51.222524537283434 ], [ 4.491452023627284, 51.223222732951072 ], [ 4.491398747529924, 51.223927601488967 ], [ 4.491455754263019, 51.224632354773178 ], [ 4.491622499780299, 51.225330205488483 ], [ 4.491897382997452, 51.226014432499973 ], [ 4.492277761028218, 51.22667844559848 ], [ 4.492759974468094, 51.227315848995993 ], [ 4.493339382488594, 51.22792050295817 ], [ 4.494010407409792, 51.228486582979016 ], [ 4.494766588326571, 51.229008635926419 ], [ 4.495600643275542, 51.229481632615204 ], [ 4.496504539346128, 51.229901016299863 ], [ 4.497469570061235, 51.23026274661715 ], [ 4.498486439281618, 51.230563338553587 ], [ 4.499545350823694, 51.230799896059942 ], [ 4.500636102924268, 51.230970139987377 ], [ 4.501748186637712, 51.231072430074228 ], [ 4.502870887212274, 51.231105780770193 ], [ 4.50399338746269, 51.231069870744761 ], [ 4.50510487213648, 51.230965045987354 ], [ 4.506194632261514, 51.23079231646922 ], [ 4.507252168462546, 51.230553346399539 ], [ 4.508267292244701, 51.230250438170152 ], [ 4.509230224261985, 51.22988651014451 ], [ 4.510131688618776, 51.229465068506528 ], [ 4.51096300229145, 51.228990173441922 ], [ 4.511716158805535, 51.228466399979681 ], [ 4.512383905360417, 51.227898793873372 ], [ 4.512959812658153, 51.227292822948954 ], [ 4.513438336764692, 51.226654324390111 ], [ 4.513814872409883, 51.225989448471104 ], [ 4.514085797216493, 51.225304599280754 ], [ 4.51424850643701, 51.224606373010197 ], [ 4.514301437869371, 51.223901494400508 ] ] ] } },
{ "type": "Feature", "properties": { "stop_id": "osm-2459888896", "name": "Wommelgem Krijgsbaan", "lines": "24", "line_count": 1, "source": "osm-overpass", "buffer_m": 800 }, "geometry": { "type": "Polygon", "coordinates": [ [ [ 4.494353854064117, 51.203579425863317 ], [ 4.494296829277989, 51.202874668192834 ], [ 4.494130124026337, 51.202176815139914 ], [ 4.493855348532914, 51.201492586960121 ], [ 4.493475153420006, 51.200828572416157 ], [ 4.492993204013113, 51.200191165352578 ], [ 4.492414144894401, 51.199586503157143 ], [ 4.491743555052042, 51.199020407700182 ], [ 4.490987894061982, 51.198498329319037 ], [ 4.490154439823844, 51.198025294384728 ], [ 4.489251218452771, 51.197605856954112 ], [ 4.488286927002985, 51.197244054970547 ], [ 4.487270849766598, 51.196943371432603 ], [ 4.486212768951572, 51.196706700902944 ], [ 4.48512287059554, 51.196536321677506 ], [ 4.484011646616965, 51.196433873881659 ], [ 4.482889793941167, 51.196400343702379 ], [ 4.481768111666294, 51.196436053907895 ], [ 4.480657397252456, 51.196540660744667 ], [ 4.479568342726549, 51.196713157242066 ], [ 4.478511431895038, 51.196951882892677 ], [ 4.477496839547568, 51.197254539616011 ], [ 4.476534333615661, 51.197618213852628 ], [ 4.475633181223151, 51.198039404577564 ], [ 4.474802059528411, 51.198514056965188 ], [ 4.47404897221364, 51.199037601382514 ], [ 4.473381172423302, 51.199604997338881 ], [ 4.472805092893177, 51.200210781969695 ], [ 4.472326283943607, 51.200849122590405 ], [ 4.471949359936333, 51.201513872816562 ], [ 4.471677954713918, 51.202198631711198 ], [ 4.471514686455685, 51.202896805392108 ], [ 4.471461132294235, 51.203601670506764 ], [ 4.471517812943543, 51.204306438965055 ], [ 4.471684187493651, 51.205004323306426 ], [ 4.471958658429492, 51.205688602072982 ], [ 4.472338586832749, 51.206352684557999 ], [ 4.472820317627428, 51.206990174305936 ], [ 4.47339921463251, 51.207594930751576 ], [ 4.474069705089752, 51.208161128402537 ], [ 4.474825333242531, 51.20868331299431 ], [ 4.47565882245314, 51.209156454074204 ], [ 4.47656214526246, 51.20957599350622 ], [ 4.477526600718064, 51.209937889427231 ], [ 4.478542898225182, 51.210238655228622 ], [ 4.479601247110975, 51.210475393186421 ], [ 4.480691451035998, 51.210645822413461 ], [ 4.481803006338944, 51.210748300862882 ], [ 4.48292520336188, 51.210781841169634 ], [ 4.484047229773593, 51.210746120176339 ], [ 4.485158274888986, 51.210641482051066 ], [ 4.486247633972487, 51.210468934966933 ], [ 4.487304811513648, 51.21023014137527 ], [ 4.488319622473329, 51.209927401967562 ], [ 4.489282290518858, 51.209563633480755 ], [ 4.490183542296472, 51.209142340561762 ], [ 4.491014696828477, 51.208667581963553 ], [ 4.491767749170762, 51.208143931400642 ], [ 4.492435447522835, 51.207576433442881 ], [ 4.493011363047136, 51.206970554874623 ], [ 4.493489951725972, 51.206332131990457 ], [ 4.493866607662484, 51.205667314336168 ], [ 4.494137707315915, 51.204982505439922 ], [ 4.494300644249795, 51.204284301105488 ], [ 4.494353854064117, 51.203579425863317 ] ] ] } },
{ "type": "Feature", "properties": { "stop_id": "osm-5670433307", "name": "Ziekenhuis Cadix", "lines": "1", "line_count": 1, "source": "osm-overpass", "buffer_m": 800 }, "geometry": { "type": "Polygon", "coordinates": [ [ [ 4.428029565659497, 51.23168194925502 ], [ 4.427973509177502, 51.230977167604493 ], [ 4.427807696303963, 51.230279228943196 ], [ 4.427533728676886, 51.2295948543536 ], [ 4.427154249147878, 51.228930634010723 ], [ 4.426672916161265, 51.228292963743002 ], [ 4.426094368373445, 51.227687983474496 ], [ 4.425424179858873, 51.227121518139832 ], [ 4.424668806338737, 51.226599021638897 ], [ 4.423835522953608, 51.226125524369465 ], [ 4.422932354181466, 51.225705584840348 ], [ 4.421967996576731, 51.225343245829244 ], [ 4.420951735073621, 51.22504199550513 ], [ 4.419893353657729, 51.224804733887076 ], [ 4.418803041262627, 51.224633744961281 ], [ 4.417691293793066, 51.22453067472221 ], [ 4.416568813212693, 51.224496515348697 ], [ 4.415446404661598, 51.22453159566561 ], [ 4.41433487258746, 51.224635577982951 ], [ 4.413244916883357, 51.224807461341925 ], [ 4.412187030025088, 51.225045591137821 ], [ 4.411171396191678, 51.225347675026505 ], [ 4.410207793334042, 51.225710804963803 ], [ 4.409305499129326, 51.226131485165645 ], [ 4.408473201721928, 51.226605665722438 ], [ 4.407718916107367, 51.227128781545268 ], [ 4.407049906962133, 51.227695796271632 ], [ 4.406472618661986, 51.228301250709464 ], [ 4.405992613163389, 51.228939315355746 ], [ 4.405614516348442, 51.229603846485752 ], [ 4.405341973353502, 51.23028844527483 ], [ 4.405177613316378, 51.230986519385262 ], [ 4.405123023887279, 51.231691346426203 ], [ 4.405178735755487, 51.232396138676869 ], [ 4.405344217347805, 51.233094108450373 ], [ 4.405617879757181, 51.233778533468545 ], [ 4.405997091861349, 51.234442821618423 ], [ 4.406478205492969, 51.23508057446584 ], [ 4.407056590425335, 51.235685648913204 ], [ 4.407726678842434, 51.236252216406676 ], [ 4.408482018869773, 51.236774819120441 ], [ 4.409315336653885, 51.237248422575028 ], [ 4.41021860639486, 51.237668464180999 ], [ 4.411183127658106, 51.238030897237891 ], [ 4.412199609220096, 51.238332229962602 ], [ 4.413258258638499, 51.238569559169456 ], [ 4.414348876680562, 51.238740598274852 ], [ 4.415460955695685, 51.238843699355925 ], [ 4.416583780979111, 51.238877869048686 ], [ 4.41770653414401, 51.238842778131612 ], [ 4.41881839749938, 51.238738764702099 ], [ 4.419908658421195, 51.238566830914529 ], [ 4.420966812704306, 51.238328633311639 ], [ 4.421982665892707, 51.238026466843252 ], [ 4.42294643160579, 51.237663242727088 ], [ 4.423848825907963, 51.237242460366438 ], [ 4.424681156808143, 51.236768173596829 ], [ 4.425435408023705, 51.236244951588837 ], [ 4.426104316200092, 51.235677834785626 ], [ 4.426681440841721, 51.235072286302007 ], [ 4.427161226281432, 51.234434139255129 ], [ 4.427539055093871, 51.233769540536329 ], [ 4.42781129244186, 51.233084891567621 ], [ 4.427975320933435, 51.232386786615152 ], [ 4.428029565659497, 51.23168194925502 ] ] ] } },
{ "type": "Feature", "properties": { "stop_id": "osm-5670433308", "name": "Ziekenhuis Cadix", "lines": "1", "line_count": 1, "source": "osm-overpass", "buffer_m": 800 }, "geometry": { "type": "Polygon", "coordinates": [ [ [ 4.426978373677414, 51.231714151054888 ], [ 4.426922333048902, 51.231009368915075 ], [ 4.426756535798254, 51.230311428788866 ], [ 4.426482583413065, 51.229627051772844 ], [ 4.426103118598234, 51.228962828065498 ], [ 4.42562179965647, 51.228325153527642 ], [ 4.425043265109026, 51.22772016812452 ], [ 4.424373088902976, 51.227153696840205 ], [ 4.423617726641105, 51.226631193631917 ], [ 4.422784453355699, 51.226157688961997 ], [ 4.421881293427617, 51.225737741410569 ], [ 4.420916943326238, 51.22537539383255 ], [ 4.419900687913638, 51.225074134479357 ], [ 4.41884231111686, 51.224836863457085 ], [ 4.417752001825074, 51.2246658648424 ], [ 4.416640255913208, 51.224562784723041 ], [ 4.415517775329941, 51.224528615372961 ], [ 4.414395365215393, 51.224563685713086 ], [ 4.413283830032288, 51.2246676581494 ], [ 4.412193869703589, 51.224839531818297 ], [ 4.411135976749564, 51.225077652208292 ], [ 4.410120335407846, 51.225379727065857 ], [ 4.409156723701548, 51.225742848433704 ], [ 4.408254419392905, 51.226163520610314 ], [ 4.407422110723483, 51.226637693763344 ], [ 4.40666781279712, 51.227160802875204 ], [ 4.405998790408734, 51.227727811647995 ], [ 4.405421488061495, 51.228333260947039 ], [ 4.404941467847024, 51.228971321318795 ], [ 4.404563355789037, 51.229635849079727 ], [ 4.404290797170607, 51.230320445437727 ], [ 4.404126421279944, 51.23101851807845 ], [ 4.404071815919903, 51.231723344625237 ], [ 4.40412751193318, 51.23242813736222 ], [ 4.404292977899293, 51.233126108597723 ], [ 4.404566625061724, 51.233810536039641 ], [ 4.404945822445117, 51.234474827551708 ], [ 4.405426922024, 51.235112584667363 ], [ 4.406005293707111, 51.23571766424795 ], [ 4.406675369806161, 51.236284237690221 ], [ 4.407430698565428, 51.236806847111055 ], [ 4.408264006240104, 51.237280457966456 ], [ 4.409167267127781, 51.237700507595662 ], [ 4.410131780879253, 51.23806294922089 ], [ 4.411148256343465, 51.238364290976605 ], [ 4.412206901136913, 51.238601629590043 ], [ 4.413297516071466, 51.238772678387036 ], [ 4.414409593526518, 51.238875789351304 ], [ 4.415532418812364, 51.238909969023624 ], [ 4.416655173542163, 51.23887488808635 ], [ 4.41776704000982, 51.238770884540727 ], [ 4.418857305561284, 51.238598960445906 ], [ 4.41991546594675, 51.238360772251205 ], [ 4.42093132665135, 51.23805861481587 ], [ 4.421895101221971, 51.237695399270521 ], [ 4.422797505637599, 51.237274624935957 ], [ 4.423629847809608, 51.236800345570387 ], [ 4.424384111346682, 51.236277130273038 ], [ 4.425053032775461, 51.235710019422477 ], [ 4.425630171472597, 51.235104476076195 ], [ 4.426109971635453, 51.234466333301924 ], [ 4.426487815696774, 51.233801737949825 ], [ 4.426760068672444, 51.233117091409568 ], [ 4.426924113019937, 51.232418987923921 ], [ 4.426978373677414, 51.231714151054888 ] ] ] } },
{ "type": "Feature", "properties": { "stop_id": "osm-1705821716", "name": "Zuid", "lines": "1,4,10", "line_count": 3, "source": "osm-overpass", "buffer_m": 800 }, "geometry": { "type": "Polygon", "coordinates": [ [ [ 4.402183390286188, 51.200004951885965 ], [ 4.402127762361822, 51.199300149310105 ], [ 4.401962448775663, 51.198602165825726 ], [ 4.401689046351837, 51.197917722948098 ], [ 4.401310192494415, 51.197253411511028 ], [ 4.400829539619136, 51.196615628221238 ], [ 4.400251719830955, 51.196010514092194 ], [ 4.399582300193169, 51.195443895348461 ], [ 4.398827729023625, 51.19492122736802 ], [ 4.397995273738622, 51.194447542200471 ], [ 4.397092950845201, 51.194027400164423 ], [ 4.396129448756796, 51.193664845987875 ], [ 4.395114044174788, 51.193363369911673 ], [ 4.394056512839131, 51.193125874128654 ], [ 4.392967035504089, 51.192954644879478 ], [ 4.391856100039932, 51.192851330472323 ], [ 4.390734400597732, 51.192816925436539 ], [ 4.389612734801857, 51.192851760961844 ], [ 4.388501899953248, 51.192955501714593 ], [ 4.387412589235771, 51.193127149061311 ], [ 4.386355288917994, 51.193365050669051 ], [ 4.385340177533253, 51.193666916390299 ], [ 4.384377028002608, 51.194029840280955 ], [ 4.383475113637547, 51.194450328540512 ], [ 4.382643118923049, 51.194924333107252 ], [ 4.381889055936741, 51.195447290586735 ], [ 4.381220187206962, 51.196014166141104 ], [ 4.380642955751913, 51.196619501918661 ], [ 4.380162922974359, 51.197257469559311 ], [ 4.379784715012131, 51.197921926272961 ], [ 4.379511978064563, 51.198606473952296 ], [ 4.379347343129728, 51.199304520752555 ], [ 4.379292400497767, 51.200009344546835 ], [ 4.379347684252417, 51.200714157646658 ], [ 4.379512666937057, 51.201412172165419 ], [ 4.379785764443914, 51.202096665395189 ], [ 4.380164351086708, 51.202761044567204 ], [ 4.380644784718604, 51.203398910371675 ], [ 4.38122244166005, 51.204004118624148 ], [ 4.381891761105858, 51.20457083948299 ], [ 4.382646298588501, 51.20509361364595 ], [ 4.383478787986255, 51.205567404982958 ], [ 4.384381211481144, 51.20598764909527 ], [ 4.385344876793673, 51.206350297332236 ], [ 4.386360500949852, 51.206651855838302 ], [ 4.387418299771616, 51.206889419252867 ], [ 4.388508082225361, 51.207060698736257 ], [ 4.389619348715273, 51.207164044049804 ], [ 4.390741392369145, 51.207198459476466 ], [ 4.391863402334748, 51.207163613427205 ], [ 4.392974568084894, 51.207059841640081 ], [ 4.394064183719346, 51.206888143941171 ], [ 4.395121751251757, 51.206650174598529 ], [ 4.396137081879879, 51.206348226362593 ], [ 4.397100394257248, 51.20598520834848 ], [ 4.398002408814271, 51.205564617973835 ], [ 4.398834437215654, 51.205090507224554 ], [ 4.399588466089197, 51.204567443575655 ], [ 4.400257234217494, 51.204000465944972 ], [ 4.40083430244841, 51.203395036107018 ], [ 4.401314115651789, 51.202756986036533 ], [ 4.401692056127913, 51.202092461691329 ], [ 4.401964487956787, 51.20140786377776 ], [ 4.402128791865882, 51.200709786071116 ], [ 4.402183390286188, 51.200004951885965 ] ] ] } },
{ "type": "Feature", "properties": { "stop_id": "osm-2213404428", "name": "Zuid", "lines": "1,4,10", "line_count": 3, "source": "osm-overpass", "buffer_m": 800 }, "geometry": { "type": "Polygon", "coordinates": [ [ [ 4.402633602036589, 51.200460508291251 ], [ 4.402577966766929, 51.199755706051164 ], [ 4.402412644830391, 51.199057723319086 ], [ 4.402139233131602, 51.198373281603089 ], [ 4.40176036916401, 51.197708971725746 ], [ 4.401279705440763, 51.197071190378736 ], [ 4.400701874171294, 51.196466078556817 ], [ 4.40003244252947, 51.195899462462307 ], [ 4.399277858948718, 51.195376797447679 ], [ 4.398445390964798, 51.194903115533933 ], [ 4.397543055206991, 51.19448297700837 ], [ 4.396579540212534, 51.194120426565171 ], [ 4.395564122807003, 51.193818954409217 ], [ 4.394506578853735, 51.193581462695654 ], [ 4.393417089228398, 51.193410237625912 ], [ 4.392306141919511, 51.193306927467916 ], [ 4.391184431192108, 51.193272526710167 ], [ 4.390062754779136, 51.193307366501159 ], [ 4.388951910083689, 51.193411111466212 ], [ 4.387862590384396, 51.193582762931264 ], [ 4.386805282036259, 51.193820668523756 ], [ 4.385790163649921, 51.194122538057847 ], [ 4.384827008213855, 51.194485465552653 ], [ 4.383925089096428, 51.194905957173034 ], [ 4.383093090828411, 51.195379964824909 ], [ 4.382339025521712, 51.195902925084084 ], [ 4.381670155727084, 51.196469803086018 ], [ 4.381092924473067, 51.197075140955363 ], [ 4.380612893160591, 51.197713110311902 ], [ 4.380234687913482, 51.198377568349024 ], [ 4.379961954905044, 51.199062116946649 ], [ 4.379797325095527, 51.199760164251146 ], [ 4.379742388725821, 51.200464988130719 ], [ 4.379797679819463, 51.201169800896125 ], [ 4.379962670849237, 51.201867814663906 ], [ 4.380235777627078, 51.202552306733352 ], [ 4.380614374377483, 51.20321668434682 ], [ 4.381094818856309, 51.203854548209591 ], [ 4.381672487279561, 51.20445975415587 ], [ 4.382341818731461, 51.205026472366164 ], [ 4.383096368628833, 51.205549243563802 ], [ 4.383928870730339, 51.206023031647163 ], [ 4.38483130709559, 51.20644327224894 ], [ 4.385794985321056, 51.206805916752245 ], [ 4.386810622308289, 51.207107471337487 ], [ 4.387868433755544, 51.207345030681829 ], [ 4.38895822850752, 51.207516305984804 ], [ 4.390069506849841, 51.207619647048055 ], [ 4.391191561796049, 51.20765405819543 ], [ 4.39231358238506, 51.207619207879162 ], [ 4.393424757987287, 51.207515431878413 ], [ 4.394514382607533, 51.20734373005989 ], [ 4.395571958172859, 51.207105756731231 ], [ 4.396587295803617, 51.206803804681407 ], [ 4.397550614085891, 51.20644078306222 ], [ 4.398452633393227, 51.20602018932604 ], [ 4.39928466534461, 51.205546075491192 ], [ 4.400038696533704, 51.205023009062351 ], [ 4.400707465720876, 51.204456028984225 ], [ 4.401284533743874, 51.203850597054782 ], [ 4.401764345474645, 51.203212545268947 ], [ 4.402142283227767, 51.202548019601068 ], [ 4.402414711109579, 51.201863420770216 ], [ 4.402579009885672, 51.201165342560465 ], [ 4.402633602036589, 51.200460508291251 ] ] ] } },
{ "type": "Feature", "properties": { "stop_id": "osm-2610365278", "name": "Zurenborg", "lines": "A9", "line_count": 1, "source": "osm-overpass", "buffer_m": 800 }, "geometry": { "type": "Polygon", "coordinates": [ [ [ 4.437204301335147, 51.206174960429045 ], [ 4.437148136882574, 51.205470176098416 ], [ 4.43698227740778, 51.204772243343463 ], [ 4.436708324991993, 51.204087883189494 ], [ 4.436328922334936, 51.203423685672306 ], [ 4.435847727135635, 51.202786046400391 ], [ 4.435269376719113, 51.202181104999255 ], [ 4.43459944325538, 51.201614686029259 ], [ 4.4338443800066, 51.201092242943986 ], [ 4.433011459123501, 51.200618805626917 ], [ 4.4321087015923, 51.20019893200989 ], [ 4.431144800007349, 51.19983666423618 ], [ 4.430129034912636, 51.199535489789071 ], [ 4.42907118551559, 51.19929830795737 ], [ 4.427981435629579, 51.199127401959387 ], [ 4.426870275746328, 51.199024416991385 ], [ 4.425748402175562, 51.198990344411428 ], [ 4.424626614216835, 51.199025512208927 ], [ 4.423515710346736, 51.199129581851736 ], [ 4.422426384413963, 51.199301551540394 ], [ 4.421369122834656, 51.199539765838921 ], [ 4.420354103771055, 51.199841931589596 ], [ 4.41939109925791, 51.20020513995982 ], [ 4.418489381213634, 51.200625894410145 ], [ 4.417657632236642, 51.201100144315753 ], [ 4.416903862042519, 51.201623323919684 ], [ 4.416235330344664, 51.202190396244845 ], [ 4.415658476920346, 51.202795901544093 ], [ 4.415178859536454, 51.203434009824186 ], [ 4.414801100334818, 51.204098576939721 ], [ 4.414528841196957, 51.204783203719032 ], [ 4.414364708522751, 51.205481297554364 ], [ 4.414310287767919, 51.206186135864463 ], [ 4.41436610799201, 51.206890930819654 ], [ 4.414531636572756, 51.207588894706589 ], [ 4.414805284144999, 51.208273305303543 ], [ 4.415184419723978, 51.208937570636223 ], [ 4.415665395874336, 51.209575292490115 ], [ 4.416243583688974, 51.210180328066002 ], [ 4.41691341724658, 51.210746849184545 ], [ 4.417668447124333, 51.211269398466605 ], [ 4.418501402453925, 51.211742941947612 ], [ 4.419404260925395, 51.212162917615935 ], [ 4.420368326065303, 51.212525279406506 ], [ 4.421384311044336, 51.212826536223027 ], [ 4.422442428205042, 51.213063785611254 ], [ 4.42353248344404, 51.2132347417568 ], [ 4.424643974535062, 51.213337757536152 ], [ 4.425766192440252, 51.213371840407248 ], [ 4.426888324627476, 51.213336661985188 ], [ 4.427999559391639, 51.213232561210411 ], [ 4.429089190167968, 51.213060541078775 ], [ 4.430146718825351, 51.212822258964714 ], [ 4.431161956937894, 51.212520010632112 ], [ 4.432125124052914, 51.212156708087115 ], [ 4.433026942003301, 51.211735851488228 ], [ 4.433858724351308, 51.211261495385848 ], [ 4.434612460098917, 51.210738209617965 ], [ 4.435280890856494, 51.210171035241515 ], [ 4.435857580725845, 51.20956543592542 ], [ 4.43633697822541, 51.208927245275923 ], [ 4.436714469663392, 51.208262610603846 ], [ 4.436986423448276, 51.207577933677001 ], [ 4.437150224914724, 51.206879809030298 ], [ 4.437204301335147, 51.206174960429045 ] ] ] } },
{ "type": "Feature", "properties": { "stop_id": "osm-540345311", "name": "Zurenborg", "lines": "A9", "line_count": 1, "source": "osm-overpass", "buffer_m": 800 }, "geometry": { "type": "Polygon", "coordinates": [ [ [ 4.436789394752441, 51.20655540061469 ], [ 4.436733236110947, 51.20585061619078 ], [ 4.436567381491414, 51.205152682956431 ], [ 4.436293432928403, 51.204468321941597 ], [ 4.435914033084637, 51.203804123190373 ], [ 4.435432839632138, 51.203166482323127 ], [ 4.434854489879203, 51.202561538980774 ], [ 4.434184555989543, 51.201995117742349 ], [ 4.433429491229494, 51.201472672083263 ], [ 4.432596567764408, 51.200999231911815 ], [ 4.431693806605409, 51.200579355187308 ], [ 4.43072990038182, 51.200217084082951 ], [ 4.429714129682316, 51.199915906114093 ], [ 4.428656273768284, 51.199678720603451 ], [ 4.427566516515839, 51.199507810804683 ], [ 4.426455348487591, 51.199404821950722 ], [ 4.425333466071652, 51.199370745436994 ], [ 4.424211668652683, 51.199405909290803 ], [ 4.423100754798294, 51.199509975017918 ], [ 4.42201141845324, 51.199681940856614 ], [ 4.420954146133846, 51.19992015140798 ], [ 4.419939116105678, 51.200222313550341 ], [ 4.418976100508992, 51.20058551848588 ], [ 4.418074371368856, 51.201006269708195 ], [ 4.417242611390461, 51.201480516623562 ], [ 4.416488830395283, 51.202003693503784 ], [ 4.415820288200694, 51.2025707633981 ], [ 4.415243424685019, 51.20317626658268 ], [ 4.414763797712324, 51.203814373084711 ], [ 4.414386029516793, 51.204478938775921 ], [ 4.414113762066589, 51.205163564498385 ], [ 4.413949621841689, 51.205861657654538 ], [ 4.413895194370593, 51.206566495669669 ], [ 4.413951008777603, 51.207271290716967 ], [ 4.414116532496562, 51.207969255082233 ], [ 4.414390176209225, 51.208653666539135 ], [ 4.414769308968102, 51.209317933105133 ], [ 4.415250283365092, 51.209955656553781 ], [ 4.415828470510077, 51.210560694070601 ], [ 4.41649830448828, 51.211127217457495 ], [ 4.417253335872906, 51.211649769313539 ], [ 4.418086293781201, 51.212123315649301 ], [ 4.418989155878413, 51.212543294425707 ], [ 4.419953225656219, 51.212905659547758 ], [ 4.420969216240646, 51.213206919886964 ], [ 4.422027339920257, 51.213444172955271 ], [ 4.423117402528852, 51.213615132902746 ], [ 4.424228901769156, 51.213718152569307 ], [ 4.425351128524764, 51.213752239375395 ], [ 4.426473270178231, 51.213717064898212 ], [ 4.427584514933209, 51.21361296804016 ], [ 4.428674156128618, 51.213440951759374 ], [ 4.429731695532902, 51.213202673393234 ], [ 4.430746944616579, 51.212900428669464 ], [ 4.431710122821205, 51.212537129559458 ], [ 4.432611951872786, 51.212116276188709 ], [ 4.433443745226588, 51.211641923076385 ], [ 4.434197491778538, 51.211118640031799 ], [ 4.434865933034902, 51.210551468085612 ], [ 4.43544263299635, 51.209945870883359 ], [ 4.435922040084116, 51.209307682010945 ], [ 4.436299540514073, 51.208643048762092 ], [ 4.436571502608139, 51.207958372890928 ], [ 4.436735311620996, 51.207260248922182 ], [ 4.436789394752441, 51.20655540061469 ] ] ] } },
{ "type": "Feature", "properties": { "stop_id": "osm-1901175798", "name": "Zwaantjes", "lines": "4,10", "line_count": 2, "source": "osm-overpass", "buffer_m": 800 }, "geometry": { "type": "Polygon", "coordinates": [ [ [ 4.383916400392751, 51.182919320735323 ], [ 4.383861068720792, 51.182214504970673 ], [ 4.383696088869065, 51.181516491391001 ], [ 4.383423054444874, 51.180832001802273 ], [ 4.383044599306197, 51.180167627488792 ], [ 4.382564372027635, 51.179529765763583 ], [ 4.381987000614992, 51.178924558396098 ], [ 4.381318047813914, 51.178357832509327 ], [ 4.380563957447642, 51.177835044513472 ], [ 4.379731992304154, 51.177361227614249 ], [ 4.378830164172962, 51.176940943398996 ], [ 4.377867156706072, 51.176578237964918 ], [ 4.376852241845265, 51.176276603009406 ], [ 4.375795190618416, 51.176038942254976 ], [ 4.374706179160448, 51.175867543530657 ], [ 4.373595690859352, 51.175764056776138 ], [ 4.372474415563969, 51.175729478179896 ], [ 4.371353146817768, 51.175764140602404 ], [ 4.370242678101266, 51.175867710376302 ], [ 4.369153699075064, 51.176039190513997 ], [ 4.368096692815408, 51.176276930292126 ], [ 4.367081835024964, 51.176578641120905 ], [ 4.36611889618296, 51.176941418547372 ], [ 4.365217147571396, 51.177361770181029 ], [ 4.364385272077666, 51.177835649275536 ], [ 4.36363128062916, 51.178358493644573 ], [ 4.362962435062477, 51.178925269539505 ], [ 4.362385178169343, 51.17953052006844 ], [ 4.361905071593627, 51.180168417692478 ], [ 4.361526742179675, 51.180832820296153 ], [ 4.361253837292093, 51.181517330293765 ], [ 4.361088989541939, 51.182215356203969 ], [ 4.36103379126468, 51.182920176101732 ], [ 4.361088779002197, 51.183625002336925 ], [ 4.361253428145273, 51.184323046897092 ], [ 4.361526157795551, 51.185007586785815 ], [ 4.361904345807348, 51.18567202878571 ], [ 4.362384353871593, 51.186309972982684 ], [ 4.362961562406769, 51.186915274437887 ], [ 4.363630414926518, 51.187482102412567 ], [ 4.364384471461358, 51.188004996573369 ], [ 4.365216470523432, 51.188478919634761 ], [ 4.366118399019761, 51.188899305929581 ], [ 4.367081569441358, 51.189262105437791 ], [ 4.368096703584188, 51.189563822846821 ], [ 4.369154021993488, 51.18980155126544 ], [ 4.370243338266668, 51.189973000264402 ], [ 4.371354157301858, 51.190076517971946 ], [ 4.372475776540287, 51.190111107010082 ], [ 4.373597389220946, 51.190076434117053 ], [ 4.37470818864611, 51.189972833362617 ], [ 4.375797472446235, 51.18980130292492 ], [ 4.376854745832775, 51.189563495460391 ], [ 4.377869822837531, 51.18926170215984 ], [ 4.378832924556994, 51.18889883064567 ], [ 4.379734773449873, 51.188478376924103 ], [ 4.380566682775019, 51.188004391664606 ], [ 4.381320640304921, 51.187481441133428 ], [ 4.381989385506454, 51.186914563158908 ], [ 4.382566479444874, 51.186309218555849 ], [ 4.383046366738563, 51.185671238478328 ], [ 4.383424428970067, 51.185006768210421 ], [ 4.383697029042447, 51.184322207938187 ], [ 4.383861546058523, 51.183624151075001 ], [ 4.383916400392751, 51.182919320735323 ] ] ] } },
{ "type": "Feature", "properties": { "stop_id": "osm-1901175817", "name": "Zwaantjes", "lines": "10", "line_count": 1, "source": "osm-overpass", "buffer_m": 800 }, "geometry": { "type": "Polygon", "coordinates": [ [ [ 4.384330515658493, 51.183389480635881 ], [ 4.384275177174588, 51.18268466519126 ], [ 4.384110189466819, 51.181986652314684 ], [ 4.383837146218235, 51.181302163805306 ], [ 4.383458681371852, 51.180637790937048 ], [ 4.382978443595809, 51.179999931008972 ], [ 4.382401060997029, 51.179394725773228 ], [ 4.381732096428882, 51.178828002332274 ], [ 4.380977993827909, 51.178305217072733 ], [ 4.380146016099869, 51.177831403173926 ], [ 4.379244175155403, 51.177411122194364 ], [ 4.378281154769834, 51.17704842020003 ], [ 4.377266227009266, 51.176746788855212 ], [ 4.376209163025694, 51.176509131847688 ], [ 4.375120139076784, 51.17633773697036 ], [ 4.374009638670707, 51.176234254125916 ], [ 4.372888351772771, 51.176199679465178 ], [ 4.371767072038077, 51.176234345810762 ], [ 4.370656593052874, 51.176337919457509 ], [ 4.369567604576575, 51.176509403380606 ], [ 4.368510589776375, 51.176747146820134 ], [ 4.367495724437148, 51.177048861151185 ], [ 4.366532779110798, 51.177411641887041 ], [ 4.365631025141774, 51.177831996605313 ], [ 4.364799145469094, 51.178305878530011 ], [ 4.364045151060433, 51.178828725447524 ], [ 4.363376303780967, 51.179395503584715 ], [ 4.362799046438998, 51.180000756028051 ], [ 4.362318940682814, 51.180638655220221 ], [ 4.361940613348972, 51.181303059030704 ], [ 4.361667711782162, 51.181987569862059 ], [ 4.361502868561574, 51.182685596224978 ], [ 4.361447675979168, 51.183390416190043 ], [ 4.361502670522078, 51.184095242106402 ], [ 4.361667327515652, 51.184793285964709 ], [ 4.361940065986001, 51.18547782477529 ], [ 4.362318263702563, 51.186142265331128 ], [ 4.362798282262852, 51.186780207731971 ], [ 4.36337550198428, 51.187385507056263 ], [ 4.364044366272769, 51.187952332585851 ], [ 4.364798435045463, 51.188475224010816 ], [ 4.365630446696612, 51.188949144071991 ], [ 4.366532388011921, 51.189369527131113 ], [ 4.367495571358879, 51.18973232319933 ], [ 4.368510718408869, 51.190034036997162 ], [ 4.369568049582721, 51.1902717616682 ], [ 4.370657378354803, 51.190443206819261 ], [ 4.371768209502754, 51.190546720615671 ], [ 4.372889840351042, 51.190581305717131 ], [ 4.37401146402675, 51.190546628899838 ], [ 4.375122273726162, 51.190443024271318 ], [ 4.376211566980707, 51.190271490047024 ], [ 4.377268848910727, 51.190033678919924 ], [ 4.378283933465708, 51.189731882116099 ], [ 4.379247041669399, 51.189369007291681 ], [ 4.38014889591807, 51.18894855048481 ], [ 4.380980809419014, 51.188474562394703 ], [ 4.381734769904551, 51.187951609314787 ], [ 4.382403516813158, 51.187384729098049 ], [ 4.382980611193727, 51.186779382580823 ], [ 4.383460497660488, 51.186141400935632 ], [ 4.383838557804051, 51.185476929461657 ], [ 4.3841111545477, 51.184792368356575 ], [ 4.384275667026425, 51.18409431104169 ], [ 4.384330515658493, 51.183389480635881 ] ] ] } },
{ "type": "Feature", "properties": { "stop_id": "osm-2202378201", "name": "Zwaantjes", "lines": "2", "line_count": 1, "source": "osm-overpass", "buffer_m": 800 }, "geometry": { "type": "Polygon", "coordinates": [ [ [ 4.386082096439805, 51.182903311000892 ], [ 4.386026732078562, 51.18219849624672 ], [ 4.385861719891873, 51.181500485687586 ], [ 4.385588653798366, 51.180816001100204 ], [ 4.385210167960871, 51.180151633720733 ], [ 4.384729911249446, 51.17951378079529 ], [ 4.384152511953126, 51.178908584008539 ], [ 4.383483533085832, 51.17834187038153 ], [ 4.382729418721559, 51.177819096206399 ], [ 4.381897431879111, 51.177345294555693 ], [ 4.380995584556681, 51.176925026869952 ], [ 4.380032560590823, 51.176562339087226 ], [ 4.379017632081957, 51.176260722734881 ], [ 4.377960570189175, 51.176023081356441 ], [ 4.376871551149937, 51.175851702594315 ], [ 4.37576105842511, 51.175748236196057 ], [ 4.374639781906063, 51.175713678154196 ], [ 4.373518515148018, 51.175748361131355 ], [ 4.372408051612383, 51.175851951262295 ], [ 4.371319080909944, 51.176023451363449 ], [ 4.370262086036932, 51.176261210519264 ], [ 4.369247242586535, 51.176562939953456 ], [ 4.368284320900107, 51.176925735033883 ], [ 4.367382592094686, 51.177346103200122 ], [ 4.366550738867203, 51.177819997546599 ], [ 4.365796771930902, 51.178342855740148 ], [ 4.365127952886601, 51.178909643898962 ], [ 4.36455072427088, 51.179514905013029 ], [ 4.364070647455533, 51.180152811441452 ], [ 4.36369234899852, 51.180817220983947 ], [ 4.363419475966501, 51.181501735987901 ], [ 4.36325466066388, 51.182199764923681 ], [ 4.363199495113714, 51.182904585837065 ], [ 4.363254515542729, 51.183609411067913 ], [ 4.363419197026845, 51.184307452613524 ], [ 4.36369195835615, 51.184991987506372 ], [ 4.364070177079738, 51.185656422577082 ], [ 4.364550214592581, 51.186294357978227 ], [ 4.365127451029327, 51.186899648855594 ], [ 4.365796329634654, 51.18746646457231 ], [ 4.366550410187581, 51.187989344913007 ], [ 4.367382430968658, 51.188463252725249 ], [ 4.368284378675445, 51.188883622488738 ], [ 4.36924756561368, 51.189246404342676 ], [ 4.370262713420003, 51.189548103144567 ], [ 4.371320042507844, 51.189785812182386 ], [ 4.372409366371587, 51.189957241213641 ], [ 4.373520189836128, 51.190060738558962 ], [ 4.374641810299963, 51.190095307036501 ], [ 4.375763420990253, 51.190060613582652 ], [ 4.376874215228475, 51.189956992465234 ], [ 4.377963490695121, 51.189785442058593 ], [ 4.379020752682046, 51.189547615211552 ], [ 4.380035815331021, 51.189245803301674 ], [ 4.380998899877015, 51.188882914130581 ], [ 4.381900728944387, 51.18846244387467 ], [ 4.3827326159832, 51.18798844336262 ], [ 4.38348654898086, 51.18746547900755 ], [ 4.384155267640788, 51.186898588770966 ], [ 4.384732333284124, 51.186293233585701 ], [ 4.385212190802011, 51.185655244707746 ], [ 4.385590222063967, 51.184990767505845 ], [ 4.38586279027149, 51.18430620223279 ], [ 4.386027274834412, 51.183608142349946 ], [ 4.386082096439805, 51.182903311000892 ] ] ] } },
{ "type": "Feature", "properties": { "stop_id": "osm-2610365358", "name": "Zwaantjes", "lines": "2,4", "line_count": 2, "source": "osm-overpass", "buffer_m": 800 }, "geometry": { "type": "Polygon", "coordinates": [ [ [ 4.384723162240542, 51.182763742603775 ], [ 4.38466781856867, 51.182058927175362 ], [ 4.384502827200524, 51.18136091468115 ], [ 4.384229781854263, 51.180676426916548 ], [ 4.383851316492961, 51.180012055148318 ], [ 4.38337107978958, 51.179374196664909 ], [ 4.382793699840587, 51.178768993204557 ], [ 4.382124739473721, 51.178202271852633 ], [ 4.381370642584979, 51.17767948897562 ], [ 4.380538672025036, 51.177205677729923 ], [ 4.379636839635471, 51.176785399648487 ], [ 4.378673829109198, 51.176422700769415 ], [ 4.377658912417388, 51.176121072726971 ], [ 4.376601860605488, 51.175883419177197 ], [ 4.375512849814005, 51.175712027879676 ], [ 4.374402363424498, 51.175608548702662 ], [ 4.373281091267396, 51.175573977761658 ], [ 4.372159826855966, 51.175608647843461 ], [ 4.371049363629024, 51.175712225207 ], [ 4.369960391194363, 51.175883712791588 ], [ 4.368903392564834, 51.176121459802147 ], [ 4.367888543369711, 51.176423177579302 ], [ 4.366925614005551, 51.176785961603251 ], [ 4.366023875663185, 51.177206319419874 ], [ 4.365192011131226, 51.177680204223329 ], [ 4.364438031231606, 51.178203053772329 ], [ 4.363769197689808, 51.178769834268365 ], [ 4.363191953181839, 51.179375088775174 ], [ 4.362711859232379, 51.180012989715557 ], [ 4.362333542564232, 51.180677394942094 ], [ 4.362060650419306, 51.181361906843755 ], [ 4.361895815285957, 51.182059933920932 ], [ 4.361840629378148, 51.182764754237233 ], [ 4.361895629118608, 51.183469580138421 ], [ 4.362060289782486, 51.184167623615352 ], [ 4.362333030360409, 51.184852161681931 ], [ 4.362711228601373, 51.18551660113831 ], [ 4.363191246097707, 51.186154542094833 ], [ 4.363768463176942, 51.186759839643884 ], [ 4.364437323270335, 51.187326663084313 ], [ 4.365191386335345, 51.187849552126409 ], [ 4.366023390821121, 51.188323469533898 ], [ 4.366925323582343, 51.188743849694141 ], [ 4.36788849706886, 51.189106642646188 ], [ 4.368903633047035, 51.189408353140536 ], [ 4.369960952044374, 51.189646074352666 ], [ 4.371050267652572, 51.189817515922712 ], [ 4.372161084776147, 51.189921026050492 ], [ 4.373282700874738, 51.189955607431045 ], [ 4.374404309217599, 51.189920926876447 ], [ 4.375515103148819, 51.18981731853021 ], [ 4.376604380351828, 51.189645780643637 ], [ 4.377661646101697, 51.189407965944923 ], [ 4.378676714503866, 51.189106165694611 ], [ 4.379639806737776, 51.188743287582007 ], [ 4.3805416453536, 51.188322827676892 ], [ 4.381373543709274, 51.187848836708348 ], [ 4.382127489683042, 51.18732588099752 ], [ 4.382796222853178, 51.18675899842269 ], [ 4.383373304400892, 51.186153649842943 ], [ 4.383853179063982, 51.185515666450634 ], [ 4.384231228546692, 51.184851193561734 ], [ 4.384503815874911, 51.184166631387534 ], [ 4.384668320274208, 51.18346857335964 ], [ 4.384723162240542, 51.182763742603775 ] ] ] } },
{ "type": "Feature", "properties": { "stop_id": "osm-2202086562", "name": "deSingel", "lines": "2,6", "line_count": 2, "source": "osm-overpass", "buffer_m": 800 }, "geometry": { "type": "Polygon", "coordinates": [ [ [ 4.413000935123576, 51.193668204205558 ], [ 4.412945151344172, 51.1929634050122 ], [ 4.412779698386878, 51.192265434967311 ], [ 4.41250617441633, 51.191581015456386 ], [ 4.412127218005279, 51.190916737087761 ], [ 4.411646482555151, 51.190278996249404 ], [ 4.411068600964156, 51.189673933545748 ], [ 4.410399140888876, 51.189107374705934 ], [ 4.40964455103481, 51.188584774530952 ], [ 4.408812098996623, 51.18811116441745 ], [ 4.40790980124878, 51.18769110396132 ], [ 4.406946345961562, 51.187328637105111 ], [ 4.405931009384982, 51.187027253248978 ], [ 4.404873566603802, 51.186789853697967 ], [ 4.403784197519585, 51.186618723766372 ], [ 4.402673388960603, 51.186515510806323 ], [ 4.40155183385663, 51.186481208370601 ], [ 4.400430328443186, 51.186516146661276 ], [ 4.399319668478123, 51.186619989355485 ], [ 4.39823054546281, 51.18679173683838 ], [ 4.397173443860002, 51.187029735813056 ], [ 4.396158540291277, 51.187331695194551 ], [ 4.395195605678289, 51.18769470813703 ], [ 4.394293911264668, 51.188115279982512 ], [ 4.393462139418917, 51.188589361864352 ], [ 4.392708300073892, 51.189112389643526 ], [ 4.392039653605459, 51.189679327805067 ], [ 4.391462640892311, 51.190284717894059 ], [ 4.39098282123125, 51.190922731027172 ], [ 4.390604818707947, 51.191587223975816 ], [ 4.390332277543118, 51.192271798283308 ], [ 4.390167826848834, 51.192969861848056 ], [ 4.390113055140021, 51.193674692381236 ], [ 4.390168494853135, 51.194379502129031 ], [ 4.390333617028098, 51.195077503236689 ], [ 4.390606836212052, 51.195761973125009 ], [ 4.390985525545027, 51.196426319249646 ], [ 4.391466041889251, 51.1970641426188 ], [ 4.392043760766636, 51.197669299456429 ], [ 4.392713120773595, 51.1982359604159 ], [ 4.393467677050192, 51.198758666771823 ], [ 4.394300163292134, 51.199232383047075 ], [ 4.39520256171052, 51.199652545566003 ], [ 4.396166180266365, 51.200015106463866 ], [ 4.397181736435325, 51.200316572726528 ], [ 4.398239446693831, 51.200554039882107 ], [ 4.399329120861315, 51.200725220018292 ], [ 4.400440260385329, 51.200828463853647 ], [ 4.401562159617292, 51.200862776648869 ], [ 4.402684009097045, 51.200827827803735 ], [ 4.403794999844453, 51.200723954046758 ], [ 4.40488442764637, 51.200552156186461 ], [ 4.405941796327255, 51.200314089455794 ], [ 4.40695691900188, 51.20001204754351 ], [ 4.40792001632847, 51.199648940467014 ], [ 4.408821810810402, 51.199228266501862 ], [ 4.409653616233602, 51.198754078439094 ], [ 4.410407421374857, 51.198230944498171 ], [ 4.411075967172731, 51.197663904273838 ], [ 4.411652816617246, 51.197058420143193 ], [ 4.412132416685922, 51.196420324603565 ], [ 4.412510151731902, 51.195755764050375 ], [ 4.412782387813471, 51.195071139538271 ], [ 4.412946507542739, 51.194373045098217 ], [ 4.413000935123576, 51.193668204205558 ] ] ] } },
{ "type": "Feature", "properties": { "stop_id": "osm-2202086566", "name": "deSingel", "lines": "2,6", "line_count": 2, "source": "osm-overpass", "buffer_m": 800 }, "geometry": { "type": "Polygon", "coordinates": [ [ [ 4.414975769607897, 51.195032412972125 ], [ 4.414919954364218, 51.194327615080418 ], [ 4.414754467026015, 51.19362964816618 ], [ 4.41448090608923, 51.19294523358468 ], [ 4.41410191048275, 51.192280961896699 ], [ 4.413621133985533, 51.191643229425807 ], [ 4.413043209891073, 51.191038176695784 ], [ 4.412373706265186, 51.190471629339655 ], [ 4.411619072232623, 51.189949042047793 ], [ 4.410786575813266, 51.189475446092743 ], [ 4.409884233908715, 51.189055400934066 ], [ 4.408920735114155, 51.188692950366921 ], [ 4.407905356098236, 51.188391583634719 ], [ 4.406847872354043, 51.188154201877595 ], [ 4.405758464177241, 51.187983090238504 ], [ 4.4046476187722, 51.187879895893474 ], [ 4.403526029423197, 51.187845612216115 ], [ 4.402404492695224, 51.187880569227964 ], [ 4.40129380464745, 51.187984430425836 ], [ 4.400204657051496, 51.188156196016863 ], [ 4.399147534606709, 51.188394212529765 ], [ 4.398132614135328, 51.188696188710779 ], [ 4.397169666721814, 51.189059217552362 ], [ 4.396267963733161, 51.189479804243426 ], [ 4.39543618762063, 51.189953899774416 ], [ 4.394682348358405, 51.190476939874884 ], [ 4.394013706321843, 51.191043888911189 ], [ 4.393436702347294, 51.191649288323688 ], [ 4.392956895647774, 51.192287309139232 ], [ 4.392578910184513, 51.192951808055184 ], [ 4.392306390014327, 51.193636386557422 ], [ 4.392141964047478, 51.194334452503796 ], [ 4.392087220561107, 51.195039283582496 ], [ 4.392142691720191, 51.195744092034403 ], [ 4.392307848262069, 51.196442090017115 ], [ 4.392581104403116, 51.197126554981487 ], [ 4.392959832927579, 51.197790894430476 ], [ 4.393440390320305, 51.198428709436548 ], [ 4.394018151707864, 51.199033856304105 ], [ 4.39468755527718, 51.199600505782506 ], [ 4.395442155748618, 51.200123199256836 ], [ 4.396274686392029, 51.200596901374084 ], [ 4.397177128990607, 51.201017048594849 ], [ 4.398140791079549, 51.201379593201821 ], [ 4.399156389714896, 51.201681042337711 ], [ 4.400214140963717, 51.201918491695672 ], [ 4.401303854250285, 51.202089653534827 ], [ 4.402415030645034, 51.202192878749997 ], [ 4.403536964143947, 51.202227172781299 ], [ 4.404658844956532, 51.202192205209272 ], [ 4.405769863800642, 51.202088312942905 ], [ 4.406859316192342, 51.201916496969012 ], [ 4.407916705719149, 51.201678412695102 ], [ 4.408931845295018, 51.201376353978915 ], [ 4.409894955415426, 51.201013230999784 ], [ 4.410796758460637, 51.200592542186463 ], [ 4.411628568134276, 51.200118340472955 ], [ 4.412382373172431, 51.199595194210346 ], [ 4.413050914514954, 51.199028143111953 ], [ 4.413627755195112, 51.198422649659584 ], [ 4.414107342275197, 51.197784546440374 ], [ 4.414485060233836, 51.197119979923578 ], [ 4.414757275294263, 51.196435351221275 ], [ 4.414921370271414, 51.195737254404769 ], [ 4.414975769607897, 51.195032412972125 ] ] ] } }
]
}
