{
"type": "FeatureCollection",
"name": "BOUNDARIES",
"crs": { "type": "name", "properties": { "name": "urn:ogc:def:crs:EPSG::3857" } },
"features": [
{ "type": "Feature", "properties": { "code": "HK" }, "geometry": { "type": "Polygon", "coordinates": [ [ [ 541881.624213429051451, 6871387.394890011288226 ], [ 538832.619478109176271, 6873611.934718976728618 ], [ 538230.186306567164138, 6874054.08332786988467 ], [ 538132.740578139084391, 6870332.476138894446194 ], [ 538595.3801112358924, 6870770.981916819699109 ], [ 538632.71912867075298, 6870795.115671991370618 ], [ 538662.317130296025425, 6870797.847795218229294 ], [ 538727.509269513422623, 6870766.654493179172277 ], [ 538865.626967473537661, 6870691.676314286887646 ], [ 538973.753393876599148, 6870665.631262671202421 ], [ 539122.131263685179874, 6870652.214114869944751 ], [ 539195.530954601010308, 6870631.693771173246205 ], [ 539252.356521761743352, 6870596.177791697904468 ], [ 539290.240233202232048, 6870555.926348292268813 ], [ 539328.913188631064259, 6870494.365317201241851 ], [ 539337.594872502842918, 6870419.387138308957219 ], [ 539347.065800362965092, 6870375.189474961720407 ], [ 539385.738755791797303, 6870342.041227450594306 ], [ 539416.519271337194368, 6870336.51651953253895 ], [ 539451.246006824309006, 6870349.144423346035182 ], [ 539480.448034393019043, 6870413.862430389970541 ], [ 539508.07157398504205, 6870588.285351813770831 ], [ 539560.161677215714008, 6870667.99899463634938 ], [ 539655.660199805162847, 6870739.030953586101532 ], [ 539743.266282511292957, 6870779.282396991737187 ], [ 540058.963877848698758, 6870864.520747732371092 ], [ 540605.909961770637892, 6871038.943669156171381 ], [ 540675.363432744867168, 6871068.934940713457763 ], [ 540790.593055043020286, 6871108.397140130400658 ], [ 540871.885185842402279, 6871166.8011952675879 ], [ 540985.536320163868368, 6871179.429099081084132 ], [ 541097.608966508647427, 6871221.259030464105308 ], [ 541209.681612853426486, 6871249.671814044006169 ], [ 541666.653882104204968, 6871327.80696889013052 ], [ 541841.866047516465187, 6871367.269168308004737 ], [ 541881.624213429051451, 6871387.394890011288226 ] ] ] } },
{ "type": "Feature", "properties": { "code": "SA1" }, "geometry": { "type": "Polygon", "coordinates": [ [ [ 541881.624213429051451, 6871387.394890011288226 ], [ 542009.185773045290262, 6871455.664495001547039 ], [ 542159.931374818901531, 6871464.346178873442113 ], [ 542189.133402387611568, 6871470.660130780190229 ], [ 542824.474813004024327, 6871451.718275059945881 ], [ 542884.457356118131429, 6871428.040955409407616 ], [ 542918.394847616902553, 6871393.314219922758639 ], [ 542951.543095127330162, 6871343.591848657466471 ], [ 542853.676840572734363, 6871263.878205833956599 ], [ 542462.21182235435117, 6871076.03813660889864 ], [ 542410.910963112022728, 6871012.898617540486157 ], [ 542210.44299007288646, 6871147.859339547343552 ], [ 541881.624213429051451, 6871387.394890011288226 ] ] ] } },
{ "type": "Feature", "properties": { "code": "ZA" }, "geometry": { "type": "Polygon", "coordinates": [ [ [ 538832.619478109176271, 6873611.934718976728618 ], [ 541881.624213429051451, 6871387.394890011288226 ], [ 542009.185773045290262, 6871455.664495001547039 ], [ 542159.931374818901531, 6871464.346178873442113 ], [ 542189.133402387611568, 6871470.660130780190229 ], [ 542824.474813004024327, 6871451.718275059945881 ], [ 542884.457356118131429, 6871428.040955409407616 ], [ 542918.394847616902553, 6871393.314219922758639 ], [ 542951.543095127330162, 6871343.591848657466471 ], [ 543015.471858183038421, 6871261.510473869740963 ], [ 543026.521274019847624, 6871233.09769028890878 ], [ 543774.724574969266541, 6871076.827380596660078 ], [ 543799.58576060202904, 6871039.338291152380407 ], [ 543855.227461780305021, 6871028.683497309684753 ], [ 543869.828475564601831, 6871072.881160656921566 ], [ 544486.622652455000207, 6870952.126830438151956 ], [ 544476.362480606534518, 6870998.692225750535727 ], [ 544820.472859524190426, 6871091.033772386610508 ], [ 544482.281810518936254, 6871802.142605881206691 ], [ 544366.262944232556038, 6872035.758826433680952 ], [ 544216.306586447288282, 6872253.590167216956615 ], [ 543989.004317804472521, 6872525.090099207125604 ], [ 543407.331498395302333, 6873218.046320972964168 ], [ 541988.677159103797749, 6874782.194167844951153 ], [ 541606.179907331243157, 6875113.691786048002541 ], [ 541249.182472343440168, 6875357.761460988782346 ], [ 540855.756727663101628, 6875590.902643021196127 ], [ 540403.134979732567444, 6875773.954899234697223 ], [ 540226.457677723024972, 6875705.65181855391711 ], [ 540058.887453136965632, 6875308.583242903463542 ], [ 538832.619478109176271, 6873611.934718976728618 ] ] ] } },
{ "type": "Feature", "properties": { "code": "OA2" }, "geometry": { "type": "Polygon", "coordinates": [ [ [ 543407.331498395302333, 6873218.046320972964168 ], [ 543989.004317804472521, 6872525.090099207125604 ], [ 544216.306586447288282, 6872253.590167216956615 ], [ 544366.262944232556038, 6872035.758826433680952 ], [ 544482.281810518936254, 6871802.142605881206691 ], [ 545015.021502650924958, 6872431.170064593665302 ], [ 545242.323771293857135, 6872696.356044678017497 ], [ 545368.602809428819455, 6872873.146698066964746 ], [ 545510.66672733053565, 6873130.440238266251981 ], [ 545653.365114181535318, 6873394.161730088293552 ], [ 543158.025900235865265, 6875338.522759931162 ], [ 541535.144703430938534, 6876600.422175387851894 ], [ 540997.827135464409366, 6876603.609652475453913 ], [ 540961.398825771757402, 6876406.896780135110021 ], [ 540575.258743029902689, 6875845.900810868479311 ], [ 540403.134979732567444, 6875773.954899234697223 ], [ 540855.756727663101628, 6875590.902643021196127 ], [ 541249.182472343440168, 6875357.761460988782346 ], [ 541988.677159103797749, 6874782.194167844951153 ], [ 543407.331498395302333, 6873218.046320972964168 ] ] ] } },
{ "type": "Feature", "properties": { "code": "WW1" }, "geometry": { "type": "Polygon", "coordinates": [ [ [ 544482.281810518936254, 6871802.142605881206691 ], [ 544820.472859524190426, 6871091.033772386610508 ], [ 545114.46624518209137, 6869919.795693679712713 ], [ 545155.802899072528817, 6869865.239202962256968 ], [ 545310.198754291282967, 6869668.026861398480833 ], [ 545450.684184216428548, 6869495.971671938896179 ], [ 546152.322089853929356, 6870022.397412165999413 ], [ 546183.891849387669936, 6870066.595075513236225 ], [ 546256.50229631527327, 6870251.278168785385787 ], [ 546263.605492210364901, 6870303.368272015824914 ], [ 546239.138928571715951, 6870390.18511073384434 ], [ 546140.483430028660223, 6870712.985901966691017 ], [ 546116.016866390011273, 6870810.062912533059716 ], [ 546113.64913442498073, 6870925.292534830980003 ], [ 546123.909306273446418, 6871016.844837478362024 ], [ 546159.425285748904571, 6871128.917483822442591 ], [ 546191.784289270988666, 6871195.213978843763471 ], [ 546406.45865410042461, 6871551.163017586804926 ], [ 545015.021502650924958, 6872431.170064593665302 ], [ 544482.281810518936254, 6871802.142605881206691 ] ] ] } },
{ "type": "Feature", "properties": { "code": "BA1" }, "geometry": { "type": "Polygon", "coordinates": [ [ [ 545653.365114181535318, 6873394.161730088293552 ], [ 545818.203215540619567, 6873284.87680100928992 ], [ 545985.79160831333138, 6873216.467832994647324 ], [ 546076.554666972835548, 6873180.162609530612826 ], [ 546170.474701585713774, 6873110.70913855638355 ], [ 546254.134564350126311, 6873092.556526824831963 ], [ 546370.153430636622943, 6873045.991131512448192 ], [ 546451.445561435888521, 6872818.688862869516015 ], [ 546790.820476423716173, 6871851.075733162462711 ], [ 546844.489067631075159, 6871701.119375376962125 ], [ 546880.794291094876826, 6871596.93916891515255 ], [ 546888.686730978311971, 6871521.171746034175158 ], [ 546872.901851211441681, 6871442.247347200289369 ], [ 546866.587899304693565, 6871428.040955410338938 ], [ 546891.843706931686029, 6871409.099099687300622 ], [ 546823.968723934143782, 6871294.658721378073096 ], [ 546406.45865410042461, 6871551.163017586804926 ], [ 545015.021502650924958, 6872431.170064593665302 ], [ 545242.323771293857135, 6872696.356044678017497 ], [ 545368.602809428819455, 6872873.146698066964746 ], [ 545510.66672733053565, 6873130.440238266251981 ], [ 545653.365114181535318, 6873394.161730088293552 ] ] ] } },
{ "type": "Feature", "properties": { "code": "BC" }, "geometry": { "type": "Polygon", "coordinates": [ [ [ 546244.432607131078839, 6874371.245250251144171 ], [ 546287.217702833237126, 6874261.155500772409141 ], [ 546272.646378956269473, 6874108.156600062735379 ], [ 546207.07542150944937, 6873964.264776777476072 ], [ 546094.14766146230977, 6873827.658615429885685 ], [ 545828.2210007061949, 6873614.553003727458417 ], [ 545653.365114181535318, 6873394.161730088293552 ], [ 545818.203215540619567, 6873284.87680100928992 ], [ 545985.79160831333138, 6873216.467832994647324 ], [ 546076.554666972835548, 6873180.162609530612826 ], [ 546170.474701585713774, 6873110.70913855638355 ], [ 546254.134564350126311, 6873092.556526824831963 ], [ 546370.153430636622943, 6873045.991131512448192 ], [ 546438.81765762262512, 6873027.838519782759249 ], [ 546519.320544433663599, 6872985.219344412907958 ], [ 546558.782743850839324, 6872972.591440599411726 ], [ 546694.532709845923819, 6872893.667041764594615 ], [ 546752.936764983343892, 6872873.146698067896068 ], [ 546831.861163817695342, 6872893.667041764594615 ], [ 547112.832023667870089, 6872977.326904528774321 ], [ 547158.608174991793931, 6872988.376320365816355 ], [ 547195.702642443939112, 6872982.062368459068239 ], [ 547375.650271786260419, 6872918.922849390655756 ], [ 547645.571715799742378, 6872811.585666975937784 ], [ 547774.218485899735242, 6872725.558072246611118 ], [ 547816.048417281825095, 6872684.517384853214025 ], [ 547859.456836640718393, 6872619.010133820585907 ], [ 547933.645771545008756, 6872665.575529132969677 ], [ 547964.426287090405822, 6872712.930168433114886 ], [ 547984.946630787337199, 6872799.747007151134312 ], [ 547988.103606740711257, 6872869.989722113125026 ], [ 548031.512026099604554, 6873015.999859956093132 ], [ 548269.828457854688168, 6873617.28512695338577 ], [ 548269.828457854455337, 6873852.247724471613765 ], [ 547584.06552789057605, 6874142.763494271785021 ], [ 547554.922880136524327, 6874104.513769094832242 ], [ 547223.425261933589354, 6874219.262944626621902 ], [ 547230.710923872073181, 6874272.083993680775166 ], [ 546808.142531437799335, 6874457.868373112753034 ], [ 546525.823131319601089, 6874456.04695763066411 ], [ 546506.698268730891868, 6874421.440063422545791 ], [ 546423.823864180129021, 6874426.904309876263142 ], [ 546244.432607131078839, 6874371.245250251144171 ] ] ] } },
{ "type": "Feature", "properties": { "code": "BE" }, "geometry": { "type": "Polygon", "coordinates": [ [ [ 547964.426287090405822, 6872712.930168433114886 ], [ 547966.399397061439231, 6872629.664927665144205 ], [ 548089.521459242794663, 6872266.612693027593195 ], [ 548171.602834030520171, 6872097.714479521848261 ], [ 548244.213280958123505, 6871990.377297107130289 ], [ 548312.877507944009267, 6871905.138946366496384 ], [ 548394.169638743391261, 6871842.788671286776662 ], [ 548552.807680400437675, 6871777.281420254148543 ], [ 548548.861460458720103, 6871838.053207357414067 ], [ 549069.762492765323259, 6871631.271282410249114 ], [ 549106.067716229124926, 6871662.841041943989694 ], [ 549165.261015354888514, 6871594.176814958453178 ], [ 549391.774040009477176, 6871646.266918188892305 ], [ 548682.835627479944378, 6872464.515623104758561 ], [ 550422.741560689173639, 6873987.032470335252583 ], [ 550542.954982674913481, 6874272.994701420888305 ], [ 549592.176099696895108, 6874276.637532389722764 ], [ 549599.46176163549535, 6874881.347473287023604 ], [ 548889.109722629422322, 6874874.061811349354684 ], [ 548761.610638704965822, 6874680.991769978776574 ], [ 548648.682878657826222, 6874462.421911822631955 ], [ 548510.255301825818606, 6874345.851320805959404 ], [ 548586.754752180306241, 6874236.566391728818417 ], [ 548488.39831601025071, 6874149.138448466546834 ], [ 548419.184527594246902, 6874196.495251066982746 ], [ 548324.470922393375076, 6873981.568223879672587 ], [ 548320.828091424191371, 6873857.711970925331116 ], [ 548269.828457854455337, 6873852.247724471613765 ], [ 548269.828457854688168, 6873617.28512695338577 ], [ 548031.512026099604554, 6873015.999859956093132 ], [ 547988.103606740711257, 6872869.989722113125026 ], [ 548031.512026099604554, 6873015.999859956093132 ], [ 547988.103606740711257, 6872869.989722113125026 ], [ 547984.946630787337199, 6872799.747007151134312 ], [ 547964.426287090405822, 6872712.930168433114886 ] ] ] } },
{ "type": "Feature", "properties": { "code": "NC" }, "geometry": { "type": "Polygon", "coordinates": [ [ [ 548682.835627479944378, 6872464.515623104758561 ], [ 550422.741560689173639, 6873987.032470335252583 ], [ 550542.954982674913481, 6874272.994701420888305 ], [ 550692.3110524143558, 6874247.494884635321796 ], [ 550670.454066598787904, 6873854.069139954634011 ], [ 552018.301525225862861, 6873830.390738658607006 ], [ 552107.55088397313375, 6873395.072437830269337 ], [ 552080.229651703615673, 6873345.894219744950533 ], [ 552096.622391065349802, 6873316.751571990549564 ], [ 551962.144399047014304, 6873044.609954534098506 ], [ 551875.327560329227708, 6872803.101294100284576 ], [ 551815.345017215004191, 6872695.764111686497927 ], [ 551774.304329821257852, 6872588.426929271779954 ], [ 551753.783986124326475, 6872533.179850087501109 ], [ 551695.379930986906402, 6872484.246722809970379 ], [ 551676.438075266662054, 6872449.519987323321402 ], [ 551662.231683476478793, 6872399.008372069336474 ], [ 551635.3973878727993, 6872323.240949188359082 ], [ 551595.935188455623575, 6872269.572357980534434 ], [ 551335.484672302263789, 6871974.395106340758502 ], [ 551570.67938082863111, 6871837.066652368754148 ], [ 551897.426392002846114, 6871669.746926839463413 ], [ 552060.010653601493686, 6871603.450431819073856 ], [ 552063.167629554867744, 6871559.252768471837044 ], [ 552003.185086440760642, 6871524.526032984256744 ], [ 551951.884227198548615, 6871498.480981369502842 ], [ 551896.6371480145026, 6871475.987527702003717 ], [ 551871.381340387510136, 6871445.996256144717336 ], [ 551861.910412527387962, 6871405.744812739081681 ], [ 551804.690223372541368, 6871344.973025636747479 ], [ 551790.089209588244557, 6871331.161255840212107 ], [ 551720.635738614015281, 6871308.667802172712982 ], [ 551694.985308992909268, 6871280.255018592812121 ], [ 551691.82833303953521, 6871242.371307152323425 ], [ 551587.25350458396133, 6871193.832801869139075 ], [ 551393.494105445803143, 6871114.908403034321964 ], [ 550310.651353438035585, 6871643.701875215396285 ], [ 549928.657263080356643, 6871831.541944448836148 ], [ 549458.267846027738415, 6871566.355964365415275 ], [ 549391.774040009477176, 6871646.266918188892305 ], [ 548682.835627479944378, 6872464.515623104758561 ] ] ] } },
{ "type": "Feature", "properties": { "code": "ND" }, "geometry": { "type": "Polygon", "coordinates": [ [ [ 552018.301525225862861, 6873830.390738658607006 ], [ 553417.148617422906682, 6873779.391105088405311 ], [ 553393.438371907104738, 6872211.957546830177307 ], [ 553317.670949026127346, 6872230.899402549490333 ], [ 553151.9297114739893, 6872196.567289057187736 ], [ 553014.601257502217777, 6872152.764247704297304 ], [ 552820.44723636971321, 6872103.041876438073814 ], [ 552698.509040170698427, 6872086.467752682976425 ], [ 552661.80919471278321, 6872040.296979364939034 ], [ 552623.925483272294514, 6872029.642185522243381 ], [ 552593.144967726897448, 6872029.642185522243381 ], [ 552539.870998513652012, 6871997.677803996019065 ], [ 552483.045431352918968, 6872005.96486587356776 ], [ 552449.897183842491359, 6871965.713422467932105 ], [ 552346.900843363720924, 6871929.013577009551227 ], [ 552285.339812272926793, 6871872.188009848818183 ], [ 552227.330379129736684, 6871764.456205440685153 ], [ 552175.240275899064727, 6871726.572494000196457 ], [ 552170.50481196900364, 6871705.26290631480515 ], [ 552171.688677951460704, 6871682.769452647306025 ], [ 552060.010653601493686, 6871603.450431819073856 ], [ 551897.426392002846114, 6871669.746926839463413 ], [ 551335.484672302263789, 6871974.395106340758502 ], [ 551595.935188455623575, 6872269.572357980534434 ], [ 551635.3973878727993, 6872323.240949188359082 ], [ 551676.438075266662054, 6872449.519987323321402 ], [ 551695.379930986906402, 6872484.246722809970379 ], [ 551753.783986124326475, 6872533.179850087501109 ], [ 551815.345017215004191, 6872695.764111686497927 ], [ 551875.327560329227708, 6872803.101294100284576 ], [ 551962.144399047014304, 6873044.609954534098506 ], [ 552096.622391065349802, 6873316.751571990549564 ], [ 552080.229651703615673, 6873345.894219744950533 ], [ 552107.55088397313375, 6873395.072437830269337 ], [ 552018.301525225862861, 6873830.390738658607006 ] ] ] } },
{ "type": "Feature", "properties": { "code": "BA2" }, "geometry": { "type": "Polygon", "coordinates": [ [ [ 546370.153430636622943, 6873045.991131512448192 ], [ 546438.81765762262512, 6873027.838519782759249 ], [ 546519.320544433663599, 6872985.219344412907958 ], [ 546558.782743850839324, 6872972.591440599411726 ], [ 546694.532709845923819, 6872893.667041764594615 ], [ 546752.936764983343892, 6872873.146698067896068 ], [ 547158.608174991793931, 6872988.376320365816355 ], [ 547195.702642443939112, 6872982.062368459068239 ], [ 547375.650271786260419, 6872918.922849390655756 ], [ 547645.571715799742378, 6872811.585666975937784 ], [ 547774.218485899735242, 6872725.558072246611118 ], [ 547816.048417281825095, 6872684.517384853214025 ], [ 547859.456836640718393, 6872619.010133820585907 ], [ 547812.102197339874692, 6872597.897857129573822 ], [ 547776.58621786441654, 6872541.072289968840778 ], [ 547816.837661269935779, 6872435.708217524923384 ], [ 547935.224259521462955, 6872200.118887004442513 ], [ 547939.959723451524042, 6872129.086928053759038 ], [ 547833.411785025149584, 6871795.23672098480165 ], [ 547041.405442722607404, 6872066.342030980624259 ], [ 546977.476679666782729, 6872275.88630988728255 ], [ 546886.318999013165012, 6872443.403346412815154 ], [ 546805.224179210839793, 6872551.727083813399076 ], [ 546656.057065413915552, 6872692.015202741138637 ], [ 546585.025106462999247, 6872742.921439989469945 ], [ 546469.006240176502615, 6872811.585666975006461 ], [ 546451.445561435888521, 6872818.688862869516015 ], [ 546370.153430636622943, 6873045.991131512448192 ] ] ] } },
{ "type": "Feature", "properties": { "code": "BA3" }, "geometry": { "type": "Polygon", "coordinates": [ [ [ 546469.006240176502615, 6872811.585666975006461 ], [ 546585.025106462999247, 6872742.921439989469945 ], [ 546656.057065413915552, 6872692.015202741138637 ], [ 546805.224179210839793, 6872551.727083813399076 ], [ 546886.318999013165012, 6872443.403346412815154 ], [ 546977.476679666782729, 6872275.88630988728255 ], [ 547041.405442722607404, 6872066.342030980624259 ], [ 547833.411785025149584, 6871795.23672098480165 ], [ 547586.57572767091915, 6871021.580301411449909 ], [ 547482.395521209575236, 6870888.987311369739473 ], [ 546823.968723934143782, 6871294.658721378073096 ], [ 546891.843706931686029, 6871409.099099687300622 ], [ 546866.587899304693565, 6871428.040955410338938 ], [ 546888.686730978311971, 6871521.171746034175158 ], [ 546880.794291094876826, 6871596.93916891515255 ], [ 546469.006240176502615, 6872811.585666975006461 ] ] ] } },
{ "type": "Feature", "properties": { "code": "NA3" }, "geometry": { "type": "Polygon", "coordinates": [ [ [ 547482.395521209575236, 6870888.987311369739473 ], [ 547586.57572767091915, 6871021.580301411449909 ], [ 547833.411785025149584, 6871795.23672098480165 ], [ 547939.959723451524042, 6872129.086928053759038 ], [ 547816.837661269935779, 6872435.708217524923384 ], [ 547776.58621786441654, 6872541.072289968840778 ], [ 547812.102197339874692, 6872597.897857129573822 ], [ 547859.456836640718393, 6872619.010133820585907 ], [ 547953.574182250536978, 6872456.425872219726443 ], [ 548057.754388711880893, 6872174.665768381208181 ], [ 548247.172945914207958, 6871087.876796432770789 ], [ 548285.056657354696654, 6870898.458239230327308 ], [ 548270.850265564513393, 6870754.026589362882078 ], [ 548221.127894298871979, 6870597.756279670633376 ], [ 548318.204904865007848, 6870664.052774691954255 ], [ 548436.591503116535023, 6870673.523702551610768 ], [ 548512.358925997512415, 6870645.110918970778584 ], [ 548777.544906080933288, 6870469.898753559216857 ], [ 548599.965008703642525, 6870192.87411365006119 ], [ 548110.140458439127542, 6870495.647838664241135 ], [ 547482.395521209575236, 6870888.987311369739473 ] ] ] } },
{ "type": "Feature", "properties": { "code": "BD" }, "geometry": { "type": "Polygon", "coordinates": [ [ [ 548244.213280958123505, 6871990.377297107130289 ], [ 548169.037791068083607, 6871838.447829345241189 ], [ 548154.831399277900346, 6871734.267622883431613 ], [ 548263.747069669305347, 6871180.218343066982925 ], [ 548616.539132458739914, 6871244.147106122225523 ], [ 548616.539132458739914, 6871173.115147171542048 ], [ 548410.546451501199044, 6871130.495971800759435 ], [ 548247.172945914207958, 6871087.876796432770789 ], [ 548057.754388711880893, 6872174.665768381208181 ], [ 547953.574182250536978, 6872456.425872219726443 ], [ 547859.456836640718393, 6872619.010133820585907 ], [ 547933.645771545008756, 6872665.575529132969677 ], [ 547964.426287090405822, 6872712.930168433114886 ], [ 547966.399397061439231, 6872629.664927665144205 ], [ 548089.521459242794663, 6872266.612693027593195 ], [ 548171.602834030520171, 6872097.714479521848261 ], [ 548244.213280958123505, 6871990.377297107130289 ] ] ] } },
{ "type": "Feature", "properties": { "code": "BF" }, "geometry": { "type": "Polygon", "coordinates": [ [ [ 548244.213280958123505, 6871990.377297107130289 ], [ 548312.877507944009267, 6871905.138946366496384 ], [ 548394.169638743391261, 6871842.788671286776662 ], [ 548552.807680400437675, 6871777.281420254148543 ], [ 549210.839855681289919, 6871521.171746029518545 ], [ 549215.575319611351006, 6871499.86215834505856 ], [ 549165.852948345709592, 6871438.301127254031599 ], [ 549183.019005092093721, 6871403.969013761729002 ], [ 549209.064056707313284, 6871422.91086948197335 ], [ 549241.620371226570569, 6871383.251359067857265 ], [ 549246.355835156631656, 6871349.511178566142917 ], [ 549258.786427972954698, 6871347.735379592515528 ], [ 549262.929958911845461, 6871325.833858915604651 ], [ 549250.499366095406003, 6871323.466126950457692 ], [ 549246.94776814780198, 6871299.196874309331179 ], [ 549043.914752146578394, 6871300.972673282958567 ], [ 548616.539132458739914, 6871244.147106122225523 ], [ 548263.747069669305347, 6871180.218343066982925 ], [ 548154.831399277900346, 6871734.267622883431613 ], [ 548169.037791068083607, 6871838.447829345241189 ], [ 548244.213280958123505, 6871990.377297107130289 ] ] ] } },
{ "type": "Feature", "properties": { "code": "NB1" }, "geometry": { "type": "Polygon", "coordinates": [ [ [ 548552.807680400437675, 6871777.281420254148543 ], [ 548548.861460458720103, 6871838.053207357414067 ], [ 549069.762492765323259, 6871631.271282410249114 ], [ 549106.067716229124926, 6871662.841041943989694 ], [ 549165.261015354888514, 6871594.176814958453178 ], [ 549391.774040009477176, 6871646.266918188892305 ], [ 549458.267846027738415, 6871566.355964365415275 ], [ 549411.505139717599377, 6871522.355612011626363 ], [ 549405.585809804964811, 6871489.207364501431584 ], [ 549424.527665525209159, 6871463.162312886677682 ], [ 549520.420810109004378, 6871435.933395287953317 ], [ 549660.11699604569003, 6871362.533704373054206 ], [ 549754.82627464691177, 6871269.008291754871607 ], [ 549790.342254122369923, 6871247.6987040694803 ], [ 550006.989728922606446, 6871216.918188523501158 ], [ 550034.218646520515904, 6871200.344064768403769 ], [ 550139.582718964200467, 6871148.253961537033319 ], [ 550239.027461495483294, 6871026.315765338018537 ], [ 550400.033235117560253, 6870909.113033068366349 ], [ 550525.523029264179058, 6870742.187929534353316 ], [ 550804.915401137666777, 6870396.499062639661133 ], [ 550929.221329301828519, 6870378.741072902455926 ], [ 551104.433494713972323, 6870332.570299584418535 ], [ 551109.16895864403341, 6870342.041227444075048 ], [ 551142.317206154461019, 6870337.30576351378113 ], [ 551156.52359794464428, 6870325.467103688977659 ], [ 551192.039577420102432, 6870330.202567619271576 ], [ 551190.855711437645368, 6870308.89297993388027 ], [ 551105.617360696545802, 6870294.686588143929839 ], [ 550943.42772109201178, 6870339.673495478928089 ], [ 550834.512050700606778, 6870347.960557356476784 ], [ 550789.525143365026452, 6870374.005608972162008 ], [ 550505.397307561361231, 6870696.017156216315925 ], [ 550349.126997869461775, 6870894.906641278415918 ], [ 550131.295657086651772, 6871084.325198480859399 ], [ 550027.115450625424273, 6871143.518497606739402 ], [ 549980.944677307270467, 6871158.908755379728973 ], [ 549906.361120408866554, 6871169.563549221493304 ], [ 549881.49993477598764, 6871067.75107472576201 ], [ 549905.177254426293075, 6871059.464012848213315 ], [ 549889.78699665365275, 6871000.270713722333312 ], [ 549707.4716353463009, 6871110.370250096544623 ], [ 549403.218077839934267, 6871162.460353327915072 ], [ 549371.253696312080137, 6871070.118806691840291 ], [ 549303.773335308767855, 6871089.060662412084639 ], [ 549323.899057011469267, 6871184.95380699634552 ], [ 549313.244263168773614, 6871205.079528698697686 ], [ 549249.315500113065355, 6871220.469786470755935 ], [ 548992.416581907309592, 6871213.366590575315058 ], [ 548616.539132458739914, 6871173.115147171542048 ], [ 548616.539132458739914, 6871244.147106122225523 ], [ 549043.914752146578394, 6871300.972673282958567 ], [ 549246.94776814780198, 6871299.196874309331179 ], [ 549250.499366095406003, 6871323.466126950457692 ], [ 549262.929958911845461, 6871325.833858915604651 ], [ 549258.786427972954698, 6871347.735379592515528 ], [ 549246.355835156631656, 6871349.511178566142917 ], [ 549241.620371226570569, 6871383.251359067857265 ], [ 549209.064056707313284, 6871422.91086948197335 ], [ 549183.019005092093721, 6871403.969013761729002 ], [ 549165.852948345709592, 6871438.301127254031599 ], [ 549215.575319611351006, 6871499.86215834505856 ], [ 549210.839855681289919, 6871521.171746029518545 ], [ 548552.807680400437675, 6871777.281420254148543 ] ] ] } },
{ "type": "Feature", "properties": { "code": "NB3" }, "geometry": { "type": "Polygon", "coordinates": [ [ [ 549405.585809804964811, 6871489.207364501431584 ], [ 549411.505139717599377, 6871522.355612011626363 ], [ 549458.267846027738415, 6871566.355964365415275 ], [ 549928.657263080356643, 6871831.541944448836148 ], [ 550310.651353438035585, 6871643.701875215396285 ], [ 550034.218646520515904, 6871200.344064768403769 ], [ 550006.989728922606446, 6871216.918188523501158 ], [ 549790.342254122369923, 6871247.6987040694803 ], [ 549754.82627464691177, 6871269.008291754871607 ], [ 549660.11699604569003, 6871362.533704373054206 ], [ 549520.420810109004378, 6871435.933395287953317 ], [ 549424.527665525209159, 6871463.162312886677682 ], [ 549405.585809804964811, 6871489.207364501431584 ] ] ] } },
{ "type": "Feature", "properties": { "code": "NB2" }, "geometry": { "type": "Polygon", "coordinates": [ [ [ 550034.218646520515904, 6871200.344064768403769 ], [ 550310.651353438035585, 6871643.701875215396285 ], [ 551393.494105445803143, 6871114.908403034321964 ], [ 551317.529371567303315, 6871061.535778312012553 ], [ 551293.85205191699788, 6871002.34247918613255 ], [ 551192.039577420102432, 6870330.202567619271576 ], [ 551156.52359794464428, 6870325.467103688977659 ], [ 551142.317206154461019, 6870337.30576351378113 ], [ 551109.16895864403341, 6870342.041227444075048 ], [ 551104.433494713972323, 6870332.570299584418535 ], [ 550804.915401137666777, 6870396.499062639661133 ], [ 550525.523029264179058, 6870742.187929534353316 ], [ 550400.033235117560253, 6870909.113033068366349 ], [ 550239.027461495483294, 6871026.315765338018537 ], [ 550139.582718964200467, 6871148.253961537033319 ], [ 550034.218646520515904, 6871200.344064768403769 ] ] ] } },
{ "type": "Feature", "properties": { "code": "RB" }, "geometry": { "type": "Polygon", "coordinates": [ [ [ 551190.855711437645368, 6870308.89297993388027 ], [ 551192.039577420102432, 6870330.202567619271576 ], [ 551293.85205191699788, 6871002.34247918613255 ], [ 551317.529371567303315, 6871061.535778312012553 ], [ 551393.494105445803143, 6871114.908403034321964 ], [ 551691.82833303953521, 6871242.371307152323425 ], [ 551694.985308992909268, 6871280.255018592812121 ], [ 551720.635738614015281, 6871308.667802172712982 ], [ 551790.089209588244557, 6871331.161255840212107 ], [ 551861.910412527387962, 6871405.744812739081681 ], [ 551871.381340387510136, 6871445.996256144717336 ], [ 551896.6371480145026, 6871475.987527702003717 ], [ 551951.884227198548615, 6871498.480981369502842 ], [ 552003.185086440760642, 6871524.526032984256744 ], [ 552063.167629554867744, 6871559.252768471837044 ], [ 552060.010653601493686, 6871603.450431819073856 ], [ 552171.688677951460704, 6871682.769452647306025 ], [ 552170.50481196900364, 6871705.26290631480515 ], [ 552175.240275899064727, 6871726.572494000196457 ], [ 552227.330379129736684, 6871764.456205440685153 ], [ 552285.339812272926793, 6871872.188009848818183 ], [ 552346.900843363720924, 6871929.013577009551227 ], [ 552449.897183842491359, 6871965.713422467932105 ], [ 552483.045431352918968, 6872005.96486587356776 ], [ 552539.870998513652012, 6871997.677803996019065 ], [ 552593.144967726897448, 6872029.642185522243381 ], [ 552623.925483272294514, 6872029.642185522243381 ], [ 552661.80919471278321, 6872040.296979364939034 ], [ 552698.509040170698427, 6872086.467752682976425 ], [ 552820.44723636971321, 6872103.041876438073814 ], [ 553151.9297114739893, 6872196.567289057187736 ], [ 553317.670949026127346, 6872230.899402549490333 ], [ 553393.438371907104738, 6872211.957546830177307 ], [ 553247.230923067196272, 6868086.480564250610769 ], [ 553003.354530669050291, 6868300.760307085700333 ], [ 553003.354530669050291, 6868318.518296823836863 ], [ 552945.345097525860183, 6868369.424534071236849 ], [ 552950.08056145592127, 6868388.366389791481197 ], [ 552918.11617992806714, 6868412.043709442019463 ], [ 552903.909788137883879, 6868394.285719704814255 ], [ 552291.851075177546591, 6868917.554483976215124 ], [ 552261.070559632149525, 6868917.554483976215124 ], [ 552101.248651992762461, 6869061.986133842729032 ], [ 552097.697054045158438, 6869086.847319475375116 ], [ 552042.055352866998874, 6869131.834226811304688 ], [ 552036.136022954364307, 6869202.866185761988163 ], [ 552004.171641426510178, 6869250.220825063064694 ], [ 552018.378033216693439, 6869272.714278731495142 ], [ 552047.97468277963344, 6869286.920670521445572 ], [ 552042.055352866998874, 6869304.678660259582102 ], [ 552063.364940552273765, 6869324.804381961934268 ], [ 552115.455043782945722, 6869321.252784014679492 ], [ 552158.074219153495505, 6869341.37850571796298 ], [ 552195.957930593984202, 6869395.836340913549066 ], [ 552154.818587701884098, 6869423.657191490754485 ], [ 552116.638909765519202, 6869455.029640039429069 ], [ 552121.374373695580289, 6869492.913351479917765 ], [ 552143.867827363312244, 6869530.797062920406461 ], [ 552179.383806838770397, 6869549.738918640650809 ], [ 552223.48281468776986, 6869515.406805141828954 ], [ 552272.909219457535073, 6869481.074691654182971 ], [ 552526.256539715570398, 6869818.476496670395136 ], [ 552519.153343820478767, 6869853.992476145736873 ], [ 551958.000868108472787, 6870228.094126621261239 ], [ 551759.111383045907132, 6870303.861549502238631 ], [ 551484.454475102364086, 6870322.803405222482979 ], [ 551299.771381830098107, 6870329.906601116992533 ], [ 551190.855711437645368, 6870308.89297993388027 ] ] ] } },
{ "type": "Feature", "properties": { "code": "NA1" }, "geometry": { "type": "Polygon", "coordinates": [ [ [ 548777.544906080933288, 6870469.898753559216857 ], [ 548512.358925997512415, 6870645.110918970778584 ], [ 548436.591503116535023, 6870673.523702551610768 ], [ 548318.204904865007848, 6870664.052774691954255 ], [ 548221.127894298871979, 6870597.756279670633376 ], [ 548270.850265564513393, 6870754.026589362882078 ], [ 548285.056657354696654, 6870898.458239230327308 ], [ 548247.172945914207958, 6871087.876796432770789 ], [ 548616.539132458739914, 6871173.115147171542048 ], [ 548992.416581907309592, 6871213.366590575315058 ], [ 549249.315500113065355, 6871220.469786470755935 ], [ 549313.244263168773614, 6871205.079528698697686 ], [ 549323.899057011469267, 6871184.95380699634552 ], [ 549303.773335308767855, 6871089.060662412084639 ], [ 549371.253696312080137, 6871070.118806691840291 ], [ 549403.218077839934267, 6871162.460353327915072 ], [ 549707.4716353463009, 6871110.370250096544623 ], [ 549889.78699665365275, 6871000.270713722333312 ], [ 549725.525591580546461, 6870342.337193933315575 ], [ 549287.495178050012328, 6870455.988328254781663 ], [ 549236.58894080191385, 6870254.731111227534711 ], [ 549210.543889186577871, 6870226.318327647633851 ], [ 549127.673270410508849, 6870240.524719437584281 ], [ 549025.860795914195478, 6870321.027606248855591 ], [ 548777.544906080933288, 6870469.898753559216857 ] ] ] } },
{ "type": "Feature", "properties": { "code": "RA" }, "geometry": { "type": "Polygon", "coordinates": [ [ [ 549725.525591580546461, 6870342.337193933315575 ], [ 549889.78699665365275, 6871000.270713722333312 ], [ 549905.177254426293075, 6871059.464012848213315 ], [ 549881.49993477598764, 6871067.75107472576201 ], [ 549906.361120408866554, 6871169.563549221493304 ], [ 549980.944677307270467, 6871158.908755379728973 ], [ 550027.115450625424273, 6871143.518497606739402 ], [ 550131.295657086651772, 6871084.325198480859399 ], [ 550349.126997869461775, 6870894.906641278415918 ], [ 550505.397307561361231, 6870696.017156216315925 ], [ 550789.525143365026452, 6870374.005608972162008 ], [ 550834.512050700606778, 6870347.960557356476784 ], [ 550943.42772109201178, 6870339.673495478928089 ], [ 551105.617360696545802, 6870294.686588143929839 ], [ 551190.855711437645368, 6870308.89297993388027 ], [ 551299.771381830098107, 6870329.906601116992533 ], [ 551759.111383045907132, 6870303.861549502238631 ], [ 551958.000868108472787, 6870228.094126621261239 ], [ 552519.153343820478767, 6869853.992476145736873 ], [ 552526.256539715570398, 6869818.476496670395136 ], [ 552272.909219457535073, 6869481.074691654182971 ], [ 552223.48281468776986, 6869515.406805141828954 ], [ 552288.003510734881274, 6869623.730542541481555 ], [ 552212.236087854020298, 6869687.659305596724153 ], [ 552156.594386675744317, 6869778.816986250691116 ], [ 551752.896086638094857, 6869922.064770135097206 ], [ 551523.226086030132137, 6869930.351832011714578 ], [ 551395.368559918482788, 6869927.984100046567619 ], [ 551261.591703894315287, 6869880.62946074642241 ], [ 551132.550311800208874, 6869860.503739043138921 ], [ 551050.863559006596915, 6869875.893996816128492 ], [ 549619.569586145924404, 6869941.006625854410231 ], [ 549725.525591580546461, 6870342.337193933315575 ] ] ] } },
{ "type": "Feature", "properties": { "code": "NA2" }, "geometry": { "type": "Polygon", "coordinates": [ [ [ 548599.965008703642525, 6870192.87411365006119 ], [ 548777.544906080933288, 6870469.898753559216857 ], [ 549025.860795914195478, 6870321.027606248855591 ], [ 549127.673270410508849, 6870240.524719437584281 ], [ 549210.543889186577871, 6870226.318327647633851 ], [ 549236.58894080191385, 6870254.731111227534711 ], [ 549287.495178050012328, 6870455.988328254781663 ], [ 549725.525591580546461, 6870342.337193933315575 ], [ 549619.569586145924404, 6869941.006625854410231 ], [ 549531.96350343991071, 6869603.604820838198066 ], [ 548599.965008703642525, 6870192.87411365006119 ] ] ] } },
{ "type": "Feature", "properties": { "code": "WW2" }, "geometry": { "type": "Polygon", "coordinates": [ [ [ 546406.45865410042461, 6871551.163017586804926 ], [ 546823.968723934143782, 6871294.658721378073096 ], [ 547482.395521209575236, 6870888.987311369739473 ], [ 547041.109476228128187, 6870370.7499775076285 ], [ 546927.458341906778514, 6870631.200493660755455 ], [ 546558.684088353067636, 6870782.14340643119067 ], [ 546547.437361519201659, 6870773.264411563053727 ], [ 546163.864783184370026, 6870924.799257325008512 ], [ 546113.64913442498073, 6870925.292534830980003 ], [ 546123.909306273446418, 6871016.844837478362024 ], [ 546159.425285748904571, 6871128.917483822442591 ], [ 546191.784289270988666, 6871195.213978843763471 ], [ 546406.45865410042461, 6871551.163017586804926 ] ] ] } },
{ "type": "Feature", "properties": { "code": "XX2" }, "geometry": { "type": "Polygon", "coordinates": [ [ [ 547041.109476228128187, 6870370.7499775076285 ], [ 547482.395521209575236, 6870888.987311369739473 ], [ 548110.140458439127542, 6870495.647838664241135 ], [ 547972.812004467472434, 6870257.098843186162412 ], [ 547593.974890062585473, 6870160.021832619793713 ], [ 547428.233652510447428, 6870048.738430263474584 ], [ 547217.505507622845471, 6869802.494305900298059 ], [ 547103.854373301379383, 6869717.255955159664154 ], [ 546940.480867714271881, 6869679.372243719175458 ], [ 546857.610248938202858, 6869679.372243719175458 ], [ 546710.810867106425576, 6869717.255955159664154 ], [ 546564.011485274531879, 6869797.758841970935464 ], [ 547041.109476228128187, 6870370.7499775076285 ] ] ] } },
{ "type": "Feature", "properties": { "code": "XX1" }, "geometry": { "type": "Polygon", "coordinates": [ [ [ 547972.812004467472434, 6870257.098843186162412 ], [ 548110.140458439127542, 6870495.647838664241135 ], [ 548599.965008703642525, 6870192.87411365006119 ], [ 549531.96350343991071, 6869603.604820838198066 ], [ 549518.940977632184513, 6869546.187320685014129 ], [ 548766.002212752704509, 6869536.716392825357616 ], [ 548533.964480179711245, 6869498.83268138486892 ], [ 548382.429634417756461, 6869418.32979457359761 ], [ 548311.397675466840155, 6869352.033299552276731 ], [ 546928.642207889351994, 6869056.066803922876716 ], [ 546606.630660645198077, 6868985.034844972193241 ], [ 546134.26813362177927, 6869072.640927677974105 ], [ 546053.765246810740791, 6869095.726314335130155 ], [ 546004.042875545099378, 6869120.587499968707561 ], [ 546564.011485274531879, 6869797.758841970935464 ], [ 546710.810867106425576, 6869717.255955159664154 ], [ 546857.610248938202858, 6869679.372243719175458 ], [ 546940.480867714271881, 6869679.372243719175458 ], [ 547103.854373301379383, 6869717.255955159664154 ], [ 547217.505507622845471, 6869802.494305900298059 ], [ 547428.233652510447428, 6870048.738430263474584 ], [ 547593.974890062585473, 6870160.021832619793713 ], [ 547972.812004467472434, 6870257.098843186162412 ] ] ] } },
{ "type": "Feature", "properties": { "code": "IJIJ" }, "geometry": { "type": "Polygon", "coordinates": [ [ [ 546928.642207889351994, 6869056.066803922876716 ], [ 548311.397675466840155, 6869352.033299552276731 ], [ 548382.429634417756461, 6869418.32979457359761 ], [ 548533.964480179711245, 6869498.83268138486892 ], [ 548766.002212752704509, 6869536.716392825357616 ], [ 549518.940977632184513, 6869546.187320685014129 ], [ 549531.96350343991071, 6869603.604820838198066 ], [ 549619.569586145924404, 6869941.006625854410231 ], [ 551132.550311800208874, 6869860.503739043138921 ], [ 551261.591703894315287, 6869880.62946074642241 ], [ 551395.368559918482788, 6869927.984100046567619 ], [ 551752.896086638094857, 6869922.064770135097206 ], [ 552156.594386675744317, 6869778.816986250691116 ], [ 552212.236087854020298, 6869687.659305596724153 ], [ 552288.003510734881274, 6869623.730542541481555 ], [ 552223.48281468776986, 6869515.406805141828954 ], [ 552179.383806838770397, 6869549.738918640650809 ], [ 552121.374373695580289, 6869492.913351479917765 ], [ 552116.638909765519202, 6869455.029640039429069 ], [ 552154.818587701884098, 6869423.657191490754485 ], [ 552113.383278313907795, 6869378.966250650584698 ], [ 552038.503754919976927, 6869376.894485183991492 ], [ 551975.166924855206162, 6869344.930103656835854 ], [ 551955.04120315250475, 6869289.288402478210628 ], [ 551955.04120315250475, 6869194.579123876988888 ], [ 551937.283213414717466, 6869191.027525929734111 ], [ 551924.260687607107684, 6869146.040618593804538 ], [ 551925.444553589564748, 6869095.134381346404552 ], [ 551745.496924247243442, 6868845.338659035973251 ], [ 551702.877748876693659, 6868865.464380738325417 ], [ 551508.723727744305506, 6868602.646132620051503 ], [ 551528.849449447006918, 6868582.520410917699337 ], [ 551443.611098705907352, 6868440.456493015401065 ], [ 550189.897023222525604, 6868220.257420267909765 ], [ 549955.491558684618212, 6868227.360616162419319 ], [ 548859.823591866879724, 6868516.81584888882935 ], [ 546928.642207889351994, 6869056.066803922876716 ] ] ] } },
{ "type": "Feature", "properties": { "code": "WW3" }, "geometry": { "type": "Polygon", "coordinates": [ [ [ 546113.64913442498073, 6870925.292534830980003 ], [ 546163.864783184370026, 6870924.799257325008512 ], [ 546547.437361519201659, 6870773.264411563053727 ], [ 546558.684088353067636, 6870782.14340643119067 ], [ 546927.458341906778514, 6870631.200493660755455 ], [ 547041.109476228128187, 6870370.7499775076285 ], [ 546564.011485274531879, 6869797.758841970935464 ], [ 546004.042875545099378, 6869120.587499968707561 ], [ 545511.554626818513498, 6869418.033828073181212 ], [ 545450.684184216428548, 6869495.971671938896179 ], [ 546152.322089853929356, 6870022.397412165999413 ], [ 546256.50229631527327, 6870251.278168785385787 ], [ 546263.605492210364901, 6870303.368272015824914 ], [ 546116.016866390011273, 6870810.062912533059716 ], [ 546113.64913442498073, 6870925.292534830980003 ] ] ] } },
{ "type": "Feature", "properties": { "code": "SA2" }, "geometry": { "type": "Polygon", "coordinates": [ [ [ 542951.543095127330162, 6871343.591848657466471 ], [ 543015.471858183038421, 6871261.510473869740963 ], [ 543026.521274019847624, 6871233.09769028890878 ], [ 543059.768177029676735, 6871077.813935559242964 ], [ 542620.553897516569123, 6870855.247130846604705 ], [ 542410.910963112022728, 6871012.898617540486157 ], [ 542462.21182235435117, 6871076.03813660889864 ], [ 542853.676840572734363, 6871263.878205833956599 ], [ 542951.543095127330162, 6871343.591848657466471 ] ] ] } },
{ "type": "Feature", "properties": { "code": "SA3" }, "geometry": { "type": "Polygon", "coordinates": [ [ [ 542620.553897516569123, 6870855.247130846604705 ], [ 542863.246423932374455, 6870680.034965436905622 ], [ 542989.920084061450325, 6870589.46921777445823 ], [ 542953.812171594705433, 6870662.276975698769093 ], [ 543227.87714654696174, 6870796.05383172351867 ], [ 543289.438177637755871, 6870777.111976003274322 ], [ 543308.380033358000219, 6870738.044398578815162 ], [ 543741.67498295858968, 6870642.151253994554281 ], [ 543855.227461780305021, 6871028.683497309684753 ], [ 543799.58576060202904, 6871039.338291152380407 ], [ 543774.724574969266541, 6871076.827380596660078 ], [ 543026.521274019847624, 6871233.09769028890878 ], [ 543059.768177029676735, 6871077.813935559242964 ], [ 542620.553897516569123, 6870855.247130846604705 ] ] ] } },
{ "type": "Feature", "properties": { "code": "VV2" }, "geometry": { "type": "Polygon", "coordinates": [ [ [ 543741.67498295858968, 6870642.151253994554281 ], [ 543855.227461780305021, 6871028.683497309684753 ], [ 543869.828475564601831, 6871072.881160656921566 ], [ 544486.622652455000207, 6870952.126830438151956 ], [ 544541.96838713856414, 6870756.986254298128188 ], [ 544456.730036397464573, 6870733.308934647589922 ], [ 544456.730036397464573, 6870655.173779801465571 ], [ 543913.927483414299786, 6870602.787710074335337 ], [ 543895.577560685342178, 6870601.307877596467733 ], [ 543878.115537443198264, 6870605.155442039482296 ], [ 543741.67498295858968, 6870642.151253994554281 ] ] ] } },
{ "type": "Feature", "properties": { "code": "SA4" }, "geometry": { "type": "Polygon", "coordinates": [ [ [ 542989.920084061450325, 6870589.46921777445823 ], [ 542953.812171594705433, 6870662.276975698769093 ], [ 543227.87714654696174, 6870796.05383172351867 ], [ 543289.438177637755871, 6870777.111976003274322 ], [ 543308.380033358000219, 6870738.044398578815162 ], [ 543741.67498295858968, 6870642.151253994554281 ], [ 543690.176812718971632, 6870470.1947200326249 ], [ 543590.732070187688805, 6870222.174796694889665 ], [ 543546.929028834681958, 6870248.219848310574889 ], [ 543546.929028834681958, 6870268.345570012927055 ], [ 543442.748822373338044, 6870327.538869138807058 ], [ 543388.290987177635543, 6870335.825931016355753 ], [ 543097.059955478995107, 6870506.302632498554885 ], [ 542989.920084061450325, 6870589.46921777445823 ] ] ] } },
{ "type": "Feature", "properties": { "code": "UU4" }, "geometry": { "type": "Polygon", "coordinates": [ [ [ 543590.732070187688805, 6870222.174796694889665 ], [ 543690.176812718971632, 6870470.1947200326249 ], [ 543741.67498295858968, 6870642.151253994554281 ], [ 543878.115537443198264, 6870605.155442039482296 ], [ 543705.567070491611958, 6870165.941162523813546 ], [ 543590.732070187688805, 6870222.174796694889665 ] ] ] } },
{ "type": "Feature", "properties": { "code": "UU2" }, "geometry": { "type": "Polygon", "coordinates": [ [ [ 543705.567070491611958, 6870165.941162523813546 ], [ 543891.43402974656783, 6870007.303120867349207 ], [ 543915.111349396873266, 6870364.830647586844862 ], [ 543886.698565816506743, 6870364.830647586844862 ], [ 543913.927483414299786, 6870602.787710074335337 ], [ 543895.577560685342178, 6870601.307877596467733 ], [ 543878.115537443198264, 6870605.155442039482296 ], [ 543705.567070491611958, 6870165.941162523813546 ] ] ] } },
{ "type": "Feature", "properties": { "code": "VV1" }, "geometry": { "type": "Polygon", "coordinates": [ [ [ 543891.43402974656783, 6870007.303120867349207 ], [ 543915.111349396873266, 6870364.830647586844862 ], [ 543886.698565816506743, 6870364.830647586844862 ], [ 543913.927483414299786, 6870602.787710074335337 ], [ 544456.730036397464573, 6870655.173779801465571 ], [ 544453.770371441263705, 6870277.224564880132675 ], [ 544415.886660000775009, 6869630.833738426677883 ], [ 544404.048000175622292, 6869607.156418778002262 ], [ 544229.427767754648812, 6869698.314099431969225 ], [ 543891.43402974656783, 6870007.303120867349207 ] ] ] } },
{ "type": "Feature", "properties": { "code": "VV3" }, "geometry": { "type": "Polygon", "coordinates": [ [ [ 544415.886660000775009, 6869630.833738426677883 ], [ 544453.770371441263705, 6870277.224564880132675 ], [ 544456.730036397464573, 6870655.173779801465571 ], [ 544456.730036397464573, 6870733.308934647589922 ], [ 544541.96838713856414, 6870756.986254298128188 ], [ 544486.622652455000207, 6870952.126830438151956 ], [ 544476.362480606534518, 6870998.692225750535727 ], [ 544820.472859524190426, 6871091.033772386610508 ], [ 545114.46624518209137, 6869919.795693679712713 ], [ 545155.802899072528817, 6869865.239202962256968 ], [ 544811.889831152046099, 6869711.33662523701787 ], [ 544415.886660000775009, 6869630.833738426677883 ] ] ] } },
{ "type": "Feature", "properties": { "code": "TT2" }, "geometry": { "type": "Polygon", "coordinates": [ [ [ 544404.048000175622292, 6869607.156418778002262 ], [ 544366.756221726420335, 6869545.299421187490225 ], [ 544409.375397096970119, 6869517.182604102417827 ], [ 544430.09305179095827, 6869483.442423600703478 ], [ 544937.37962529854849, 6869172.085670199245214 ], [ 544958.689212983823381, 6869172.085670199245214 ], [ 545008.411584249464795, 6869143.672886618413031 ], [ 545310.198754291282967, 6869668.026861398480833 ], [ 545155.802899072528817, 6869865.239202962256968 ], [ 544811.889831152046099, 6869711.33662523701787 ], [ 544415.886660000775009, 6869630.833738426677883 ], [ 544404.048000175622292, 6869607.156418778002262 ] ] ] } },
{ "type": "Feature", "properties": { "code": "L2" }, "geometry": { "type": "Polygon", "coordinates": [ [ [ 545008.411584249464795, 6869143.672886618413031 ], [ 545310.198754291282967, 6869668.026861398480833 ], [ 545450.684184216428548, 6869495.971671938896179 ], [ 545511.554626818513498, 6869418.033828073181212 ], [ 546004.042875545099378, 6869120.587499968707561 ], [ 546053.765246810740791, 6869095.726314335130155 ], [ 546134.26813362177927, 6869072.640927677974105 ], [ 545806.92918945569545, 6868498.465926149860024 ], [ 545764.310014085145667, 6868548.188297415152192 ], [ 545631.717024043551646, 6868614.484792435541749 ], [ 545510.962693826993927, 6868628.691184226423502 ], [ 545442.298466841108166, 6868597.91066868044436 ], [ 545262.350837498786859, 6868829.948401253670454 ], [ 544949.810218114871532, 6869073.82479365170002 ], [ 545008.411584249464795, 6869143.672886618413031 ] ] ] } },
{ "type": "Feature", "properties": { "code": "SR" }, "geometry": { "type": "Polygon", "coordinates": [ [ [ 538727.509269513422623, 6870766.654493179172277 ], [ 538865.626967473537661, 6870691.676314286887646 ], [ 538973.753393876599148, 6870665.631262671202421 ], [ 539122.131263685179874, 6870652.214114869944751 ], [ 539195.530954601010308, 6870631.693771173246205 ], [ 539252.356521761743352, 6870596.177791697904468 ], [ 539290.240233202232048, 6870555.926348292268813 ], [ 539328.913188631064259, 6870494.365317201241851 ], [ 539337.594872502842918, 6870419.387138308957219 ], [ 539347.065800362965092, 6870375.189474961720407 ], [ 539385.738755791797303, 6870342.041227450594306 ], [ 539416.519271337194368, 6870336.51651953253895 ], [ 539451.246006824309006, 6870349.144423346035182 ], [ 539480.448034393019043, 6870413.862430389970541 ], [ 539508.07157398504205, 6870588.285351813770831 ], [ 539560.161677215714008, 6870667.99899463634938 ], [ 539655.660199805162847, 6870739.030953586101532 ], [ 539743.266282511292957, 6870779.282396991737187 ], [ 540605.909961770637892, 6871038.943669156171381 ], [ 540675.363432744867168, 6871068.934940713457763 ], [ 540790.593055043020286, 6871108.397140130400658 ], [ 540871.885185842402279, 6871166.8011952675879 ], [ 540985.536320163868368, 6871179.429099081084132 ], [ 541097.608966508647427, 6871221.259030464105308 ], [ 541209.681612853426486, 6871249.671814044006169 ], [ 541666.653882104204968, 6871327.80696889013052 ], [ 541841.866047516465187, 6871367.269168308004737 ], [ 541881.624213429051451, 6871387.394890011288226 ], [ 542210.44299007288646, 6871147.859339547343552 ], [ 542410.910963112022728, 6871012.898617540486157 ], [ 542620.553897516569123, 6870855.247130846604705 ], [ 542863.246423932374455, 6870680.034965436905622 ], [ 542816.483717622933909, 6870610.482838953845203 ], [ 542579.710521119879559, 6870645.99881842918694 ], [ 542307.421345141483471, 6870615.218302884139121 ], [ 542056.441756848245859, 6870529.979952143505216 ], [ 541864.655467680771835, 6870432.902941577136517 ], [ 541701.281962093780749, 6870347.664590835571289 ], [ 541545.011652401764877, 6870279.000363850034773 ], [ 541455.037837730604224, 6870238.748920444399118 ], [ 541488.186085241031833, 6870103.788198437541723 ], [ 541098.694176993682049, 6870101.420466472394764 ], [ 539414.644816866144538, 6870056.433559137396514 ], [ 539296.258218614617363, 6870052.881961190141737 ], [ 538729.778345981263556, 6870042.819100338965654 ], [ 538112.705007808166556, 6870022.83550650626421 ], [ 538132.740578139084391, 6870332.476138894446194 ], [ 538595.3801112358924, 6870770.981916819699109 ], [ 538632.71912867075298, 6870795.115671991370618 ], [ 538662.317130296025425, 6870797.847795218229294 ], [ 538727.509269513422623, 6870766.654493179172277 ] ] ] } },
{ "type": "Feature", "properties": { "code": "SA5" }, "geometry": { "type": "Polygon", "coordinates": [ [ [ 541488.186085241031833, 6870103.788198437541723 ], [ 541455.037837730604224, 6870238.748920444399118 ], [ 541701.281962093780749, 6870347.664590835571289 ], [ 541864.655467680771835, 6870432.902941577136517 ], [ 542056.441756848245859, 6870529.979952143505216 ], [ 542307.421345141483471, 6870615.218302884139121 ], [ 542579.710521119879559, 6870645.99881842918694 ], [ 542816.483717622933909, 6870610.482838953845203 ], [ 542863.246423932374455, 6870680.034965436905622 ], [ 542989.920084061450325, 6870589.46921777445823 ], [ 543097.059955478995107, 6870506.302632498554885 ], [ 543388.290987177635543, 6870335.825931016355753 ], [ 543442.748822373338044, 6870327.538869138807058 ], [ 543546.929028834681958, 6870268.345570012927055 ], [ 543546.929028834681958, 6870248.219848310574889 ], [ 543590.732070187688805, 6870222.174796694889665 ], [ 543536.274234992451966, 6870109.115595359355211 ], [ 543380.00392530055251, 6870154.102502695284784 ], [ 542688.626191511750221, 6870132.792915009893477 ], [ 542499.207634309306741, 6870128.057451079599559 ], [ 542297.950417281710543, 6870125.6897191144526 ], [ 542080.119076499016955, 6870125.6897191144526 ], [ 541488.186085241031833, 6870103.788198437541723 ] ] ] } },
{ "type": "Feature", "properties": { "code": "ZZ3" }, "geometry": { "type": "Polygon", "coordinates": [ [ [ 553247.230923067196272, 6868086.480564250610769 ], [ 553210.827044105506502, 6866881.896927024237812 ], [ 551714.420442206435837, 6866862.955071303993464 ], [ 551586.562916094786488, 6867701.132186925038695 ], [ 551546.311472689383663, 6867765.060949980281293 ], [ 551426.741008455283009, 6868404.348580537363887 ], [ 551443.611098705907352, 6868440.456493015401065 ], [ 551528.849449447006918, 6868582.520410917699337 ], [ 551508.723727744305506, 6868602.646132620051503 ], [ 551702.877748876693659, 6868865.464380738325417 ], [ 551745.496924247243442, 6868845.338659035973251 ], [ 551925.444553589564748, 6869095.134381346404552 ], [ 551924.260687607107684, 6869146.040618593804538 ], [ 551937.283213414717466, 6869191.027525929734111 ], [ 551955.04120315250475, 6869194.579123876988888 ], [ 551955.04120315250475, 6869289.288402478210628 ], [ 551975.166924855206162, 6869344.930103656835854 ], [ 552038.503754919976927, 6869376.894485183991492 ], [ 552113.383278313907795, 6869378.966250650584698 ], [ 552154.818587701884098, 6869423.657191490754485 ], [ 552195.957930593984202, 6869395.836340913549066 ], [ 552158.074219153495505, 6869341.37850571796298 ], [ 552115.455043782945722, 6869321.252784014679492 ], [ 552063.364940552273765, 6869324.804381961934268 ], [ 552042.055352866998874, 6869304.678660259582102 ], [ 552047.97468277963344, 6869286.920670521445572 ], [ 552018.378033216693439, 6869272.714278731495142 ], [ 552004.171641426510178, 6869250.220825063064694 ], [ 552036.136022954364307, 6869202.866185761988163 ], [ 552042.055352866998874, 6869131.834226811304688 ], [ 552097.697054045158438, 6869086.847319475375116 ], [ 552101.248651992762461, 6869061.986133842729032 ], [ 552261.070559632149525, 6868917.554483976215124 ], [ 552291.851075177546591, 6868917.554483976215124 ], [ 552903.909788137883879, 6868394.285719704814255 ], [ 552918.11617992806714, 6868412.043709442019463 ], [ 552950.08056145592127, 6868388.366389791481197 ], [ 552945.345097525860183, 6868369.424534071236849 ], [ 553003.354530669050291, 6868318.518296823836863 ], [ 553003.354530669050291, 6868300.760307085700333 ], [ 553247.230923067196272, 6868086.480564250610769 ] ] ] } },
{ "type": "Feature", "properties": { "code": "ZZ1" }, "geometry": { "type": "Polygon", "coordinates": [ [ [ 551546.311472689383663, 6867765.060949980281293 ], [ 551495.40523544116877, 6867703.499918886460364 ], [ 551538.024410811602138, 6867241.792185706086457 ], [ 551521.450287056504749, 6867117.486257541924715 ], [ 551465.808585878228769, 6867035.799504748545587 ], [ 551384.121833084733225, 6866989.628731430508196 ], [ 551298.883482343633659, 6866973.054607675410807 ], [ 551236.138585270382464, 6866976.606205622665584 ], [ 551129.590646844008006, 6867003.835123220458627 ], [ 551013.571780557511374, 6867065.396154311485589 ], [ 550950.826883484260179, 6867072.499350206926465 ], [ 550437.029047072748654, 6867081.970278066582978 ], [ 549855.75084965780843, 6867068.947752257809043 ], [ 549854.566983675351366, 6867048.822030554525554 ], [ 549344.320745211327448, 6867047.638164572417736 ], [ 549228.301878924830817, 6867023.96084492187947 ], [ 549214.095487134647556, 6866984.893267499282956 ], [ 549214.095487134647556, 6866886.632390949875116 ], [ 549191.6020334669156, 6866855.851875404827297 ], [ 549154.902188008883968, 6866841.645483614876866 ], [ 549031.780125827295706, 6866839.277751649729908 ], [ 549019.941466002142988, 6866795.474710296839476 ], [ 549859.302447605412453, 6866814.416566016152501 ], [ 550592.115490782191046, 6866827.439091823995113 ], [ 551714.420442206435837, 6866862.955071303993464 ], [ 551586.562916094786488, 6867701.132186925038695 ], [ 551546.311472689383663, 6867765.060949980281293 ] ] ] } },
{ "type": "Feature", "properties": { "code": "ZZ2" }, "geometry": { "type": "Polygon", "coordinates": [ [ [ 548859.823591866879724, 6868516.81584888882935 ], [ 549955.491558684618212, 6868227.360616162419319 ], [ 550189.897023222525604, 6868220.257420267909765 ], [ 551443.611098705907352, 6868440.456493015401065 ], [ 551426.741008455283009, 6868404.348580537363887 ], [ 551546.311472689383663, 6867765.060949980281293 ], [ 551495.40523544116877, 6867703.499918886460364 ], [ 551538.024410811602138, 6867241.792185706086457 ], [ 551521.450287056504749, 6867117.486257541924715 ], [ 551465.808585878228769, 6867035.799504748545587 ], [ 551384.121833084733225, 6866989.628731430508196 ], [ 551298.883482343633659, 6866973.054607675410807 ], [ 551236.138585270382464, 6866976.606205622665584 ], [ 551129.590646844008006, 6867003.835123220458627 ], [ 551013.571780557511374, 6867065.396154311485589 ], [ 550950.826883484260179, 6867072.499350206926465 ], [ 549855.75084965780843, 6867068.947752257809043 ], [ 549854.566983675351366, 6867048.822030554525554 ], [ 549344.320745211327448, 6867047.638164572417736 ], [ 549228.301878924830817, 6867023.96084492187947 ], [ 549214.095487134647556, 6866984.893267499282956 ], [ 549214.095487134647556, 6866886.632390949875116 ], [ 549191.6020334669156, 6866855.851875404827297 ], [ 549031.780125827295706, 6866839.277751649729908 ], [ 549095.70888888312038, 6867032.24790679756552 ], [ 549117.018476568395272, 6867302.16935081128031 ], [ 549121.753940498456359, 6867441.8655367475003 ], [ 549050.721981547540054, 6867628.916361985728145 ], [ 548998.631878316868097, 6867718.890176656655967 ], [ 548920.496723470976576, 6867813.599455257877707 ], [ 548813.948785044602118, 6867898.837805998511612 ], [ 548906.290331680793315, 6868230.320281103253365 ], [ 548797.374661289388314, 6868259.324997675605118 ], [ 548859.823591866879724, 6868516.81584888882935 ] ] ] } },
{ "type": "Feature", "properties": { "code": "U2" }, "geometry": { "type": "Polygon", "coordinates": [ [ [ 548859.823591866879724, 6868516.81584888882935 ], [ 548797.374661289388314, 6868259.324997675605118 ], [ 548906.290331680793315, 6868230.320281103253365 ], [ 548813.948785044602118, 6867898.837805998511612 ], [ 548482.466309940326028, 6868043.861388860270381 ], [ 548364.079711688915268, 6868112.525615845806897 ], [ 548198.338474136777222, 6868193.028502657078207 ], [ 548044.435896409791894, 6868254.589533748105168 ], [ 547180.213729173876345, 6868467.685410600155592 ], [ 546780.067027083714493, 6868024.919533140026033 ], [ 546606.630660645198077, 6868985.034844972193241 ], [ 546928.642207889351994, 6869056.066803922876716 ], [ 548859.823591866879724, 6868516.81584888882935 ] ] ] } },
{ "type": "Feature", "properties": { "code": "U1" }, "geometry": { "type": "Polygon", "coordinates": [ [ [ 545806.92918945569545, 6868498.465926149860024 ], [ 546134.26813362177927, 6869072.640927677974105 ], [ 546606.630660645198077, 6868985.034844972193241 ], [ 546780.067027083714493, 6868024.919533140026033 ], [ 546563.419552283477969, 6867786.962470655329525 ], [ 546511.921382044092752, 6867733.688501441851258 ], [ 546439.113624119432643, 6867776.899609804153442 ], [ 546478.181201542378403, 6867829.581646026112139 ], [ 546461.015144795877859, 6867843.78803781606257 ], [ 546412.476639512809925, 6867791.697934585623443 ], [ 546372.817129098577425, 6867824.846182095818222 ], [ 546332.565685693058185, 6867863.321826525963843 ], [ 546378.736459011211991, 6867922.515125651843846 ], [ 546361.570402264711447, 6867936.721517441794276 ], [ 546311.848030999070033, 6867879.895950281061232 ], [ 546253.83859785576351, 6867931.394120520912111 ], [ 546302.377103138947859, 6867988.811620672233403 ], [ 546284.619113401160575, 6868006.569610410369933 ], [ 546231.345144188031554, 6867952.703708206303418 ], [ 546172.743778053671122, 6868008.345409385859966 ], [ 546219.506484362995252, 6868066.650809024460614 ], [ 546203.524293599068187, 6868079.377368336543441 ], [ 546152.914022846496664, 6868024.327600149437785 ], [ 546096.38442218140699, 6868076.713669875636697 ], [ 546144.330994473188184, 6868134.131170027889311 ], [ 546126.573004735517316, 6868153.368992243893445 ], [ 546074.778868000488728, 6868098.911157048307359 ], [ 545940.114112489041872, 6868230.320281106978655 ], [ 545841.40928619611077, 6868218.037671536207199 ], [ 545883.14056208007969, 6868413.967491647228599 ], [ 545806.92918945569545, 6868498.465926149860024 ] ] ] } },
{ "type": "Feature", "properties": { "code": "T1" }, "geometry": { "type": "Polygon", "coordinates": [ [ [ 546563.419552283477969, 6867786.962470655329525 ], [ 546780.067027083714493, 6868024.919533140026033 ], [ 547180.213729173876345, 6868467.685410600155592 ], [ 548044.435896409791894, 6868254.589533748105168 ], [ 548198.338474136777222, 6868193.028502657078207 ], [ 547302.003942135721445, 6867305.276999015361071 ], [ 546911.328167902654968, 6867539.682463554665446 ], [ 546563.419552283477969, 6867786.962470655329525 ] ] ] } },
{ "type": "Feature", "properties": { "code": "T2" }, "geometry": { "type": "Polygon", "coordinates": [ [ [ 547302.003942135721445, 6867305.276999015361071 ], [ 548198.338474136777222, 6868193.028502657078207 ], [ 548364.079711688915268, 6868112.525615845806897 ], [ 547477.216107549262233, 6867210.567720413208008 ], [ 547302.003942135721445, 6867305.276999015361071 ] ] ] } },
{ "type": "Feature", "properties": { "code": "T3" }, "geometry": { "type": "Polygon", "coordinates": [ [ [ 547477.216107549262233, 6867210.567720413208008 ], [ 548364.079711688915268, 6868112.525615845806897 ], [ 548482.466309940326028, 6868043.861388860270381 ], [ 548459.824873044621199, 6867887.739062417298555 ], [ 547680.841056543518789, 6867101.652050021104515 ], [ 547477.216107549262233, 6867210.567720413208008 ] ] ] } },
{ "type": "Feature", "properties": { "code": "T4" }, "geometry": { "type": "Polygon", "coordinates": [ [ [ 547680.841056543518789, 6867101.652050021104515 ], [ 548459.824873044621199, 6867887.739062417298555 ], [ 548482.466309940326028, 6868043.861388860270381 ], [ 548813.948785044602118, 6867898.837805998511612 ], [ 548920.496723470976576, 6867813.599455257877707 ], [ 548998.631878316868097, 6867718.890176656655967 ], [ 548970.663044504006393, 6867692.401175299659371 ], [ 548985.461369285592809, 6867668.131922658532858 ], [ 548170.961573308566585, 6866832.322538997977972 ], [ 548107.032810252276249, 6866857.183724630624056 ], [ 547680.841056543518789, 6867101.652050021104515 ] ] ] } },
{ "type": "Feature", "properties": { "code": "T5" }, "geometry": { "type": "Polygon", "coordinates": [ [ [ 548170.961573308566585, 6866832.322538997977972 ], [ 548985.461369285592809, 6867668.131922658532858 ], [ 548970.663044504006393, 6867692.401175299659371 ], [ 548998.631878316868097, 6867718.890176656655967 ], [ 549121.753940498456359, 6867441.8655367475003 ], [ 549095.70888888312038, 6867032.24790679756552 ], [ 549031.780125827295706, 6866839.277751649729908 ], [ 549019.941466002142988, 6866795.474710296839476 ], [ 548431.412089464021847, 6866776.680837820284069 ], [ 548355.644666582462378, 6866776.680837820284069 ], [ 548289.348171561141498, 6866793.254961575381458 ], [ 548170.961573308566585, 6866832.322538997977972 ] ] ] } },
{ "type": "Feature", "properties": { "code": "HC1" }, "geometry": { "type": "Polygon", "coordinates": [ [ [ 538729.778345981263556, 6870042.819100338965654 ], [ 539296.258218614617363, 6870052.881961190141737 ], [ 539336.953611710807309, 6868775.04661632142961 ], [ 539142.799590576789342, 6868760.840224530547857 ], [ 538542.559062181040645, 6868919.0577228134498 ], [ 538711.950702251750045, 6869645.802501182071865 ], [ 538729.778345981263556, 6870042.819100338965654 ] ] ] } },
{ "type": "Feature", "properties": { "code": "ST1" }, "geometry": { "type": "Polygon", "coordinates": [ [ [ 539296.258218614617363, 6870052.881961190141737 ], [ 539414.644816866144538, 6870056.433559137396514 ], [ 540063.847324980888516, 6869580.075484437867999 ], [ 540513.716398340184242, 6869165.722390553914011 ], [ 540669.986708033364266, 6868952.626513699069619 ], [ 540568.174233536352403, 6868895.800946538336575 ], [ 540407.168459912994877, 6869099.425895532593131 ], [ 540359.81382061203476, 6869078.116307847201824 ], [ 540312.459181310958229, 6869125.470947148278356 ], [ 540141.982479827478528, 6868976.303833349607885 ], [ 539531.107632844825275, 6868770.311152391135693 ], [ 539336.953611710807309, 6868775.04661632142961 ], [ 539296.258218614617363, 6870052.881961190141737 ] ] ] } },
{ "type": "Feature", "properties": { "code": "ST2" }, "geometry": { "type": "Polygon", "coordinates": [ [ [ 539414.644816866144538, 6870056.433559137396514 ], [ 541098.694176993682049, 6870101.420466472394764 ], [ 541108.017121567507274, 6869885.512907928787172 ], [ 541207.461864099488594, 6869625.062391773797572 ], [ 541314.009802526677959, 6869139.677338938228786 ], [ 540786.005574320792221, 6869014.187544791027904 ], [ 540669.986708033364266, 6868952.626513699069619 ], [ 540513.716398340184242, 6869165.722390553914011 ], [ 540063.847324980888516, 6869580.075484437867999 ], [ 539414.644816866144538, 6870056.433559137396514 ] ] ] } },
{ "type": "Feature", "properties": { "code": "SB3" }, "geometry": { "type": "Polygon", "coordinates": [ [ [ 541098.694176993682049, 6870101.420466472394764 ], [ 541488.186085241031833, 6870103.788198437541723 ], [ 542080.119076499016955, 6870125.6897191144526 ], [ 542204.277021385147236, 6869582.44321640394628 ], [ 541908.310525754000992, 6869492.469401732087135 ], [ 541967.503824880230241, 6869213.077029856853187 ], [ 542127.325732521014288, 6868489.734914533793926 ], [ 542205.4608873676043, 6868458.954398988746107 ], [ 542110.751608765684068, 6868281.374501610174775 ], [ 541902.391195841366425, 6868347.670996631495655 ], [ 541750.856350078247488, 6868335.83233680576086 ], [ 541518.818617503391579, 6868288.477697504684329 ], [ 541314.009802526677959, 6869139.677338938228786 ], [ 541207.461864099488594, 6869625.062391773797572 ], [ 541108.017121567507274, 6869885.512907928787172 ], [ 541098.694176993682049, 6870101.420466472394764 ] ] ] } },
{ "type": "Feature", "properties": { "code": "SB1" }, "geometry": { "type": "Polygon", "coordinates": [ [ [ 541967.503824880230241, 6869213.077029856853187 ], [ 541908.310525754000992, 6869492.469401732087135 ], [ 542204.277021385147236, 6869582.44321640394628 ], [ 542080.119076499016955, 6870125.6897191144526 ], [ 542297.950417281710543, 6870125.6897191144526 ], [ 542302.537897934555076, 6869986.141516442410648 ], [ 542480.117795313242823, 6869346.853885879740119 ], [ 541967.503824880230241, 6869213.077029856853187 ] ] ] } },
{ "type": "Feature", "properties": { "code": "SC1" }, "geometry": { "type": "Polygon", "coordinates": [ [ [ 542297.950417281710543, 6870125.6897191144526 ], [ 542499.207634309306741, 6870128.057451079599559 ], [ 542513.266042823903263, 6869860.651722295209765 ], [ 542567.723878020071425, 6869768.310175658203661 ], [ 542787.9229507696582, 6869555.21429880335927 ], [ 542565.356146055040881, 6869330.279762123711407 ], [ 542551.149754264741205, 6869294.76378264836967 ], [ 542506.162846928811632, 6869306.602442473173141 ], [ 542480.117795313242823, 6869346.853885879740119 ], [ 542302.537897934555076, 6869986.141516442410648 ], [ 542297.950417281710543, 6870125.6897191144526 ] ] ] } },
{ "type": "Feature", "properties": { "code": "SC2" }, "geometry": { "type": "Polygon", "coordinates": [ [ [ 542499.207634309306741, 6870128.057451079599559 ], [ 542513.266042823903263, 6869860.651722295209765 ], [ 542567.723878020071425, 6869768.310175658203661 ], [ 542787.9229507696582, 6869555.21429880335927 ], [ 542565.356146055040881, 6869330.279762123711407 ], [ 542551.149754264741205, 6869294.76378264836967 ], [ 542536.943362474441528, 6869195.319040115922689 ], [ 543138.347281596856192, 6869441.563164480961859 ], [ 543117.037693911464885, 6869505.491927538067102 ], [ 542913.412744917208329, 6869692.542752776294947 ], [ 542719.258723783190362, 6869884.329041945748031 ], [ 542697.949136097799055, 6869934.051413211971521 ], [ 542688.626191511750221, 6870132.792915009893477 ], [ 542499.207634309306741, 6870128.057451079599559 ] ] ] } },
{ "type": "Feature", "properties": { "code": "SD1" }, "geometry": { "type": "Polygon", "coordinates": [ [ [ 542688.626191511750221, 6870132.792915009893477 ], [ 543380.00392530055251, 6870154.102502695284784 ], [ 542913.412744917208329, 6869692.542752776294947 ], [ 542719.258723783190362, 6869884.329041945748031 ], [ 542697.949136097799055, 6869934.051413211971521 ], [ 542688.626191511750221, 6870132.792915009893477 ] ] ] } },
{ "type": "Feature", "properties": { "code": "SD2" }, "geometry": { "type": "Polygon", "coordinates": [ [ [ 542913.412744917208329, 6869692.542752776294947 ], [ 543380.00392530055251, 6870154.102502695284784 ], [ 543536.274234992451966, 6870109.115595359355211 ], [ 543434.313777228002436, 6869867.754918189719319 ], [ 543292.249859325005673, 6869538.640175048261881 ], [ 543178.598725002724677, 6869453.401824306696653 ], [ 543138.347281596856192, 6869441.563164480961859 ], [ 543117.037693911464885, 6869505.491927538067102 ], [ 542913.412744917208329, 6869692.542752776294947 ] ] ] } },
{ "type": "Feature", "properties": { "code": "UU3" }, "geometry": { "type": "Polygon", "coordinates": [ [ [ 543590.732070187688805, 6870222.174796694889665 ], [ 543705.567070491611958, 6870165.941162523813546 ], [ 543614.261406571720727, 6870026.392959848046303 ], [ 543510.081200109561905, 6869822.768010853789747 ], [ 543434.313777228002436, 6869867.754918189719319 ], [ 543536.274234992451966, 6870109.115595359355211 ], [ 543590.732070187688805, 6870222.174796694889665 ] ] ] } },
{ "type": "Feature", "properties": { "code": "SB2" }, "geometry": { "type": "Polygon", "coordinates": [ [ [ 541967.503824880230241, 6869213.077029856853187 ], [ 542480.117795313242823, 6869346.853885879740119 ], [ 542506.162846928811632, 6869306.602442473173141 ], [ 542551.149754264741205, 6869294.76378264836967 ], [ 542536.943362474441528, 6869195.319040115922689 ], [ 542532.207898544264026, 6869074.56470990087837 ], [ 542243.344598808209412, 6868515.779966149479151 ], [ 542205.4608873676043, 6868458.954398988746107 ], [ 542127.325732521014288, 6868489.734914533793926 ], [ 541967.503824880230241, 6869213.077029856853187 ] ] ] } },
{ "type": "Feature", "properties": { "code": "SB4" }, "geometry": { "type": "Polygon", "coordinates": [ [ [ 542110.751608765684068, 6868281.374501610174775 ], [ 541843.197896714322269, 6867753.370273409411311 ], [ 541614.11982909636572, 6868059.103663401678205 ], [ 541546.639468092587776, 6868168.611266785301268 ], [ 541518.818617503391579, 6868288.477697504684329 ], [ 541750.856350078247488, 6868335.83233680576086 ], [ 541902.391195841366425, 6868347.670996631495655 ], [ 542110.751608765684068, 6868281.374501610174775 ] ] ] } },
{ "type": "Feature", "properties": { "code": "SU1" }, "geometry": { "type": "Polygon", "coordinates": [ [ [ 541518.818617503391579, 6868288.477697504684329 ], [ 541314.009802526677959, 6869139.677338938228786 ], [ 540786.005574320792221, 6869014.187544791027904 ], [ 540669.986708033364266, 6868952.626513699069619 ], [ 540568.174233536352403, 6868895.800946538336575 ], [ 540611.977274888893589, 6868821.217389645986259 ], [ 540671.170574015122838, 6868546.560481700114906 ], [ 540430.845779563183896, 6868500.093741891905665 ], [ 540507.797068427084014, 6868085.444681511260569 ], [ 540524.963125173468143, 6868084.852748516015708 ], [ 541329.991993290139362, 6868231.652130350470543 ], [ 541518.818617503391579, 6868288.477697504684329 ] ] ] } },
{ "type": "Feature", "properties": { "code": "SU2" }, "geometry": { "type": "Polygon", "coordinates": [ [ [ 541518.818617503391579, 6868288.477697504684329 ], [ 541546.639468092587776, 6868168.611266785301268 ], [ 541614.11982909636572, 6868059.103663401678205 ], [ 541843.197896714322269, 6867753.370273409411311 ], [ 541738.565723103354685, 6867581.170974471606314 ], [ 541598.729571323259734, 6867314.155993893742561 ], [ 541430.620601804810576, 6867401.762076600454748 ], [ 541401.023952241754159, 6867442.013520006090403 ], [ 541028.106167746474966, 6867574.606510048732162 ], [ 540945.235548969707452, 6867568.687180136330426 ], [ 540644.53358940850012, 6867500.022953149862587 ], [ 540524.963125173468143, 6868084.852748516015708 ], [ 541329.991993290139362, 6868231.652130350470543 ], [ 541518.818617503391579, 6868288.477697504684329 ] ] ] } },
{ "type": "Feature", "properties": { "code": "SV" }, "geometry": { "type": "Polygon", "coordinates": [ [ [ 540644.53358940850012, 6867500.022953149862587 ], [ 540945.235548969707452, 6867568.687180136330426 ], [ 541028.106167746474966, 6867574.606510048732162 ], [ 541401.023952241754159, 6867442.013520006090403 ], [ 541430.620601804810576, 6867401.762076600454748 ], [ 541598.729571323259734, 6867314.155993893742561 ], [ 541308.682405604980886, 6866780.824368772096932 ], [ 541041.128693554317579, 6866304.910243795253336 ], [ 540951.154878882458434, 6866153.375398032367229 ], [ 540851.710136350477114, 6866195.994573403149843 ], [ 540828.032816699938849, 6866250.452408599667251 ], [ 540768.839517573826015, 6866854.224059687927365 ], [ 540730.955806132988073, 6867017.597565276548266 ], [ 540644.53358940850012, 6867500.022953149862587 ] ] ] } },
{ "type": "Feature", "properties": { "code": "SW1" }, "geometry": { "type": "Polygon", "coordinates": [ [ [ 539531.107632844825275, 6868770.311152391135693 ], [ 540141.982479827478528, 6868976.303833349607885 ], [ 540312.459181310958229, 6869125.470947148278356 ], [ 540359.81382061203476, 6869078.116307847201824 ], [ 540407.168459912994877, 6869099.425895532593131 ], [ 540568.174233536352403, 6868895.800946538336575 ], [ 540611.977274888893589, 6868821.217389645986259 ], [ 540671.170574015122838, 6868546.560481700114906 ], [ 540430.845779563183896, 6868500.093741891905665 ], [ 540031.29101046116557, 6868419.294888583943248 ], [ 539618.713715551304631, 6868293.805094437673688 ], [ 539540.578560704598203, 6868535.313754873350263 ], [ 539531.107632844825275, 6868770.311152391135693 ] ] ] } },
{ "type": "Feature", "properties": { "code": "HC2" }, "geometry": { "type": "Polygon", "coordinates": [ [ [ 538542.559062181040645, 6868919.0577228134498 ], [ 539142.799590576789342, 6868760.840224530547857 ], [ 539336.953611710807309, 6868775.04661632142961 ], [ 539531.107632844825275, 6868770.311152391135693 ], [ 539540.578560704598203, 6868535.313754873350263 ], [ 539618.713715551304631, 6868293.805094437673688 ], [ 539630.552375376457348, 6868258.289114961400628 ], [ 539478.425596622051671, 6868206.199011730961502 ], [ 539489.08039046486374, 6868161.212104395031929 ], [ 539435.806421251152642, 6868135.167052779346704 ], [ 539566.031679328880273, 6867730.284886755049229 ], [ 539442.909617146360688, 6867698.912438218481839 ], [ 539035.659719157963991, 6867710.751098044216633 ], [ 538605.853250271873549, 6867780.673044919036329 ], [ 538269.346739486092702, 6867862.636741726659238 ], [ 538502.48792151757516, 6868794.404600586742163 ], [ 538542.559062181040645, 6868919.0577228134498 ] ] ] } },
{ "type": "Feature", "properties": { "code": "HC4" }, "geometry": { "type": "Polygon", "coordinates": [ [ [ 538269.346739486092702, 6867862.636741726659238 ], [ 538605.853250271873549, 6867780.673044919036329 ], [ 539035.659719157963991, 6867710.751098044216633 ], [ 539442.909617146360688, 6867698.912438218481839 ], [ 539566.031679328880273, 6867730.284886755049229 ], [ 539588.52513299707789, 6867736.796149658970535 ], [ 539747.163174655288458, 6867249.635297851637006 ], [ 539900.473819392267615, 6866702.689213926903903 ], [ 539959.667118518613279, 6866468.283749386668205 ], [ 539966.770314413588494, 6866084.119238058105111 ], [ 539859.630442995112389, 6866083.527305066585541 ], [ 539867.325571881607175, 6865758.556092865765095 ], [ 539803.396808825200424, 6865552.563411905430257 ], [ 539811.683870702865534, 6864948.199827826581895 ], [ 539813.459669676725753, 6864597.18356400821358 ], [ 539434.326588773168623, 6864598.367429992184043 ], [ 539432.846756294951774, 6864687.749311672523618 ], [ 538150.044025242794305, 6864313.608669923618436 ], [ 538093.580145219224505, 6866675.98455348983407 ], [ 538106.330053611542098, 6867043.910481384955347 ], [ 538166.436764604412019, 6867451.907549942843616 ], [ 538269.346739486092702, 6867862.636741726659238 ] ] ] } },
{ "type": "Feature", "properties": { "code": "HB" }, "geometry": { "type": "Polygon", "coordinates": [ [ [ 538150.044025242794305, 6864313.608669923618436 ], [ 539432.846756294951774, 6864687.749311672523618 ], [ 539434.326588773168623, 6864598.367429992184043 ], [ 539446.165248598554172, 6863945.465340632013977 ], [ 539456.820042441249825, 6863007.843482473865151 ], [ 539455.636176458792761, 6862852.757038763724267 ], [ 538850.680659388774075, 6862845.653842868283391 ], [ 538654.576114485622384, 6862789.083909288980067 ], [ 538202.865074296947569, 6862590.549621463753283 ], [ 538150.044025242794305, 6864313.608669923618436 ] ] ] } },
{ "type": "Feature", "properties": { "code": "HA" }, "geometry": { "type": "Polygon", "coordinates": [ [ [ 538202.865074296947569, 6862590.549621463753283 ], [ 538220.168521400657482, 6862296.846374565735459 ], [ 538316.703542086062953, 6861998.134235085919499 ], [ 538471.523858279804699, 6861774.100130476057529 ], [ 538684.629469981649891, 6861571.923011681996286 ], [ 538950.556130737764761, 6861431.674019365571439 ], [ 539254.732516671181656, 6861375.210139341652393 ], [ 539577.123057450982742, 6861380.674385796301067 ], [ 539568.399411307182163, 6861876.733527800068259 ], [ 539629.960442399489693, 6862099.892265509814024 ], [ 539743.611576723633334, 6862286.943090751767159 ], [ 539757.817968514282256, 6862313.580075358971953 ], [ 540071.542453888221644, 6863252.385799514129758 ], [ 540102.322969434317201, 6863412.207707157358527 ], [ 539846.607917204964906, 6863149.389459032565355 ], [ 539456.820042441249825, 6863007.843482473865151 ], [ 539455.636176458792761, 6862852.757038763724267 ], [ 538850.680659388774075, 6862845.653842868283391 ], [ 538654.576114485622384, 6862789.083909288980067 ], [ 538202.865074296947569, 6862590.549621463753283 ] ] ] } },
{ "type": "Feature", "properties": { "code": "SX2" }, "geometry": { "type": "Polygon", "coordinates": [ [ [ 539456.820042441249825, 6863007.843482473865151 ], [ 539846.607917204964906, 6863149.389459032565355 ], [ 540102.322969434317201, 6863412.207707157358527 ], [ 540189.929052142426372, 6863815.906007206067443 ], [ 540102.322969434200786, 6863839.583326856605709 ], [ 539983.936371179879643, 6863839.583326856605709 ], [ 539832.401525414315984, 6863946.131265285424888 ], [ 539446.165248598554172, 6863945.465340632013977 ], [ 539456.820042441249825, 6863007.843482473865151 ] ] ] } },
{ "type": "Feature", "properties": { "code": "SX1" }, "geometry": { "type": "Polygon", "coordinates": [ [ [ 539446.165248598554172, 6863945.465340632013977 ], [ 539434.326588773168623, 6864598.367429992184043 ], [ 539813.459669676725753, 6864597.18356400821358 ], [ 539811.683870702865534, 6864948.199827826581895 ], [ 540398.289465070003644, 6864955.968948396854103 ], [ 540369.87668148893863, 6864816.272762456908822 ], [ 540305.947918431600556, 6864423.229256252758205 ], [ 540189.929052142426372, 6863815.906007206067443 ], [ 540102.322969434200786, 6863839.583326856605709 ], [ 539983.936371179879643, 6863839.583326856605709 ], [ 539832.401525414315984, 6863946.131265285424888 ], [ 539446.165248598554172, 6863945.465340632013977 ] ] ] } },
{ "type": "Feature", "properties": { "code": "SW8" }, "geometry": { "type": "Polygon", "coordinates": [ [ [ 539811.683870702865534, 6864948.199827826581895 ], [ 539803.396808825200424, 6865552.563411905430257 ], [ 539867.325571881607175, 6865758.556092865765095 ], [ 539859.630442995112389, 6866083.527305066585541 ], [ 539966.770314413588494, 6866084.119238058105111 ], [ 540117.121294215903617, 6866088.336760697886348 ], [ 540263.920676051289774, 6866126.220472139306366 ], [ 540297.068923562532291, 6865257.262840951792896 ], [ 540306.539851422887295, 6865201.029206781648099 ], [ 540319.562377230846323, 6865173.208356192335486 ], [ 540349.159026794484816, 6865150.714902523905039 ], [ 540469.913357013836503, 6865092.705469379201531 ], [ 540434.981293076183647, 6865023.94646055996418 ], [ 540398.289465070003644, 6864955.968948396854103 ], [ 539811.683870702865534, 6864948.199827826581895 ] ] ] } },
{ "type": "Feature", "properties": { "code": "SW6" }, "geometry": { "type": "Polygon", "coordinates": [ [ [ 539966.770314413588494, 6866084.119238058105111 ], [ 539959.667118518613279, 6866468.283749386668205 ], [ 539900.473819392267615, 6866702.689213926903903 ], [ 540185.785521203302778, 6866786.225757407024503 ], [ 540265.104542033630423, 6866509.201117494143546 ], [ 540263.920676051289774, 6866126.220472139306366 ], [ 540117.121294215903617, 6866088.336760697886348 ], [ 539966.770314413588494, 6866084.119238058105111 ] ] ] } },
{ "type": "Feature", "properties": { "code": "SW4" }, "geometry": { "type": "Polygon", "coordinates": [ [ [ 539900.473819392267615, 6866702.689213926903903 ], [ 539747.163174655288458, 6867249.635297851637006 ], [ 539947.828458711970598, 6867307.126789727248251 ], [ 540037.802273385226727, 6867330.80410937871784 ], [ 540185.785521203302778, 6866786.225757407024503 ], [ 539900.473819392267615, 6866702.689213926903903 ] ] ] } },
{ "type": "Feature", "properties": { "code": "HC3" }, "geometry": { "type": "Polygon", "coordinates": [ [ [ 539747.163174655288458, 6867249.635297851637006 ], [ 539947.828458711970598, 6867307.126789727248251 ], [ 539630.552375376457348, 6868258.289114961400628 ], [ 539478.425596622051671, 6868206.199011730961502 ], [ 539489.08039046486374, 6868161.212104395031929 ], [ 539435.806421251152642, 6868135.167052779346704 ], [ 539566.031679328880273, 6867730.284886755049229 ], [ 539588.52513299707789, 6867736.796149658970535 ], [ 539747.163174655288458, 6867249.635297851637006 ] ] ] } },
{ "type": "Feature", "properties": { "code": "SW2" }, "geometry": { "type": "Polygon", "coordinates": [ [ [ 539947.828458711970598, 6867307.126789727248251 ], [ 539630.552375376457348, 6868258.289114961400628 ], [ 539618.713715551304631, 6868293.805094437673688 ], [ 540031.29101046116557, 6868419.294888583943248 ], [ 540330.217171073425561, 6867413.082795165479183 ], [ 540037.802273385226727, 6867330.80410937871784 ], [ 539947.828458711970598, 6867307.126789727248251 ] ] ] } },
{ "type": "Feature", "properties": { "code": "SW3" }, "geometry": { "type": "Polygon", "coordinates": [ [ [ 540330.217171073425561, 6867413.082795165479183 ], [ 540031.29101046116557, 6868419.294888583943248 ], [ 540430.845779563183896, 6868500.093741891905665 ], [ 540507.797068427084014, 6868085.444681511260569 ], [ 540524.963125173468143, 6868084.852748516015708 ], [ 540644.53358940850012, 6867500.022953149862587 ], [ 540330.217171073425561, 6867413.082795165479183 ] ] ] } },
{ "type": "Feature", "properties": { "code": "SW5" }, "geometry": { "type": "Polygon", "coordinates": [ [ [ 540644.53358940850012, 6867500.022953149862587 ], [ 540330.217171073425561, 6867413.082795165479183 ], [ 540037.802273385226727, 6867330.80410937871784 ], [ 540185.785521203302778, 6866786.225757407024503 ], [ 540287.59799570182804, 6866817.59820594638586 ], [ 540375.204078410053626, 6866919.410680445842445 ], [ 540574.093563477392308, 6866983.339443502947688 ], [ 540730.955806132988073, 6867017.597565276548266 ], [ 540644.53358940850012, 6867500.022953149862587 ] ] ] } },
{ "type": "Feature", "properties": { "code": "SW7" }, "geometry": { "type": "Polygon", "coordinates": [ [ [ 540185.785521203302778, 6866786.225757407024503 ], [ 540287.59799570182804, 6866817.59820594638586 ], [ 540375.204078410053626, 6866919.410680445842445 ], [ 540574.093563477392308, 6866983.339443502947688 ], [ 540730.955806132988073, 6867017.597565276548266 ], [ 540768.839517573826015, 6866854.224059687927365 ], [ 540828.032816699938849, 6866250.452408599667251 ], [ 540656.964182255440392, 6866239.87160646636039 ], [ 540557.519439721829258, 6866190.149235199205577 ], [ 540263.920676051289774, 6866126.220472139306366 ], [ 540265.104542033630423, 6866509.201117494143546 ], [ 540185.785521203302778, 6866786.225757407024503 ] ] ] } },
{ "type": "Feature", "properties": { "code": "SW9" }, "geometry": { "type": "Polygon", "coordinates": [ [ [ 540263.920676051289774, 6866126.220472139306366 ], [ 540557.519439721829258, 6866190.149235199205577 ], [ 540656.964182255440392, 6866239.87160646636039 ], [ 540828.032816699938849, 6866250.452408599667251 ], [ 540851.710136350477114, 6866195.994573403149843 ], [ 540951.154878882458434, 6866153.375398032367229 ], [ 540745.162197954952717, 6865755.078486613929272 ], [ 540726.220342234126292, 6865627.220960499718785 ], [ 540469.913357013836503, 6865092.705469379201531 ], [ 540349.159026794484816, 6865150.714902523905039 ], [ 540319.562377230846323, 6865173.208356192335486 ], [ 540306.539851422887295, 6865201.029206781648099 ], [ 540297.068923562532291, 6865257.262840951792896 ], [ 540263.920676051289774, 6866126.220472139306366 ] ] ] } },
{ "type": "Feature", "properties": { "code": "WA2" }, "geometry": { "type": "Polygon", "coordinates": [ [ [ 550583.680445881560445, 6866638.242509588599205 ], [ 550582.496579898986965, 6866594.439468234777451 ], [ 550546.388667431543581, 6866504.465653560124338 ], [ 550624.523822279414162, 6866460.070679214783013 ], [ 550684.309054397861473, 6866415.08377187885344 ], [ 550758.300678306724876, 6866393.182251201942563 ], [ 550881.422740491223522, 6866323.334158233366907 ], [ 550644.649543982581235, 6866069.98683796916157 ], [ 550644.649543982581235, 6866046.309518318623304 ], [ 550661.223667738144286, 6866038.022456440143287 ], [ 550677.797791493823752, 6866022.632198667153716 ], [ 550741.726554551161826, 6865997.77101303357631 ], [ 550745.278152498765849, 6865978.829157313331962 ], [ 550327.37346066092141, 6866083.009363777004182 ], [ 550414.979543369263411, 6866486.707663823850453 ], [ 550443.392326950212009, 6866485.523797841742635 ], [ 550476.540574461454526, 6866629.955447711981833 ], [ 550583.680445881560445, 6866638.242509588599205 ] ] ] } },
{ "type": "Feature", "properties": { "code": "WA1" }, "geometry": { "type": "Polygon", "coordinates": [ [ [ 550592.115490782191046, 6866827.439091823995113 ], [ 550583.680445881560445, 6866638.242509588599205 ], [ 550476.540574461454526, 6866629.955447711981833 ], [ 550443.392326950212009, 6866485.523797841742635 ], [ 550414.979543369263411, 6866486.707663823850453 ], [ 550327.37346066092141, 6866083.009363777004182 ], [ 549928.41062454378698, 6866167.063848535530269 ], [ 549864.481861486332491, 6866176.534776396118104 ], [ 549859.302447605412453, 6866814.416566016152501 ], [ 550592.115490782191046, 6866827.439091823995113 ] ] ] } },
{ "type": "Feature", "properties": { "code": "WA5" }, "geometry": { "type": "Polygon", "coordinates": [ [ [ 550592.115490782191046, 6866827.439091823995113 ], [ 550583.680445881560445, 6866638.242509588599205 ], [ 550582.496579898986965, 6866594.439468234777451 ], [ 550546.388667431543581, 6866504.465653560124338 ], [ 550624.523822279414162, 6866460.070679214783013 ], [ 550684.309054397861473, 6866415.08377187885344 ], [ 550758.300678306724876, 6866393.182251201942563 ], [ 550881.422740491223522, 6866323.334158233366907 ], [ 550644.649543982581235, 6866069.98683796916157 ], [ 550644.649543982581235, 6866046.309518318623304 ], [ 550661.223667738144286, 6866038.022456440143287 ], [ 550677.797791493823752, 6866022.632198667153716 ], [ 550741.726554551161826, 6865997.77101303357631 ], [ 550745.278152498765849, 6865978.829157313331962 ], [ 550734.919325151364319, 6865962.846966547891498 ], [ 550684.605020893272012, 6865982.084788764826953 ], [ 550663.887366198701784, 6865971.134028426371515 ], [ 550642.281812017317861, 6865978.829157312400639 ], [ 550624.819788774824701, 6865968.470329965464771 ], [ 550619.492391853360459, 6865947.456708774901927 ], [ 550633.402817148249596, 6865917.860059211961925 ], [ 550607.061799036571756, 6865759.222017555497587 ], [ 550502.881592572550289, 6865168.472892262972891 ], [ 551753.636003129649907, 6865089.153871432878077 ], [ 551965.548014004947618, 6865097.440933310426772 ], [ 552131.289251560927369, 6865136.508510733954608 ], [ 553162.436522356234491, 6865421.820212529040873 ], [ 553210.827044105506502, 6866881.896927024237812 ], [ 551714.420442206435837, 6866862.955071303993464 ], [ 550592.115490782191046, 6866827.439091823995113 ] ] ] } },
{ "type": "Feature", "properties": { "code": "WM" }, "geometry": { "type": "Polygon", "coordinates": [ [ [ 553162.436522356234491, 6865421.820212529040873 ], [ 553136.39147074020002, 6864581.275364922359586 ], [ 552840.424975104397163, 6864391.856807716190815 ], [ 552694.809459251584485, 6864704.397427107207477 ], [ 552381.084973877761513, 6864913.941706017591059 ], [ 552131.289251560927369, 6865136.508510733954608 ], [ 553162.436522356234491, 6865421.820212529040873 ] ] ] } },
{ "type": "Feature", "properties": { "code": "WA3" }, "geometry": { "type": "Polygon", "coordinates": [ [ [ 549864.481861486332491, 6866176.534776396118104 ], [ 550327.37346066092141, 6866083.009363777004182 ], [ 550745.278152498765849, 6865978.829157313331962 ], [ 550734.919325151364319, 6865962.846966547891498 ], [ 550684.605020893272012, 6865982.084788764826953 ], [ 550663.887366198701784, 6865971.134028426371515 ], [ 550642.281812017317861, 6865978.829157312400639 ], [ 550624.819788774824701, 6865968.470329965464771 ], [ 550619.492391853360459, 6865947.456708774901927 ], [ 550633.402817148249596, 6865917.860059211961925 ], [ 550607.061799036571756, 6865759.222017555497587 ], [ 550435.993164559127763, 6865796.513796000741422 ], [ 550021.048137677600607, 6865701.212584407068789 ], [ 549993.227287087822333, 6865814.863718731328845 ], [ 549888.455147632746957, 6865788.81866711564362 ], [ 549873.656822850927711, 6865866.953821963630617 ], [ 549867.737492938293144, 6865974.685626374557614 ], [ 549864.481861486332491, 6866176.534776396118104 ] ] ] } },
{ "type": "Feature", "properties": { "code": "WA4" }, "geometry": { "type": "Polygon", "coordinates": [ [ [ 550435.993164559127763, 6865796.513796000741422 ], [ 550607.061799036571756, 6865759.222017555497587 ], [ 550502.881592572550289, 6865168.472892262972891 ], [ 550019.272338703623973, 6865199.253407811746001 ], [ 549888.455147632746957, 6865788.81866711564362 ], [ 549993.227287087822333, 6865814.863718731328845 ], [ 550021.048137677600607, 6865701.212584407068789 ], [ 550435.993164559127763, 6865796.513796000741422 ] ] ] } },
{ "type": "Feature", "properties": { "code": "WL" }, "geometry": { "type": "Polygon", "coordinates": [ [ [ 550019.272338703623973, 6865199.253407811746001 ], [ 549635.699760359479114, 6865067.844283750280738 ], [ 549581.529874206869863, 6865046.069956089369953 ], [ 549635.699760359479114, 6865008.65098462253809 ], [ 549633.332028394332156, 6864975.502737111411989 ], [ 550085.568833725876175, 6864662.962117720395327 ], [ 550862.184918274404481, 6864137.32562146987766 ], [ 551608.020487276604399, 6863622.343919063918293 ], [ 552261.514509640517645, 6863172.474845698103309 ], [ 552839.241109121823683, 6864319.6409827824682 ], [ 552840.424975104397163, 6864391.856807716190815 ], [ 552694.809459251584485, 6864704.397427107207477 ], [ 552381.084973877761513, 6864913.941706017591059 ], [ 552131.289251560927369, 6865136.508510733954608 ], [ 551965.548014004947618, 6865097.440933310426772 ], [ 551753.636003129649907, 6865089.153871432878077 ], [ 550502.881592572550289, 6865168.472892262972891 ], [ 550019.272338703623973, 6865199.253407811746001 ] ] ] } },
{ "type": "Feature", "properties": { "code": "WN" }, "geometry": { "type": "Polygon", "coordinates": [ [ [ 552261.514509640517645, 6863172.474845698103309 ], [ 551381.902084611007012, 6861766.042058438062668 ], [ 549954.159709663596004, 6863235.219742774032056 ], [ 550066.626978005282581, 6863345.911212141625583 ], [ 550165.479787547606975, 6863248.242268581874669 ], [ 550438.952829515212215, 6863518.75564559455961 ], [ 550341.283885955344886, 6863619.976187101565301 ], [ 550862.184918274404481, 6864137.32562146987766 ], [ 551608.020487276604399, 6863622.343919063918293 ], [ 552261.514509640517645, 6863172.474845698103309 ] ] ] } },
{ "type": "Feature", "properties": { "code": "WO" }, "geometry": { "type": "Polygon", "coordinates": [ [ [ 549954.159709663596004, 6863235.219742774032056 ], [ 551381.902084611007012, 6861766.042058438062668 ], [ 551330.403914370224811, 6861679.027908721938729 ], [ 551144.536955111077987, 6861598.525021908804774 ], [ 550231.492934802663513, 6861169.84554345253855 ], [ 550102.172435393673368, 6861217.202346052974463 ], [ 548844.877284020418301, 6861599.116954900324345 ], [ 548695.118237228598446, 6861647.655460184440017 ], [ 548499.780350108980201, 6861789.719378089532256 ], [ 549110.943146145902574, 6862397.465786651708186 ], [ 549954.159709663596004, 6863235.219742774032056 ] ] ] } },
{ "type": "Feature", "properties": { "code": "OOA" }, "geometry": { "type": "Polygon", "coordinates": [ [ [ 548844.877284020418301, 6861599.116954900324345 ], [ 548695.118237228598446, 6861647.655460184440017 ], [ 548499.780350108980201, 6861789.719378089532256 ], [ 547859.308853553142399, 6862262.673838115297258 ], [ 547729.083595473435707, 6862359.454882187768817 ], [ 547713.397371204802766, 6862356.495217231102288 ], [ 547626.97515447915066, 6862420.719946783035994 ], [ 547621.055824566516094, 6862456.827859250828624 ], [ 547528.714277928113006, 6862522.828387777321041 ], [ 546949.105228980421089, 6862947.765021177008748 ], [ 546954.531258943607099, 6862891.137901371344924 ], [ 546950.979660995886661, 6862764.464241238310933 ], [ 547013.724558070651256, 6862540.713570537976921 ], [ 547100.146774796303362, 6862363.133673156611621 ], [ 547126.191826412221417, 6862269.608260535635054 ], [ 547135.662754272576421, 6862153.589394246228039 ], [ 547113.169300604378805, 6862032.835064025595784 ], [ 547039.769609686685726, 6861914.448465771041811 ], [ 546956.898990908637643, 6861819.739187167957425 ], [ 546826.673732828814536, 6861739.23630035482347 ], [ 546705.91940260946285, 6861677.675269262865186 ], [ 546506.437984550721012, 6861613.154573215171695 ], [ 546480.392932934802957, 6861598.948181424289942 ], [ 546401.056170622585341, 6861539.592886831611395 ], [ 546340.94945962971542, 6861466.736267446540296 ], [ 546289.949826060095802, 6861355.629922884516418 ], [ 546257.164347336743958, 6861135.238649243488908 ], [ 546213.450375705608167, 6860971.311255627311766 ], [ 546121.468893731595017, 6860785.526876196265221 ], [ 545974.389593347790651, 6860663.378200258128345 ], [ 545868.747495239134878, 6860625.128475080244243 ], [ 545795.890875853947364, 6860610.557151203043759 ], [ 545584.606679636635818, 6860606.914320234209299 ], [ 545491.714489920530468, 6860592.342996357008815 ], [ 545431.607778927660547, 6860563.200348602607846 ], [ 545378.900568341137841, 6860524.381431086920202 ], [ 545322.322849849704653, 6860435.701264678500593 ], [ 545312.760418555350043, 6860350.208575367927551 ], [ 546823.624563057441264, 6860308.202180756255984 ], [ 546823.62456305755768, 6860362.844645293429494 ], [ 547508.476785278879106, 6860457.558250495232642 ], [ 547748.90362925012596, 6860792.69869966711849 ], [ 548298.971105608856305, 6860821.841347421519458 ], [ 548229.757317192503251, 6860973.132671111263335 ], [ 550138.600745086208917, 6860953.097100782208145 ], [ 550102.172435393673368, 6861217.202346052974463 ], [ 548844.877284020418301, 6861599.116954900324345 ] ] ] } },
{ "type": "Feature", "properties": { "code": "WH1" }, "geometry": { "type": "Polygon", "coordinates": [ [ [ 546949.105228980421089, 6862947.765021177008748 ], [ 546894.746026824810542, 6863166.386742312461138 ], [ 546854.49458341835998, 6863313.186124147847295 ], [ 547164.667470844695345, 6863542.856124761514366 ], [ 547528.714277928113006, 6862522.828387777321041 ], [ 546949.105228980421089, 6862947.765021177008748 ] ] ] } },
{ "type": "Feature", "properties": { "code": "WH2" }, "geometry": { "type": "Polygon", "coordinates": [ [ [ 547164.667470844695345, 6863542.856124761514366 ], [ 547235.699429797241464, 6863602.049423889257014 ], [ 547879.722524300799705, 6864082.699012801982462 ], [ 548244.353246924118139, 6863680.18457873724401 ], [ 548069.141081507783383, 6863497.869217425584793 ], [ 548563.997062210924923, 6862969.86498921085149 ], [ 548511.906958978972398, 6862917.774885978549719 ], [ 548447.978195921634324, 6862896.465298293158412 ], [ 548256.191906749620102, 6862898.833030258305371 ], [ 548249.088710854295641, 6862860.949318816885352 ], [ 547870.2515964404447, 6862858.581586851738393 ], [ 547571.917368839494884, 6862730.724060737527907 ], [ 547621.055824566516094, 6862456.827859250828624 ], [ 547528.714277928113006, 6862522.828387777321041 ], [ 547164.667470844695345, 6863542.856124761514366 ] ] ] } },
{ "type": "Feature", "properties": { "code": "WH4" }, "geometry": { "type": "Polygon", "coordinates": [ [ [ 547859.308853553142399, 6862262.673838115297258 ], [ 547729.083595473435707, 6862359.454882187768817 ], [ 547713.397371204802766, 6862356.495217231102288 ], [ 547626.97515447915066, 6862420.719946783035994 ], [ 547621.055824566516094, 6862456.827859250828624 ], [ 547571.917368839494884, 6862730.724060737527907 ], [ 547870.2515964404447, 6862858.581586851738393 ], [ 548249.088710854295641, 6862860.949318816885352 ], [ 548253.824174784589559, 6862831.352669253945351 ], [ 548275.133762470330112, 6862818.330143446102738 ], [ 548329.591597667313181, 6862812.41081353276968 ], [ 548382.865566881839186, 6862789.917359864339232 ], [ 547859.308853553142399, 6862262.673838115297258 ] ] ] } },
{ "type": "Feature", "properties": { "code": "WH5" }, "geometry": { "type": "Polygon", "coordinates": [ [ [ 547859.308853553142399, 6862262.673838115297258 ], [ 548382.865566881839186, 6862789.917359864339232 ], [ 548329.591597667313181, 6862812.41081353276968 ], [ 548275.133762470330112, 6862818.330143446102738 ], [ 548253.824174784589559, 6862831.352669253945351 ], [ 548249.088710854295641, 6862860.949318816885352 ], [ 548256.191906749620102, 6862898.833030258305371 ], [ 548447.978195921634324, 6862896.465298293158412 ], [ 548511.906958978972398, 6862917.774885978549719 ], [ 548563.997062210924923, 6862969.86498921085149 ], [ 549110.943146145902574, 6862397.465786651708186 ], [ 548499.780350108980201, 6861789.719378089532256 ], [ 547859.308853553142399, 6862262.673838115297258 ] ] ] } },
{ "type": "Feature", "properties": { "code": "WH6" }, "geometry": { "type": "Polygon", "coordinates": [ [ [ 548563.997062210924923, 6862969.86498921085149 ], [ 549110.943146145902574, 6862397.465786651708186 ], [ 549954.159709663596004, 6863235.219742774032056 ], [ 549391.51938400848303, 6863815.737233738414943 ], [ 548563.997062210924923, 6862969.86498921085149 ] ] ] } },
{ "type": "Feature", "properties": { "code": "WJ2" }, "geometry": { "type": "Polygon", "coordinates": [ [ [ 549391.51938400848303, 6863815.737233738414943 ], [ 549605.799126848811284, 6864031.200842560268939 ], [ 549570.283147372421809, 6864078.555481862276793 ], [ 550034.358612529467791, 6864537.895483088679612 ], [ 550008.313560913433321, 6864580.514658460393548 ], [ 550085.568833725876175, 6864662.962117720395327 ], [ 550862.184918274404481, 6864137.32562146987766 ], [ 550341.283885955344886, 6863619.976187101565301 ], [ 550438.952829515212215, 6863518.75564559455961 ], [ 550165.479787547606975, 6863248.242268581874669 ], [ 550066.626978005282581, 6863345.911212141625583 ], [ 549954.159709663596004, 6863235.219742774032056 ], [ 549391.51938400848303, 6863815.737233738414943 ] ] ] } },
{ "type": "Feature", "properties": { "code": "WH3" }, "geometry": { "type": "Polygon", "coordinates": [ [ [ 547879.722524300799705, 6864082.699012801982462 ], [ 548244.353246924118139, 6863680.18457873724401 ], [ 548069.141081507783383, 6863497.869217425584793 ], [ 548563.997062210924923, 6862969.86498921085149 ], [ 549391.51938400848303, 6863815.737233738414943 ], [ 548639.764485093299299, 6864585.250122388824821 ], [ 548613.719433477264829, 6864630.237029725685716 ], [ 547879.722524300799705, 6864082.699012801982462 ] ] ] } },
{ "type": "Feature", "properties": { "code": "WJ1" }, "geometry": { "type": "Polygon", "coordinates": [ [ [ 548613.719433477264829, 6864630.237029725685716 ], [ 548639.764485093299299, 6864585.250122388824821 ], [ 549391.51938400848303, 6863815.737233738414943 ], [ 549605.799126848811284, 6864031.200842560268939 ], [ 549570.283147372421809, 6864078.555481862276793 ], [ 550034.358612529467791, 6864537.895483088679612 ], [ 550008.313560913433321, 6864580.514658460393548 ], [ 550085.568833725876175, 6864662.962117720395327 ], [ 549633.332028394332156, 6864975.502737111411989 ], [ 549635.699760359479114, 6865008.65098462253809 ], [ 549581.529874206869863, 6865046.069956089369953 ], [ 548798.402526754071005, 6864765.197751735337079 ], [ 548613.719433477264829, 6864630.237029725685716 ] ] ] } },
{ "type": "Feature", "properties": { "code": "WB1" }, "geometry": { "type": "Polygon", "coordinates": [ [ [ 549019.941466002142988, 6866795.474710296839476 ], [ 549859.302447605412453, 6866814.416566016152501 ], [ 549864.481861486332491, 6866176.534776396118104 ], [ 549217.491084574605338, 6866147.953219344839454 ], [ 549068.323970774188638, 6866129.011363624595106 ], [ 548954.672836450044997, 6866093.495384148322046 ], [ 548862.331289811641909, 6866081.656724322587252 ], [ 548862.331289811641909, 6866190.57239471655339 ], [ 548857.595825881464407, 6866226.08837419282645 ], [ 548857.595825881464407, 6866337.371776551939547 ], [ 548907.318197148269974, 6866505.480746072717011 ], [ 549019.941466002142988, 6866795.474710296839476 ] ] ] } },
{ "type": "Feature", "properties": { "code": "WB2" }, "geometry": { "type": "Polygon", "coordinates": [ [ [ 548954.672836450044997, 6866093.495384148322046 ], [ 549068.323970774188638, 6866129.011363624595106 ], [ 549217.491084574605338, 6866147.953219344839454 ], [ 549864.481861486332491, 6866176.534776396118104 ], [ 549867.737492938293144, 6865974.685626374557614 ], [ 549262.477991911349818, 6865953.799198208376765 ], [ 549146.459125622175634, 6865930.121878556907177 ], [ 548990.188815926434472, 6865878.031775325536728 ], [ 548964.143764310400002, 6865977.476517858915031 ], [ 548954.672836450044997, 6866093.495384148322046 ] ] ] } },
{ "type": "Feature", "properties": { "code": "WB3" }, "geometry": { "type": "Polygon", "coordinates": [ [ [ 548990.188815926434472, 6865878.031775325536728 ], [ 549146.459125622175634, 6865930.121878556907177 ], [ 549262.477991911349818, 6865953.799198208376765 ], [ 549867.737492938293144, 6865974.685626374557614 ], [ 549873.656822850927711, 6865866.953821963630617 ], [ 549888.455147632746957, 6865788.81866711564362 ], [ 549527.663972001057118, 6865690.980950083583593 ], [ 549061.220774879097007, 6865691.572883071377873 ], [ 549023.337063437560573, 6865773.851568861864507 ], [ 548990.188815926434472, 6865878.031775325536728 ] ] ] } },
{ "type": "Feature", "properties": { "code": "WK2" }, "geometry": { "type": "Polygon", "coordinates": [ [ [ 549527.663972001057118, 6865690.980950083583593 ], [ 549888.455147632746957, 6865788.81866711564362 ], [ 550019.272338703623973, 6865199.253407811746001 ], [ 549635.699760359479114, 6865067.844283750280738 ], [ 549499.251188419992104, 6865165.344453834928572 ], [ 549570.283147372654639, 6865269.524660298600793 ], [ 549622.373250604607165, 6865288.466516019776464 ], [ 549527.663972001057118, 6865690.980950083583593 ] ] ] } },
{ "type": "Feature", "properties": { "code": "WK1" }, "geometry": { "type": "Polygon", "coordinates": [ [ [ 549499.251188419992104, 6865165.344453834928572 ], [ 549570.283147372654639, 6865269.524660298600793 ], [ 549622.373250604607165, 6865288.466516019776464 ], [ 549527.663972001057118, 6865690.980950083583593 ], [ 549061.220774879097007, 6865691.572883071377873 ], [ 549115.678610075963661, 6865572.594351829960942 ], [ 549196.181496888981201, 6865440.001361785456538 ], [ 549286.15531156223733, 6865331.0856913914904 ], [ 549499.251188419992104, 6865165.344453834928572 ] ] ] } },
{ "type": "Feature", "properties": { "code": "WC2" }, "geometry": { "type": "Polygon", "coordinates": [ [ [ 548613.719433477264829, 6864630.237029725685716 ], [ 548798.402526754071005, 6864765.197751735337079 ], [ 549581.529874206869863, 6865046.069956089369953 ], [ 549635.699760359479114, 6865067.844283750280738 ], [ 549499.251188419992104, 6865165.344453834928572 ], [ 549286.15531156223733, 6865331.0856913914904 ], [ 549196.181496888981201, 6865440.001361785456538 ], [ 549115.678610075963661, 6865572.594351829960942 ], [ 549061.220774879097007, 6865691.572883071377873 ], [ 549023.337063437560573, 6865773.851568861864507 ], [ 548990.188815926434472, 6865878.031775325536728 ], [ 548964.143764310400002, 6865977.476517858915031 ], [ 548954.672836450044997, 6866093.495384148322046 ], [ 548862.331289811641909, 6866081.656724322587252 ], [ 548872.394150663516484, 6865912.955821806564927 ], [ 548862.331289811758325, 6865757.869378095492721 ], [ 548837.470104178530164, 6865632.379583943635225 ], [ 548794.850928807049058, 6865504.226091332733631 ], [ 548729.738299767137505, 6865393.238655469380319 ], [ 548639.764485093764961, 6865281.363320122472942 ], [ 548554.526134350686334, 6865198.492701345123351 ], [ 548431.404072166187689, 6865125.093010427430272 ], [ 548537.656044099247083, 6864830.90231376234442 ], [ 548613.719433477264829, 6864630.237029725685716 ] ] ] } },
{ "type": "Feature", "properties": { "code": "WC1" }, "geometry": { "type": "Polygon", "coordinates": [ [ [ 548431.404072166187689, 6865125.093010427430272 ], [ 548554.526134350686334, 6865198.492701345123351 ], [ 548639.764485093764961, 6865281.363320122472942 ], [ 548729.738299767137505, 6865393.238655469380319 ], [ 548794.850928807049058, 6865504.226091332733631 ], [ 548837.470104178530164, 6865632.379583943635225 ], [ 548862.331289811758325, 6865757.869378095492721 ], [ 548872.394150663516484, 6865912.955821806564927 ], [ 548862.331289811641909, 6866081.656724322587252 ], [ 548144.90850439062342, 6865833.04486798774451 ], [ 548431.404072166187689, 6865125.093010427430272 ] ] ] } },
{ "type": "Feature", "properties": { "code": "WD2" }, "geometry": { "type": "Polygon", "coordinates": [ [ [ 548862.331289811641909, 6866081.656724322587252 ], [ 548862.331289811641909, 6866190.57239471655339 ], [ 548843.093467595404945, 6866240.886698973365128 ], [ 548800.474292223807424, 6866302.447730065323412 ], [ 548084.235372785013169, 6866041.997213905677199 ], [ 548144.90850439062342, 6865833.04486798774451 ], [ 548862.331289811641909, 6866081.656724322587252 ] ] ] } },
{ "type": "Feature", "properties": { "code": "WD1" }, "geometry": { "type": "Polygon", "coordinates": [ [ [ 549019.941466002142988, 6866795.474710296839476 ], [ 548907.318197148269974, 6866505.480746072717011 ], [ 548857.595825881464407, 6866337.371776551939547 ], [ 548857.595825881464407, 6866226.08837419282645 ], [ 548862.331289811641909, 6866190.57239471655339 ], [ 548843.093467595404945, 6866240.886698973365128 ], [ 548800.474292223807424, 6866302.447730065323412 ], [ 548084.235372785013169, 6866041.997213905677199 ], [ 548026.225939640542492, 6866247.989894867874682 ], [ 548477.278878989629447, 6866669.446184654720128 ], [ 548431.412089464021847, 6866776.680837820284069 ], [ 549019.941466002142988, 6866795.474710296839476 ] ] ] } },
{ "type": "Feature", "properties": { "code": "U6" }, "geometry": { "type": "Polygon", "coordinates": [ [ [ 548026.225939640542492, 6866247.989894867874682 ], [ 547926.781197106931359, 6866167.48700805567205 ], [ 547796.555939027108252, 6866319.021853821352124 ], [ 547879.426557805156335, 6866404.260204563848674 ], [ 548163.554393615573645, 6866690.755772340111434 ], [ 548232.218620603089221, 6866733.374947710894048 ], [ 548289.348171561141498, 6866793.254961575381458 ], [ 548355.644666582462378, 6866776.680837820284069 ], [ 548431.412089464021847, 6866776.680837820284069 ], [ 548477.278878989629447, 6866669.446184654720128 ], [ 548026.225939640542492, 6866247.989894867874682 ] ] ] } },
{ "type": "Feature", "properties": { "code": "WF2" }, "geometry": { "type": "Polygon", "coordinates": [ [ [ 547235.699429797241464, 6863602.049423889257014 ], [ 547183.313360069645569, 6863728.723084014840424 ], [ 547299.332226358936168, 6863932.348033011890948 ], [ 547533.737690902431495, 6864169.121229520998895 ], [ 547668.698412912432104, 6864429.571745679713786 ], [ 547725.523980074445717, 6864448.513601400889456 ], [ 547761.039959550835192, 6864401.158962098881602 ], [ 547718.420784179237671, 6864323.023807250894606 ], [ 547879.722524300799705, 6864082.699012801982462 ], [ 547235.699429797241464, 6863602.049423889257014 ] ] ] } },
{ "type": "Feature", "properties": { "code": "WF4" }, "geometry": { "type": "Polygon", "coordinates": [ [ [ 547879.722524300799705, 6864082.699012801982462 ], [ 547718.420784179237671, 6864323.023807250894606 ], [ 547761.039959550835192, 6864401.158962098881602 ], [ 547725.523980074445717, 6864448.513601400889456 ], [ 548537.656044099247083, 6864830.90231376234442 ], [ 548613.719433477264829, 6864630.237029725685716 ], [ 547879.722524300799705, 6864082.699012801982462 ] ] ] } },
{ "type": "Feature", "properties": { "code": "WF3" }, "geometry": { "type": "Polygon", "coordinates": [ [ [ 548431.404072166187689, 6865125.093010427430272 ], [ 548537.656044099247083, 6864830.90231376234442 ], [ 547725.523980074445717, 6864448.513601400889456 ], [ 547598.850319942459464, 6864733.825303194113076 ], [ 548431.404072166187689, 6865125.093010427430272 ] ] ] } },
{ "type": "Feature", "properties": { "code": "WF1" }, "geometry": { "type": "Polygon", "coordinates": [ [ [ 547598.850319942459464, 6864733.825303194113076 ], [ 547725.523980074445717, 6864448.513601400889456 ], [ 547668.698412912432104, 6864429.571745679713786 ], [ 547533.737690902431495, 6864169.121229520998895 ], [ 547299.332226358936168, 6863932.348033011890948 ], [ 547183.313360069645569, 6863728.723084014840424 ], [ 547125.303926925058477, 6863906.302981398068368 ], [ 547115.832999064703472, 6863979.702672315761447 ], [ 547125.303926925058477, 6864140.708445941098034 ], [ 547153.716710506123491, 6864244.888652404770255 ], [ 547236.587329284171574, 6864407.078292013145983 ], [ 547262.632380900206044, 6864430.755611664615571 ], [ 547222.380937493639067, 6864551.509941884316504 ], [ 547598.850319942459464, 6864733.825303194113076 ] ] ] } },
{ "type": "Feature", "properties": { "code": "WE4" }, "geometry": { "type": "Polygon", "coordinates": [ [ [ 547926.781197106931359, 6866167.48700805567205 ], [ 548026.225939640542492, 6866247.989894867874682 ], [ 548084.235372785013169, 6866041.997213905677199 ], [ 548144.90850439062342, 6865833.04486798774451 ], [ 548431.404072166187689, 6865125.093010427430272 ], [ 547598.850319942459464, 6864733.825303194113076 ], [ 547331.296607887838036, 6865331.677624378353357 ], [ 547141.878050680854358, 6865805.224017395637929 ], [ 547309.987020201981068, 6865871.520512417890131 ], [ 547414.167226665886119, 6865876.255976348184049 ], [ 547530.186092955060303, 6865899.933295998722315 ], [ 547620.159907628432848, 6866023.055358183570206 ], [ 547700.662794441333972, 6866089.351853205822408 ], [ 547861.668568067252636, 6866117.764636786654592 ], [ 547926.781197106931359, 6866167.48700805567205 ] ] ] } },
{ "type": "Feature", "properties": { "code": "WE3" }, "geometry": { "type": "Polygon", "coordinates": [ [ [ 547222.380937493639067, 6864551.509941884316504 ], [ 547111.0975351347588, 6864500.603704635053873 ], [ 547051.904236007598229, 6864588.209787343628705 ], [ 547177.394030157243833, 6864649.770818435586989 ], [ 546954.827225439017639, 6865165.936386824585497 ], [ 547331.296607887838036, 6865331.677624378353357 ], [ 547598.850319942459464, 6864733.825303194113076 ], [ 547222.380937493639067, 6864551.509941884316504 ] ] ] } },
{ "type": "Feature", "properties": { "code": "WE2" }, "geometry": { "type": "Polygon", "coordinates": [ [ [ 547051.904236007598229, 6864588.209787343628705 ], [ 547177.394030157243833, 6864649.770818435586989 ], [ 546954.827225439017639, 6865165.936386824585497 ], [ 546656.492997838184237, 6865038.078860709443688 ], [ 546696.7444412446348, 6864862.866695293225348 ], [ 546817.498771463986486, 6864708.964117562398314 ], [ 546945.356297578779049, 6864630.828962714411318 ], [ 547051.904236007598229, 6864588.209787343628705 ] ] ] } },
{ "type": "Feature", "properties": { "code": "WE1" }, "geometry": { "type": "Polygon", "coordinates": [ [ [ 546656.492997838184237, 6865038.078860709443688 ], [ 546633.999544169870205, 6865155.281592980958521 ], [ 546625.71248229208868, 6865266.564995340071619 ], [ 546701.479905174812302, 6865290.242314990609884 ], [ 546656.492997838184237, 6865393.238655472174287 ], [ 546834.072895219665952, 6865718.801800671964884 ], [ 546983.240009020082653, 6865742.47912032250315 ], [ 547141.878050680854358, 6865805.224017395637929 ], [ 547331.296607887838036, 6865331.677624378353357 ], [ 546656.492997838184237, 6865038.078860709443688 ] ] ] } },
{ "type": "Feature", "properties": { "code": "WG" }, "geometry": { "type": "Polygon", "coordinates": [ [ [ 546834.072895219665952, 6865718.801800671964884 ], [ 546656.492997838184237, 6865393.238655472174287 ], [ 546701.479905174812302, 6865290.242314990609884 ], [ 546625.71248229208868, 6865266.564995340071619 ], [ 546656.492997838184237, 6865038.078860709443688 ], [ 546696.7444412446348, 6864862.866695293225348 ], [ 546817.498771463986486, 6864708.964117562398314 ], [ 546945.356297578779049, 6864630.828962714411318 ], [ 547051.904236007598229, 6864588.209787343628705 ], [ 547111.0975351347588, 6864500.603704635053873 ], [ 547222.380937493639067, 6864551.509941884316504 ], [ 547262.632380900206044, 6864430.755611664615571 ], [ 547153.716710506123491, 6864244.888652404770255 ], [ 547125.303926925058477, 6864140.708445941098034 ], [ 547115.832999064703472, 6863979.702672315761447 ], [ 547183.313360069645569, 6863728.723084014840424 ], [ 547235.699429797241464, 6863602.049423889257014 ], [ 546854.49458341835998, 6863313.186124147847295 ], [ 546713.31856500019785, 6863645.852465239353478 ], [ 546628.080214257119223, 6863925.244837119244039 ], [ 546429.190729189896956, 6864275.66916795168072 ], [ 546242.139903947827406, 6864560.980869744904339 ], [ 546149.798357309424318, 6864781.179942497983575 ], [ 545988.792583683505654, 6865328.126026432029903 ], [ 546115.466243815491907, 6865374.296799750998616 ], [ 546205.440058488748036, 6865419.875640079379082 ], [ 546356.974904254311696, 6865593.312006521970034 ], [ 546387.755419800407253, 6865614.621594207361341 ], [ 546598.483564693131484, 6865563.71535695809871 ], [ 546643.470472029759549, 6865565.491155931726098 ], [ 546735.220085676875897, 6865685.653553158976138 ], [ 546770.736065153148957, 6865711.698604774661362 ], [ 546834.072895219665952, 6865718.801800671964884 ] ] ] } },
{ "type": "Feature", "properties": { "code": "U5" }, "geometry": { "type": "Polygon", "coordinates": [ [ [ 546911.328167902654968, 6867539.682463554665446 ], [ 547302.003942135721445, 6867305.276999015361071 ], [ 547477.216107549262233, 6867210.567720413208008 ], [ 547680.841056543518789, 6867101.652050021104515 ], [ 548170.961573308566585, 6866832.322538997977972 ], [ 548289.348171561141498, 6866793.254961575381458 ], [ 548232.218620603089221, 6866733.374947710894048 ], [ 548163.554393615573645, 6866690.755772340111434 ], [ 547879.426557805156335, 6866404.260204563848674 ], [ 546678.394518514862284, 6867099.1895363163203 ], [ 546578.94977598125115, 6867170.22149526886642 ], [ 546687.865446375217289, 6867288.608093522489071 ], [ 546911.328167902654968, 6867539.682463554665446 ] ] ] } },
{ "type": "Feature", "properties": { "code": "V2" }, "geometry": { "type": "Polygon", "coordinates": [ [ [ 546578.94977598125115, 6867170.22149526886642 ], [ 546678.394518514862284, 6867099.1895363163203 ], [ 547879.426557805156335, 6866404.260204563848674 ], [ 547796.555939027108252, 6866319.021853821352124 ], [ 547926.781197106931359, 6866167.48700805567205 ], [ 547861.668568067252636, 6866117.764636786654592 ], [ 547700.662794441333972, 6866089.351853205822408 ], [ 547620.159907628432848, 6866023.055358183570206 ], [ 547530.186092955060303, 6865899.933295998722315 ], [ 547414.167226665886119, 6865876.255976348184049 ], [ 547331.88854087877553, 6866102.374379014596343 ], [ 547279.798437646939419, 6866095.271183119155467 ], [ 547225.340602449839935, 6866107.109842944890261 ], [ 547076.173488649423234, 6866189.980461722239852 ], [ 546158.381385682732798, 6866714.72905848454684 ], [ 546176.139375420869328, 6866728.639483779668808 ], [ 546578.94977598125115, 6867170.22149526886642 ] ] ] } },
{ "type": "Feature", "properties": { "code": "W2" }, "geometry": { "type": "Polygon", "coordinates": [ [ [ 547076.173488649423234, 6866189.980461722239852 ], [ 547225.340602449839935, 6866107.109842944890261 ], [ 547279.798437646939419, 6866095.271183119155467 ], [ 547331.88854087877553, 6866102.374379014596343 ], [ 547414.167226665886119, 6865876.255976348184049 ], [ 547309.987020201981068, 6865871.520512417890131 ], [ 547141.878050680854358, 6865805.224017395637929 ], [ 546983.240009020082653, 6865742.47912032250315 ], [ 546834.072895219665952, 6865718.801800671964884 ], [ 546770.736065153148957, 6865711.698604774661362 ], [ 546735.220085676875897, 6865685.653553158976138 ], [ 546643.470472029759549, 6865565.491155931726098 ], [ 546598.483564693131484, 6865563.71535695809871 ], [ 546387.755419800407253, 6865614.621594207361341 ], [ 546356.974904254311696, 6865593.312006521970034 ], [ 546205.440058488748036, 6865419.875640079379082 ], [ 545988.792583683505654, 6865328.126026432029903 ], [ 545860.047158081899397, 6865756.685512110590935 ], [ 546044.730251358705573, 6865815.87881123740226 ], [ 546038.810921445954591, 6865840.739996870979667 ], [ 547076.173488649423234, 6866189.980461722239852 ] ] ] } },
{ "type": "Feature", "properties": { "code": "W1" }, "geometry": { "type": "Polygon", "coordinates": [ [ [ 545860.047158081899397, 6865756.685512110590935 ], [ 546044.730251358705573, 6865815.87881123740226 ], [ 546038.810921445954591, 6865840.739996870979667 ], [ 547076.173488649423234, 6866189.980461722239852 ], [ 546158.381385682732798, 6866714.72905848454684 ], [ 546121.681540224002674, 6866691.939638322219253 ], [ 545603.148239869973622, 6866536.853194608353078 ], [ 545680.099528735270724, 6866296.528400151990354 ], [ 545779.544271268881857, 6865988.723244690336287 ], [ 545851.760096203535795, 6865776.885225455276668 ], [ 545860.047158081899397, 6865756.685512110590935 ] ] ] } },
{ "type": "Feature", "properties": { "code": "U4" }, "geometry": { "type": "Polygon", "coordinates": [ [ [ 546372.817129098577425, 6867824.846182095818222 ], [ 546177.323241403442807, 6867678.100001780316234 ], [ 546380.356257409555838, 6867490.457243546843529 ], [ 546549.649092913372442, 6867340.698196754790843 ], [ 546562.67161872133147, 6867333.595000859349966 ], [ 546585.165072389645502, 6867343.065928719937801 ], [ 546609.434325031819753, 6867367.927114353515208 ], [ 546639.622907586744986, 6867345.43366068508476 ], [ 546641.39870656048879, 6867322.348274025134742 ], [ 546687.865446375217289, 6867288.608093522489071 ], [ 546911.328167902654968, 6867539.682463554665446 ], [ 546563.419552283477969, 6867786.962470655329525 ], [ 546511.921382044092752, 6867733.688501441851258 ], [ 546439.113624119432643, 6867776.899609804153442 ], [ 546478.181201542378403, 6867829.581646026112139 ], [ 546461.015144795877859, 6867843.78803781606257 ], [ 546412.476639512809925, 6867791.697934585623443 ], [ 546372.817129098577425, 6867824.846182095818222 ] ] ] } },
{ "type": "Feature", "properties": { "code": "V1" }, "geometry": { "type": "Polygon", "coordinates": [ [ [ 546176.139375420869328, 6866728.639483779668808 ], [ 545939.070212416583672, 6866868.631636211648583 ], [ 546017.797300255740993, 6866921.905605426058173 ], [ 546068.999504000763409, 6866966.892512762919068 ], [ 546068.851520752999932, 6867033.780940777622163 ], [ 546549.649092913372442, 6867340.698196754790843 ], [ 546562.67161872133147, 6867333.595000859349966 ], [ 546585.165072389645502, 6867343.065928719937801 ], [ 546609.434325031819753, 6867367.927114353515208 ], [ 546639.622907586744986, 6867345.43366068508476 ], [ 546641.39870656048879, 6867322.348274025134742 ], [ 546687.865446375217289, 6867288.608093522489071 ], [ 546578.94977598125115, 6867170.22149526886642 ], [ 546176.139375420869328, 6866728.639483779668808 ] ] ] } },
{ "type": "Feature", "properties": { "code": "S" }, "geometry": { "type": "Polygon", "coordinates": [ [ [ 546068.851520752999932, 6867033.780940777622163 ], [ 545898.226836019079201, 6867152.167539034970105 ], [ 546380.356257409555838, 6867490.457243546843529 ], [ 546549.649092913372442, 6867340.698196754790843 ], [ 546068.851520752999932, 6867033.780940777622163 ] ] ] } },
{ "type": "Feature", "properties": { "code": "R" }, "geometry": { "type": "Polygon", "coordinates": [ [ [ 546177.323241403442807, 6867678.100001780316234 ], [ 546380.356257409555838, 6867490.457243546843529 ], [ 545898.226836019079201, 6867152.167539034970105 ], [ 545655.238343102158979, 6867298.374987878836691 ], [ 545654.054477119701914, 6867309.32574821729213 ], [ 546002.111075987457298, 6867560.305336516350508 ], [ 546177.323241403442807, 6867678.100001780316234 ] ] ] } },
{ "type": "Feature", "properties": { "code": "U3" }, "geometry": { "type": "Polygon", "coordinates": [ [ [ 545841.40928619611077, 6868218.037671536207199 ], [ 545940.114112489041872, 6868230.320281106978655 ], [ 546074.778868000488728, 6868098.911157048307359 ], [ 546126.573004735517316, 6868153.368992243893445 ], [ 546144.330994473188184, 6868134.131170027889311 ], [ 546096.38442218140699, 6868076.713669875636697 ], [ 546152.914022846496664, 6868024.327600149437785 ], [ 546203.524293599068187, 6868079.377368336543441 ], [ 546219.506484362995252, 6868066.650809024460614 ], [ 546172.743778053671122, 6868008.345409385859966 ], [ 546231.345144188031554, 6867952.703708206303418 ], [ 546284.619113401160575, 6868006.569610410369933 ], [ 546302.377103138947859, 6867988.811620672233403 ], [ 546253.83859785576351, 6867931.394120520912111 ], [ 546311.848030999070033, 6867879.895950281061232 ], [ 546361.570402264711447, 6867936.721517441794276 ], [ 546378.736459011211991, 6867922.515125651843846 ], [ 546332.565685693058185, 6867863.321826525963843 ], [ 546372.817129098577425, 6867824.846182095818222 ], [ 546177.323241403442807, 6867678.100001780316234 ], [ 545864.78262201230973, 6867956.90044067054987 ], [ 545817.427982710534707, 6868098.964358575642109 ], [ 545841.40928619611077, 6868218.037671536207199 ] ] ] } },
{ "type": "Feature", "properties": { "code": "Q" }, "geometry": { "type": "Polygon", "coordinates": [ [ [ 545655.238343102158979, 6867298.374987878836691 ], [ 545898.226836019079201, 6867152.167539034970105 ], [ 546068.851520752999932, 6867033.780940777622163 ], [ 546068.999504000763409, 6866966.892512762919068 ], [ 546017.797300255740993, 6866921.905605426058173 ], [ 545939.070212416583672, 6866868.631636211648583 ], [ 545841.105302361305803, 6866924.569303894415498 ], [ 545828.082776553346775, 6866911.546778086572886 ], [ 545502.519631353905424, 6867125.826520926319063 ], [ 545655.238343102158979, 6867298.374987878836691 ] ] ] } },
{ "type": "Feature", "properties": { "code": "P" }, "geometry": { "type": "Polygon", "coordinates": [ [ [ 545603.148239869973622, 6866536.853194608353078 ], [ 545578.287054236629046, 6866619.723813388496637 ], [ 545559.937131507205777, 6866661.751055768691003 ], [ 545513.174425196833909, 6866707.329896096140146 ], [ 545442.734399235458113, 6866754.684535398148 ], [ 545368.150842335191555, 6866785.465050944127142 ], [ 545265.154501853976399, 6866810.326236577704549 ], [ 545491.568871015217155, 6867137.073247758671641 ], [ 545502.519631353905424, 6867125.826520926319063 ], [ 545828.082776553346775, 6866911.546778086572886 ], [ 545841.105302361305803, 6866924.569303894415498 ], [ 545939.070212416583672, 6866868.631636211648583 ], [ 546176.139375420869328, 6866728.639483779668808 ], [ 546158.381385682732798, 6866714.72905848454684 ], [ 546121.681540224002674, 6866691.939638322219253 ], [ 545603.148239869973622, 6866536.853194608353078 ] ] ] } },
{ "type": "Feature", "properties": { "code": "N" }, "geometry": { "type": "Polygon", "coordinates": [ [ [ 545764.310014085145667, 6868548.188297415152192 ], [ 545806.92918945569545, 6868498.465926149860024 ], [ 545883.14056208007969, 6868413.967491647228599 ], [ 545841.40928619611077, 6868218.037671536207199 ], [ 545817.427982710534707, 6868098.964358575642109 ], [ 545864.78262201230973, 6867956.90044067054987 ], [ 546177.323241403442807, 6867678.100001780316234 ], [ 546002.111075987457298, 6867560.305336516350508 ], [ 545606.10790482617449, 6867919.608662218786776 ], [ 545576.511255262652412, 6867945.653713834472001 ], [ 545608.475636791321449, 6868056.937116193585098 ], [ 545764.310014085145667, 6868548.188297415152192 ] ] ] } },
{ "type": "Feature", "properties": { "code": "O" }, "geometry": { "type": "Polygon", "coordinates": [ [ [ 545606.10790482617449, 6867919.608662218786776 ], [ 546002.111075987457298, 6867560.305336516350508 ], [ 545654.054477119701914, 6867309.32574821729213 ], [ 545601.372440895880572, 6867456.71706304512918 ], [ 545567.040327402064577, 6867628.377630514092743 ], [ 545577.399154749349691, 6867636.072759400121868 ], [ 545561.416963984956965, 6867684.315298188477755 ], [ 545529.748548951931298, 6867676.916135798208416 ], [ 545606.10790482617449, 6867919.608662218786776 ] ] ] } },
{ "type": "Feature", "properties": { "code": "C" }, "geometry": { "type": "Polygon", "coordinates": [ [ [ 545467.003651877050288, 6867702.073287927545607 ], [ 545511.990559213678353, 6867675.732269816100597 ], [ 545529.748548951931298, 6867676.916135798208416 ], [ 545561.416963984956965, 6867684.315298188477755 ], [ 545577.399154749349691, 6867636.072759400121868 ], [ 545567.040327402064577, 6867628.377630514092743 ], [ 545601.372440895880572, 6867456.71706304512918 ], [ 545654.054477119701914, 6867309.32574821729213 ], [ 545655.238343102158979, 6867298.374987878836691 ], [ 545502.519631353905424, 6867125.826520926319063 ], [ 545491.568871015217155, 6867137.073247758671641 ], [ 545265.154501853976399, 6866810.326236577704549 ], [ 545141.736473173135892, 6866819.797164438292384 ], [ 545012.695081075886264, 6866804.998839656822383 ], [ 544946.398586053517647, 6866800.263375726528466 ], [ 545333.374779097503051, 6867477.878667489625514 ], [ 545467.003651877050288, 6867702.073287927545607 ] ] ] } },
{ "type": "Feature", "properties": { "code": "B" }, "geometry": { "type": "Polygon", "coordinates": [ [ [ 544946.398586053517647, 6866800.263375726528466 ], [ 544832.155518737854436, 6866789.608581885695457 ], [ 544784.800879436079413, 6866844.066417083144188 ], [ 544647.47242546104826, 6867042.955902149900794 ], [ 544623.203172818874009, 6867135.297448787838221 ], [ 544828.603920790250413, 6867160.750567412003875 ], [ 544894.308482821448706, 6867460.860593989491463 ], [ 545012.695081075886264, 6867639.032424362376332 ], [ 545333.374779097503051, 6867477.878667489625514 ], [ 544946.398586053517647, 6866800.263375726528466 ] ] ] } },
{ "type": "Feature", "properties": { "code": "K" }, "geometry": { "type": "Polygon", "coordinates": [ [ [ 545012.695081075886264, 6867639.032424362376332 ], [ 545333.374779097503051, 6867477.878667489625514 ], [ 545467.003651877050288, 6867702.073287927545607 ], [ 545511.990559213678353, 6867675.732269816100597 ], [ 545529.748548951931298, 6867676.916135798208416 ], [ 545606.10790482617449, 6867919.608662218786776 ], [ 545576.511255262652412, 6867945.653713834472001 ], [ 545608.475636791321449, 6868056.937116193585098 ], [ 545400.263207111158408, 6868159.193540443666279 ], [ 545284.244340821984224, 6867979.245911097154021 ], [ 545012.695081075886264, 6867639.032424362376332 ] ] ] } },
{ "type": "Feature", "properties": { "code": "M" }, "geometry": { "type": "Polygon", "coordinates": [ [ [ 545138.628824968938716, 6868304.809056296944618 ], [ 545326.863516193348914, 6868534.479056909680367 ], [ 545442.298466841108166, 6868597.91066868044436 ], [ 545510.962693826993927, 6868628.691184226423502 ], [ 545631.717024043551646, 6868614.484792435541749 ], [ 545764.310014085145667, 6868548.188297415152192 ], [ 545608.475636791321449, 6868056.937116193585098 ], [ 545400.263207111158408, 6868159.193540443666279 ], [ 545253.463825275655836, 6868250.351221099495888 ], [ 545238.073567502666265, 6868238.512561273761094 ], [ 545138.628824968938716, 6868304.809056296944618 ] ] ] } },
{ "type": "Feature", "properties": { "code": "J" }, "geometry": { "type": "Polygon", "coordinates": [ [ [ 545079.435525841661729, 6868342.692767738364637 ], [ 545138.628824968938716, 6868304.809056296944618 ], [ 545238.073567502666265, 6868238.512561273761094 ], [ 545253.463825275655836, 6868250.351221099495888 ], [ 545400.263207111158408, 6868159.193540443666279 ], [ 545012.695081075886264, 6867639.032424362376332 ], [ 544807.146349856746383, 6867748.392044503241777 ], [ 544682.840421689674258, 6867785.091889961622655 ], [ 544723.09186509612482, 6867883.35276651289314 ], [ 545079.435525841661729, 6868342.692767738364637 ] ] ] } },
{ "type": "Feature", "properties": { "code": "A" }, "geometry": { "type": "Polygon", "coordinates": [ [ [ 544682.840421689674258, 6867785.091889961622655 ], [ 544807.146349856746383, 6867748.392044503241777 ], [ 545012.695081075886264, 6867639.032424362376332 ], [ 544894.308482821448706, 6867460.860593989491463 ], [ 544828.603920790250413, 6867160.750567412003875 ], [ 544623.203172818874009, 6867135.297448787838221 ], [ 544619.503591623739339, 6867172.441243994049728 ], [ 544704.741942366817966, 6867705.180936139076948 ], [ 544675.145292803295888, 6867712.284132033586502 ], [ 544682.840421689674258, 6867785.091889961622655 ] ] ] } },
{ "type": "Feature", "properties": { "code": "L1" }, "geometry": { "type": "Polygon", "coordinates": [ [ [ 544949.810218114871532, 6869073.82479365170002 ], [ 545262.350837498786859, 6868829.948401253670454 ], [ 545442.298466841108166, 6868597.91066868044436 ], [ 545326.863516193348914, 6868534.479056909680367 ], [ 545138.628824968938716, 6868304.809056296944618 ], [ 545079.435525841661729, 6868342.692767738364637 ], [ 544958.089262630674057, 6868419.940023099072278 ], [ 544866.339648983674124, 6868434.146414889954031 ], [ 544766.30297345877625, 6868434.442381385713816 ], [ 544817.209210708155297, 6868493.635680512525141 ], [ 544586.355344112147577, 6868572.954701343551278 ], [ 544797.379455500515178, 6868889.93481816817075 ], [ 544949.810218114871532, 6869073.82479365170002 ] ] ] } },
{ "type": "Feature", "properties": { "code": "H" }, "geometry": { "type": "Polygon", "coordinates": [ [ [ 544766.30297345877625, 6868434.442381385713816 ], [ 544624.83098854473792, 6868280.243837159126997 ], [ 544475.66387474432122, 6868033.999712790362537 ], [ 544433.044699372723699, 6867929.819506326690316 ], [ 544430.676967407693155, 6867804.329712176695466 ], [ 544428.309235442546196, 6867773.549196630716324 ], [ 544530.121709941304289, 6867794.858784317038953 ], [ 544608.25686478917487, 6867799.594248246401548 ], [ 544682.840421689674258, 6867785.091889961622655 ], [ 544723.09186509612482, 6867883.35276651289314 ], [ 545079.435525841661729, 6868342.692767738364637 ], [ 544958.089262630674057, 6868419.940023099072278 ], [ 544866.339648983674124, 6868434.146414889954031 ], [ 544766.30297345877625, 6868434.442381385713816 ] ] ] } },
{ "type": "Feature", "properties": { "code": "E" }, "geometry": { "type": "Polygon", "coordinates": [ [ [ 544428.309235442546196, 6867773.549196630716324 ], [ 544530.121709941304289, 6867794.858784317038953 ], [ 544608.25686478917487, 6867799.594248246401548 ], [ 544682.840421689674258, 6867785.091889961622655 ], [ 544675.145292803295888, 6867712.284132033586502 ], [ 544704.741942366817966, 6867705.180936139076948 ], [ 544619.503591623739339, 6867172.441243994049728 ], [ 544623.203172818874009, 6867135.297448787838221 ], [ 544389.241658018552698, 6867087.498859749175608 ], [ 544242.442276183166541, 6867022.386230709031224 ], [ 544277.958255659439601, 6867085.131127784028649 ], [ 544280.325987624470145, 6867154.979220754466951 ], [ 544337.151554786600173, 6867343.213911978527904 ], [ 544375.035266228020191, 6867407.142675035633147 ], [ 544414.102843651897274, 6867527.897005255334079 ], [ 544428.309235442546196, 6867773.549196630716324 ] ] ] } },
{ "type": "Feature", "properties": { "code": "D" }, "geometry": { "type": "Polygon", "coordinates": [ [ [ 544242.442276183166541, 6867022.386230709031224 ], [ 544389.241658018552698, 6867087.498859749175608 ], [ 544623.203172818874009, 6867135.297448787838221 ], [ 544647.47242546104826, 6867042.955902149900794 ], [ 544784.800879436079413, 6866844.066417083144188 ], [ 544746.769184746663086, 6866822.3128796601668 ], [ 544725.459597060922533, 6866752.464786689728498 ], [ 544702.966143392492086, 6866731.155199004337192 ], [ 544570.373153347638436, 6866728.787467039190233 ], [ 544455.538153041037731, 6866741.809992847032845 ], [ 544365.564338367665187, 6866778.509838305413723 ], [ 544331.232224873965606, 6866803.371023938991129 ], [ 544187.984440986183472, 6866979.76705533824861 ], [ 544242.442276183166541, 6867022.386230709031224 ] ] ] } },
{ "type": "Feature", "properties": { "code": "F" }, "geometry": { "type": "Polygon", "coordinates": [ [ [ 544187.984440986183472, 6866979.76705533824861 ], [ 544242.442276183166541, 6867022.386230709031224 ], [ 544277.958255659439601, 6867085.131127784028649 ], [ 544280.325987624470145, 6867154.979220754466951 ], [ 544337.151554786600173, 6867343.213911978527904 ], [ 544375.035266228020191, 6867407.142675035633147 ], [ 544414.102843651897274, 6867527.897005255334079 ], [ 544428.309235442546196, 6867773.549196630716324 ], [ 544319.393565048463643, 6867720.867160408757627 ], [ 544264.935729851364158, 6867706.660768617875874 ], [ 544193.903770898818038, 6867699.557572722434998 ], [ 544118.136348015978001, 6867095.78592162579298 ], [ 544119.320213998085819, 6867067.669104544445872 ], [ 544124.055677928728983, 6867049.615148307755589 ], [ 544187.984440986183472, 6866979.76705533824861 ] ] ] } },
{ "type": "Feature", "properties": { "code": "G" }, "geometry": { "type": "Polygon", "coordinates": [ [ [ 544193.903770898818038, 6867699.557572722434998 ], [ 544264.935729851364158, 6867706.660768617875874 ], [ 544319.393565048463643, 6867720.867160408757627 ], [ 544428.309235442546196, 6867773.549196630716324 ], [ 544433.044699372723699, 6867929.819506326690316 ], [ 544475.66387474432122, 6868033.999712790362537 ], [ 544624.83098854473792, 6868280.243837159126997 ], [ 544766.30297345877625, 6868434.442381385713816 ], [ 544817.209210708155297, 6868493.635680512525141 ], [ 544586.355344112147577, 6868572.954701343551278 ], [ 544498.157328412286006, 6868444.209275743924081 ], [ 544282.693719589384273, 6868119.829996527172625 ], [ 544230.307649861671962, 6867913.24538257624954 ], [ 544193.903770898818038, 6867699.557572722434998 ] ] ] } },
{ "type": "Feature", "properties": { "code": "UU1" }, "geometry": { "type": "Polygon", "coordinates": [ [ [ 543510.081200109561905, 6869822.768010853789747 ], [ 543528.571088709169999, 6869819.861547459848225 ], [ 543554.616140325088054, 6869772.506908157840371 ], [ 543980.807894040714018, 6869388.934329813346267 ], [ 544144.181399631779641, 6869244.502679943107069 ], [ 544185.616709020803683, 6869210.170566449873149 ], [ 544366.756221726420335, 6869545.299421187490225 ], [ 544404.048000175622292, 6869607.156418778002262 ], [ 544229.427767754648812, 6869698.314099431969225 ], [ 543891.43402974656783, 6870007.303120867349207 ], [ 543705.567070491611958, 6870165.941162523813546 ], [ 543614.261406571720727, 6870026.392959848046303 ], [ 543510.081200109561905, 6869822.768010853789747 ] ] ] } },
{ "type": "Feature", "properties": { "code": "TT1" }, "geometry": { "type": "Polygon", "coordinates": [ [ [ 544366.756221726420335, 6869545.299421187490225 ], [ 544409.375397096970119, 6869517.182604102417827 ], [ 544430.09305179095827, 6869483.442423600703478 ], [ 544937.37962529854849, 6869172.085670199245214 ], [ 544958.689212983823381, 6869172.085670199245214 ], [ 545008.411584249464795, 6869143.672886618413031 ], [ 544949.810218114871532, 6869073.82479365170002 ], [ 544797.379455500515178, 6868889.93481816817075 ], [ 544591.682741033146158, 6868974.581235923804343 ], [ 544582.211813172791153, 6868968.661906011402607 ], [ 544344.254750681575388, 6869055.084122736938298 ], [ 544185.616709020803683, 6869210.170566449873149 ], [ 544366.756221726420335, 6869545.299421187490225 ] ] ] } },
{ "type": "Feature", "properties": { "code": "SE1" }, "geometry": { "type": "Polygon", "coordinates": [ [ [ 543178.598725002724677, 6869453.401824306696653 ], [ 543138.347281596856192, 6869441.563164480961859 ], [ 542536.943362474441528, 6869195.319040115922689 ], [ 542532.207898544264026, 6869074.56470990087837 ], [ 542243.344598808209412, 6868515.779966149479151 ], [ 542357.135698982514441, 6868465.518863433040679 ], [ 542368.974358807899989, 6868486.236518126912415 ], [ 542825.946628069621511, 6868303.921156815253198 ], [ 542831.865957982372493, 6868315.759816640987992 ], [ 542905.26564889983274, 6868498.075177953578532 ], [ 543033.123175014392473, 6868836.068915969692171 ], [ 543069.823020473239012, 6868936.697524485178292 ], [ 543226.685263160266913, 6869351.050618375651538 ], [ 543178.598725002724677, 6869453.401824306696653 ] ] ] } },
{ "type": "Feature", "properties": { "code": "SE2" }, "geometry": { "type": "Polygon", "coordinates": [ [ [ 542825.946628069621511, 6868303.921156815253198 ], [ 542744.851808265084401, 6868079.57855312153697 ], [ 542737.74861236975994, 6868057.085099453106523 ], [ 542742.484076299937442, 6868014.465924081392586 ], [ 542746.03567424765788, 6867924.492109408602118 ], [ 541847.481393497320823, 6867620.238551896065474 ], [ 541738.565723103354685, 6867581.170974471606314 ], [ 541843.197896714322269, 6867753.370273409411311 ], [ 542110.751608765684068, 6868281.374501610174775 ], [ 542205.4608873676043, 6868458.954398988746107 ], [ 542243.344598808209412, 6868515.779966149479151 ], [ 542357.135698982514441, 6868465.518863433040679 ], [ 542368.974358807899989, 6868486.236518126912415 ], [ 542825.946628069621511, 6868303.921156815253198 ] ] ] } },
{ "type": "Feature", "properties": { "code": "QQ3" }, "geometry": { "type": "Polygon", "coordinates": [ [ [ 543226.685263160266913, 6869351.050618375651538 ], [ 543178.598725002724677, 6869453.401824306696653 ], [ 543292.249859325005673, 6869538.640175048261881 ], [ 543434.313777228002436, 6869867.754918189719319 ], [ 543510.081200109561905, 6869822.768010853789747 ], [ 543528.571088709169999, 6869819.861547459848225 ], [ 543554.616140325088054, 6869772.506908157840371 ], [ 543354.838755770702846, 6869252.197808830998838 ], [ 543273.743935966514982, 6869030.814870094880462 ], [ 543212.774837865610607, 6868875.13649339042604 ], [ 543157.133136686054058, 6868890.526751163415611 ], [ 543157.133136686054058, 6868898.813813040964305 ], [ 543069.823020473239012, 6868936.697524485178292 ], [ 543226.685263160266913, 6869351.050618375651538 ] ] ] } },
{ "type": "Feature", "properties": { "code": "QQ1" }, "geometry": { "type": "Polygon", "coordinates": [ [ [ 543554.616140325088054, 6869772.506908157840371 ], [ 543980.807894040714018, 6869388.934329813346267 ], [ 543387.395070290775038, 6869242.726880971342325 ], [ 543354.838755770702846, 6869252.197808830998838 ], [ 543554.616140325088054, 6869772.506908157840371 ] ] ] } },
{ "type": "Feature", "properties": { "code": "QQ2" }, "geometry": { "type": "Polygon", "coordinates": [ [ [ 543354.838755770702846, 6869252.197808830998838 ], [ 543387.395070290775038, 6869242.726880971342325 ], [ 543980.807894040714018, 6869388.934329813346267 ], [ 544144.181399631779641, 6869244.502679943107069 ], [ 543727.164607280748896, 6869137.362808524630964 ], [ 543273.743935966514982, 6869030.814870094880462 ], [ 543354.838755770702846, 6869252.197808830998838 ] ] ] } },
{ "type": "Feature", "properties": { "code": "PP1" }, "geometry": { "type": "Polygon", "coordinates": [ [ [ 543727.164607280748896, 6869137.362808524630964 ], [ 544144.181399631779641, 6869244.502679943107069 ], [ 544185.616709020803683, 6869210.170566449873149 ], [ 544028.458499837899581, 6868933.14592653606087 ], [ 543794.644968285574578, 6868867.441364505328238 ], [ 543727.164607280748896, 6869137.362808524630964 ] ] ] } },
{ "type": "Feature", "properties": { "code": "PP2" }, "geometry": { "type": "Polygon", "coordinates": [ [ [ 543273.743935966514982, 6869030.814870094880462 ], [ 543727.164607280748896, 6869137.362808524630964 ], [ 543794.644968285574578, 6868867.441364505328238 ], [ 543174.299193433020264, 6868683.94213721062988 ], [ 543145.88640985195525, 6868692.229199089109898 ], [ 543212.774837865610607, 6868875.13649339042604 ], [ 543273.743935966514982, 6869030.814870094880462 ] ] ] } },
{ "type": "Feature", "properties": { "code": "PP3" }, "geometry": { "type": "Polygon", "coordinates": [ [ [ 543069.823020473239012, 6868936.697524485178292 ], [ 543157.133136686054058, 6868898.813813040964305 ], [ 543157.133136686054058, 6868890.526751163415611 ], [ 543212.774837865610607, 6868875.13649339042604 ], [ 543145.88640985195525, 6868692.229199089109898 ], [ 543096.164038585149683, 6868711.171054809354246 ], [ 543124.576822166214697, 6868801.144869483076036 ], [ 543033.123175014392473, 6868836.068915969692171 ], [ 543069.823020473239012, 6868936.697524485178292 ] ] ] } },
{ "type": "Feature", "properties": { "code": "SS" }, "geometry": { "type": "Polygon", "coordinates": [ [ [ 544028.458499837899581, 6868933.14592653606087 ], [ 544185.616709020803683, 6869210.170566449873149 ], [ 544344.254750681575388, 6869055.084122736938298 ], [ 544582.211813172791153, 6868968.661906011402607 ], [ 544591.682741033146158, 6868974.581235923804343 ], [ 544797.379455500515178, 6868889.93481816817075 ], [ 544586.355344112147577, 6868572.954701343551278 ], [ 544498.157328412286006, 6868444.209275743924081 ], [ 544343.958784185815603, 6868547.797549218870699 ], [ 544340.40718623821158, 6868538.326621358282864 ], [ 543936.708886190899648, 6868758.5256941113621 ], [ 544028.458499837899581, 6868933.14592653606087 ] ] ] } },
{ "type": "Feature", "properties": { "code": "OO2" }, "geometry": { "type": "Polygon", "coordinates": [ [ [ 543033.123175014392473, 6868836.068915969692171 ], [ 543124.576822166214697, 6868801.144869483076036 ], [ 543096.164038585149683, 6868711.171054809354246 ], [ 543145.88640985195525, 6868692.229199089109898 ], [ 543045.849734326940961, 6868439.177845319733024 ], [ 542905.26564889983274, 6868498.075177953578532 ], [ 543033.123175014392473, 6868836.068915969692171 ] ] ] } },
{ "type": "Feature", "properties": { "code": "NN2" }, "geometry": { "type": "Polygon", "coordinates": [ [ [ 542825.946628069621511, 6868303.921156815253198 ], [ 542977.1855073395418, 6868259.230215972289443 ], [ 543045.849734326940961, 6868439.177845319733024 ], [ 542905.26564889983274, 6868498.075177953578532 ], [ 542825.946628069621511, 6868303.921156815253198 ] ] ] } },
{ "type": "Feature", "properties": { "code": "OO1" }, "geometry": { "type": "Polygon", "coordinates": [ [ [ 543045.849734326940961, 6868439.177845319733024 ], [ 543145.88640985195525, 6868692.229199089109898 ], [ 543174.299193433020264, 6868683.94213721062988 ], [ 543794.644968285574578, 6868867.441364505328238 ], [ 544028.458499837899581, 6868933.14592653606087 ], [ 543936.708886190899648, 6868758.5256941113621 ], [ 543898.233241758309305, 6868706.731557373888791 ], [ 543070.710919960518368, 6868429.706917458213866 ], [ 543045.849734326940961, 6868439.177845319733024 ] ] ] } },
{ "type": "Feature", "properties": { "code": "NN1" }, "geometry": { "type": "Polygon", "coordinates": [ [ [ 543045.849734326940961, 6868439.177845319733024 ], [ 543070.710919960518368, 6868429.706917458213866 ], [ 543898.233241758309305, 6868706.731557373888791 ], [ 543777.478911538957618, 6868482.980886673554778 ], [ 543746.698395992862061, 6868498.371144446544349 ], [ 542999.678961007972248, 6868252.127020077779889 ], [ 542977.1855073395418, 6868259.230215972289443 ], [ 543045.849734326940961, 6868439.177845319733024 ] ] ] } },
{ "type": "Feature", "properties": { "code": "RR" }, "geometry": { "type": "Polygon", "coordinates": [ [ [ 543777.478911538957618, 6868482.980886673554778 ], [ 543898.233241758309305, 6868706.731557373888791 ], [ 543936.708886190899648, 6868758.5256941113621 ], [ 544340.40718623821158, 6868538.326621358282864 ], [ 544343.958784185815603, 6868547.797549218870699 ], [ 544498.157328412286006, 6868444.209275743924081 ], [ 544282.693719589384273, 6868119.829996527172625 ], [ 544137.374170231982134, 6868181.686994118615985 ], [ 544125.535510406596586, 6868162.745138397440314 ], [ 543720.357377881067805, 6868381.760345168411732 ], [ 543777.478911538957618, 6868482.980886673554778 ], [ 543898.233241758309305, 6868706.731557373888791 ], [ 543777.478911538957618, 6868482.980886673554778 ] ] ] } },
{ "type": "Feature", "properties": { "code": "MM2" }, "geometry": { "type": "Polygon", "coordinates": [ [ [ 542742.484076299937442, 6868014.465924081392586 ], [ 542737.74861236975994, 6868057.085099453106523 ], [ 542825.946628069621511, 6868303.921156815253198 ], [ 542977.1855073395418, 6868259.230215972289443 ], [ 542920.063973681535572, 6868108.287303200922906 ], [ 542901.122117960941978, 6868006.474828701466322 ], [ 542742.484076299937442, 6868014.465924081392586 ] ] ] } },
{ "type": "Feature", "properties": { "code": "MM1" }, "geometry": { "type": "Polygon", "coordinates": [ [ [ 542901.122117960941978, 6868006.474828701466322 ], [ 542920.063973681535572, 6868108.287303200922906 ], [ 542977.1855073395418, 6868259.230215972289443 ], [ 542999.678961007972248, 6868252.127020077779889 ], [ 543746.698395992862061, 6868498.371144446544349 ], [ 543777.478911538957618, 6868482.980886673554778 ], [ 543720.357377881067805, 6868381.760345168411732 ], [ 543641.038357050507329, 6868242.064159227535129 ], [ 543598.419181679026224, 6868253.902819053269923 ], [ 542901.122117960941978, 6868006.474828701466322 ] ] ] } },
{ "type": "Feature", "properties": { "code": "LL" }, "geometry": { "type": "Polygon", "coordinates": [ [ [ 543641.038357050507329, 6868242.064159227535129 ], [ 543720.357377881067805, 6868381.760345168411732 ], [ 544125.535510406596586, 6868162.745138397440314 ], [ 544137.374170231982134, 6868181.686994118615985 ], [ 544282.693719589384273, 6868119.829996527172625 ], [ 544230.307649861671962, 6867913.24538257624954 ], [ 544193.903770898818038, 6867699.557572722434998 ], [ 543567.934632628690451, 6867738.62515015155077 ], [ 543569.414465106558055, 6867789.235420905053616 ], [ 543583.028923905920237, 6868025.416684420779347 ], [ 543590.724052792415023, 6868155.05000951141119 ], [ 543641.038357050507329, 6868242.064159227535129 ] ] ] } },
{ "type": "Feature", "properties": { "code": "KK" }, "geometry": { "type": "Polygon", "coordinates": [ [ [ 543567.934632628690451, 6867738.62515015155077 ], [ 544193.903770898818038, 6867699.557572722434998 ], [ 544118.136348015978001, 6867095.78592162579298 ], [ 544119.320213998085819, 6867067.669104544445872 ], [ 544001.229582239408046, 6867074.180367449298501 ], [ 543536.562184091191739, 6867095.48995513562113 ], [ 543549.584709899150766, 6867348.83727540075779 ], [ 543557.871771776932292, 6867498.596322190016508 ], [ 543567.934632628690451, 6867738.62515015155077 ] ] ] } },
{ "type": "Feature", "properties": { "code": "DD2" }, "geometry": { "type": "Polygon", "coordinates": [ [ [ 542746.03567424765788, 6867924.492109408602118 ], [ 542742.484076299937442, 6868014.465924081392586 ], [ 542901.122117960941978, 6868006.474828701466322 ], [ 542837.933271143236198, 6867718.499428451061249 ], [ 542646.146981971221976, 6867647.467469498515129 ], [ 542633.124456163262948, 6867707.844634608365595 ], [ 542653.250177866546437, 6867772.957263648509979 ], [ 542707.708013063529506, 6867825.047366879880428 ], [ 542744.407858522376046, 6867896.079325832426548 ], [ 542746.03567424765788, 6867924.492109408602118 ] ] ] } },
{ "type": "Feature", "properties": { "code": "DD1" }, "geometry": { "type": "Polygon", "coordinates": [ [ [ 542837.933271143236198, 6867718.499428451061249 ], [ 542901.122117960941978, 6868006.474828701466322 ], [ 543598.419181679026224, 6868253.902819053269923 ], [ 543641.038357050507329, 6868242.064159227535129 ], [ 543590.724052792415023, 6868155.05000951141119 ], [ 543583.028923905920237, 6868025.416684420779347 ], [ 542837.933271143236198, 6867718.499428451061249 ] ] ] } },
{ "type": "Feature", "properties": { "code": "SF" }, "geometry": { "type": "Polygon", "coordinates": [ [ [ 541847.481393497320823, 6867620.238551896065474 ], [ 542746.03567424765788, 6867924.492109408602118 ], [ 542744.407858522376046, 6867896.079325832426548 ], [ 542707.708013063529506, 6867825.047366879880428 ], [ 542653.250177866546437, 6867772.957263648509979 ], [ 542633.124456163262948, 6867707.844634608365595 ], [ 542646.146981971221976, 6867647.467469498515129 ], [ 542700.604817168205045, 6867410.694272990338504 ], [ 542742.040126557229087, 6867239.033705521374941 ], [ 542798.865693719242699, 6867124.198705214075744 ], [ 542877.00084856711328, 6867022.38623071461916 ], [ 542389.248063759296201, 6866797.451694032177329 ], [ 542235.345486028585583, 6866728.787467044778168 ], [ 542100.384764018701389, 6867043.695818400941789 ], [ 541847.481393497320823, 6867620.238551896065474 ] ] ] } },
{ "type": "Feature", "properties": { "code": "SO1" }, "geometry": { "type": "Polygon", "coordinates": [ [ [ 541738.565723103354685, 6867581.170974471606314 ], [ 541847.481393497320823, 6867620.238551896065474 ], [ 542100.384764018701389, 6867043.695818400941789 ], [ 541965.424042008817196, 6866980.950921325944364 ], [ 541825.727856068639085, 6866995.157313115894794 ], [ 541308.682405604980886, 6866780.824368772096932 ], [ 541598.729571323259734, 6867314.155993893742561 ], [ 541738.565723103354685, 6867581.170974471606314 ] ] ] } },
{ "type": "Feature", "properties": { "code": "SO2" }, "geometry": { "type": "Polygon", "coordinates": [ [ [ 541308.682405604980886, 6866780.824368772096932 ], [ 541825.727856068639085, 6866995.157313115894794 ], [ 541965.424042008817196, 6866980.950921325944364 ], [ 542100.384764018701389, 6867043.695818400941789 ], [ 542235.345486028585583, 6866728.787467044778168 ], [ 541868.347031440353021, 6866566.597827434539795 ], [ 541642.228628774639219, 6866475.440146778710186 ], [ 541332.055741348187439, 6866353.501950576901436 ], [ 541147.372648071497679, 6866277.734527694061399 ], [ 541118.959864490432665, 6866274.182929745875299 ], [ 541041.128693554317579, 6866304.910243795253336 ], [ 541308.682405604980886, 6866780.824368772096932 ] ] ] } },
{ "type": "Feature", "properties": { "code": "EE2" }, "geometry": { "type": "Polygon", "coordinates": [ [ [ 542700.604817168205045, 6867410.694272990338504 ], [ 542646.146981971221976, 6867647.467469498515129 ], [ 542837.933271143236198, 6867718.499428451061249 ], [ 542821.359147387789562, 6867646.875536506995559 ], [ 542880.552446514950134, 6867508.363216549158096 ], [ 542884.104044462554157, 6867484.685896898619831 ], [ 542700.604817168205045, 6867410.694272990338504 ] ] ] } },
{ "type": "Feature", "properties": { "code": "EE1" }, "geometry": { "type": "Polygon", "coordinates": [ [ [ 542821.359147387789562, 6867646.875536506995559 ], [ 542837.933271143236198, 6867718.499428451061249 ], [ 543583.028923905920237, 6868025.416684420779347 ], [ 543569.414465106558055, 6867789.235420905053616 ], [ 542880.552446514950134, 6867508.363216549158096 ], [ 542821.359147387789562, 6867646.875536506995559 ] ] ] } },
{ "type": "Feature", "properties": { "code": "FF1" }, "geometry": { "type": "Polygon", "coordinates": [ [ [ 542884.104044462554157, 6867484.685896898619831 ], [ 542880.552446514950134, 6867508.363216549158096 ], [ 543569.414465106558055, 6867789.235420905053616 ], [ 543567.934632628690451, 6867738.62515015155077 ], [ 543557.871771776932292, 6867498.596322190016508 ], [ 542998.939044769154862, 6867230.154710651375353 ], [ 542884.104044462554157, 6867484.685896898619831 ] ] ] } },
{ "type": "Feature", "properties": { "code": "FF2" }, "geometry": { "type": "Polygon", "coordinates": [ [ [ 542700.604817168205045, 6867410.694272990338504 ], [ 542884.104044462554157, 6867484.685896898619831 ], [ 542998.939044769154862, 6867230.154710651375353 ], [ 542999.530977760441601, 6867214.172519886866212 ], [ 542798.865693719242699, 6867124.198705214075744 ], [ 542742.040126557229087, 6867239.033705521374941 ], [ 542700.604817168205045, 6867410.694272990338504 ] ] ] } },
{ "type": "Feature", "properties": { "code": "GG1" }, "geometry": { "type": "Polygon", "coordinates": [ [ [ 542999.530977760441601, 6867214.172519886866212 ], [ 542998.939044769154862, 6867230.154710651375353 ], [ 543557.871771776932292, 6867498.596322190016508 ], [ 543549.584709899150766, 6867348.83727540075779 ], [ 543060.204109365935437, 6867091.642390695400536 ], [ 542999.530977760441601, 6867214.172519886866212 ] ] ] } },
{ "type": "Feature", "properties": { "code": "GG3" }, "geometry": { "type": "Polygon", "coordinates": [ [ [ 542877.00084856711328, 6867022.38623071461916 ], [ 542798.865693719242699, 6867124.198705214075744 ], [ 542999.530977760441601, 6867214.172519886866212 ], [ 543060.204109365935437, 6867091.642390695400536 ], [ 543124.132872423157096, 6866944.843008861877024 ], [ 543025.871995872003026, 6866899.856101525016129 ], [ 543066.123439278570004, 6866807.514554887078702 ], [ 542959.575500849634409, 6866756.608317636884749 ], [ 542944.185243076528423, 6866840.662802398204803 ], [ 542931.162717268569395, 6866902.223833490163088 ], [ 542914.588593513006344, 6866960.233266634866595 ], [ 542877.00084856711328, 6867022.38623071461916 ] ] ] } },
{ "type": "Feature", "properties": { "code": "GG2" }, "geometry": { "type": "Polygon", "coordinates": [ [ [ 543124.132872423157096, 6866944.843008861877024 ], [ 543060.204109365935437, 6867091.642390695400536 ], [ 543549.584709899150766, 6867348.83727540075779 ], [ 543536.562184091191739, 6867095.48995513562113 ], [ 543145.442460108897649, 6866889.201307682320476 ], [ 543124.132872423157096, 6866944.843008861877024 ] ] ] } },
{ "type": "Feature", "properties": { "code": "HH3" }, "geometry": { "type": "Polygon", "coordinates": [ [ [ 542959.575500849634409, 6866756.608317636884749 ], [ 543066.123439278570004, 6866807.514554887078702 ], [ 543025.871995872003026, 6866899.856101525016129 ], [ 543124.132872423157096, 6866944.843008861877024 ], [ 543145.442460108897649, 6866889.201307682320476 ], [ 543278.035450154100545, 6866594.418678028509021 ], [ 543296.977305874810554, 6866596.78640999365598 ], [ 543353.802873036940582, 6866477.215945756994188 ], [ 543336.044883298687637, 6866463.009553966112435 ], [ 543170.303645742707886, 6866371.851873310282826 ], [ 543137.155398231465369, 6866502.077131390571594 ], [ 543094.536222859867848, 6866573.109090343117714 ], [ 543036.526789715280756, 6866639.405585365369916 ], [ 542974.965758622973226, 6866712.805276283062994 ], [ 542959.575500849634409, 6866756.608317636884749 ] ] ] } },
{ "type": "Feature", "properties": { "code": "HH2" }, "geometry": { "type": "Polygon", "coordinates": [ [ [ 543353.802873036940582, 6866477.215945756994188 ], [ 543296.977305874810554, 6866596.78640999365598 ], [ 543278.035450154100545, 6866594.418678028509021 ], [ 543145.442460108897649, 6866889.201307682320476 ], [ 543536.562184091191739, 6867095.48995513562113 ], [ 543514.808646662859246, 6866699.782750475220382 ], [ 543563.347151947091334, 6866599.154141958802938 ], [ 543353.802873036940582, 6866477.215945756994188 ] ] ] } },
{ "type": "Feature", "properties": { "code": "HH1" }, "geometry": { "type": "Polygon", "coordinates": [ [ [ 543563.347151947091334, 6866599.154141958802938 ], [ 543514.808646662859246, 6866699.782750475220382 ], [ 543536.562184091191739, 6867095.48995513562113 ], [ 544001.229582239408046, 6867074.180367449298501 ], [ 543990.722771645290777, 6866882.098111786879599 ], [ 544007.296895400853828, 6866858.420792135410011 ], [ 543563.347151947091334, 6866599.154141958802938 ] ] ] } },
{ "type": "Feature", "properties": { "code": "JJ1" }, "geometry": { "type": "Polygon", "coordinates": [ [ [ 543563.347151947091334, 6866599.154141958802938 ], [ 544007.296895400853828, 6866858.420792135410011 ], [ 543990.722771645290777, 6866882.098111786879599 ], [ 544001.229582239408046, 6867074.180367449298501 ], [ 544119.320213998085819, 6867067.669104544445872 ], [ 544124.055677928728983, 6867049.615148307755589 ], [ 544187.984440986183472, 6866979.76705533824861 ], [ 544331.232224873965606, 6866803.371023938991129 ], [ 544242.88622592703905, 6866747.137389779090881 ], [ 544141.073751428280957, 6866695.04728654678911 ], [ 543970.597049942123704, 6866561.270430519245565 ], [ 543751.581843171501532, 6866389.609863051213324 ], [ 543563.347151947091334, 6866599.154141958802938 ] ] ] } },
{ "type": "Feature", "properties": { "code": "JJ2" }, "geometry": { "type": "Polygon", "coordinates": [ [ [ 543336.044883298687637, 6866463.009553966112435 ], [ 543353.802873036940582, 6866477.215945756994188 ], [ 543563.347151947091334, 6866599.154141958802938 ], [ 543751.581843171501532, 6866389.609863051213324 ], [ 543588.208337580435909, 6866271.223264795728028 ], [ 543568.082615877268836, 6866226.236357458867133 ], [ 543515.99251264531631, 6866280.694192656315863 ], [ 543505.337718802504241, 6866275.958728726021945 ], [ 543474.557203256292269, 6866315.026306149549782 ], [ 543460.350811465759762, 6866304.371512306854129 ], [ 543336.044883298687637, 6866463.009553966112435 ] ] ] } },
{ "type": "Feature", "properties": { "code": "JJ3" }, "geometry": { "type": "Polygon", "coordinates": [ [ [ 543170.303645742707886, 6866371.851873310282826 ], [ 543336.044883298687637, 6866463.009553966112435 ], [ 543460.350811465759762, 6866304.371512306854129 ], [ 543474.557203256292269, 6866315.026306149549782 ], [ 543505.337718802504241, 6866275.958728726021945 ], [ 543515.99251264531631, 6866280.694192656315863 ], [ 543568.082615877268836, 6866226.236357458867133 ], [ 543544.40529622649774, 6866187.168780034407973 ], [ 543392.87045046093408, 6866069.96604776289314 ], [ 543339.596481246408075, 6866129.159346889704466 ], [ 543269.748388276435435, 6866170.594656279310584 ], [ 543221.209882992086932, 6866194.27197592984885 ], [ 543184.510037533240393, 6866235.707285319454968 ], [ 543169.119779760250822, 6866264.120068900287151 ], [ 543170.303645742707886, 6866371.851873310282826 ] ] ] } },
{ "type": "Feature", "properties": { "code": "IJ1" }, "geometry": { "type": "Polygon", "coordinates": [ [ [ 544725.459597060922533, 6866752.464786689728498 ], [ 544746.769184746663086, 6866822.3128796601668 ], [ 544784.800879436079413, 6866844.066417083144188 ], [ 544832.155518737854436, 6866789.608581885695457 ], [ 544946.398586053517647, 6866800.263375726528466 ], [ 545012.695081075886264, 6866804.998839656822383 ], [ 545001.152387746027671, 6866749.505121741443872 ], [ 545017.726511501707137, 6866630.526590496301651 ], [ 544997.600789798423648, 6866622.831461609341204 ], [ 544725.459597060922533, 6866752.464786689728498 ] ] ] } },
{ "type": "Feature", "properties": { "code": "IJ2" }, "geometry": { "type": "Polygon", "coordinates": [ [ [ 545025.421640388201922, 6866090.091769465245306 ], [ 545001.744320737314411, 6866524.570585059002042 ], [ 544997.600789798423648, 6866622.831461609341204 ], [ 545017.726511501707137, 6866630.526590496301651 ], [ 545001.152387746027671, 6866749.505121741443872 ], [ 545012.695081075886264, 6866804.998839656822383 ], [ 545141.736473173135892, 6866819.797164438292384 ], [ 545265.154501853976399, 6866810.326236577704549 ], [ 545368.150842335191555, 6866785.465050944127142 ], [ 545442.734399235458113, 6866754.684535398148 ], [ 545513.174425196833909, 6866707.329896096140146 ], [ 545559.937131507205777, 6866661.751055768691003 ], [ 545603.148239869973622, 6866536.853194608353078 ], [ 545680.099528735270724, 6866296.528400151990354 ], [ 545025.421640388201922, 6866090.091769465245306 ] ] ] } },
{ "type": "Feature", "properties": { "code": "X1" }, "geometry": { "type": "Polygon", "coordinates": [ [ [ 544242.88622592703905, 6866747.137389779090881 ], [ 544331.232224873965606, 6866803.371023938991129 ], [ 544365.564338367665187, 6866778.509838305413723 ], [ 544455.538153041037731, 6866741.809992847032845 ], [ 544570.373153347638436, 6866728.787467039190233 ], [ 544702.966143392492086, 6866731.155199004337192 ], [ 544725.459597060922533, 6866752.464786689728498 ], [ 544997.600789798423648, 6866622.831461609341204 ], [ 545001.744320737314411, 6866524.570585059002042 ], [ 544702.226227153791115, 6866584.947750166989863 ], [ 544379.030813919380307, 6866657.163575102575123 ], [ 544242.88622592703905, 6866747.137389779090881 ] ] ] } },
{ "type": "Feature", "properties": { "code": "X2" }, "geometry": { "type": "Polygon", "coordinates": [ [ [ 543970.597049942123704, 6866561.270430519245565 ], [ 544141.073751428280957, 6866695.04728654678911 ], [ 544242.88622592703905, 6866747.137389779090881 ], [ 544379.030813919380307, 6866657.163575102575123 ], [ 544702.226227153791115, 6866584.947750166989863 ], [ 544619.355608375626616, 6866180.065584137104452 ], [ 544293.792463176185265, 6866251.097543089650571 ], [ 543970.597049942123704, 6866561.270430519245565 ] ] ] } },
{ "type": "Feature", "properties": { "code": "X3" }, "geometry": { "type": "Polygon", "coordinates": [ [ [ 544619.355608375626616, 6866180.065584137104452 ], [ 544702.226227153791115, 6866584.947750166989863 ], [ 545001.744320737314411, 6866524.570585059002042 ], [ 545025.421640388201922, 6866090.091769465245306 ], [ 544619.355608375626616, 6866180.065584137104452 ] ] ] } },
{ "type": "Feature", "properties": { "code": "CC1" }, "geometry": { "type": "Polygon", "coordinates": [ [ [ 543751.581843171501532, 6866389.609863051213324 ], [ 543970.597049942123704, 6866561.270430519245565 ], [ 544293.792463176185265, 6866251.097543089650571 ], [ 544143.145516897551715, 6865968.745506252162158 ], [ 544123.611728185554966, 6865985.911562998779118 ], [ 543751.581843171501532, 6866389.609863051213324 ] ] ] } },
{ "type": "Feature", "properties": { "code": "BB1" }, "geometry": { "type": "Polygon", "coordinates": [ [ [ 544143.145516897551715, 6865968.745506252162158 ], [ 544293.792463176185265, 6866251.097543089650571 ], [ 544619.355608375626616, 6866180.065584137104452 ], [ 544554.538945831242017, 6865874.036227649077773 ], [ 544143.145516897551715, 6865968.745506252162158 ] ] ] } },
{ "type": "Feature", "properties": { "code": "AA1" }, "geometry": { "type": "Polygon", "coordinates": [ [ [ 544554.538945831242017, 6865874.036227649077773 ], [ 544619.355608375626616, 6866180.065584137104452 ], [ 545025.421640388201922, 6866090.091769465245306 ], [ 545040.219965169788338, 6865762.752825289033353 ], [ 544554.538945831242017, 6865874.036227649077773 ] ] ] } },
{ "type": "Feature", "properties": { "code": "Z1" }, "geometry": { "type": "Polygon", "coordinates": [ [ [ 545040.219965169788338, 6865762.752825289033353 ], [ 545025.421640388201922, 6866090.091769465245306 ], [ 545680.099528735270724, 6866296.528400151990354 ], [ 545779.544271268881857, 6865988.723244690336287 ], [ 545040.219965169788338, 6865762.752825289033353 ] ] ] } },
{ "type": "Feature", "properties": { "code": "CC2" }, "geometry": { "type": "Polygon", "coordinates": [ [ [ 543568.082615877268836, 6866226.236357458867133 ], [ 543544.40529622649774, 6866187.168780034407973 ], [ 543695.348209000425413, 6866027.938805381767452 ], [ 544012.624292322085239, 6865774.591485117562115 ], [ 544123.611728185554966, 6865985.911562998779118 ], [ 543751.581843171501532, 6866389.609863051213324 ], [ 543588.208337580435909, 6866271.223264795728028 ], [ 543568.082615877268836, 6866226.236357458867133 ] ] ] } },
{ "type": "Feature", "properties": { "code": "BB2" }, "geometry": { "type": "Polygon", "coordinates": [ [ [ 544012.624292322085239, 6865774.591485117562115 ], [ 544123.611728185554966, 6865985.911562998779118 ], [ 544143.145516897551715, 6865968.745506252162158 ], [ 544554.538945831242017, 6865874.036227649077773 ], [ 544495.641613199724816, 6865588.724525856785476 ], [ 544488.53841730451677, 6865473.889525550417602 ], [ 544372.51955101522617, 6865492.83138127066195 ], [ 544012.624292322085239, 6865774.591485117562115 ] ] ] } },
{ "type": "Feature", "properties": { "code": "AA2" }, "geometry": { "type": "Polygon", "coordinates": [ [ [ 544488.53841730451677, 6865473.889525550417602 ], [ 544495.641613199724816, 6865588.724525856785476 ], [ 544554.538945831242017, 6865874.036227649077773 ], [ 545040.219965169788338, 6865762.752825289033353 ], [ 545056.794088925351389, 6865517.692566904239357 ], [ 545054.426356960320845, 6865425.35102026630193 ], [ 544488.53841730451677, 6865473.889525550417602 ] ] ] } },
{ "type": "Feature", "properties": { "code": "CC3" }, "geometry": { "type": "Polygon", "coordinates": [ [ [ 543392.87045046093408, 6866069.96604776289314 ], [ 543427.79449694568757, 6865990.055093937553465 ], [ 543449.104084631428123, 6865914.287671054713428 ], [ 543492.907125985599123, 6865857.462103893049061 ], [ 543560.38748699054122, 6865830.233186294324696 ], [ 543626.683982013026252, 6865825.497722364030778 ], [ 543700.083672930719331, 6865808.923598608002067 ], [ 543803.080013411934488, 6865740.259371619671583 ], [ 543953.430993194924667, 6865619.505041400901973 ], [ 544030.382282060221769, 6865759.201227340847254 ], [ 544012.624292322085239, 6865774.591485117562115 ], [ 543695.348209000425413, 6866027.938805381767452 ], [ 543544.40529622649774, 6866187.168780034407973 ], [ 543392.87045046093408, 6866069.96604776289314 ] ] ] } },
{ "type": "Feature", "properties": { "code": "Z2" }, "geometry": { "type": "Polygon", "coordinates": [ [ [ 545056.794088925351389, 6865517.692566904239357 ], [ 545040.219965169788338, 6865762.752825289033353 ], [ 545779.544271268881857, 6865988.723244690336287 ], [ 545851.760096203535795, 6865776.885225455276668 ], [ 545056.794088925351389, 6865517.692566904239357 ] ] ] } },
{ "type": "Feature", "properties": { "code": "BB3" }, "geometry": { "type": "Polygon", "coordinates": [ [ [ 543953.430993194924667, 6865619.505041400901973 ], [ 544030.382282060221769, 6865759.201227340847254 ], [ 544372.51955101522617, 6865492.83138127066195 ], [ 544488.53841730451677, 6865473.889525550417602 ], [ 544470.780427566613071, 6865173.113574360497296 ], [ 544374.88728298060596, 6865205.077955888584256 ], [ 544264.787746604066342, 6865283.213110736571252 ], [ 544219.800839267438278, 6865325.832286108285189 ], [ 544173.630065948236734, 6865420.541564711369574 ], [ 544140.481818436994217, 6865470.263935978524387 ], [ 544076.553055379656143, 6865524.721771175973117 ], [ 543953.430993194924667, 6865619.505041400901973 ] ] ] } },
{ "type": "Feature", "properties": { "code": "AA3" }, "geometry": { "type": "Polygon", "coordinates": [ [ [ 544470.780427566613071, 6865173.113574360497296 ], [ 544488.53841730451677, 6865473.889525550417602 ], [ 545054.426356960320845, 6865425.35102026630193 ], [ 545076.919810628984123, 6865411.070636851713061 ], [ 545057.977954908274114, 6865118.655739163048565 ], [ 544470.780427566613071, 6865173.113574360497296 ] ] ] } },
{ "type": "Feature", "properties": { "code": "Z3" }, "geometry": { "type": "Polygon", "coordinates": [ [ [ 545057.977954908274114, 6865118.655739163048565 ], [ 545076.919810628984123, 6865411.070636851713061 ], [ 545054.426356960320845, 6865425.35102026630193 ], [ 545056.794088925351389, 6865517.692566904239357 ], [ 545851.760096203535795, 6865776.885225455276668 ], [ 545860.047158081899397, 6865756.685512110590935 ], [ 545988.792583683505654, 6865328.126026432029903 ], [ 545271.073831766145304, 6865102.081615407951176 ], [ 545057.977954908274114, 6865118.655739163048565 ] ] ] } },
{ "type": "Feature", "properties": { "code": "SN1" }, "geometry": { "type": "Polygon", "coordinates": [ [ [ 540745.162197954952717, 6865755.078486613929272 ], [ 540951.154878882458434, 6866153.375398032367229 ], [ 541041.128693554317579, 6866304.910243795253336 ], [ 541118.959864490432665, 6866274.182929745875299 ], [ 541147.372648071497679, 6866277.734527694061399 ], [ 541332.055741348187439, 6866353.501950576901436 ], [ 541454.289904046221636, 6866043.25507153198123 ], [ 541054.143201946513727, 6865877.513833975419402 ], [ 540745.162197954952717, 6865755.078486613929272 ] ] ] } },
{ "type": "Feature", "properties": { "code": "SN2" }, "geometry": { "type": "Polygon", "coordinates": [ [ [ 541454.289904046221636, 6866043.25507153198123 ], [ 541332.055741348187439, 6866353.501950576901436 ], [ 541642.228628774639219, 6866475.440146778710186 ], [ 541773.933719332912005, 6866164.00940175075084 ], [ 541454.289904046221636, 6866043.25507153198123 ] ] ] } },
{ "type": "Feature", "properties": { "code": "SN3" }, "geometry": { "type": "Polygon", "coordinates": [ [ [ 541773.933719332912005, 6866164.00940175075084 ], [ 541642.228628774639219, 6866475.440146778710186 ], [ 541868.347031440353021, 6866566.597827434539795 ], [ 541994.132792085991241, 6866263.454144285060465 ], [ 541773.933719332912005, 6866164.00940175075084 ] ] ] } },
{ "type": "Feature", "properties": { "code": "SG1" }, "geometry": { "type": "Polygon", "coordinates": [ [ [ 541994.132792085991241, 6866263.454144285060465 ], [ 541868.347031440353021, 6866566.597827434539795 ], [ 542235.345486028585583, 6866728.787467044778168 ], [ 542389.248063759296201, 6866797.451694032177329 ], [ 542515.033824405050837, 6866488.388680967502296 ], [ 541994.132792085991241, 6866263.454144285060465 ] ] ] } },
{ "type": "Feature", "properties": { "code": "SG2" }, "geometry": { "type": "Polygon", "coordinates": [ [ [ 542515.033824405050837, 6866488.388680967502296 ], [ 542389.248063759296201, 6866797.451694032177329 ], [ 542877.00084856711328, 6867022.38623071461916 ], [ 542914.588593513006344, 6866960.233266634866595 ], [ 542931.162717268569395, 6866902.223833490163088 ], [ 542944.185243076528423, 6866840.662802398204803 ], [ 542959.575500849634409, 6866756.608317636884749 ], [ 542974.965758622973226, 6866712.805276283062994 ], [ 542515.033824405050837, 6866488.388680967502296 ] ] ] } },
{ "type": "Feature", "properties": { "code": "SM1" }, "geometry": { "type": "Polygon", "coordinates": [ [ [ 540434.981293076183647, 6865023.94646055996418 ], [ 540469.913357013836503, 6865092.705469379201531 ], [ 540726.220342234126292, 6865627.220960499718785 ], [ 540745.162197954952717, 6865755.078486613929272 ], [ 541054.143201946513727, 6865877.513833975419402 ], [ 541256.584284961223602, 6865366.083729514852166 ], [ 540434.981293076183647, 6865023.94646055996418 ] ] ] } },
{ "type": "Feature", "properties": { "code": "SM2" }, "geometry": { "type": "Polygon", "coordinates": [ [ [ 541256.584284961223602, 6865366.083729514852166 ], [ 541054.143201946513727, 6865877.513833975419402 ], [ 541454.289904046221636, 6866043.25507153198123 ], [ 541653.179389113327488, 6865531.824967070482671 ], [ 541567.941038370248862, 6865491.573523664847016 ], [ 541256.584284961223602, 6865366.083729514852166 ] ] ] } },
{ "type": "Feature", "properties": { "code": "SH1" }, "geometry": { "type": "Polygon", "coordinates": [ [ [ 541653.179389113327488, 6865531.824967070482671 ], [ 541454.289904046221636, 6866043.25507153198123 ], [ 541773.933719332912005, 6866164.00940175075084 ], [ 541994.132792085991241, 6866263.454144285060465 ], [ 542515.033824405050837, 6866488.388680967502296 ], [ 542731.681299210409634, 6865981.694040436297655 ], [ 542549.957870890269987, 6865897.343589182943106 ], [ 541653.179389113327488, 6865531.824967070482671 ] ] ] } },
{ "type": "Feature", "properties": { "code": "SH2" }, "geometry": { "type": "Polygon", "coordinates": [ [ [ 542731.681299210409634, 6865981.694040436297655 ], [ 542515.033824405050837, 6866488.388680967502296 ], [ 542974.965758622973226, 6866712.805276283062994 ], [ 543036.526789715280756, 6866639.405585365369916 ], [ 543094.536222859867848, 6866573.109090343117714 ], [ 543137.155398231465369, 6866502.077131390571594 ], [ 543170.303645742707886, 6866371.851873310282826 ], [ 543169.119779760250822, 6866264.120068900287151 ], [ 543137.747331222752109, 6866250.431618473492563 ], [ 543140.115063187899068, 6866235.041360700502992 ], [ 543125.908671397366561, 6866231.489762753248215 ], [ 543141.298929170472547, 6866177.031927555799484 ], [ 542731.681299210409634, 6865981.694040436297655 ] ] ] } },
{ "type": "Feature", "properties": { "code": "SJ" }, "geometry": { "type": "Polygon", "coordinates": [ [ [ 543141.298929170472547, 6866177.031927555799484 ], [ 543125.908671397366561, 6866231.489762753248215 ], [ 543140.115063187899068, 6866235.041360700502992 ], [ 543137.747331222752109, 6866250.431618473492563 ], [ 543169.119779760250822, 6866264.120068900287151 ], [ 543184.510037533240393, 6866235.707285319454968 ], [ 543221.209882992086932, 6866194.27197592984885 ], [ 543269.748388276435435, 6866170.594656279310584 ], [ 543339.596481246408075, 6866129.159346889704466 ], [ 543392.87045046093408, 6866069.96604776289314 ], [ 543427.79449694568757, 6865990.055093937553465 ], [ 543449.104084631428123, 6865914.287671054713428 ], [ 543492.907125985599123, 6865857.462103893049061 ], [ 542898.014469757908955, 6865586.282802267931402 ], [ 542765.421479713055305, 6865527.089503141120076 ], [ 542689.654056830331683, 6865620.022982770577073 ], [ 542641.70748453726992, 6865638.372905500233173 ], [ 542613.886633947608061, 6865630.677776613272727 ], [ 542593.760912244324572, 6865638.964838490821421 ], [ 542580.738386436365545, 6865675.664683949202299 ], [ 542593.760912244324572, 6865708.812931461259723 ], [ 542597.904443183215335, 6865746.104709911160171 ], [ 542581.3303194277687, 6865802.930277074687183 ], [ 542549.957870890269987, 6865897.343589182943106 ], [ 542731.681299210409634, 6865981.694040436297655 ], [ 543141.298929170472547, 6866177.031927555799484 ] ] ] } },
{ "type": "Feature", "properties": { "code": "SK" }, "geometry": { "type": "Polygon", "coordinates": [ [ [ 541567.941038370248862, 6865491.573523664847016 ], [ 541653.179389113327488, 6865531.824967070482671 ], [ 542549.957870890269987, 6865897.343589182943106 ], [ 542581.3303194277687, 6865802.930277074687183 ], [ 542597.904443183215335, 6865746.104709911160171 ], [ 542593.760912244324572, 6865708.812931461259723 ], [ 542580.738386436365545, 6865675.664683949202299 ], [ 542593.760912244324572, 6865638.964838490821421 ], [ 542613.886633947608061, 6865630.677776613272727 ], [ 542641.70748453726992, 6865638.372905500233173 ], [ 542689.654056830331683, 6865620.022982770577073 ], [ 542765.421479713055305, 6865527.089503141120076 ], [ 541754.991863612551242, 6865073.37286533229053 ], [ 541643.708461253438145, 6865298.307402015663683 ], [ 541567.941038370248862, 6865491.573523664847016 ] ] ] } },
{ "type": "Feature", "properties": { "code": "SL" }, "geometry": { "type": "Polygon", "coordinates": [ [ [ 541754.991863612551242, 6865073.37286533229053 ], [ 541643.708461253438145, 6865298.307402015663683 ], [ 541567.941038370248862, 6865491.573523664847016 ], [ 541256.584284961223602, 6865366.083729514852166 ], [ 540434.981293076183647, 6865023.94646055996418 ], [ 540398.289465070003644, 6864955.968948396854103 ], [ 540369.87668148893863, 6864816.272762456908822 ], [ 540305.947918431600556, 6864423.229256252758205 ], [ 540528.50670569750946, 6864512.220389605499804 ], [ 541754.991863612551242, 6865073.37286533229053 ] ] ] } },
{ "type": "Feature", "properties": { "code": "AL1" }, "geometry": { "type": "Polygon", "coordinates": [ [ [ 540528.50670569750946, 6864512.220389605499804 ], [ 541754.991863612551242, 6865073.37286533229053 ], [ 541868.642997936927713, 6864805.819153276272118 ], [ 541835.494750425685197, 6864780.957967642694712 ], [ 541842.597946320893243, 6864744.258122184313834 ], [ 541879.297791779739782, 6864741.890390219166875 ], [ 541937.30722492444329, 6864605.745802226476371 ], [ 541963.352276540361345, 6864599.826472314074636 ], [ 542132.645112044177949, 6864210.334564057178795 ], [ 542202.49320501415059, 6864020.916006850078702 ], [ 541636.605265358346514, 6863769.936418550089002 ], [ 541221.068305485649034, 6863594.724253133870661 ], [ 541145.300882602808997, 6863782.958944358862936 ], [ 540762.912170241354033, 6863614.849974839016795 ], [ 540663.467427707626484, 6863926.206728247925639 ], [ 540528.50670569750946, 6864512.220389605499804 ] ] ] } },
{ "type": "Feature", "properties": { "code": "AK" }, "geometry": { "type": "Polygon", "coordinates": [ [ [ 542132.645112044177949, 6864210.334564057178795 ], [ 541963.352276540361345, 6864599.826472314074636 ], [ 541937.30722492444329, 6864605.745802226476371 ], [ 541879.297791779739782, 6864741.890390219166875 ], [ 541842.597946320893243, 6864744.258122184313834 ], [ 541835.494750425685197, 6864780.957967642694712 ], [ 541868.642997936927713, 6864805.819153276272118 ], [ 541754.991863612551242, 6865073.37286533229053 ], [ 542765.421479713055305, 6865527.089503141120076 ], [ 542898.014469757908955, 6865586.282802267931402 ], [ 543275.075785198132508, 6864722.948534499853849 ], [ 543118.805475502391346, 6864651.91657554730773 ], [ 543064.347640305408277, 6864618.768328036181629 ], [ 542132.645112044177949, 6864210.334564057178795 ] ] ] } },
{ "type": "Feature", "properties": { "code": "AJ" }, "geometry": { "type": "Polygon", "coordinates": [ [ [ 543064.347640305408277, 6864618.768328036181629 ], [ 543118.805475502391346, 6864651.91657554730773 ], [ 543275.075785198132508, 6864722.948534499853849 ], [ 543455.023414544644766, 6864310.963172575458884 ], [ 543495.274857951211743, 6864230.460285761393607 ], [ 543575.777744764229283, 6864133.383275193162262 ], [ 543679.957951228017919, 6864081.293171960860491 ], [ 543836.22826092375908, 6864048.14492444973439 ], [ 543983.027642759145238, 6864050.512656414881349 ], [ 543959.350323108257726, 6863370.973582434467971 ], [ 543668.119291402515955, 6863719.030181302689016 ], [ 543144.850527118309401, 6863872.932759033516049 ], [ 542517.401556370314211, 6864045.777192484587431 ], [ 542389.544030255638063, 6864055.248120345175266 ], [ 542202.49320501415059, 6864020.916006850078702 ], [ 542132.645112044177949, 6864210.334564057178795 ], [ 543064.347640305408277, 6864618.768328036181629 ] ] ] } },
{ "type": "Feature", "properties": { "code": "AC1" }, "geometry": { "type": "Polygon", "coordinates": [ [ [ 543455.023414544644766, 6864310.963172575458884 ], [ 544001.969498479738832, 6864483.807606026530266 ], [ 544001.969498479738832, 6864604.561936246231198 ], [ 543990.426805149298161, 6864831.864204897545278 ], [ 544016.175890270271339, 6865428.532660095952451 ], [ 544076.553055379656143, 6865524.721771175973117 ], [ 543953.430993194924667, 6865619.505041400901973 ], [ 543803.080013411934488, 6865740.259371619671583 ], [ 543700.083672930719331, 6865808.923598608002067 ], [ 543626.683982013026252, 6865825.497722364030778 ], [ 543560.38748699054122, 6865830.233186294324696 ], [ 543492.907125985599123, 6865857.462103893049061 ], [ 542898.014469757908955, 6865586.282802267931402 ], [ 543275.075785198132508, 6864722.948534499853849 ], [ 543455.023414544644766, 6864310.963172575458884 ] ] ] } },
{ "type": "Feature", "properties": { "code": "AC2" }, "geometry": { "type": "Polygon", "coordinates": [ [ [ 543455.023414544644766, 6864310.963172575458884 ], [ 544001.969498479738832, 6864483.807606026530266 ], [ 544010.256560357520357, 6864237.563481657765806 ], [ 543981.843776776455343, 6864173.634718600660563 ], [ 543983.027642759145238, 6864050.512656414881349 ], [ 543836.22826092375908, 6864048.14492444973439 ], [ 543679.957951228017919, 6864081.293171960860491 ], [ 543575.777744764229283, 6864133.383275193162262 ], [ 543495.274857951211743, 6864230.460285761393607 ], [ 543455.023414544644766, 6864310.963172575458884 ] ] ] } },
{ "type": "Feature", "properties": { "code": "AL2" }, "geometry": { "type": "Polygon", "coordinates": [ [ [ 540762.912170241354033, 6863614.849974839016795 ], [ 541145.300882602808997, 6863782.958944358862936 ], [ 541221.068305485649034, 6863594.724253133870661 ], [ 541158.323408410418779, 6863565.127603573724627 ], [ 540912.079284040955827, 6863213.815373255871236 ], [ 540770.015366136212833, 6863188.6582211246714 ], [ 540762.912170241354033, 6863614.849974839016795 ] ] ] } },
{ "type": "Feature", "properties": { "code": "AL3" }, "geometry": { "type": "Polygon", "coordinates": [ [ [ 540770.015366136212833, 6863188.6582211246714 ], [ 540762.912170241354033, 6863614.849974839016795 ], [ 540528.50670569750946, 6864512.220389605499804 ], [ 540305.947918431600556, 6864423.229256252758205 ], [ 540189.929052142426372, 6863815.906007206067443 ], [ 540102.322969434317201, 6863412.207707157358527 ], [ 539757.817968514282256, 6862313.580075358971953 ], [ 540147.30185931827873, 6862454.661311948671937 ], [ 540095.211756086326204, 6862710.376364178024232 ], [ 540109.418147876858711, 6862838.233890292234719 ], [ 540185.185570759698749, 6862985.033272127620876 ], [ 540289.365777223487385, 6863075.007086801342666 ], [ 540770.015366136212833, 6863188.6582211246714 ] ] ] } },
{ "type": "Feature", "properties": { "code": "AN" }, "geometry": { "type": "Polygon", "coordinates": [ [ [ 539577.123057450982742, 6861380.674385796301067 ], [ 539568.399411307182163, 6861876.733527800068259 ], [ 539629.960442399489693, 6862099.892265509814024 ], [ 539757.817968514282256, 6862313.580075358971953 ], [ 540147.30185931827873, 6862454.661311948671937 ], [ 540218.33381827082485, 6862170.533476137556136 ], [ 540246.746601851889864, 6862132.649764696136117 ], [ 540303.572169014019892, 6862137.385228626430035 ], [ 540767.647634170949459, 6862236.82997116073966 ], [ 540779.486293996451423, 6862094.766053254716098 ], [ 540774.75083006627392, 6861971.64399107079953 ], [ 540743.970314520061947, 6861760.915846178308129 ], [ 540751.936045038397424, 6861480.852237450890243 ], [ 540306.827635981026106, 6861439.528873642906547 ], [ 539577.123057450982742, 6861380.674385796301067 ] ] ] } },
{ "type": "Feature", "properties": { "code": "AO3" }, "geometry": { "type": "Polygon", "coordinates": [ [ [ 540751.936045038397424, 6861480.852237450890243 ], [ 540743.970314520061947, 6861760.915846178308129 ], [ 540774.75083006627392, 6861971.64399107079953 ], [ 540767.647634170949459, 6862236.82997116073966 ], [ 540999.685366749530658, 6862269.978218671865761 ], [ 541350.109697582316585, 6862272.34595063701272 ], [ 541837.862482390250079, 6862523.325538936071098 ], [ 541927.836297063506208, 6862537.531930726021528 ], [ 541991.636959265219048, 6861584.331404670141637 ], [ 540751.936045038397424, 6861480.852237450890243 ] ] ] } },
{ "type": "Feature", "properties": { "code": "AP2" }, "geometry": { "type": "Polygon", "coordinates": [ [ [ 541991.636959265219048, 6861584.331404670141637 ], [ 542401.38269008079078, 6861599.910072552040219 ], [ 542955.431969911092892, 6861628.322856132872403 ], [ 542872.561351133044809, 6862658.286260945722461 ], [ 542271.157432001084089, 6862615.667085574008524 ], [ 541927.836297063506208, 6862537.531930726021528 ], [ 541991.636959265219048, 6861584.331404670141637 ] ] ] } },
{ "type": "Feature", "properties": { "code": "AQ2" }, "geometry": { "type": "Polygon", "coordinates": [ [ [ 542955.431969911092892, 6861628.322856132872403 ], [ 543606.558260309975594, 6861597.542340587824583 ], [ 543651.545167646603659, 6861768.019042073749006 ], [ 543803.080013412167318, 6861805.902753515169024 ], [ 543900.157023980747908, 6861914.818423909135163 ], [ 543926.202075596665964, 6862049.779145918786526 ], [ 543961.718055072939023, 6862161.062548277899623 ], [ 544030.3822820604546, 6862236.82997116073966 ], [ 544049.324137781164609, 6862260.507290811277926 ], [ 543930.937539526843466, 6862407.306672646664083 ], [ 543902.524755945778452, 6862440.454920158721507 ], [ 543900.157023980747908, 6862511.486879111267626 ], [ 543900.157023980747908, 6862639.344405225478113 ], [ 543959.350323108257726, 6863370.973582434467971 ], [ 543109.334547641687095, 6862674.860384701751173 ], [ 542872.561351133044809, 6862658.286260945722461 ], [ 542955.431969911092892, 6861628.322856132872403 ] ] ] } },
{ "type": "Feature", "properties": { "code": "AM" }, "geometry": { "type": "Polygon", "coordinates": [ [ [ 540767.647634170949459, 6862236.82997116073966 ], [ 540303.572169014019892, 6862137.385228626430035 ], [ 540246.746601851889864, 6862132.649764696136117 ], [ 540218.33381827082485, 6862170.533476137556136 ], [ 540147.30185931827873, 6862454.661311948671937 ], [ 540095.211756086326204, 6862710.376364178024232 ], [ 540109.418147876858711, 6862838.233890292234719 ], [ 540185.185570759698749, 6862985.033272127620876 ], [ 540289.365777223487385, 6863075.007086801342666 ], [ 540770.015366136212833, 6863188.6582211246714 ], [ 540779.486293996218592, 6862767.201931340619922 ], [ 540783.0378919437062, 6862538.715796709991992 ], [ 540701.351139148231596, 6862522.14167295396328 ], [ 540767.647634170949459, 6862236.82997116073966 ] ] ] } },
{ "type": "Feature", "properties": { "code": "AO2" }, "geometry": { "type": "Polygon", "coordinates": [ [ [ 540767.647634170949459, 6862236.82997116073966 ], [ 540701.351139148231596, 6862522.14167295396328 ], [ 540783.0378919437062, 6862538.715796709991992 ], [ 540779.486293996218592, 6862767.201931340619922 ], [ 541828.391554529545829, 6862986.217138111591339 ], [ 541927.836297063506208, 6862537.531930726021528 ], [ 541837.862482390250079, 6862523.325538936071098 ], [ 541350.109697582316585, 6862272.34595063701272 ], [ 540999.685366749530658, 6862269.978218671865761 ], [ 540767.647634170949459, 6862236.82997116073966 ] ] ] } },
{ "type": "Feature", "properties": { "code": "AO1" }, "geometry": { "type": "Polygon", "coordinates": [ [ [ 541828.391554529545829, 6862986.217138111591339 ], [ 540779.486293996218592, 6862767.201931340619922 ], [ 540770.015366136212833, 6863188.6582211246714 ], [ 540912.079284040955827, 6863213.815373255871236 ], [ 541158.323408410418779, 6863565.127603573724627 ], [ 541221.068305485649034, 6863594.724253133870661 ], [ 541636.605265358346514, 6863769.936418550089002 ], [ 541648.443925182917155, 6863729.68497514910996 ], [ 541731.314543960965239, 6863729.68497514910996 ], [ 541778.669183262740262, 6863720.214047288522124 ], [ 541802.346502913511358, 6863672.85940798651427 ], [ 541953.881348679075018, 6863005.15899383276701 ], [ 541828.391554529545829, 6862986.217138111591339 ] ] ] } },
{ "type": "Feature", "properties": { "code": "AP1" }, "geometry": { "type": "Polygon", "coordinates": [ [ [ 542872.561351133044809, 6862658.286260945722461 ], [ 542271.157432001084089, 6862615.667085574008524 ], [ 541927.836297063506208, 6862537.531930726021528 ], [ 541828.391554529545829, 6862986.217138111591339 ], [ 541953.881348679075018, 6863005.15899383276701 ], [ 541802.346502913511358, 6863672.85940798651427 ], [ 541778.669183262740262, 6863720.214047288522124 ], [ 541731.314543960965239, 6863729.68497514910996 ], [ 541648.443925182917155, 6863729.68497514910996 ], [ 541636.605265358346514, 6863769.936418550089002 ], [ 542202.49320501415059, 6864020.916006850078702 ], [ 542389.544030255638063, 6864055.248120345175266 ], [ 542517.401556370314211, 6864045.777192484587431 ], [ 543144.850527118309401, 6863872.932759033516049 ], [ 543105.486983198206872, 6863717.254382332786918 ], [ 542963.423065292998217, 6863478.113453859463334 ], [ 542872.561351133044809, 6862658.286260945722461 ] ] ] } },
{ "type": "Feature", "properties": { "code": "AQ1" }, "geometry": { "type": "Polygon", "coordinates": [ [ [ 542872.561351133044809, 6862658.286260945722461 ], [ 542963.423065292998217, 6863478.113453859463334 ], [ 543105.486983198206872, 6863717.254382332786918 ], [ 543144.850527118309401, 6863872.932759033516049 ], [ 543668.119291402515955, 6863719.030181302689016 ], [ 543959.350323108257726, 6863370.973582434467971 ], [ 543109.334547641687095, 6862674.860384701751173 ], [ 542872.561351133044809, 6862658.286260945722461 ] ] ] } },
{ "type": "Feature", "properties": { "code": "AB1" }, "geometry": { "type": "Polygon", "coordinates": [ [ [ 544076.553055379656143, 6865524.721771175973117 ], [ 544140.481818436994217, 6865470.263935978524387 ], [ 544219.800839267438278, 6865325.832286108285189 ], [ 544264.787746604066342, 6865283.213110736571252 ], [ 544374.88728298060596, 6865205.077955888584256 ], [ 544470.780427566613071, 6865173.113574360497296 ], [ 544419.578223821357824, 6864635.934384787455201 ], [ 544275.14657395100221, 6864588.57974548637867 ], [ 544001.969498479738832, 6864604.561936246231198 ], [ 543990.426805149298161, 6864831.864204897545278 ], [ 544016.175890270271339, 6865428.532660095952451 ], [ 544076.553055379656143, 6865524.721771175973117 ] ] ] } },
{ "type": "Feature", "properties": { "code": "AB2" }, "geometry": { "type": "Polygon", "coordinates": [ [ [ 544419.578223821357824, 6864635.934384787455201 ], [ 544470.780427566613071, 6865173.113574360497296 ], [ 545057.977954908274114, 6865118.655739163048565 ], [ 545271.073831766145304, 6865102.081615407951176 ], [ 545308.661576711223461, 6865000.565107410773635 ], [ 545152.391267015482299, 6864914.142890685237944 ], [ 545005.591885180096142, 6864840.743199766613543 ], [ 544688.315801858436316, 6864729.459797407500446 ], [ 544419.578223821357824, 6864635.934384787455201 ] ] ] } },
{ "type": "Feature", "properties": { "code": "AE" }, "geometry": { "type": "Polygon", "coordinates": [ [ [ 545308.661576711223461, 6865000.565107410773635 ], [ 545271.073831766145304, 6865102.081615407951176 ], [ 545988.792583683505654, 6865328.126026432029903 ], [ 546149.798357309424318, 6864781.179942497983575 ], [ 546032.003692045109347, 6864749.585519111715257 ], [ 545624.753794050193392, 6864517.547786532901227 ], [ 545385.612865576520562, 6864406.26438417378813 ], [ 545152.391267015482299, 6864914.142890685237944 ], [ 545308.661576711223461, 6865000.565107410773635 ] ] ] } },
{ "type": "Feature", "properties": { "code": "AD3" }, "geometry": { "type": "Polygon", "coordinates": [ [ [ 545385.612865576520562, 6864406.26438417378813 ], [ 545152.391267015482299, 6864914.142890685237944 ], [ 545005.591885180096142, 6864840.743199766613543 ], [ 544688.315801858436316, 6864729.459797407500446 ], [ 544735.670441160094924, 6864563.126626863144338 ], [ 544878.918225047877058, 6864233.419950722716749 ], [ 545385.612865576520562, 6864406.26438417378813 ] ] ] } },
{ "type": "Feature", "properties": { "code": "AD2" }, "geometry": { "type": "Polygon", "coordinates": [ [ [ 544878.918225047877058, 6864233.419950722716749 ], [ 544735.670441160094924, 6864563.126626863144338 ], [ 544688.315801858436316, 6864729.459797407500446 ], [ 544419.578223821357824, 6864635.934384787455201 ], [ 544414.842759890947491, 6864531.75417832378298 ], [ 544502.448842599056661, 6864141.078404083848 ], [ 544878.918225047877058, 6864233.419950722716749 ] ] ] } },
{ "type": "Feature", "properties": { "code": "AD1" }, "geometry": { "type": "Polygon", "coordinates": [ [ [ 544502.448842599056661, 6864141.078404083848 ], [ 544414.842759890947491, 6864531.75417832378298 ], [ 544419.578223821357824, 6864635.934384787455201 ], [ 544275.14657395100221, 6864588.57974548637867 ], [ 544001.969498479738832, 6864604.561936246231198 ], [ 544001.969498479738832, 6864483.807606026530266 ], [ 544010.256560357520357, 6864237.563481657765806 ], [ 543981.843776776455343, 6864173.634718600660563 ], [ 543983.027642759145238, 6864050.512656414881349 ], [ 544027.718583599082194, 6864041.041728563606739 ], [ 544502.448842599056661, 6864141.078404083848 ] ] ] } },
{ "type": "Feature", "properties": { "code": "AH1" }, "geometry": { "type": "Polygon", "coordinates": [ [ [ 543959.350323108257726, 6863370.973582434467971 ], [ 543983.027642759145238, 6864050.512656414881349 ], [ 544027.718583599082194, 6864041.041728563606739 ], [ 544502.448842599056661, 6864141.078404083848 ], [ 544520.206832337076776, 6864022.099872843362391 ], [ 544506.000440546544269, 6863906.081006553955376 ], [ 544553.355079848319292, 6863771.120284544304013 ], [ 544515.471368406899273, 6863325.986675107851624 ], [ 543959.350323108257726, 6863370.973582434467971 ] ] ] } },
{ "type": "Feature", "properties": { "code": "AH2" }, "geometry": { "type": "Polygon", "coordinates": [ [ [ 544515.471368406899273, 6863325.986675107851624 ], [ 544553.355079848319292, 6863771.120284544304013 ], [ 544506.000440546544269, 6863906.081006553955376 ], [ 544520.206832337076776, 6864022.099872843362391 ], [ 544502.448842599056661, 6864141.078404083848 ], [ 544878.918225047877058, 6864233.419950722716749 ], [ 544910.88260657642968, 6864147.589666993357241 ], [ 544913.250338541460223, 6864000.790285157971084 ], [ 544882.469822995364666, 6863998.422553192824125 ], [ 544906.147142646252178, 6863880.035954938270152 ], [ 544868.263431204832159, 6863700.088325591757894 ], [ 544955.869513913057745, 6863335.45760296843946 ], [ 544960.604977843235247, 6863283.367499736137688 ], [ 544515.471368406899273, 6863325.986675107851624 ] ] ] } },
{ "type": "Feature", "properties": { "code": "AG1" }, "geometry": { "type": "Polygon", "coordinates": [ [ [ 544960.604977843235247, 6863283.367499736137688 ], [ 544955.869513913057745, 6863335.45760296843946 ], [ 544868.263431204832159, 6863700.088325591757894 ], [ 544906.147142646252178, 6863880.035954938270152 ], [ 545270.777865269570611, 6863970.009769611991942 ], [ 545346.545288152410649, 6863932.126058170571923 ], [ 545820.091681169695221, 6864038.673996599391103 ], [ 545945.581475319340825, 6863468.050593012943864 ], [ 545467.299618371762335, 6863368.605850479565561 ], [ 545078.99157609755639, 6863276.264303840696812 ], [ 544960.604977843235247, 6863283.367499736137688 ] ] ] } },
{ "type": "Feature", "properties": { "code": "AF1" }, "geometry": { "type": "Polygon", "coordinates": [ [ [ 545820.091681169695221, 6864038.673996599391103 ], [ 545346.545288152410649, 6863932.126058170571923 ], [ 545270.777865269570611, 6863970.009769611991942 ], [ 544906.147142646252178, 6863880.035954938270152 ], [ 544882.469822995364666, 6863998.422553192824125 ], [ 544913.250338541460223, 6864000.790285157971084 ], [ 544910.88260657642968, 6864147.589666993357241 ], [ 544878.918225047877058, 6864233.419950722716749 ], [ 545385.612865576520562, 6864406.26438417378813 ], [ 545624.753794050193392, 6864517.547786532901227 ], [ 545763.266114007681608, 6864216.253893980756402 ], [ 545820.091681169695221, 6864038.673996599391103 ] ] ] } },
{ "type": "Feature", "properties": { "code": "AF2" }, "geometry": { "type": "Polygon", "coordinates": [ [ [ 545820.091681169695221, 6864038.673996599391103 ], [ 545763.266114007681608, 6864216.253893980756402 ], [ 545624.753794050193392, 6864517.547786532901227 ], [ 546032.003692045109347, 6864749.585519111715257 ], [ 546149.798357309424318, 6864781.179942497983575 ], [ 546242.139903947827406, 6864560.980869744904339 ], [ 546429.190729189896956, 6864275.66916795168072 ], [ 546075.806733399047516, 6864123.912347341887653 ], [ 545820.091681169695221, 6864038.673996599391103 ] ] ] } },
{ "type": "Feature", "properties": { "code": "AG2" }, "geometry": { "type": "Polygon", "coordinates": [ [ [ 545945.581475319340825, 6863468.050593012943864 ], [ 545820.091681169695221, 6864038.673996599391103 ], [ 546075.806733399047516, 6864123.912347341887653 ], [ 546429.190729189896956, 6864275.66916795168072 ], [ 546628.080214257119223, 6863925.244837119244039 ], [ 546713.31856500019785, 6863645.852465239353478 ], [ 545945.581475319340825, 6863468.050593012943864 ] ] ] } },
{ "type": "Feature", "properties": { "code": "AR11" }, "geometry": { "type": "Polygon", "coordinates": [ [ [ 545945.581475319340825, 6863468.050593012943864 ], [ 546068.70353750383947, 6862977.93007623963058 ], [ 546894.746026824810542, 6863166.386742312461138 ], [ 546854.49458341835998, 6863313.186124147847295 ], [ 546713.31856500019785, 6863645.852465239353478 ], [ 545945.581475319340825, 6863468.050593012943864 ] ] ] } },
{ "type": "Feature", "properties": { "code": "AR8" }, "geometry": { "type": "Polygon", "coordinates": [ [ [ 546068.70353750383947, 6862977.93007623963058 ], [ 545945.581475319340825, 6863468.050593012943864 ], [ 545467.299618371762335, 6863368.605850479565561 ], [ 545498.080133917974308, 6863212.335540783591568 ], [ 545490.976938022649847, 6863046.594303227961063 ], [ 545817.723949204664677, 6863006.342859821394086 ], [ 545985.832918725791387, 6862944.781828728504479 ], [ 546068.70353750383947, 6862977.93007623963058 ] ] ] } },
{ "type": "Feature", "properties": { "code": "AR5" }, "geometry": { "type": "Polygon", "coordinates": [ [ [ 545490.976938022649847, 6863046.594303227961063 ], [ 545498.080133917974308, 6863212.335540783591568 ], [ 545467.299618371762335, 6863368.605850479565561 ], [ 545078.99157609755639, 6863276.264303840696812 ], [ 544960.604977843235247, 6863283.367499736137688 ], [ 544946.39858605270274, 6863091.581210563890636 ], [ 545490.976938022649847, 6863046.594303227961063 ] ] ] } },
{ "type": "Feature", "properties": { "code": "AR1" }, "geometry": { "type": "Polygon", "coordinates": [ [ [ 543959.350323108257726, 6863370.973582434467971 ], [ 544515.471368406899273, 6863325.986675107851624 ], [ 544451.5426053495612, 6862601.460693791508675 ], [ 543900.157023980747908, 6862639.344405225478113 ], [ 543959.350323108257726, 6863370.973582434467971 ] ] ] } },
{ "type": "Feature", "properties": { "code": "AR2" }, "geometry": { "type": "Polygon", "coordinates": [ [ [ 543900.157023980747908, 6862639.344405225478113 ], [ 543900.157023980747908, 6862511.486879111267626 ], [ 543902.524755945778452, 6862440.454920158721507 ], [ 544049.324137781164609, 6862260.507290811277926 ], [ 544030.3822820604546, 6862236.82997116073966 ], [ 543961.718055072939023, 6862161.062548277899623 ], [ 543926.202075596665964, 6862049.779145918786526 ], [ 543900.157023980747908, 6861914.818423909135163 ], [ 543803.080013412167318, 6861805.902753515169024 ], [ 543651.545167646603659, 6861768.019042073749006 ], [ 543606.558260309975594, 6861597.542340587824583 ], [ 543628.406449142494239, 6861596.170605323277414 ], [ 543876.11895505245775, 6861583.306858463212848 ], [ 544132.938538385555148, 6861512.271654562093318 ], [ 544284.116023609880358, 6861432.129373238421977 ], [ 544442.57917077280581, 6861321.023028676398098 ], [ 544814.147929637576453, 6861005.007442092522979 ], [ 544933.905997752211988, 6861162.10452764108777 ], [ 544699.8541079768911, 6861484.495068421587348 ], [ 544732.118843212258071, 6861965.132728175260127 ], [ 544740.405905090039596, 6862098.909584202803671 ], [ 544451.5426053495612, 6862601.460693791508675 ], [ 543900.157023980747908, 6862639.344405225478113 ] ] ] } },
{ "type": "Feature", "properties": { "code": "AR3" }, "geometry": { "type": "Polygon", "coordinates": [ [ [ 544732.118843212258071, 6861965.132728175260127 ], [ 544740.405905090039596, 6862098.909584202803671 ], [ 544451.5426053495612, 6862601.460693791508675 ], [ 544515.471368406899273, 6863325.986675107851624 ], [ 544960.604977843235247, 6863283.367499736137688 ], [ 544946.39858605270274, 6863091.581210563890636 ], [ 544922.129333410412073, 6862854.216081066057086 ], [ 544990.793560397927649, 6862559.433451411314309 ], [ 545179.028251622337848, 6862246.892832020297647 ], [ 545219.27969502878841, 6862174.677007084712386 ], [ 545205.073303238255903, 6861931.984480663202703 ], [ 544732.118843212258071, 6861965.132728175260127 ] ] ] } },
{ "type": "Feature", "properties": { "code": "AR4" }, "geometry": { "type": "Polygon", "coordinates": [ [ [ 544933.905997752211988, 6861162.10452764108777 ], [ 544699.8541079768911, 6861484.495068421587348 ], [ 544732.118843212258071, 6861965.132728175260127 ], [ 545205.073303238255903, 6861931.984480663202703 ], [ 545685.722892150864936, 6861891.733037255704403 ], [ 545680.987428220687434, 6861789.920562757179141 ], [ 545658.493974552373402, 6861720.072469786740839 ], [ 545614.690933198318817, 6861650.22437681723386 ], [ 545359.697091947193258, 6861513.529416158795357 ], [ 545307.751525972620584, 6861484.95042229257524 ], [ 545160.672225588583387, 6861384.772570637986064 ], [ 545056.851542964577675, 6861288.23754995316267 ], [ 544933.905997752211988, 6861162.10452764108777 ] ] ] } },
{ "type": "Feature", "properties": { "code": "AR6" }, "geometry": { "type": "Polygon", "coordinates": [ [ [ 545179.028251622337848, 6862246.892832020297647 ], [ 544990.793560397927649, 6862559.433451411314309 ], [ 544922.129333410412073, 6862854.216081066057086 ], [ 544946.39858605270274, 6863091.581210563890636 ], [ 545490.976938022649847, 6863046.594303227961063 ], [ 545472.035082301823422, 6862854.216081064194441 ], [ 545474.402814266853966, 6862809.229173728264868 ], [ 545718.279206670820713, 6862411.450203592889011 ], [ 545713.543742740643211, 6862334.498914727009833 ], [ 545384.428999593597837, 6862364.095564291812479 ], [ 545179.028251622337848, 6862246.892832020297647 ] ] ] } },
{ "type": "Feature", "properties": { "code": "AR7" }, "geometry": { "type": "Polygon", "coordinates": [ [ [ 545685.722892150864936, 6861891.733037255704403 ], [ 545205.073303238255903, 6861931.984480663202703 ], [ 545219.27969502878841, 6862174.677007084712386 ], [ 545179.028251622337848, 6862246.892832020297647 ], [ 545384.428999593597837, 6862364.095564291812479 ], [ 545713.543742740643211, 6862334.498914727009833 ], [ 545685.722892150864936, 6861891.733037255704403 ] ] ] } },
{ "type": "Feature", "properties": { "code": "AR9" }, "geometry": { "type": "Polygon", "coordinates": [ [ [ 545713.543742740643211, 6862334.498914727009833 ], [ 545718.279206670820713, 6862411.450203592889011 ], [ 545474.402814266853966, 6862809.229173728264868 ], [ 545472.035082301823422, 6862854.216081064194441 ], [ 545490.976938022649847, 6863046.594303227961063 ], [ 545817.723949204664677, 6863006.342859821394086 ], [ 545985.832918725791387, 6862944.781828728504479 ], [ 546068.70353750383947, 6862977.93007623963058 ], [ 546220.238383269053884, 6862335.682780710048974 ], [ 546127.896836630767211, 6862307.26999712921679 ], [ 545713.543742740643211, 6862334.498914727009833 ] ] ] } },
{ "type": "Feature", "properties": { "code": "AR10" }, "geometry": { "type": "Polygon", "coordinates": [ [ [ 545307.751525972620584, 6861484.95042229257524 ], [ 545614.690933198318817, 6861650.22437681723386 ], [ 545658.493974552373402, 6861720.072469786740839 ], [ 545680.987428220687434, 6861789.920562757179141 ], [ 545685.722892150864936, 6861891.733037255704403 ], [ 545713.543742740643211, 6862334.498914727009833 ], [ 546127.896836630767211, 6862307.26999712921679 ], [ 546220.238383269053884, 6862335.682780710048974 ], [ 546324.418589732726105, 6861856.217057780362666 ], [ 546506.437984550721012, 6861613.154573215171695 ], [ 546480.392932934802957, 6861598.948181424289942 ], [ 546401.056170622585341, 6861539.592886831611395 ], [ 546340.94945962971542, 6861466.736267446540296 ], [ 546289.949826060095802, 6861355.629922884516418 ], [ 546257.164347336743958, 6861135.238649243488908 ], [ 546213.450375705608167, 6860971.311255627311766 ], [ 545307.751525972620584, 6861484.95042229257524 ] ] ] } },
{ "type": "Feature", "properties": { "code": "AR12" }, "geometry": { "type": "Polygon", "coordinates": [ [ [ 546506.437984550721012, 6861613.154573215171695 ], [ 546324.418589732726105, 6861856.217057780362666 ], [ 546220.238383269053884, 6862335.682780710048974 ], [ 546068.70353750383947, 6862977.93007623963058 ], [ 546894.746026824810542, 6863166.386742312461138 ], [ 546949.105228980421089, 6862947.765021177008748 ], [ 546954.531258943607099, 6862891.137901371344924 ], [ 546950.979660995886661, 6862764.464241238310933 ], [ 547013.724558070651256, 6862540.713570537976921 ], [ 547100.146774796303362, 6862363.133673156611621 ], [ 547126.191826412221417, 6862269.608260535635054 ], [ 547135.662754272576421, 6862153.589394246228039 ], [ 547113.169300604378805, 6862032.835064025595784 ], [ 547039.769609686685726, 6861914.448465771041811 ], [ 546956.898990908637643, 6861819.739187167957425 ], [ 546826.673732828814536, 6861739.23630035482347 ], [ 546705.91940260946285, 6861677.675269262865186 ], [ 546506.437984550721012, 6861613.154573215171695 ] ] ] } },
{ "type": "Feature", "properties": { "code": "ZB" }, "geometry": { "type": "Polygon", "coordinates": [ [ [ 538230.186306567164138, 6874054.08332786988467 ], [ 538307.596464662230574, 6876393.122325534000993 ], [ 540575.258743029902689, 6875845.900810868479311 ], [ 540403.134979732567444, 6875773.954899234697223 ], [ 540226.457677723024972, 6875705.65181855391711 ], [ 540058.887453136965632, 6875308.583242903463542 ], [ 538832.619478109176271, 6873611.934718976728618 ], [ 538230.186306567164138, 6874054.08332786988467 ] ] ] } },
{ "type": "Feature", "properties": { "code": "OB" }, "geometry": { "type": "Polygon", "coordinates": [ [ [ 541535.144703430938534, 6876600.422175387851894 ], [ 543158.025900235865265, 6875338.522759931162 ], [ 543562.380137823871337, 6875863.090419505722821 ], [ 543866.556523757288232, 6875496.985907095484436 ], [ 543950.34163605037611, 6875469.664674825966358 ], [ 544092.412043851567432, 6875491.521660640835762 ], [ 544187.125649052322842, 6875491.521660641767085 ], [ 544653.408013117965311, 6875629.949237474240363 ], [ 544946.655906143714674, 6875673.663209104910493 ], [ 545074.154990067821927, 6875553.449787119403481 ], [ 545207.118320445995778, 6875504.271569034084678 ], [ 545179.7970881764777, 6875668.198962651193142 ], [ 545223.511059807613492, 6875680.948871043510735 ], [ 545301.831925646751188, 6875781.126722698099911 ], [ 545281.796355315833353, 6875852.161926599219441 ], [ 545121.51179266825784, 6875799.340877545066178 ], [ 544986.727046805550344, 6875819.376447875984013 ], [ 543939.413143142359331, 6875569.842526481486857 ], [ 543203.561287351185456, 6876531.549902366474271 ], [ 541535.144703430938534, 6876600.422175387851894 ] ] ] } },
{ "type": "Feature", "properties": { "code": "OA1" }, "geometry": { "type": "Polygon", "coordinates": [ [ [ 543158.025900235865265, 6875338.522759931162 ], [ 543562.380137823871337, 6875863.090419505722821 ], [ 543866.556523757288232, 6875496.985907095484436 ], [ 543950.34163605037611, 6875469.664674825966358 ], [ 544092.412043851567432, 6875491.521660640835762 ], [ 544187.125649052322842, 6875491.521660641767085 ], [ 544653.408013117965311, 6875629.949237474240363 ], [ 544946.655906143714674, 6875673.663209104910493 ], [ 545074.154990067821927, 6875553.449787119403481 ], [ 545207.118320445995778, 6875504.271569034084678 ], [ 545276.332108861883171, 6875471.486090312711895 ], [ 546196.1469286007341, 6874354.95839823409915 ], [ 546244.432607131078839, 6874371.245250251144171 ], [ 546287.217702833237126, 6874261.155500772409141 ], [ 546272.646378956269473, 6874108.156600062735379 ], [ 546207.07542150944937, 6873964.264776777476072 ], [ 546094.14766146230977, 6873827.658615429885685 ], [ 545828.2210007061949, 6873614.553003727458417 ], [ 545653.365114181535318, 6873394.161730088293552 ], [ 543158.025900235865265, 6875338.522759931162 ] ] ] } },
{ "type": "Feature", "properties": { "code": "HF" }, "geometry": { "type": "Polygon", "coordinates": [ [ [ 538112.705007808166556, 6870022.83550650626421 ], [ 538729.778345981263556, 6870042.819100338965654 ], [ 538711.950702251750045, 6869645.802501182071865 ], [ 538542.559062181040645, 6868919.0577228134498 ], [ 538502.48792151757516, 6868794.404600586742163 ], [ 538439.876764233456925, 6868807.609862850978971 ], [ 538392.747638568398543, 6868792.810862039215863 ], [ 538066.714266819413751, 6868448.563335442915559 ], [ 538112.705007808166556, 6870022.83550650626421 ] ] ] } },
{ "type": "Feature", "properties": { "code": "HD" }, "geometry": { "type": "Polygon", "coordinates": [ [ [ 538066.714266819413751, 6868448.563335442915559 ], [ 538392.747638568398543, 6868792.810862039215863 ], [ 538439.876764233456925, 6868807.609862850978971 ], [ 538502.48792151757516, 6868794.404600586742163 ], [ 538269.346739486092702, 6867862.636741726659238 ], [ 538166.436764604412019, 6867451.907549942843616 ], [ 538106.330053611542098, 6867043.910481384955347 ], [ 538150.044025242794305, 6864313.608669923618436 ], [ 537952.64812209457159, 6864246.330135460942984 ], [ 538066.714266819413751, 6868448.563335442915559 ] ] ] } },
{ "type": "Feature", "properties": { "code": "HE" }, "geometry": { "type": "Polygon", "coordinates": [ [ [ 537952.64812209457159, 6864246.330135460942984 ], [ 538150.044025242794305, 6864313.608669923618436 ], [ 538202.865074296947569, 6862590.549621463753283 ], [ 538220.168521400657482, 6862296.846374565735459 ], [ 538316.703542086062953, 6861998.134235085919499 ], [ 538471.523858279804699, 6861774.100130476057529 ], [ 538684.629469981649891, 6861571.923011681996286 ], [ 538950.556130737764761, 6861431.674019365571439 ], [ 539254.732516671181656, 6861375.210139341652393 ], [ 539577.123057450982742, 6861380.674385796301067 ], [ 539570.065072447410785, 6861182.709290310740471 ], [ 539517.24402339302469, 6860996.92491087783128 ], [ 539442.565988523187116, 6860876.711488892324269 ], [ 539356.959460745449178, 6860807.49770047608763 ], [ 538861.534448925754987, 6860556.142363597638905 ], [ 537847.006023986032233, 6860599.856335227377713 ], [ 537952.64812209457159, 6864246.330135460942984 ] ] ] } },
{ "type": "Feature", "properties": { "code": "AU" }, "geometry": { "type": "Polygon", "coordinates": [ [ [ 538861.534448925754987, 6860556.142363597638905 ], [ 539356.959460745449178, 6860807.49770047608763 ], [ 539442.565988523187116, 6860876.711488892324269 ], [ 539517.24402339302469, 6860996.92491087783128 ], [ 539570.065072447410785, 6861182.709290310740471 ], [ 539577.123057450982742, 6861380.674385796301067 ], [ 540306.827635981026106, 6861439.528873642906547 ], [ 540515.379708971246146, 6860485.10715969465673 ], [ 538861.534448925754987, 6860556.142363597638905 ] ] ] } },
{ "type": "Feature", "properties": { "code": "AT" }, "geometry": { "type": "Polygon", "coordinates": [ [ [ 540515.379708971246146, 6860485.10715969465673 ], [ 540306.827635981026106, 6861439.528873642906547 ], [ 540751.936045038397424, 6861480.852237450890243 ], [ 541991.636959265219048, 6861584.331404670141637 ], [ 542955.431969911092892, 6861628.322856132872403 ], [ 543606.558260309975594, 6861597.542340587824583 ], [ 543628.406449142494239, 6861596.170605323277414 ], [ 543458.559455199749209, 6860905.626459709368646 ], [ 543365.667265483527444, 6860405.647909179329872 ], [ 540515.379708971246146, 6860485.10715969465673 ] ] ] } },
{ "type": "Feature", "properties": { "code": "AS" }, "geometry": { "type": "Polygon", "coordinates": [ [ [ 543365.667265483527444, 6860405.647909179329872 ], [ 543458.559455199749209, 6860905.626459709368646 ], [ 543628.406449142494239, 6861596.170605323277414 ], [ 543876.11895505245775, 6861583.306858463212848 ], [ 544132.938538385555148, 6861512.271654562093318 ], [ 544284.116023609880358, 6861432.129373238421977 ], [ 544442.57917077280581, 6861321.023028676398098 ], [ 544814.147929637576453, 6861005.007442092522979 ], [ 545378.900568341137841, 6860524.381431086920202 ], [ 545322.322849849704653, 6860435.701264678500593 ], [ 545312.760418555350043, 6860350.208575367927551 ], [ 543365.667265483527444, 6860405.647909179329872 ] ] ] } },
{ "type": "Feature", "properties": { "code": "AR13" }, "geometry": { "type": "Polygon", "coordinates": [ [ [ 545378.900568341137841, 6860524.381431086920202 ], [ 544814.147929637576453, 6861005.007442092522979 ], [ 544933.905997752211988, 6861162.10452764108777 ], [ 545160.672225588583387, 6861384.772570637986064 ], [ 545307.751525972620584, 6861484.95042229257524 ], [ 546213.450375705608167, 6860971.311255627311766 ], [ 546121.468893731595017, 6860785.526876196265221 ], [ 545974.389593347790651, 6860663.378200258128345 ], [ 545868.747495239134878, 6860625.128475080244243 ], [ 545795.890875853947364, 6860610.557151203043759 ], [ 545584.606679636635818, 6860606.914320234209299 ], [ 545491.714489920530468, 6860592.342996357008815 ], [ 545431.607778927660547, 6860563.200348602607846 ], [ 545378.900568341137841, 6860524.381431086920202 ] ] ] } }
]
}
