{"type": "FeatureCollection", "name": "BOUNDARIES", "crs": {"type": "name", "properties": {"name": "urn:ogc:def:crs:EPSG::3857"}}, "features": [{"type": "Feature", "properties": {"code": "HK", "joden": 1, "niet_joden": 1399, "tot_pop": 1400}, "geometry": {"type": "Polygon", "coordinates": [[[541881.624213429, 6871387.394890011], [538832.6194781092, 6873611.934718977], [538230.1863065672, 6874054.08332787], [538132.7405781391, 6870332.476138894], [538595.3801112359, 6870770.98191682], [538632.7191286708, 6870795.115671991], [538662.317130296, 6870797.847795218], [538727.5092695134, 6870766.654493179], [538865.6269674735, 6870691.676314287], [538973.7533938766, 6870665.631262671], [539122.1312636852, 6870652.21411487], [539195.530954601, 6870631.693771173], [539252.3565217617, 6870596.177791698], [539290.2402332022, 6870555.926348292], [539328.9131886311, 6870494.365317201], [539337.5948725028, 6870419.387138309], [539347.065800363, 6870375.189474962], [539385.7387557918, 6870342.041227451], [539416.5192713372, 6870336.516519533], [539451.2460068243, 6870349.144423346], [539480.448034393, 6870413.86243039], [539508.071573985, 6870588.285351814], [539560.1616772157, 6870667.998994636], [539655.6601998052, 6870739.030953586], [539743.2662825113, 6870779.282396992], [540058.9638778487, 6870864.520747732], [540605.9099617706, 6871038.943669156], [540675.3634327449, 6871068.934940713], [540790.593055043, 6871108.39714013], [540871.8851858424, 6871166.801195268], [540985.5363201639, 6871179.429099081], [541097.6089665086, 6871221.259030464], [541209.6816128534, 6871249.671814044], [541666.6538821042, 6871327.80696889], [541841.8660475165, 6871367.269168308], [541881.624213429, 6871387.394890011]]]}}, {"type": "Feature", "properties": {"code": "SA1", "joden": 18, "niet_joden": 5912, "tot_pop": 5930}, "geometry": {"type": "Polygon", "coordinates": [[[541881.624213429, 6871387.394890011], [542009.1857730453, 6871455.664495002], [542159.9313748189, 6871464.346178873], [542189.1334023876, 6871470.66013078], [542824.474813004, 6871451.71827506], [542884.4573561181, 6871428.040955409], [542918.3948476169, 6871393.314219923], [542951.5430951273, 6871343.5918486575], [542853.6768405727, 6871263.878205834], [542462.2118223544, 6871076.038136609], [542410.910963112, 6871012.8986175405], [542210.4429900729, 6871147.859339547], [541881.624213429, 6871387.394890011]]]}}, {"type": "Feature", "properties": {"code": "ZA", "joden": 0, "niet_joden": 140, "tot_pop": 140}, "geometry": {"type": "Polygon", "coordinates": [[[538832.6194781092, 6873611.934718977], [541881.624213429, 6871387.394890011], [542009.1857730453, 6871455.664495002], [542159.9313748189, 6871464.346178873], [542189.1334023876, 6871470.66013078], [542824.474813004, 6871451.71827506], [542884.4573561181, 6871428.040955409], [542918.3948476169, 6871393.314219923], [542951.5430951273, 6871343.5918486575], [543015.471858183, 6871261.51047387], [543026.5212740198, 6871233.097690289], [543774.7245749693, 6871076.827380597], [543799.585760602, 6871039.338291152], [543855.2274617803, 6871028.68349731], [543869.8284755646, 6871072.881160657], [544486.622652455, 6870952.126830438], [544476.3624806065, 6870998.692225751], [544820.4728595242, 6871091.033772387], [544482.2818105189, 6871802.142605881], [544366.2629442326, 6872035.758826434], [544216.3065864473, 6872253.590167217], [543989.0043178045, 6872525.090099207], [543407.3314983953, 6873218.046320973], [541988.6771591038, 6874782.194167845], [541606.1799073312, 6875113.691786048], [541249.1824723434, 6875357.761460989], [540855.7567276631, 6875590.902643021], [540403.1349797326, 6875773.954899235], [540226.457677723, 6875705.651818554], [540058.887453137, 6875308.583242903], [538832.6194781092, 6873611.934718977]]]}}, {"type": "Feature", "properties": {"code": "OA2", "joden": 0, "niet_joden": 10, "tot_pop": 10}, "geometry": {"type": "Polygon", "coordinates": [[[543407.3314983953, 6873218.046320973], [543989.0043178045, 6872525.090099207], [544216.3065864473, 6872253.590167217], [544366.2629442326, 6872035.758826434], [544482.2818105189, 6871802.142605881], [545015.0215026509, 6872431.170064594], [545242.3237712939, 6872696.356044678], [545368.6028094288, 6872873.146698067], [545510.6667273305, 6873130.440238266], [545653.3651141815, 6873394.161730088], [543158.0259002359, 6875338.522759931], [541535.1447034309, 6876600.422175388], [540997.8271354644, 6876603.609652475], [540961.3988257718, 6876406.896780135], [540575.2587430299, 6875845.9008108685], [540403.1349797326, 6875773.954899235], [540855.7567276631, 6875590.902643021], [541249.1824723434, 6875357.761460989], [541988.6771591038, 6874782.194167845], [543407.3314983953, 6873218.046320973]]]}}, {"type": "Feature", "properties": {"code": "WW1", "joden": 14, "niet_joden": 396, "tot_pop": 410}, "geometry": {"type": "Polygon", "coordinates": [[[544482.2818105189, 6871802.142605881], [544820.4728595242, 6871091.033772387], [545114.4662451821, 6869919.79569368], [545155.8028990725, 6869865.239202962], [545310.1987542913, 6869668.0268613985], [545450.6841842164, 6869495.971671939], [546152.3220898539, 6870022.397412166], [546183.8918493877, 6870066.595075513], [546256.5022963153, 6870251.278168785], [546263.6054922104, 6870303.368272016], [546239.1389285717, 6870390.185110734], [546140.4834300287, 6870712.985901967], [546116.01686639, 6870810.062912533], [546113.649134425, 6870925.292534831], [546123.9093062734, 6871016.844837478], [546159.4252857489, 6871128.917483822], [546191.784289271, 6871195.213978844], [546406.4586541004, 6871551.163017587], [545015.0215026509, 6872431.170064594], [544482.2818105189, 6871802.142605881]]]}}, {"type": "Feature", "properties": {"code": "BA1", "joden": 0, "niet_joden": 110, "tot_pop": 110}, "geometry": {"type": "Polygon", "coordinates": [[[545653.3651141815, 6873394.161730088], [545818.2032155406, 6873284.876801009], [545985.7916083133, 6873216.467832995], [546076.5546669728, 6873180.162609531], [546170.4747015857, 6873110.709138556], [546254.1345643501, 6873092.556526825], [546370.1534306366, 6873045.991131512], [546451.4455614359, 6872818.6888628695], [546790.8204764237, 6871851.075733162], [546844.4890676311, 6871701.119375377], [546880.7942910949, 6871596.939168915], [546888.6867309783, 6871521.171746034], [546872.9018512114, 6871442.2473472], [546866.5878993047, 6871428.04095541], [546891.8437069317, 6871409.099099687], [546823.9687239341, 6871294.658721378], [546406.4586541004, 6871551.163017587], [545015.0215026509, 6872431.170064594], [545242.3237712939, 6872696.356044678], [545368.6028094288, 6872873.146698067], [545510.6667273305, 6873130.440238266], [545653.3651141815, 6873394.161730088]]]}}, {"type": "Feature", "properties": {"code": "BC", "joden": 1, "niet_joden": 669, "tot_pop": 670}, "geometry": {"type": "Polygon", "coordinates": [[[546244.4326071311, 6874371.245250251], [546287.2177028332, 6874261.155500772], [546272.6463789563, 6874108.156600063], [546207.0754215094, 6873964.2647767775], [546094.1476614623, 6873827.65861543], [545828.2210007062, 6873614.553003727], [545653.3651141815, 6873394.161730088], [545818.2032155406, 6873284.876801009], [545985.7916083133, 6873216.467832995], [546076.5546669728, 6873180.162609531], [546170.4747015857, 6873110.709138556], [546254.1345643501, 6873092.556526825], [546370.1534306366, 6873045.991131512], [546438.8176576226, 6873027.838519783], [546519.3205444337, 6872985.219344413], [546558.7827438508, 6872972.591440599], [546694.5327098459, 6872893.667041765], [546752.9367649833, 6872873.146698068], [546831.8611638177, 6872893.667041765], [547112.8320236679, 6872977.326904529], [547158.6081749918, 6872988.376320366], [547195.7026424439, 6872982.062368459], [547375.6502717863, 6872918.922849391], [547645.5717157997, 6872811.585666976], [547774.2184858997, 6872725.558072247], [547816.0484172818, 6872684.517384853], [547859.4568366407, 6872619.010133821], [547933.645771545, 6872665.575529133], [547964.4262870904, 6872712.930168433], [547984.9466307873, 6872799.747007151], [547988.1036067407, 6872869.989722113], [548031.5120260996, 6873015.999859956], [548269.8284578547, 6873617.285126953], [548269.8284578545, 6873852.247724472], [547584.0655278906, 6874142.763494272], [547554.9228801365, 6874104.513769095], [547223.4252619336, 6874219.262944627], [547230.7109238721, 6874272.083993681], [546808.1425314378, 6874457.868373113], [546525.8231313196, 6874456.046957631], [546506.6982687309, 6874421.440063423], [546423.8238641801, 6874426.904309876], [546244.4326071311, 6874371.245250251]]]}}, {"type": "Feature", "properties": {"code": "BE", "joden": 0, "niet_joden": 240, "tot_pop": 240}, "geometry": {"type": "Polygon", "coordinates": [[[547964.4262870904, 6872712.930168433], [547966.3993970614, 6872629.664927665], [548089.5214592428, 6872266.612693028], [548171.6028340305, 6872097.714479522], [548244.2132809581, 6871990.377297107], [548312.877507944, 6871905.1389463665], [548394.1696387434, 6871842.788671287], [548552.8076804004, 6871777.281420254], [548548.8614604587, 6871838.053207357], [549069.7624927653, 6871631.27128241], [549106.0677162291, 6871662.841041944], [549165.2610153549, 6871594.176814958], [549391.7740400095, 6871646.266918189], [548682.83562748, 6872464.515623105], [550422.7415606892, 6873987.032470335], [550542.9549826749, 6874272.994701421], [549592.1760996969, 6874276.63753239], [549599.4617616355, 6874881.347473287], [548889.1097226294, 6874874.061811349], [548761.610638705, 6874680.991769979], [548648.6828786578, 6874462.421911823], [548510.2553018258, 6874345.851320806], [548586.7547521803, 6874236.566391729], [548488.3983160103, 6874149.138448467], [548419.1845275942, 6874196.495251067], [548324.4709223934, 6873981.56822388], [548320.8280914242, 6873857.711970925], [548269.8284578545, 6873852.247724472], [548269.8284578547, 6873617.285126953], [548031.5120260996, 6873015.999859956], [547988.1036067407, 6872869.989722113], [548031.5120260996, 6873015.999859956], [547988.1036067407, 6872869.989722113], [547984.9466307873, 6872799.747007151], [547964.4262870904, 6872712.930168433]]]}}, {"type": "Feature", "properties": {"code": "NC", "joden": 0, "niet_joden": 60, "tot_pop": 60}, "geometry": {"type": "Polygon", "coordinates": [[[548682.83562748, 6872464.515623105], [550422.7415606892, 6873987.032470335], [550542.9549826749, 6874272.994701421], [550692.3110524144, 6874247.494884635], [550670.4540665988, 6873854.069139955], [552018.3015252259, 6873830.390738659], [552107.5508839731, 6873395.07243783], [552080.2296517036, 6873345.894219745], [552096.6223910653, 6873316.751571991], [551962.144399047, 6873044.609954534], [551875.3275603292, 6872803.1012941], [551815.345017215, 6872695.7641116865], [551774.3043298213, 6872588.426929272], [551753.7839861243, 6872533.1798500875], [551695.3799309869, 6872484.24672281], [551676.4380752667, 6872449.519987323], [551662.2316834765, 6872399.008372069], [551635.3973878728, 6872323.240949188], [551595.9351884556, 6872269.572357981], [551335.4846723023, 6871974.395106341], [551570.6793808286, 6871837.066652369], [551897.4263920028, 6871669.746926839], [552060.0106536015, 6871603.450431819], [552063.1676295549, 6871559.252768472], [552003.1850864408, 6871524.526032984], [551951.8842271985, 6871498.4809813695], [551896.6371480145, 6871475.987527702], [551871.3813403875, 6871445.996256145], [551861.9104125274, 6871405.744812739], [551804.6902233725, 6871344.973025637], [551790.0892095882, 6871331.16125584], [551720.635738614, 6871308.667802173], [551694.9853089929, 6871280.255018593], [551691.8283330395, 6871242.371307152], [551587.253504584, 6871193.832801869], [551393.4941054458, 6871114.908403034], [550310.651353438, 6871643.701875215], [549928.6572630804, 6871831.541944449], [549458.2678460277, 6871566.355964365], [549391.7740400095, 6871646.266918189], [548682.83562748, 6872464.515623105]]]}}, {"type": "Feature", "properties": {"code": "ND", "joden": 0, "niet_joden": 450, "tot_pop": 450}, "geometry": {"type": "Polygon", "coordinates": [[[552018.3015252259, 6873830.390738659], [553417.1486174229, 6873779.391105088], [553393.4383719071, 6872211.95754683], [553317.6709490261, 6872230.8994025495], [553151.929711474, 6872196.567289057], [553014.6012575022, 6872152.764247704], [552820.4472363697, 6872103.041876438], [552698.5090401707, 6872086.467752683], [552661.8091947128, 6872040.296979365], [552623.9254832723, 6872029.642185522], [552593.1449677269, 6872029.642185522], [552539.8709985137, 6871997.677803996], [552483.0454313529, 6872005.964865874], [552449.8971838425, 6871965.713422468], [552346.9008433637, 6871929.01357701], [552285.3398122729, 6871872.188009849], [552227.3303791297, 6871764.456205441], [552175.2402758991, 6871726.572494], [552170.504811969, 6871705.262906315], [552171.6886779515, 6871682.769452647], [552060.0106536015, 6871603.450431819], [551897.4263920028, 6871669.746926839], [551335.4846723023, 6871974.395106341], [551595.9351884556, 6872269.572357981], [551635.3973878728, 6872323.240949188], [551676.4380752667, 6872449.519987323], [551695.3799309869, 6872484.24672281], [551753.7839861243, 6872533.1798500875], [551815.345017215, 6872695.7641116865], [551875.3275603292, 6872803.1012941], [551962.144399047, 6873044.609954534], [552096.6223910653, 6873316.751571991], [552080.2296517036, 6873345.894219745], [552107.5508839731, 6873395.07243783], [552018.3015252259, 6873830.390738659]]]}}, {"type": "Feature", "properties": {"code": "BA2", "joden": 105, "niet_joden": 6245, "tot_pop": 6350}, "geometry": {"type": "Polygon", "coordinates": [[[546370.1534306366, 6873045.991131512], [546438.8176576226, 6873027.838519783], [546519.3205444337, 6872985.219344413], [546558.7827438508, 6872972.591440599], [546694.5327098459, 6872893.667041765], [546752.9367649833, 6872873.146698068], [547158.6081749918, 6872988.376320366], [547195.7026424439, 6872982.062368459], [547375.6502717863, 6872918.922849391], [547645.5717157997, 6872811.585666976], [547774.2184858997, 6872725.558072247], [547816.0484172818, 6872684.517384853], [547859.4568366407, 6872619.010133821], [547812.1021973399, 6872597.89785713], [547776.5862178644, 6872541.072289969], [547816.8376612699, 6872435.708217525], [547935.2242595215, 6872200.118887004], [547939.9597234515, 6872129.086928054], [547833.4117850251, 6871795.236720985], [547041.4054427226, 6872066.342030981], [546977.4766796668, 6872275.886309887], [546886.3189990132, 6872443.403346413], [546805.2241792108, 6872551.727083813], [546656.0570654139, 6872692.015202741], [546585.025106463, 6872742.9214399895], [546469.0062401765, 6872811.585666975], [546451.4455614359, 6872818.6888628695], [546370.1534306366, 6873045.991131512]]]}}, {"type": "Feature", "properties": {"code": "BA3", "joden": 58, "niet_joden": 1352, "tot_pop": 1410}, "geometry": {"type": "Polygon", "coordinates": [[[546469.0062401765, 6872811.585666975], [546585.025106463, 6872742.9214399895], [546656.0570654139, 6872692.015202741], [546805.2241792108, 6872551.727083813], [546886.3189990132, 6872443.403346413], [546977.4766796668, 6872275.886309887], [547041.4054427226, 6872066.342030981], [547833.4117850251, 6871795.236720985], [547586.5757276709, 6871021.580301411], [547482.3955212096, 6870888.98731137], [546823.9687239341, 6871294.658721378], [546891.8437069317, 6871409.099099687], [546866.5878993047, 6871428.04095541], [546888.6867309783, 6871521.171746034], [546880.7942910949, 6871596.939168915], [546469.0062401765, 6872811.585666975]]]}}, {"type": "Feature", "properties": {"code": "NA3", "joden": 31, "niet_joden": 2429, "tot_pop": 2460}, "geometry": {"type": "Polygon", "coordinates": [[[547482.3955212096, 6870888.98731137], [547586.5757276709, 6871021.580301411], [547833.4117850251, 6871795.236720985], [547939.9597234515, 6872129.086928054], [547816.8376612699, 6872435.708217525], [547776.5862178644, 6872541.072289969], [547812.1021973399, 6872597.89785713], [547859.4568366407, 6872619.010133821], [547953.5741822505, 6872456.42587222], [548057.7543887119, 6872174.665768381], [548247.1729459142, 6871087.876796433], [548285.0566573547, 6870898.45823923], [548270.8502655645, 6870754.026589363], [548221.1278942989, 6870597.756279671], [548318.204904865, 6870664.052774692], [548436.5915031165, 6870673.523702552], [548512.3589259975, 6870645.110918971], [548777.5449060809, 6870469.898753559], [548599.9650087036, 6870192.87411365], [548110.1404584391, 6870495.647838664], [547482.3955212096, 6870888.98731137]]]}}, {"type": "Feature", "properties": {"code": "BD", "joden": 6, "niet_joden": 734, "tot_pop": 740}, "geometry": {"type": "Polygon", "coordinates": [[[548244.2132809581, 6871990.377297107], [548169.0377910681, 6871838.447829345], [548154.8313992779, 6871734.267622883], [548263.7470696693, 6871180.218343067], [548616.5391324587, 6871244.147106122], [548616.5391324587, 6871173.115147172], [548410.5464515012, 6871130.495971801], [548247.1729459142, 6871087.876796433], [548057.7543887119, 6872174.665768381], [547953.5741822505, 6872456.42587222], [547859.4568366407, 6872619.010133821], [547933.645771545, 6872665.575529133], [547964.4262870904, 6872712.930168433], [547966.3993970614, 6872629.664927665], [548089.5214592428, 6872266.612693028], [548171.6028340305, 6872097.714479522], [548244.2132809581, 6871990.377297107]]]}}, {"type": "Feature", "properties": {"code": "BF", "joden": 47, "niet_joden": 4513, "tot_pop": 4560}, "geometry": {"type": "Polygon", "coordinates": [[[548244.2132809581, 6871990.377297107], [548312.877507944, 6871905.1389463665], [548394.1696387434, 6871842.788671287], [548552.8076804004, 6871777.281420254], [549210.8398556813, 6871521.1717460295], [549215.5753196114, 6871499.862158345], [549165.8529483457, 6871438.301127254], [549183.0190050921, 6871403.969013762], [549209.0640567073, 6871422.910869482], [549241.6203712266, 6871383.251359068], [549246.3558351566, 6871349.511178566], [549258.786427973, 6871347.7353795925], [549262.9299589118, 6871325.833858916], [549250.4993660954, 6871323.46612695], [549246.9477681478, 6871299.196874309], [549043.9147521466, 6871300.972673283], [548616.5391324587, 6871244.147106122], [548263.7470696693, 6871180.218343067], [548154.8313992779, 6871734.267622883], [548169.0377910681, 6871838.447829345], [548244.2132809581, 6871990.377297107]]]}}, {"type": "Feature", "properties": {"code": "NB1", "joden": 2, "niet_joden": 1588, "tot_pop": 1590}, "geometry": {"type": "Polygon", "coordinates": [[[548552.8076804004, 6871777.281420254], [548548.8614604587, 6871838.053207357], [549069.7624927653, 6871631.27128241], [549106.0677162291, 6871662.841041944], [549165.2610153549, 6871594.176814958], [549391.7740400095, 6871646.266918189], [549458.2678460277, 6871566.355964365], [549411.5051397176, 6871522.355612012], [549405.585809805, 6871489.207364501], [549424.5276655252, 6871463.162312887], [549520.420810109, 6871435.933395288], [549660.1169960457, 6871362.533704373], [549754.8262746469, 6871269.008291755], [549790.3422541224, 6871247.6987040695], [550006.9897289226, 6871216.9181885235], [550034.2186465205, 6871200.344064768], [550139.5827189642, 6871148.253961537], [550239.0274614955, 6871026.315765338], [550400.0332351176, 6870909.113033068], [550525.5230292642, 6870742.187929534], [550804.9154011377, 6870396.49906264], [550929.2213293018, 6870378.741072902], [551104.433494714, 6870332.570299584], [551109.168958644, 6870342.041227444], [551142.3172061545, 6870337.305763514], [551156.5235979446, 6870325.467103689], [551192.0395774201, 6870330.202567619], [551190.8557114376, 6870308.892979934], [551105.6173606965, 6870294.686588144], [550943.427721092, 6870339.673495479], [550834.5120507006, 6870347.9605573565], [550789.525143365, 6870374.005608972], [550505.3973075614, 6870696.017156216], [550349.1269978695, 6870894.906641278], [550131.2956570867, 6871084.325198481], [550027.1154506254, 6871143.518497607], [549980.9446773073, 6871158.90875538], [549906.3611204089, 6871169.5635492215], [549881.499934776, 6871067.751074726], [549905.1772544263, 6871059.464012848], [549889.7869966537, 6871000.270713722], [549707.4716353463, 6871110.370250097], [549403.2180778399, 6871162.460353328], [549371.2536963121, 6871070.118806692], [549303.7733353088, 6871089.060662412], [549323.8990570115, 6871184.953806996], [549313.2442631688, 6871205.079528699], [549249.3155001131, 6871220.469786471], [548992.4165819073, 6871213.366590575], [548616.5391324587, 6871173.115147172], [548616.5391324587, 6871244.147106122], [549043.9147521466, 6871300.972673283], [549246.9477681478, 6871299.196874309], [549250.4993660954, 6871323.46612695], [549262.9299589118, 6871325.833858916], [549258.786427973, 6871347.7353795925], [549246.3558351566, 6871349.511178566], [549241.6203712266, 6871383.251359068], [549209.0640567073, 6871422.910869482], [549183.0190050921, 6871403.969013762], [549165.8529483457, 6871438.301127254], [549215.5753196114, 6871499.862158345], [549210.8398556813, 6871521.1717460295], [548552.8076804004, 6871777.281420254]]]}}, {"type": "Feature", "properties": {"code": "NB3", "joden": 0, "niet_joden": 160, "tot_pop": 160}, "geometry": {"type": "Polygon", "coordinates": [[[549405.585809805, 6871489.207364501], [549411.5051397176, 6871522.355612012], [549458.2678460277, 6871566.355964365], [549928.6572630804, 6871831.541944449], [550310.651353438, 6871643.701875215], [550034.2186465205, 6871200.344064768], [550006.9897289226, 6871216.9181885235], [549790.3422541224, 6871247.6987040695], [549754.8262746469, 6871269.008291755], [549660.1169960457, 6871362.533704373], [549520.420810109, 6871435.933395288], [549424.5276655252, 6871463.162312887], [549405.585809805, 6871489.207364501]]]}}, {"type": "Feature", "properties": {"code": "NB2", "joden": 29, "niet_joden": 4171, "tot_pop": 4200}, "geometry": {"type": "Polygon", "coordinates": [[[550034.2186465205, 6871200.344064768], [550310.651353438, 6871643.701875215], [551393.4941054458, 6871114.908403034], [551317.5293715673, 6871061.535778312], [551293.852051917, 6871002.342479186], [551192.0395774201, 6870330.202567619], [551156.5235979446, 6870325.467103689], [551142.3172061545, 6870337.305763514], [551109.168958644, 6870342.041227444], [551104.433494714, 6870332.570299584], [550804.9154011377, 6870396.49906264], [550525.5230292642, 6870742.187929534], [550400.0332351176, 6870909.113033068], [550239.0274614955, 6871026.315765338], [550139.5827189642, 6871148.253961537], [550034.2186465205, 6871200.344064768]]]}}, {"type": "Feature", "properties": {"code": "RB", "joden": 0, "niet_joden": 620, "tot_pop": 620}, "geometry": {"type": "Polygon", "coordinates": [[[551190.8557114376, 6870308.892979934], [551192.0395774201, 6870330.202567619], [551293.852051917, 6871002.342479186], [551317.5293715673, 6871061.535778312], [551393.4941054458, 6871114.908403034], [551691.8283330395, 6871242.371307152], [551694.9853089929, 6871280.255018593], [551720.635738614, 6871308.667802173], [551790.0892095882, 6871331.16125584], [551861.9104125274, 6871405.744812739], [551871.3813403875, 6871445.996256145], [551896.6371480145, 6871475.987527702], [551951.8842271985, 6871498.4809813695], [552003.1850864408, 6871524.526032984], [552063.1676295549, 6871559.252768472], [552060.0106536015, 6871603.450431819], [552171.6886779515, 6871682.769452647], [552170.504811969, 6871705.262906315], [552175.2402758991, 6871726.572494], [552227.3303791297, 6871764.456205441], [552285.3398122729, 6871872.188009849], [552346.9008433637, 6871929.01357701], [552449.8971838425, 6871965.713422468], [552483.0454313529, 6872005.964865874], [552539.8709985137, 6871997.677803996], [552593.1449677269, 6872029.642185522], [552623.9254832723, 6872029.642185522], [552661.8091947128, 6872040.296979365], [552698.5090401707, 6872086.467752683], [552820.4472363697, 6872103.041876438], [553151.929711474, 6872196.567289057], [553317.6709490261, 6872230.8994025495], [553393.4383719071, 6872211.95754683], [553247.2309230672, 6868086.480564251], [553003.354530669, 6868300.760307086], [553003.354530669, 6868318.518296824], [552945.3450975259, 6868369.424534071], [552950.0805614559, 6868388.3663897915], [552918.1161799281, 6868412.043709442], [552903.9097881379, 6868394.285719705], [552291.8510751775, 6868917.554483976], [552261.0705596321, 6868917.554483976], [552101.2486519928, 6869061.986133843], [552097.6970540452, 6869086.847319475], [552042.055352867, 6869131.834226811], [552036.1360229544, 6869202.866185762], [552004.1716414265, 6869250.220825063], [552018.3780332167, 6869272.7142787315], [552047.9746827796, 6869286.920670521], [552042.055352867, 6869304.67866026], [552063.3649405523, 6869324.804381962], [552115.455043783, 6869321.252784015], [552158.0742191535, 6869341.378505718], [552195.957930594, 6869395.836340914], [552154.8185877019, 6869423.657191491], [552116.6389097655, 6869455.029640039], [552121.3743736956, 6869492.91335148], [552143.8678273633, 6869530.79706292], [552179.3838068388, 6869549.738918641], [552223.4828146878, 6869515.406805142], [552272.9092194575, 6869481.074691654], [552526.2565397156, 6869818.47649667], [552519.1533438205, 6869853.992476146], [551958.0008681085, 6870228.094126621], [551759.1113830459, 6870303.861549502], [551484.4544751024, 6870322.8034052225], [551299.7713818301, 6870329.906601117], [551190.8557114376, 6870308.892979934]]]}}, {"type": "Feature", "properties": {"code": "NA1", "joden": 0, "niet_joden": 10, "tot_pop": 10}, "geometry": {"type": "Polygon", "coordinates": [[[548777.5449060809, 6870469.898753559], [548512.3589259975, 6870645.110918971], [548436.5915031165, 6870673.523702552], [548318.204904865, 6870664.052774692], [548221.1278942989, 6870597.756279671], [548270.8502655645, 6870754.026589363], [548285.0566573547, 6870898.45823923], [548247.1729459142, 6871087.876796433], [548616.5391324587, 6871173.115147172], [548992.4165819073, 6871213.366590575], [549249.3155001131, 6871220.469786471], [549313.2442631688, 6871205.079528699], [549323.8990570115, 6871184.953806996], [549303.7733353088, 6871089.060662412], [549371.2536963121, 6871070.118806692], [549403.2180778399, 6871162.460353328], [549707.4716353463, 6871110.370250097], [549889.7869966537, 6871000.270713722], [549725.5255915805, 6870342.337193933], [549287.49517805, 6870455.988328255], [549236.5889408019, 6870254.731111228], [549210.5438891866, 6870226.318327648], [549127.6732704105, 6870240.524719438], [549025.8607959142, 6870321.027606249], [548777.5449060809, 6870469.898753559]]]}}, {"type": "Feature", "properties": {"code": "RA", "joden": 0, "niet_joden": 200, "tot_pop": 200}, "geometry": {"type": "Polygon", "coordinates": [[[549725.5255915805, 6870342.337193933], [549889.7869966537, 6871000.270713722], [549905.1772544263, 6871059.464012848], [549881.499934776, 6871067.751074726], [549906.3611204089, 6871169.5635492215], [549980.9446773073, 6871158.90875538], [550027.1154506254, 6871143.518497607], [550131.2956570867, 6871084.325198481], [550349.1269978695, 6870894.906641278], [550505.3973075614, 6870696.017156216], [550789.525143365, 6870374.005608972], [550834.5120507006, 6870347.9605573565], [550943.427721092, 6870339.673495479], [551105.6173606965, 6870294.686588144], [551190.8557114376, 6870308.892979934], [551299.7713818301, 6870329.906601117], [551759.1113830459, 6870303.861549502], [551958.0008681085, 6870228.094126621], [552519.1533438205, 6869853.992476146], [552526.2565397156, 6869818.47649667], [552272.9092194575, 6869481.074691654], [552223.4828146878, 6869515.406805142], [552288.0035107349, 6869623.7305425415], [552212.236087854, 6869687.659305597], [552156.5943866757, 6869778.816986251], [551752.8960866381, 6869922.064770135], [551523.2260860301, 6869930.351832012], [551395.3685599185, 6869927.984100047], [551261.5917038943, 6869880.629460746], [551132.5503118002, 6869860.503739043], [551050.8635590066, 6869875.893996816], [549619.5695861459, 6869941.006625854], [549725.5255915805, 6870342.337193933]]]}}, {"type": "Feature", "properties": {"code": "NA2", "joden": 0, "niet_joden": 10, "tot_pop": 10}, "geometry": {"type": "Polygon", "coordinates": [[[548599.9650087036, 6870192.87411365], [548777.5449060809, 6870469.898753559], [549025.8607959142, 6870321.027606249], [549127.6732704105, 6870240.524719438], [549210.5438891866, 6870226.318327648], [549236.5889408019, 6870254.731111228], [549287.49517805, 6870455.988328255], [549725.5255915805, 6870342.337193933], [549619.5695861459, 6869941.006625854], [549531.9635034399, 6869603.604820838], [548599.9650087036, 6870192.87411365]]]}}, {"type": "Feature", "properties": {"code": "WW2", "joden": 120, "niet_joden": 5070, "tot_pop": 5190}, "geometry": {"type": "Polygon", "coordinates": [[[546406.4586541004, 6871551.163017587], [546823.9687239341, 6871294.658721378], [547482.3955212096, 6870888.98731137], [547041.1094762281, 6870370.749977508], [546927.4583419068, 6870631.200493661], [546558.6840883531, 6870782.143406431], [546547.4373615192, 6870773.264411563], [546163.8647831844, 6870924.799257325], [546113.649134425, 6870925.292534831], [546123.9093062734, 6871016.844837478], [546159.4252857489, 6871128.917483822], [546191.784289271, 6871195.213978844], [546406.4586541004, 6871551.163017587]]]}}, {"type": "Feature", "properties": {"code": "XX2", "joden": 119, "niet_joden": 7461, "tot_pop": 7580}, "geometry": {"type": "Polygon", "coordinates": [[[547041.1094762281, 6870370.749977508], [547482.3955212096, 6870888.98731137], [548110.1404584391, 6870495.647838664], [547972.8120044675, 6870257.098843186], [547593.9748900626, 6870160.02183262], [547428.2336525104, 6870048.7384302635], [547217.5055076228, 6869802.4943059], [547103.8543733014, 6869717.25595516], [546940.4808677143, 6869679.372243719], [546857.6102489382, 6869679.372243719], [546710.8108671064, 6869717.25595516], [546564.0114852745, 6869797.758841971], [547041.1094762281, 6870370.749977508]]]}}, {"type": "Feature", "properties": {"code": "XX1", "joden": 3, "niet_joden": 237, "tot_pop": 240}, "geometry": {"type": "Polygon", "coordinates": [[[547972.8120044675, 6870257.098843186], [548110.1404584391, 6870495.647838664], [548599.9650087036, 6870192.87411365], [549531.9635034399, 6869603.604820838], [549518.9409776322, 6869546.187320685], [548766.0022127527, 6869536.716392825], [548533.9644801797, 6869498.832681385], [548382.4296344178, 6869418.329794574], [548311.3976754668, 6869352.033299552], [546928.6422078894, 6869056.066803923], [546606.6306606452, 6868985.034844972], [546134.2681336218, 6869072.640927678], [546053.7652468107, 6869095.726314335], [546004.0428755451, 6869120.587499969], [546564.0114852745, 6869797.758841971], [546710.8108671064, 6869717.25595516], [546857.6102489382, 6869679.372243719], [546940.4808677143, 6869679.372243719], [547103.8543733014, 6869717.25595516], [547217.5055076228, 6869802.4943059], [547428.2336525104, 6870048.7384302635], [547593.9748900626, 6870160.02183262], [547972.8120044675, 6870257.098843186]]]}}, {"type": "Feature", "properties": {"code": "IJIJ", "joden": null, "niet_joden": null, "tot_pop": null}, "geometry": {"type": "Polygon", "coordinates": [[[546928.6422078894, 6869056.066803923], [548311.3976754668, 6869352.033299552], [548382.4296344178, 6869418.329794574], [548533.9644801797, 6869498.832681385], [548766.0022127527, 6869536.716392825], [549518.9409776322, 6869546.187320685], [549531.9635034399, 6869603.604820838], [549619.5695861459, 6869941.006625854], [551132.5503118002, 6869860.503739043], [551261.5917038943, 6869880.629460746], [551395.3685599185, 6869927.984100047], [551752.8960866381, 6869922.064770135], [552156.5943866757, 6869778.816986251], [552212.236087854, 6869687.659305597], [552288.0035107349, 6869623.7305425415], [552223.4828146878, 6869515.406805142], [552179.3838068388, 6869549.738918641], [552121.3743736956, 6869492.91335148], [552116.6389097655, 6869455.029640039], [552154.8185877019, 6869423.657191491], [552113.3832783139, 6869378.966250651], [552038.50375492, 6869376.894485184], [551975.1669248552, 6869344.930103657], [551955.0412031525, 6869289.288402478], [551955.0412031525, 6869194.579123877], [551937.2832134147, 6869191.02752593], [551924.2606876071, 6869146.040618594], [551925.4445535896, 6869095.134381346], [551745.4969242472, 6868845.338659036], [551702.8777488767, 6868865.464380738], [551508.7237277443, 6868602.64613262], [551528.849449447, 6868582.520410918], [551443.6110987059, 6868440.456493015], [550189.8970232225, 6868220.257420268], [549955.4915586846, 6868227.360616162], [548859.8235918669, 6868516.815848889], [546928.6422078894, 6869056.066803923]]]}}, {"type": "Feature", "properties": {"code": "WW3", "joden": 48, "niet_joden": 2962, "tot_pop": 3010}, "geometry": {"type": "Polygon", "coordinates": [[[546113.649134425, 6870925.292534831], [546163.8647831844, 6870924.799257325], [546547.4373615192, 6870773.264411563], [546558.6840883531, 6870782.143406431], [546927.4583419068, 6870631.200493661], [547041.1094762281, 6870370.749977508], [546564.0114852745, 6869797.758841971], [546004.0428755451, 6869120.587499969], [545511.5546268185, 6869418.033828073], [545450.6841842164, 6869495.971671939], [546152.3220898539, 6870022.397412166], [546256.5022963153, 6870251.278168785], [546263.6054922104, 6870303.368272016], [546116.01686639, 6870810.062912533], [546113.649134425, 6870925.292534831]]]}}, {"type": "Feature", "properties": {"code": "SA2", "joden": 11, "niet_joden": 3509, "tot_pop": 3520}, "geometry": {"type": "Polygon", "coordinates": [[[542951.5430951273, 6871343.5918486575], [543015.471858183, 6871261.51047387], [543026.5212740198, 6871233.097690289], [543059.7681770297, 6871077.813935559], [542620.5538975166, 6870855.247130847], [542410.910963112, 6871012.8986175405], [542462.2118223544, 6871076.038136609], [542853.6768405727, 6871263.878205834], [542951.5430951273, 6871343.5918486575]]]}}, {"type": "Feature", "properties": {"code": "SA3", "joden": 27, "niet_joden": 6743, "tot_pop": 6770}, "geometry": {"type": "Polygon", "coordinates": [[[542620.5538975166, 6870855.247130847], [542863.2464239324, 6870680.034965437], [542989.9200840615, 6870589.469217774], [542953.8121715947, 6870662.276975699], [543227.877146547, 6870796.0538317235], [543289.4381776378, 6870777.111976003], [543308.380033358, 6870738.044398579], [543741.6749829586, 6870642.151253995], [543855.2274617803, 6871028.68349731], [543799.585760602, 6871039.338291152], [543774.7245749693, 6871076.827380597], [543026.5212740198, 6871233.097690289], [543059.7681770297, 6871077.813935559], [542620.5538975166, 6870855.247130847]]]}}, {"type": "Feature", "properties": {"code": "VV2", "joden": 29, "niet_joden": 3651, "tot_pop": 3680}, "geometry": {"type": "Polygon", "coordinates": [[[543741.6749829586, 6870642.151253995], [543855.2274617803, 6871028.68349731], [543869.8284755646, 6871072.881160657], [544486.622652455, 6870952.126830438], [544541.9683871386, 6870756.986254298], [544456.7300363975, 6870733.308934648], [544456.7300363975, 6870655.173779801], [543913.9274834143, 6870602.787710074], [543895.5775606853, 6870601.3078775965], [543878.1155374432, 6870605.1554420395], [543741.6749829586, 6870642.151253995]]]}}, {"type": "Feature", "properties": {"code": "SA4", "joden": 16, "niet_joden": 3244, "tot_pop": 3260}, "geometry": {"type": "Polygon", "coordinates": [[[542989.9200840615, 6870589.469217774], [542953.8121715947, 6870662.276975699], [543227.877146547, 6870796.0538317235], [543289.4381776378, 6870777.111976003], [543308.380033358, 6870738.044398579], [543741.6749829586, 6870642.151253995], [543690.176812719, 6870470.194720033], [543590.7320701877, 6870222.174796695], [543546.9290288347, 6870248.219848311], [543546.9290288347, 6870268.345570013], [543442.7488223733, 6870327.538869139], [543388.2909871776, 6870335.825931016], [543097.059955479, 6870506.302632499], [542989.9200840615, 6870589.469217774]]]}}, {"type": "Feature", "properties": {"code": "UU4", "joden": 1, "niet_joden": 679, "tot_pop": 680}, "geometry": {"type": "Polygon", "coordinates": [[[543590.7320701877, 6870222.174796695], [543690.176812719, 6870470.194720033], [543741.6749829586, 6870642.151253995], [543878.1155374432, 6870605.1554420395], [543705.5670704916, 6870165.941162524], [543590.7320701877, 6870222.174796695]]]}}, {"type": "Feature", "properties": {"code": "UU2", "joden": 3, "niet_joden": 927, "tot_pop": 930}, "geometry": {"type": "Polygon", "coordinates": [[[543705.5670704916, 6870165.941162524], [543891.4340297466, 6870007.303120867], [543915.1113493969, 6870364.830647587], [543886.6985658165, 6870364.830647587], [543913.9274834143, 6870602.787710074], [543895.5775606853, 6870601.3078775965], [543878.1155374432, 6870605.1554420395], [543705.5670704916, 6870165.941162524]]]}}, {"type": "Feature", "properties": {"code": "VV1", "joden": 15, "niet_joden": 1395, "tot_pop": 1410}, "geometry": {"type": "Polygon", "coordinates": [[[543891.4340297466, 6870007.303120867], [543915.1113493969, 6870364.830647587], [543886.6985658165, 6870364.830647587], [543913.9274834143, 6870602.787710074], [544456.7300363975, 6870655.173779801], [544453.7703714413, 6870277.22456488], [544415.8866600008, 6869630.833738427], [544404.0480001756, 6869607.156418778], [544229.4277677546, 6869698.314099432], [543891.4340297466, 6870007.303120867]]]}}, {"type": "Feature", "properties": {"code": "VV3", "joden": 0, "niet_joden": 60, "tot_pop": 60}, "geometry": {"type": "Polygon", "coordinates": [[[544415.8866600008, 6869630.833738427], [544453.7703714413, 6870277.22456488], [544456.7300363975, 6870655.173779801], [544456.7300363975, 6870733.308934648], [544541.9683871386, 6870756.986254298], [544486.622652455, 6870952.126830438], [544476.3624806065, 6870998.692225751], [544820.4728595242, 6871091.033772387], [545114.4662451821, 6869919.79569368], [545155.8028990725, 6869865.239202962], [544811.889831152, 6869711.336625237], [544415.8866600008, 6869630.833738427]]]}}, {"type": "Feature", "properties": {"code": "TT2", "joden": 0, "niet_joden": 10, "tot_pop": 10}, "geometry": {"type": "Polygon", "coordinates": [[[544404.0480001756, 6869607.156418778], [544366.7562217264, 6869545.2994211875], [544409.375397097, 6869517.182604102], [544430.093051791, 6869483.442423601], [544937.3796252985, 6869172.085670199], [544958.6892129838, 6869172.085670199], [545008.4115842495, 6869143.672886618], [545310.1987542913, 6869668.0268613985], [545155.8028990725, 6869865.239202962], [544811.889831152, 6869711.336625237], [544415.8866600008, 6869630.833738427], [544404.0480001756, 6869607.156418778]]]}}, {"type": "Feature", "properties": {"code": "L2", "joden": 1, "niet_joden": 69, "tot_pop": 70}, "geometry": {"type": "Polygon", "coordinates": [[[545008.4115842495, 6869143.672886618], [545310.1987542913, 6869668.0268613985], [545450.6841842164, 6869495.971671939], [545511.5546268185, 6869418.033828073], [546004.0428755451, 6869120.587499969], [546053.7652468107, 6869095.726314335], [546134.2681336218, 6869072.640927678], [545806.9291894557, 6868498.46592615], [545764.3100140851, 6868548.188297415], [545631.7170240436, 6868614.484792436], [545510.962693827, 6868628.691184226], [545442.2984668411, 6868597.91066868], [545262.3508374988, 6868829.948401254], [544949.8102181149, 6869073.824793652], [545008.4115842495, 6869143.672886618]]]}}, {"type": "Feature", "properties": {"code": "SR", "joden": 3, "niet_joden": 837, "tot_pop": 840}, "geometry": {"type": "Polygon", "coordinates": [[[538727.5092695134, 6870766.654493179], [538865.6269674735, 6870691.676314287], [538973.7533938766, 6870665.631262671], [539122.1312636852, 6870652.21411487], [539195.530954601, 6870631.693771173], [539252.3565217617, 6870596.177791698], [539290.2402332022, 6870555.926348292], [539328.9131886311, 6870494.365317201], [539337.5948725028, 6870419.387138309], [539347.065800363, 6870375.189474962], [539385.7387557918, 6870342.041227451], [539416.5192713372, 6870336.516519533], [539451.2460068243, 6870349.144423346], [539480.448034393, 6870413.86243039], [539508.071573985, 6870588.285351814], [539560.1616772157, 6870667.998994636], [539655.6601998052, 6870739.030953586], [539743.2662825113, 6870779.282396992], [540605.9099617706, 6871038.943669156], [540675.3634327449, 6871068.934940713], [540790.593055043, 6871108.39714013], [540871.8851858424, 6871166.801195268], [540985.5363201639, 6871179.429099081], [541097.6089665086, 6871221.259030464], [541209.6816128534, 6871249.671814044], [541666.6538821042, 6871327.80696889], [541841.8660475165, 6871367.269168308], [541881.624213429, 6871387.394890011], [542210.4429900729, 6871147.859339547], [542410.910963112, 6871012.8986175405], [542620.5538975166, 6870855.247130847], [542863.2464239324, 6870680.034965437], [542816.4837176229, 6870610.482838954], [542579.7105211199, 6870645.998818429], [542307.4213451415, 6870615.218302884], [542056.4417568482, 6870529.9799521435], [541864.6554676808, 6870432.902941577], [541701.2819620938, 6870347.664590836], [541545.0116524018, 6870279.00036385], [541455.0378377306, 6870238.748920444], [541488.186085241, 6870103.788198438], [541098.6941769937, 6870101.420466472], [539414.6448168661, 6870056.433559137], [539296.2582186146, 6870052.88196119], [538729.7783459813, 6870042.819100339], [538112.7050078082, 6870022.835506506], [538132.7405781391, 6870332.476138894], [538595.3801112359, 6870770.98191682], [538632.7191286708, 6870795.115671991], [538662.317130296, 6870797.847795218], [538727.5092695134, 6870766.654493179]]]}}, {"type": "Feature", "properties": {"code": "SA5", "joden": 0, "niet_joden": 30, "tot_pop": 30}, "geometry": {"type": "Polygon", "coordinates": [[[541488.186085241, 6870103.788198438], [541455.0378377306, 6870238.748920444], [541701.2819620938, 6870347.664590836], [541864.6554676808, 6870432.902941577], [542056.4417568482, 6870529.9799521435], [542307.4213451415, 6870615.218302884], [542579.7105211199, 6870645.998818429], [542816.4837176229, 6870610.482838954], [542863.2464239324, 6870680.034965437], [542989.9200840615, 6870589.469217774], [543097.059955479, 6870506.302632499], [543388.2909871776, 6870335.825931016], [543442.7488223733, 6870327.538869139], [543546.9290288347, 6870268.345570013], [543546.9290288347, 6870248.219848311], [543590.7320701877, 6870222.174796695], [543536.2742349925, 6870109.115595359], [543380.0039253006, 6870154.102502695], [542688.6261915118, 6870132.79291501], [542499.2076343093, 6870128.05745108], [542297.9504172817, 6870125.689719114], [542080.119076499, 6870125.689719114], [541488.186085241, 6870103.788198438]]]}}, {"type": "Feature", "properties": {"code": "ZZ3", "joden": 0, "niet_joden": 20, "tot_pop": 20}, "geometry": {"type": "Polygon", "coordinates": [[[553247.2309230672, 6868086.480564251], [553210.8270441055, 6866881.896927024], [551714.4204422064, 6866862.955071304], [551586.5629160948, 6867701.132186925], [551546.3114726894, 6867765.06094998], [551426.7410084553, 6868404.348580537], [551443.6110987059, 6868440.456493015], [551528.849449447, 6868582.520410918], [551508.7237277443, 6868602.64613262], [551702.8777488767, 6868865.464380738], [551745.4969242472, 6868845.338659036], [551925.4445535896, 6869095.134381346], [551924.2606876071, 6869146.040618594], [551937.2832134147, 6869191.02752593], [551955.0412031525, 6869194.579123877], [551955.0412031525, 6869289.288402478], [551975.1669248552, 6869344.930103657], [552038.50375492, 6869376.894485184], [552113.3832783139, 6869378.966250651], [552154.8185877019, 6869423.657191491], [552195.957930594, 6869395.836340914], [552158.0742191535, 6869341.378505718], [552115.455043783, 6869321.252784015], [552063.3649405523, 6869324.804381962], [552042.055352867, 6869304.67866026], [552047.9746827796, 6869286.920670521], [552018.3780332167, 6869272.7142787315], [552004.1716414265, 6869250.220825063], [552036.1360229544, 6869202.866185762], [552042.055352867, 6869131.834226811], [552097.6970540452, 6869086.847319475], [552101.2486519928, 6869061.986133843], [552261.0705596321, 6868917.554483976], [552291.8510751775, 6868917.554483976], [552903.9097881379, 6868394.285719705], [552918.1161799281, 6868412.043709442], [552950.0805614559, 6868388.3663897915], [552945.3450975259, 6868369.424534071], [553003.354530669, 6868318.518296824], [553003.354530669, 6868300.760307086], [553247.2309230672, 6868086.480564251]]]}}, {"type": "Feature", "properties": {"code": "ZZ1", "joden": 5, "niet_joden": 75, "tot_pop": 80}, "geometry": {"type": "Polygon", "coordinates": [[[551546.3114726894, 6867765.06094998], [551495.4052354412, 6867703.499918886], [551538.0244108116, 6867241.792185706], [551521.4502870565, 6867117.486257542], [551465.8085858782, 6867035.799504749], [551384.1218330847, 6866989.6287314305], [551298.8834823436, 6866973.054607675], [551236.1385852704, 6866976.606205623], [551129.590646844, 6867003.83512322], [551013.5717805575, 6867065.3961543115], [550950.8268834843, 6867072.499350207], [550437.0290470727, 6867081.970278067], [549855.7508496578, 6867068.947752258], [549854.5669836754, 6867048.8220305545], [549344.3207452113, 6867047.638164572], [549228.3018789248, 6867023.960844922], [549214.0954871346, 6866984.893267499], [549214.0954871346, 6866886.63239095], [549191.6020334669, 6866855.851875405], [549154.9021880089, 6866841.645483615], [549031.7801258273, 6866839.27775165], [549019.9414660021, 6866795.474710297], [549859.3024476054, 6866814.416566016], [550592.1154907822, 6866827.439091824], [551714.4204422064, 6866862.955071304], [551586.5629160948, 6867701.132186925], [551546.3114726894, 6867765.06094998]]]}}, {"type": "Feature", "properties": {"code": "ZZ2", "joden": 7, "niet_joden": 323, "tot_pop": 330}, "geometry": {"type": "Polygon", "coordinates": [[[548859.8235918669, 6868516.815848889], [549955.4915586846, 6868227.360616162], [550189.8970232225, 6868220.257420268], [551443.6110987059, 6868440.456493015], [551426.7410084553, 6868404.348580537], [551546.3114726894, 6867765.06094998], [551495.4052354412, 6867703.499918886], [551538.0244108116, 6867241.792185706], [551521.4502870565, 6867117.486257542], [551465.8085858782, 6867035.799504749], [551384.1218330847, 6866989.6287314305], [551298.8834823436, 6866973.054607675], [551236.1385852704, 6866976.606205623], [551129.590646844, 6867003.83512322], [551013.5717805575, 6867065.3961543115], [550950.8268834843, 6867072.499350207], [549855.7508496578, 6867068.947752258], [549854.5669836754, 6867048.8220305545], [549344.3207452113, 6867047.638164572], [549228.3018789248, 6867023.960844922], [549214.0954871346, 6866984.893267499], [549214.0954871346, 6866886.63239095], [549191.6020334669, 6866855.851875405], [549031.7801258273, 6866839.27775165], [549095.7088888831, 6867032.247906798], [549117.0184765684, 6867302.169350811], [549121.7539404985, 6867441.8655367475], [549050.7219815475, 6867628.916361986], [548998.6318783169, 6867718.890176657], [548920.496723471, 6867813.599455258], [548813.9487850446, 6867898.8378059985], [548906.2903316808, 6868230.320281103], [548797.3746612894, 6868259.324997676], [548859.8235918669, 6868516.815848889]]]}}, {"type": "Feature", "properties": {"code": "U2", "joden": 0, "niet_joden": 90, "tot_pop": 90}, "geometry": {"type": "Polygon", "coordinates": [[[548859.8235918669, 6868516.815848889], [548797.3746612894, 6868259.324997676], [548906.2903316808, 6868230.320281103], [548813.9487850446, 6867898.8378059985], [548482.4663099403, 6868043.86138886], [548364.0797116889, 6868112.525615846], [548198.3384741368, 6868193.028502657], [548044.4358964098, 6868254.589533748], [547180.2137291739, 6868467.6854106], [546780.0670270837, 6868024.91953314], [546606.6306606452, 6868985.034844972], [546928.6422078894, 6869056.066803923], [548859.8235918669, 6868516.815848889]]]}}, {"type": "Feature", "properties": {"code": "U1", "joden": 0, "niet_joden": 100, "tot_pop": 100}, "geometry": {"type": "Polygon", "coordinates": [[[545806.9291894557, 6868498.46592615], [546134.2681336218, 6869072.640927678], [546606.6306606452, 6868985.034844972], [546780.0670270837, 6868024.91953314], [546563.4195522835, 6867786.962470655], [546511.9213820441, 6867733.688501442], [546439.1136241194, 6867776.899609804], [546478.1812015424, 6867829.581646026], [546461.0151447959, 6867843.788037816], [546412.4766395128, 6867791.697934586], [546372.8171290986, 6867824.846182096], [546332.565685693, 6867863.321826526], [546378.7364590112, 6867922.515125652], [546361.5704022647, 6867936.721517442], [546311.8480309991, 6867879.895950281], [546253.8385978558, 6867931.394120521], [546302.377103139, 6867988.811620672], [546284.6191134012, 6868006.56961041], [546231.345144188, 6867952.703708206], [546172.7437780537, 6868008.345409386], [546219.506484363, 6868066.650809024], [546203.5242935991, 6868079.377368337], [546152.9140228465, 6868024.327600149], [546096.3844221814, 6868076.713669876], [546144.3309944732, 6868134.131170028], [546126.5730047355, 6868153.368992244], [546074.7788680005, 6868098.911157048], [545940.114112489, 6868230.320281107], [545841.4092861961, 6868218.037671536], [545883.1405620801, 6868413.967491647], [545806.9291894557, 6868498.46592615]]]}}, {"type": "Feature", "properties": {"code": "T1", "joden": 67, "niet_joden": 5143, "tot_pop": 5210}, "geometry": {"type": "Polygon", "coordinates": [[[546563.4195522835, 6867786.962470655], [546780.0670270837, 6868024.91953314], [547180.2137291739, 6868467.6854106], [548044.4358964098, 6868254.589533748], [548198.3384741368, 6868193.028502657], [547302.0039421357, 6867305.276999015], [546911.3281679027, 6867539.682463555], [546563.4195522835, 6867786.962470655]]]}}, {"type": "Feature", "properties": {"code": "T2", "joden": 11, "niet_joden": 1159, "tot_pop": 1170}, "geometry": {"type": "Polygon", "coordinates": [[[547302.0039421357, 6867305.276999015], [548198.3384741368, 6868193.028502657], [548364.0797116889, 6868112.525615846], [547477.2161075493, 6867210.567720413], [547302.0039421357, 6867305.276999015]]]}}, {"type": "Feature", "properties": {"code": "T3", "joden": 50, "niet_joden": 2530, "tot_pop": 2580}, "geometry": {"type": "Polygon", "coordinates": [[[547477.2161075493, 6867210.567720413], [548364.0797116889, 6868112.525615846], [548482.4663099403, 6868043.86138886], [548459.8248730446, 6867887.739062417], [547680.8410565435, 6867101.652050021], [547477.2161075493, 6867210.567720413]]]}}, {"type": "Feature", "properties": {"code": "T4", "joden": 30, "niet_joden": 2260, "tot_pop": 2290}, "geometry": {"type": "Polygon", "coordinates": [[[547680.8410565435, 6867101.652050021], [548459.8248730446, 6867887.739062417], [548482.4663099403, 6868043.86138886], [548813.9487850446, 6867898.8378059985], [548920.496723471, 6867813.599455258], [548998.6318783169, 6867718.890176657], [548970.663044504, 6867692.4011753], [548985.4613692856, 6867668.1319226585], [548170.9615733086, 6866832.322538998], [548107.0328102523, 6866857.183724631], [547680.8410565435, 6867101.652050021]]]}}, {"type": "Feature", "properties": {"code": "T5", "joden": 70, "niet_joden": 5090, "tot_pop": 5160}, "geometry": {"type": "Polygon", "coordinates": [[[548170.9615733086, 6866832.322538998], [548985.4613692856, 6867668.1319226585], [548970.663044504, 6867692.4011753], [548998.6318783169, 6867718.890176657], [549121.7539404985, 6867441.8655367475], [549095.7088888831, 6867032.247906798], [549031.7801258273, 6866839.27775165], [549019.9414660021, 6866795.474710297], [548431.412089464, 6866776.68083782], [548355.6446665825, 6866776.68083782], [548289.3481715611, 6866793.254961575], [548170.9615733086, 6866832.322538998]]]}}, {"type": "Feature", "properties": {"code": "HC1", "joden": 0, "niet_joden": 60, "tot_pop": 60}, "geometry": {"type": "Polygon", "coordinates": [[[538729.7783459813, 6870042.819100339], [539296.2582186146, 6870052.88196119], [539336.9536117108, 6868775.046616321], [539142.7995905768, 6868760.840224531], [538542.559062181, 6868919.057722813], [538711.9507022518, 6869645.802501182], [538729.7783459813, 6870042.819100339]]]}}, {"type": "Feature", "properties": {"code": "ST1", "joden": 22, "niet_joden": 3488, "tot_pop": 3510}, "geometry": {"type": "Polygon", "coordinates": [[[539296.2582186146, 6870052.88196119], [539414.6448168661, 6870056.433559137], [540063.8473249809, 6869580.075484438], [540513.7163983402, 6869165.722390554], [540669.9867080334, 6868952.626513699], [540568.1742335364, 6868895.800946538], [540407.168459913, 6869099.425895533], [540359.813820612, 6869078.116307847], [540312.459181311, 6869125.470947148], [540141.9824798275, 6868976.30383335], [539531.1076328448, 6868770.311152391], [539336.9536117108, 6868775.046616321], [539296.2582186146, 6870052.88196119]]]}}, {"type": "Feature", "properties": {"code": "ST2", "joden": 145, "niet_joden": 11825, "tot_pop": 11970}, "geometry": {"type": "Polygon", "coordinates": [[[539414.6448168661, 6870056.433559137], [541098.6941769937, 6870101.420466472], [541108.0171215675, 6869885.512907929], [541207.4618640995, 6869625.062391774], [541314.0098025267, 6869139.677338938], [540786.0055743208, 6869014.187544791], [540669.9867080334, 6868952.626513699], [540513.7163983402, 6869165.722390554], [540063.8473249809, 6869580.075484438], [539414.6448168661, 6870056.433559137]]]}}, {"type": "Feature", "properties": {"code": "SB3", "joden": 1, "niet_joden": 30, "tot_pop": 31}, "geometry": {"type": "Polygon", "coordinates": [[[541098.6941769937, 6870101.420466472], [541488.186085241, 6870103.788198438], [542080.119076499, 6870125.689719114], [542204.2770213851, 6869582.443216404], [541908.310525754, 6869492.469401732], [541967.5038248802, 6869213.077029857], [542127.325732521, 6868489.734914534], [542205.4608873676, 6868458.954398989], [542110.7516087657, 6868281.37450161], [541902.3911958414, 6868347.6709966315], [541750.8563500782, 6868335.832336806], [541518.8186175034, 6868288.477697505], [541314.0098025267, 6869139.677338938], [541207.4618640995, 6869625.062391774], [541108.0171215675, 6869885.512907929], [541098.6941769937, 6870101.420466472]]]}}, {"type": "Feature", "properties": {"code": "SB1", "joden": 23, "niet_joden": 6827, "tot_pop": 6850}, "geometry": {"type": "Polygon", "coordinates": [[[541967.5038248802, 6869213.077029857], [541908.310525754, 6869492.469401732], [542204.2770213851, 6869582.443216404], [542080.119076499, 6870125.689719114], [542297.9504172817, 6870125.689719114], [542302.5378979346, 6869986.141516442], [542480.1177953132, 6869346.85388588], [541967.5038248802, 6869213.077029857]]]}}, {"type": "Feature", "properties": {"code": "SC1", "joden": 22, "niet_joden": 5598, "tot_pop": 5620}, "geometry": {"type": "Polygon", "coordinates": [[[542297.9504172817, 6870125.689719114], [542499.2076343093, 6870128.05745108], [542513.2660428239, 6869860.651722295], [542567.7238780201, 6869768.310175658], [542787.9229507697, 6869555.214298803], [542565.356146055, 6869330.279762124], [542551.1497542647, 6869294.763782648], [542506.1628469288, 6869306.602442473], [542480.1177953132, 6869346.85388588], [542302.5378979346, 6869986.141516442], [542297.9504172817, 6870125.689719114]]]}}, {"type": "Feature", "properties": {"code": "SC2", "joden": 26, "niet_joden": 4664, "tot_pop": 4690}, "geometry": {"type": "Polygon", "coordinates": [[[542499.2076343093, 6870128.05745108], [542513.2660428239, 6869860.651722295], [542567.7238780201, 6869768.310175658], [542787.9229507697, 6869555.214298803], [542565.356146055, 6869330.279762124], [542551.1497542647, 6869294.763782648], [542536.9433624744, 6869195.319040116], [543138.3472815969, 6869441.563164481], [543117.0376939115, 6869505.491927538], [542913.4127449172, 6869692.542752776], [542719.2587237832, 6869884.329041946], [542697.9491360978, 6869934.051413212], [542688.6261915118, 6870132.79291501], [542499.2076343093, 6870128.05745108]]]}}, {"type": "Feature", "properties": {"code": "SD1", "joden": 13, "niet_joden": 4127, "tot_pop": 4140}, "geometry": {"type": "Polygon", "coordinates": [[[542688.6261915118, 6870132.79291501], [543380.0039253006, 6870154.102502695], [542913.4127449172, 6869692.542752776], [542719.2587237832, 6869884.329041946], [542697.9491360978, 6869934.051413212], [542688.6261915118, 6870132.79291501]]]}}, {"type": "Feature", "properties": {"code": "SD2", "joden": 32, "niet_joden": 3318, "tot_pop": 3350}, "geometry": {"type": "Polygon", "coordinates": [[[542913.4127449172, 6869692.542752776], [543380.0039253006, 6870154.102502695], [543536.2742349925, 6870109.115595359], [543434.313777228, 6869867.75491819], [543292.249859325, 6869538.640175048], [543178.5987250027, 6869453.401824307], [543138.3472815969, 6869441.563164481], [543117.0376939115, 6869505.491927538], [542913.4127449172, 6869692.542752776]]]}}, {"type": "Feature", "properties": {"code": "UU3", "joden": 6, "niet_joden": 374, "tot_pop": 380}, "geometry": {"type": "Polygon", "coordinates": [[[543590.7320701877, 6870222.174796695], [543705.5670704916, 6870165.941162524], [543614.2614065717, 6870026.392959848], [543510.0812001096, 6869822.768010854], [543434.313777228, 6869867.75491819], [543536.2742349925, 6870109.115595359], [543590.7320701877, 6870222.174796695]]]}}, {"type": "Feature", "properties": {"code": "SB2", "joden": 27, "niet_joden": 5583, "tot_pop": 5610}, "geometry": {"type": "Polygon", "coordinates": [[[541967.5038248802, 6869213.077029857], [542480.1177953132, 6869346.85388588], [542506.1628469288, 6869306.602442473], [542551.1497542647, 6869294.763782648], [542536.9433624744, 6869195.319040116], [542532.2078985443, 6869074.564709901], [542243.3445988082, 6868515.7799661495], [542205.4608873676, 6868458.954398989], [542127.325732521, 6868489.734914534], [541967.5038248802, 6869213.077029857]]]}}, {"type": "Feature", "properties": {"code": "SB4", "joden": 0, "niet_joden": 0, "tot_pop": 0}, "geometry": {"type": "Polygon", "coordinates": [[[542110.7516087657, 6868281.37450161], [541843.1978967143, 6867753.370273409], [541614.1198290964, 6868059.103663402], [541546.6394680926, 6868168.611266785], [541518.8186175034, 6868288.477697505], [541750.8563500782, 6868335.832336806], [541902.3911958414, 6868347.6709966315], [542110.7516087657, 6868281.37450161]]]}}, {"type": "Feature", "properties": {"code": "SU1", "joden": 102, "niet_joden": 9388, "tot_pop": 9490}, "geometry": {"type": "Polygon", "coordinates": [[[541518.8186175034, 6868288.477697505], [541314.0098025267, 6869139.677338938], [540786.0055743208, 6869014.187544791], [540669.9867080334, 6868952.626513699], [540568.1742335364, 6868895.800946538], [540611.9772748889, 6868821.217389646], [540671.1705740151, 6868546.5604817], [540430.8457795632, 6868500.093741892], [540507.7970684271, 6868085.444681511], [540524.9631251735, 6868084.852748516], [541329.9919932901, 6868231.6521303505], [541518.8186175034, 6868288.477697505]]]}}, {"type": "Feature", "properties": {"code": "SU2", "joden": 211, "niet_joden": 12069, "tot_pop": 12280}, "geometry": {"type": "Polygon", "coordinates": [[[541518.8186175034, 6868288.477697505], [541546.6394680926, 6868168.611266785], [541614.1198290964, 6868059.103663402], [541843.1978967143, 6867753.370273409], [541738.5657231034, 6867581.170974472], [541598.7295713233, 6867314.155993894], [541430.6206018048, 6867401.7620766], [541401.0239522418, 6867442.013520006], [541028.1061677465, 6867574.606510049], [540945.2355489697, 6867568.687180136], [540644.5335894085, 6867500.02295315], [540524.9631251735, 6868084.852748516], [541329.9919932901, 6868231.6521303505], [541518.8186175034, 6868288.477697505]]]}}, {"type": "Feature", "properties": {"code": "SV", "joden": 102, "niet_joden": 10358, "tot_pop": 10460}, "geometry": {"type": "Polygon", "coordinates": [[[540644.5335894085, 6867500.02295315], [540945.2355489697, 6867568.687180136], [541028.1061677465, 6867574.606510049], [541401.0239522418, 6867442.013520006], [541430.6206018048, 6867401.7620766], [541598.7295713233, 6867314.155993894], [541308.682405605, 6866780.824368772], [541041.1286935543, 6866304.910243795], [540951.1548788825, 6866153.375398032], [540851.7101363505, 6866195.994573403], [540828.0328166999, 6866250.4524086], [540768.8395175738, 6866854.224059688], [540730.955806133, 6867017.597565277], [540644.5335894085, 6867500.02295315]]]}}, {"type": "Feature", "properties": {"code": "SW1", "joden": 77, "niet_joden": 5103, "tot_pop": 5180}, "geometry": {"type": "Polygon", "coordinates": [[[539531.1076328448, 6868770.311152391], [540141.9824798275, 6868976.30383335], [540312.459181311, 6869125.470947148], [540359.813820612, 6869078.116307847], [540407.168459913, 6869099.425895533], [540568.1742335364, 6868895.800946538], [540611.9772748889, 6868821.217389646], [540671.1705740151, 6868546.5604817], [540430.8457795632, 6868500.093741892], [540031.2910104612, 6868419.294888584], [539618.7137155513, 6868293.805094438], [539540.5785607046, 6868535.313754873], [539531.1076328448, 6868770.311152391]]]}}, {"type": "Feature", "properties": {"code": "HC2", "joden": 0, "niet_joden": 70, "tot_pop": 70}, "geometry": {"type": "Polygon", "coordinates": [[[538542.559062181, 6868919.057722813], [539142.7995905768, 6868760.840224531], [539336.9536117108, 6868775.046616321], [539531.1076328448, 6868770.311152391], [539540.5785607046, 6868535.313754873], [539618.7137155513, 6868293.805094438], [539630.5523753765, 6868258.289114961], [539478.425596622, 6868206.199011731], [539489.0803904649, 6868161.212104395], [539435.8064212512, 6868135.167052779], [539566.0316793289, 6867730.284886755], [539442.9096171464, 6867698.9124382185], [539035.659719158, 6867710.751098044], [538605.8532502719, 6867780.673044919], [538269.3467394861, 6867862.636741727], [538502.4879215176, 6868794.404600587], [538542.559062181, 6868919.057722813]]]}}, {"type": "Feature", "properties": {"code": "HC4", "joden": 0, "niet_joden": 500, "tot_pop": 500}, "geometry": {"type": "Polygon", "coordinates": [[[538269.3467394861, 6867862.636741727], [538605.8532502719, 6867780.673044919], [539035.659719158, 6867710.751098044], [539442.9096171464, 6867698.9124382185], [539566.0316793289, 6867730.284886755], [539588.5251329971, 6867736.796149659], [539747.1631746553, 6867249.635297852], [539900.4738193923, 6866702.689213927], [539959.6671185186, 6866468.283749387], [539966.7703144136, 6866084.119238058], [539859.6304429951, 6866083.527305067], [539867.3255718816, 6865758.556092866], [539803.3968088252, 6865552.563411905], [539811.6838707029, 6864948.199827827], [539813.4596696767, 6864597.183564008], [539434.3265887732, 6864598.367429992], [539432.846756295, 6864687.7493116725], [538150.0440252428, 6864313.608669924], [538093.5801452192, 6866675.98455349], [538106.3300536115, 6867043.910481385], [538166.4367646044, 6867451.907549943], [538269.3467394861, 6867862.636741727]]]}}, {"type": "Feature", "properties": {"code": "HB", "joden": 0, "niet_joden": 250, "tot_pop": 250}, "geometry": {"type": "Polygon", "coordinates": [[[538150.0440252428, 6864313.608669924], [539432.846756295, 6864687.7493116725], [539434.3265887732, 6864598.367429992], [539446.1652485986, 6863945.465340632], [539456.8200424412, 6863007.843482474], [539455.6361764588, 6862852.757038764], [538850.6806593888, 6862845.653842868], [538654.5761144856, 6862789.083909289], [538202.865074297, 6862590.549621464], [538150.0440252428, 6864313.608669924]]]}}, {"type": "Feature", "properties": {"code": "HA", "joden": 6, "niet_joden": 584, "tot_pop": 590}, "geometry": {"type": "Polygon", "coordinates": [[[538202.865074297, 6862590.549621464], [538220.1685214007, 6862296.846374566], [538316.7035420861, 6861998.134235086], [538471.5238582798, 6861774.100130476], [538684.6294699816, 6861571.923011682], [538950.5561307378, 6861431.674019366], [539254.7325166712, 6861375.210139342], [539577.123057451, 6861380.674385796], [539568.3994113072, 6861876.7335278], [539629.9604423995, 6862099.89226551], [539743.6115767236, 6862286.943090752], [539757.8179685143, 6862313.580075359], [540071.5424538882, 6863252.385799514], [540102.3229694343, 6863412.207707157], [539846.607917205, 6863149.389459033], [539456.8200424412, 6863007.843482474], [539455.6361764588, 6862852.757038764], [538850.6806593888, 6862845.653842868], [538654.5761144856, 6862789.083909289], [538202.865074297, 6862590.549621464]]]}}, {"type": "Feature", "properties": {"code": "SX2", "joden": 131, "niet_joden": 9029, "tot_pop": 9160}, "geometry": {"type": "Polygon", "coordinates": [[[539456.8200424412, 6863007.843482474], [539846.607917205, 6863149.389459033], [540102.3229694343, 6863412.207707157], [540189.9290521424, 6863815.906007206], [540102.3229694342, 6863839.583326857], [539983.9363711799, 6863839.583326857], [539832.4015254143, 6863946.131265285], [539446.1652485986, 6863945.465340632], [539456.8200424412, 6863007.843482474]]]}}, {"type": "Feature", "properties": {"code": "SX1", "joden": 287, "niet_joden": 10933, "tot_pop": 11220}, "geometry": {"type": "Polygon", "coordinates": [[[539446.1652485986, 6863945.465340632], [539434.3265887732, 6864598.367429992], [539813.4596696767, 6864597.183564008], [539811.6838707029, 6864948.199827827], [540398.28946507, 6864955.968948397], [540369.8766814889, 6864816.272762457], [540305.9479184316, 6864423.229256253], [540189.9290521424, 6863815.906007206], [540102.3229694342, 6863839.583326857], [539983.9363711799, 6863839.583326857], [539832.4015254143, 6863946.131265285], [539446.1652485986, 6863945.465340632]]]}}, {"type": "Feature", "properties": {"code": "SW8", "joden": 97, "niet_joden": 5523, "tot_pop": 5620}, "geometry": {"type": "Polygon", "coordinates": [[[539811.6838707029, 6864948.199827827], [539803.3968088252, 6865552.563411905], [539867.3255718816, 6865758.556092866], [539859.6304429951, 6866083.527305067], [539966.7703144136, 6866084.119238058], [540117.1212942159, 6866088.336760698], [540263.9206760513, 6866126.220472139], [540297.0689235625, 6865257.262840952], [540306.5398514229, 6865201.029206782], [540319.5623772308, 6865173.208356192], [540349.1590267945, 6865150.714902524], [540469.9133570138, 6865092.705469379], [540434.9812930762, 6865023.94646056], [540398.28946507, 6864955.968948397], [539811.6838707029, 6864948.199827827]]]}}, {"type": "Feature", "properties": {"code": "SW6", "joden": 31, "niet_joden": 3529, "tot_pop": 3560}, "geometry": {"type": "Polygon", "coordinates": [[[539966.7703144136, 6866084.119238058], [539959.6671185186, 6866468.283749387], [539900.4738193923, 6866702.689213927], [540185.7855212033, 6866786.225757407], [540265.1045420336, 6866509.201117494], [540263.9206760513, 6866126.220472139], [540117.1212942159, 6866088.336760698], [539966.7703144136, 6866084.119238058]]]}}, {"type": "Feature", "properties": {"code": "SW4", "joden": 34, "niet_joden": 4006, "tot_pop": 4040}, "geometry": {"type": "Polygon", "coordinates": [[[539900.4738193923, 6866702.689213927], [539747.1631746553, 6867249.635297852], [539947.828458712, 6867307.126789727], [540037.8022733852, 6867330.804109379], [540185.7855212033, 6866786.225757407], [539900.4738193923, 6866702.689213927]]]}}, {"type": "Feature", "properties": {"code": "HC3", "joden": 49, "niet_joden": 5391, "tot_pop": 5440}, "geometry": {"type": "Polygon", "coordinates": [[[539747.1631746553, 6867249.635297852], [539947.828458712, 6867307.126789727], [539630.5523753765, 6868258.289114961], [539478.425596622, 6868206.199011731], [539489.0803904649, 6868161.212104395], [539435.8064212512, 6868135.167052779], [539566.0316793289, 6867730.284886755], [539588.5251329971, 6867736.796149659], [539747.1631746553, 6867249.635297852]]]}}, {"type": "Feature", "properties": {"code": "SW2", "joden": 58, "niet_joden": 6202, "tot_pop": 6260}, "geometry": {"type": "Polygon", "coordinates": [[[539947.828458712, 6867307.126789727], [539630.5523753765, 6868258.289114961], [539618.7137155513, 6868293.805094438], [540031.2910104612, 6868419.294888584], [540330.2171710734, 6867413.0827951655], [540037.8022733852, 6867330.804109379], [539947.828458712, 6867307.126789727]]]}}, {"type": "Feature", "properties": {"code": "SW3", "joden": 57, "niet_joden": 4053, "tot_pop": 4110}, "geometry": {"type": "Polygon", "coordinates": [[[540330.2171710734, 6867413.0827951655], [540031.2910104612, 6868419.294888584], [540430.8457795632, 6868500.093741892], [540507.7970684271, 6868085.444681511], [540524.9631251735, 6868084.852748516], [540644.5335894085, 6867500.02295315], [540330.2171710734, 6867413.0827951655]]]}}, {"type": "Feature", "properties": {"code": "SW5", "joden": 77, "niet_joden": 6363, "tot_pop": 6440}, "geometry": {"type": "Polygon", "coordinates": [[[540644.5335894085, 6867500.02295315], [540330.2171710734, 6867413.0827951655], [540037.8022733852, 6867330.804109379], [540185.7855212033, 6866786.225757407], [540287.5979957018, 6866817.598205946], [540375.20407841, 6866919.410680446], [540574.0935634774, 6866983.339443503], [540730.955806133, 6867017.597565277], [540644.5335894085, 6867500.02295315]]]}}, {"type": "Feature", "properties": {"code": "SW7", "joden": 46, "niet_joden": 7214, "tot_pop": 7260}, "geometry": {"type": "Polygon", "coordinates": [[[540185.7855212033, 6866786.225757407], [540287.5979957018, 6866817.598205946], [540375.20407841, 6866919.410680446], [540574.0935634774, 6866983.339443503], [540730.955806133, 6867017.597565277], [540768.8395175738, 6866854.224059688], [540828.0328166999, 6866250.4524086], [540656.9641822554, 6866239.871606466], [540557.5194397218, 6866190.149235199], [540263.9206760513, 6866126.220472139], [540265.1045420336, 6866509.201117494], [540185.7855212033, 6866786.225757407]]]}}, {"type": "Feature", "properties": {"code": "SW9", "joden": 106, "niet_joden": 7164, "tot_pop": 7270}, "geometry": {"type": "Polygon", "coordinates": [[[540263.9206760513, 6866126.220472139], [540557.5194397218, 6866190.149235199], [540656.9641822554, 6866239.871606466], [540828.0328166999, 6866250.4524086], [540851.7101363505, 6866195.994573403], [540951.1548788825, 6866153.375398032], [540745.162197955, 6865755.078486614], [540726.2203422341, 6865627.2209605], [540469.9133570138, 6865092.705469379], [540349.1590267945, 6865150.714902524], [540319.5623772308, 6865173.208356192], [540306.5398514229, 6865201.029206782], [540297.0689235625, 6865257.262840952], [540263.9206760513, 6866126.220472139]]]}}, {"type": "Feature", "properties": {"code": "WA2", "joden": 41, "niet_joden": 2609, "tot_pop": 2650}, "geometry": {"type": "Polygon", "coordinates": [[[550583.6804458816, 6866638.242509589], [550582.496579899, 6866594.439468235], [550546.3886674315, 6866504.46565356], [550624.5238222794, 6866460.070679215], [550684.3090543979, 6866415.083771879], [550758.3006783067, 6866393.182251202], [550881.4227404912, 6866323.334158233], [550644.6495439826, 6866069.986837969], [550644.6495439826, 6866046.309518319], [550661.2236677381, 6866038.02245644], [550677.7977914938, 6866022.632198667], [550741.7265545512, 6865997.771013034], [550745.2781524988, 6865978.829157313], [550327.3734606609, 6866083.009363777], [550414.9795433693, 6866486.707663824], [550443.3923269502, 6866485.523797842], [550476.5405744615, 6866629.955447712], [550583.6804458816, 6866638.242509589]]]}}, {"type": "Feature", "properties": {"code": "WA1", "joden": 207, "niet_joden": 6693, "tot_pop": 6900}, "geometry": {"type": "Polygon", "coordinates": [[[550592.1154907822, 6866827.439091824], [550583.6804458816, 6866638.242509589], [550476.5405744615, 6866629.955447712], [550443.3923269502, 6866485.523797842], [550414.9795433693, 6866486.707663824], [550327.3734606609, 6866083.009363777], [549928.4106245438, 6866167.0638485355], [549864.4818614863, 6866176.534776396], [549859.3024476054, 6866814.416566016], [550592.1154907822, 6866827.439091824]]]}}, {"type": "Feature", "properties": {"code": "WA5", "joden": 14, "niet_joden": 306, "tot_pop": 320}, "geometry": {"type": "Polygon", "coordinates": [[[550592.1154907822, 6866827.439091824], [550583.6804458816, 6866638.242509589], [550582.496579899, 6866594.439468235], [550546.3886674315, 6866504.46565356], [550624.5238222794, 6866460.070679215], [550684.3090543979, 6866415.083771879], [550758.3006783067, 6866393.182251202], [550881.4227404912, 6866323.334158233], [550644.6495439826, 6866069.986837969], [550644.6495439826, 6866046.309518319], [550661.2236677381, 6866038.02245644], [550677.7977914938, 6866022.632198667], [550741.7265545512, 6865997.771013034], [550745.2781524988, 6865978.829157313], [550734.9193251514, 6865962.846966548], [550684.6050208933, 6865982.084788765], [550663.8873661987, 6865971.134028426], [550642.2818120173, 6865978.829157312], [550624.8197887748, 6865968.470329965], [550619.4923918534, 6865947.456708775], [550633.4028171482, 6865917.860059212], [550607.0617990366, 6865759.2220175555], [550502.8815925726, 6865168.472892263], [551753.6360031296, 6865089.153871433], [551965.548014005, 6865097.44093331], [552131.2892515609, 6865136.508510734], [553162.4365223562, 6865421.820212529], [553210.8270441055, 6866881.896927024], [551714.4204422064, 6866862.955071304], [550592.1154907822, 6866827.439091824]]]}}, {"type": "Feature", "properties": {"code": "WM", "joden": 0, "niet_joden": 10, "tot_pop": 10}, "geometry": {"type": "Polygon", "coordinates": [[[553162.4365223562, 6865421.820212529], [553136.3914707402, 6864581.275364922], [552840.4249751044, 6864391.856807716], [552694.8094592516, 6864704.397427107], [552381.0849738778, 6864913.941706018], [552131.2892515609, 6865136.508510734], [553162.4365223562, 6865421.820212529]]]}}, {"type": "Feature", "properties": {"code": "WA3", "joden": 128, "niet_joden": 3932, "tot_pop": 4060}, "geometry": {"type": "Polygon", "coordinates": [[[549864.4818614863, 6866176.534776396], [550327.3734606609, 6866083.009363777], [550745.2781524988, 6865978.829157313], [550734.9193251514, 6865962.846966548], [550684.6050208933, 6865982.084788765], [550663.8873661987, 6865971.134028426], [550642.2818120173, 6865978.829157312], [550624.8197887748, 6865968.470329965], [550619.4923918534, 6865947.456708775], [550633.4028171482, 6865917.860059212], [550607.0617990366, 6865759.2220175555], [550435.9931645591, 6865796.513796001], [550021.0481376776, 6865701.212584407], [549993.2272870878, 6865814.863718731], [549888.4551476327, 6865788.818667116], [549873.6568228509, 6865866.953821964], [549867.7374929383, 6865974.685626375], [549864.4818614863, 6866176.534776396]]]}}, {"type": "Feature", "properties": {"code": "WA4", "joden": 154, "niet_joden": 6316, "tot_pop": 6470}, "geometry": {"type": "Polygon", "coordinates": [[[550435.9931645591, 6865796.513796001], [550607.0617990366, 6865759.2220175555], [550502.8815925726, 6865168.472892263], [550019.2723387036, 6865199.253407812], [549888.4551476327, 6865788.818667116], [549993.2272870878, 6865814.863718731], [550021.0481376776, 6865701.212584407], [550435.9931645591, 6865796.513796001]]]}}, {"type": "Feature", "properties": {"code": "WL", "joden": 0, "niet_joden": 60, "tot_pop": 60}, "geometry": {"type": "Polygon", "coordinates": [[[550019.2723387036, 6865199.253407812], [549635.6997603595, 6865067.84428375], [549581.5298742069, 6865046.069956089], [549635.6997603595, 6865008.650984623], [549633.3320283943, 6864975.502737111], [550085.5688337259, 6864662.96211772], [550862.1849182744, 6864137.32562147], [551608.0204872766, 6863622.343919064], [552261.5145096405, 6863172.474845698], [552839.2411091218, 6864319.6409827825], [552840.4249751044, 6864391.856807716], [552694.8094592516, 6864704.397427107], [552381.0849738778, 6864913.941706018], [552131.2892515609, 6865136.508510734], [551965.548014005, 6865097.44093331], [551753.6360031296, 6865089.153871433], [550502.8815925726, 6865168.472892263], [550019.2723387036, 6865199.253407812]]]}}, {"type": "Feature", "properties": {"code": "WN", "joden": 0, "niet_joden": 70, "tot_pop": 70}, "geometry": {"type": "Polygon", "coordinates": [[[552261.5145096405, 6863172.474845698], [551381.902084611, 6861766.042058438], [549954.1597096636, 6863235.219742774], [550066.6269780053, 6863345.911212142], [550165.4797875476, 6863248.242268582], [550438.9528295152, 6863518.755645595], [550341.2838859553, 6863619.976187102], [550862.1849182744, 6864137.32562147], [551608.0204872766, 6863622.343919064], [552261.5145096405, 6863172.474845698]]]}}, {"type": "Feature", "properties": {"code": "WO", "joden": 428, "niet_joden": 6492, "tot_pop": 6920}, "geometry": {"type": "Polygon", "coordinates": [[[549954.1597096636, 6863235.219742774], [551381.902084611, 6861766.042058438], [551330.4039143702, 6861679.027908722], [551144.5369551111, 6861598.525021909], [550231.4929348027, 6861169.845543453], [550102.1724353937, 6861217.202346053], [548844.8772840204, 6861599.1169549], [548695.1182372286, 6861647.655460184], [548499.780350109, 6861789.7193780895], [549110.9431461459, 6862397.465786652], [549954.1597096636, 6863235.219742774]]]}}, {"type": "Feature", "properties": {"code": "OOA", "joden": 6, "niet_joden": 474, "tot_pop": 480}, "geometry": {"type": "Polygon", "coordinates": [[[548844.8772840204, 6861599.1169549], [548695.1182372286, 6861647.655460184], [548499.780350109, 6861789.7193780895], [547859.3088535531, 6862262.673838115], [547729.0835954734, 6862359.454882188], [547713.3973712048, 6862356.495217231], [547626.9751544792, 6862420.719946783], [547621.0558245665, 6862456.827859251], [547528.7142779281, 6862522.828387777], [546949.1052289804, 6862947.765021177], [546954.5312589436, 6862891.137901371], [546950.9796609959, 6862764.464241238], [547013.7245580707, 6862540.713570538], [547100.1467747963, 6862363.133673157], [547126.1918264122, 6862269.608260536], [547135.6627542726, 6862153.589394246], [547113.1693006044, 6862032.835064026], [547039.7696096867, 6861914.448465771], [546956.8989909086, 6861819.739187168], [546826.6737328288, 6861739.236300355], [546705.9194026095, 6861677.675269263], [546506.4379845507, 6861613.154573215], [546480.3929329348, 6861598.948181424], [546401.0561706226, 6861539.592886832], [546340.9494596297, 6861466.736267447], [546289.9498260601, 6861355.6299228845], [546257.1643473367, 6861135.2386492435], [546213.4503757056, 6860971.311255627], [546121.4688937316, 6860785.526876196], [545974.3895933478, 6860663.378200258], [545868.7474952391, 6860625.12847508], [545795.890875854, 6860610.557151203], [545584.6066796366, 6860606.914320234], [545491.7144899205, 6860592.342996357], [545431.6077789277, 6860563.200348603], [545378.9005683411, 6860524.381431087], [545322.3228498497, 6860435.7012646785], [545312.7604185554, 6860350.208575368], [546823.6245630574, 6860308.202180756], [546823.6245630576, 6860362.844645293], [547508.4767852789, 6860457.558250495], [547748.9036292501, 6860792.698699667], [548298.9711056089, 6860821.8413474215], [548229.7573171925, 6860973.132671111], [550138.6007450862, 6860953.097100782], [550102.1724353937, 6861217.202346053], [548844.8772840204, 6861599.1169549]]]}}, {"type": "Feature", "properties": {"code": "WH1", "joden": 0, "niet_joden": 189, "tot_pop": 189}, "geometry": {"type": "Polygon", "coordinates": [[[546949.1052289804, 6862947.765021177], [546894.7460268248, 6863166.386742312], [546854.4945834184, 6863313.186124148], [547164.6674708447, 6863542.8561247615], [547528.7142779281, 6862522.828387777], [546949.1052289804, 6862947.765021177]]]}}, {"type": "Feature", "properties": {"code": "WH2", "joden": 11, "niet_joden": 509, "tot_pop": 520}, "geometry": {"type": "Polygon", "coordinates": [[[547164.6674708447, 6863542.8561247615], [547235.6994297972, 6863602.049423889], [547879.7225243008, 6864082.699012802], [548244.3532469241, 6863680.184578737], [548069.1410815078, 6863497.869217426], [548563.9970622109, 6862969.864989211], [548511.906958979, 6862917.774885979], [548447.9781959216, 6862896.465298293], [548256.1919067496, 6862898.833030258], [548249.0887108543, 6862860.949318817], [547870.2515964404, 6862858.581586852], [547571.9173688395, 6862730.7240607375], [547621.0558245665, 6862456.827859251], [547528.7142779281, 6862522.828387777], [547164.6674708447, 6863542.8561247615]]]}}, {"type": "Feature", "properties": {"code": "WH4", "joden": 0, "niet_joden": 70, "tot_pop": 70}, "geometry": {"type": "Polygon", "coordinates": [[[547859.3088535531, 6862262.673838115], [547729.0835954734, 6862359.454882188], [547713.3973712048, 6862356.495217231], [547626.9751544792, 6862420.719946783], [547621.0558245665, 6862456.827859251], [547571.9173688395, 6862730.7240607375], [547870.2515964404, 6862858.581586852], [548249.0887108543, 6862860.949318817], [548253.8241747846, 6862831.352669254], [548275.1337624703, 6862818.330143446], [548329.5915976673, 6862812.410813533], [548382.8655668818, 6862789.917359864], [547859.3088535531, 6862262.673838115]]]}}, {"type": "Feature", "properties": {"code": "WH5", "joden": 29, "niet_joden": 2131, "tot_pop": 2160}, "geometry": {"type": "Polygon", "coordinates": [[[547859.3088535531, 6862262.673838115], [548382.8655668818, 6862789.917359864], [548329.5915976673, 6862812.410813533], [548275.1337624703, 6862818.330143446], [548253.8241747846, 6862831.352669254], [548249.0887108543, 6862860.949318817], [548256.1919067496, 6862898.833030258], [548447.9781959216, 6862896.465298293], [548511.906958979, 6862917.774885979], [548563.9970622109, 6862969.864989211], [549110.9431461459, 6862397.465786652], [548499.780350109, 6861789.7193780895], [547859.3088535531, 6862262.673838115]]]}}, {"type": "Feature", "properties": {"code": "WH6", "joden": 25, "niet_joden": 645, "tot_pop": 670}, "geometry": {"type": "Polygon", "coordinates": [[[548563.9970622109, 6862969.864989211], [549110.9431461459, 6862397.465786652], [549954.1597096636, 6863235.219742774], [549391.5193840085, 6863815.737233738], [548563.9970622109, 6862969.864989211]]]}}, {"type": "Feature", "properties": {"code": "WJ2", "joden": 259, "niet_joden": 4221, "tot_pop": 4480}, "geometry": {"type": "Polygon", "coordinates": [[[549391.5193840085, 6863815.737233738], [549605.7991268488, 6864031.20084256], [549570.2831473724, 6864078.555481862], [550034.3586125295, 6864537.895483089], [550008.3135609134, 6864580.51465846], [550085.5688337259, 6864662.96211772], [550862.1849182744, 6864137.32562147], [550341.2838859553, 6863619.976187102], [550438.9528295152, 6863518.755645595], [550165.4797875476, 6863248.242268582], [550066.6269780053, 6863345.911212142], [549954.1597096636, 6863235.219742774], [549391.5193840085, 6863815.737233738]]]}}, {"type": "Feature", "properties": {"code": "WH3", "joden": 143, "niet_joden": 2577, "tot_pop": 2720}, "geometry": {"type": "Polygon", "coordinates": [[[547879.7225243008, 6864082.699012802], [548244.3532469241, 6863680.184578737], [548069.1410815078, 6863497.869217426], [548563.9970622109, 6862969.864989211], [549391.5193840085, 6863815.737233738], [548639.7644850933, 6864585.250122389], [548613.7194334773, 6864630.237029726], [547879.7225243008, 6864082.699012802]]]}}, {"type": "Feature", "properties": {"code": "WJ1", "joden": 821, "niet_joden": 8859, "tot_pop": 9680}, "geometry": {"type": "Polygon", "coordinates": [[[548613.7194334773, 6864630.237029726], [548639.7644850933, 6864585.250122389], [549391.5193840085, 6863815.737233738], [549605.7991268488, 6864031.20084256], [549570.2831473724, 6864078.555481862], [550034.3586125295, 6864537.895483089], [550008.3135609134, 6864580.51465846], [550085.5688337259, 6864662.96211772], [549633.3320283943, 6864975.502737111], [549635.6997603595, 6865008.650984623], [549581.5298742069, 6865046.069956089], [548798.4025267541, 6864765.197751735], [548613.7194334773, 6864630.237029726]]]}}, {"type": "Feature", "properties": {"code": "WB1", "joden": 86, "niet_joden": 7834, "tot_pop": 7920}, "geometry": {"type": "Polygon", "coordinates": [[[549019.9414660021, 6866795.474710297], [549859.3024476054, 6866814.416566016], [549864.4818614863, 6866176.534776396], [549217.4910845746, 6866147.953219345], [549068.3239707742, 6866129.011363625], [548954.67283645, 6866093.495384148], [548862.3312898116, 6866081.656724323], [548862.3312898116, 6866190.572394717], [548857.5958258815, 6866226.088374193], [548857.5958258815, 6866337.371776552], [548907.3181971483, 6866505.480746073], [549019.9414660021, 6866795.474710297]]]}}, {"type": "Feature", "properties": {"code": "WB2", "joden": 176, "niet_joden": 5894, "tot_pop": 6070}, "geometry": {"type": "Polygon", "coordinates": [[[548954.67283645, 6866093.495384148], [549068.3239707742, 6866129.011363625], [549217.4910845746, 6866147.953219345], [549864.4818614863, 6866176.534776396], [549867.7374929383, 6865974.685626375], [549262.4779919113, 6865953.799198208], [549146.4591256222, 6865930.121878557], [548990.1888159264, 6865878.031775326], [548964.1437643104, 6865977.476517859], [548954.67283645, 6866093.495384148]]]}}, {"type": "Feature", "properties": {"code": "WB3", "joden": 66, "niet_joden": 4414, "tot_pop": 4480}, "geometry": {"type": "Polygon", "coordinates": [[[548990.1888159264, 6865878.031775326], [549146.4591256222, 6865930.121878557], [549262.4779919113, 6865953.799198208], [549867.7374929383, 6865974.685626375], [549873.6568228509, 6865866.953821964], [549888.4551476327, 6865788.818667116], [549527.663972001, 6865690.980950084], [549061.2207748791, 6865691.572883071], [549023.3370634376, 6865773.851568862], [548990.1888159264, 6865878.031775326]]]}}, {"type": "Feature", "properties": {"code": "WK2", "joden": 100, "niet_joden": 4790, "tot_pop": 4890}, "geometry": {"type": "Polygon", "coordinates": [[[549527.663972001, 6865690.980950084], [549888.4551476327, 6865788.818667116], [550019.2723387036, 6865199.253407812], [549635.6997603595, 6865067.84428375], [549499.25118842, 6865165.344453835], [549570.2831473727, 6865269.524660299], [549622.3732506046, 6865288.46651602], [549527.663972001, 6865690.980950084]]]}}, {"type": "Feature", "properties": {"code": "WK1", "joden": 126, "niet_joden": 3594, "tot_pop": 3720}, "geometry": {"type": "Polygon", "coordinates": [[[549499.25118842, 6865165.344453835], [549570.2831473727, 6865269.524660299], [549622.3732506046, 6865288.46651602], [549527.663972001, 6865690.980950084], [549061.2207748791, 6865691.572883071], [549115.678610076, 6865572.59435183], [549196.181496889, 6865440.001361785], [549286.1553115622, 6865331.0856913915], [549499.25118842, 6865165.344453835]]]}}, {"type": "Feature", "properties": {"code": "WC2", "joden": 35, "niet_joden": 365, "tot_pop": 400}, "geometry": {"type": "Polygon", "coordinates": [[[548613.7194334773, 6864630.237029726], [548798.4025267541, 6864765.197751735], [549581.5298742069, 6865046.069956089], [549635.6997603595, 6865067.84428375], [549499.25118842, 6865165.344453835], [549286.1553115622, 6865331.0856913915], [549196.181496889, 6865440.001361785], [549115.678610076, 6865572.59435183], [549061.2207748791, 6865691.572883071], [549023.3370634376, 6865773.851568862], [548990.1888159264, 6865878.031775326], [548964.1437643104, 6865977.476517859], [548954.67283645, 6866093.495384148], [548862.3312898116, 6866081.656724323], [548872.3941506635, 6865912.955821807], [548862.3312898118, 6865757.8693780955], [548837.4701041785, 6865632.379583944], [548794.850928807, 6865504.226091333], [548729.7382997671, 6865393.238655469], [548639.7644850938, 6865281.3633201225], [548554.5261343507, 6865198.492701345], [548431.4040721662, 6865125.093010427], [548537.6560440992, 6864830.902313762], [548613.7194334773, 6864630.237029726]]]}}, {"type": "Feature", "properties": {"code": "WC1", "joden": 238, "niet_joden": 8132, "tot_pop": 8370}, "geometry": {"type": "Polygon", "coordinates": [[[548431.4040721662, 6865125.093010427], [548554.5261343507, 6865198.492701345], [548639.7644850938, 6865281.3633201225], [548729.7382997671, 6865393.238655469], [548794.850928807, 6865504.226091333], [548837.4701041785, 6865632.379583944], [548862.3312898118, 6865757.8693780955], [548872.3941506635, 6865912.955821807], [548862.3312898116, 6866081.656724323], [548144.9085043906, 6865833.044867988], [548431.4040721662, 6865125.093010427]]]}}, {"type": "Feature", "properties": {"code": "WD2", "joden": 306, "niet_joden": 3804, "tot_pop": 4110}, "geometry": {"type": "Polygon", "coordinates": [[[548862.3312898116, 6866081.656724323], [548862.3312898116, 6866190.572394717], [548843.0934675954, 6866240.886698973], [548800.4742922238, 6866302.447730065], [548084.235372785, 6866041.997213906], [548144.9085043906, 6865833.044867988], [548862.3312898116, 6866081.656724323]]]}}, {"type": "Feature", "properties": {"code": "WD1", "joden": 72, "niet_joden": 4348, "tot_pop": 4420}, "geometry": {"type": "Polygon", "coordinates": [[[549019.9414660021, 6866795.474710297], [548907.3181971483, 6866505.480746073], [548857.5958258815, 6866337.371776552], [548857.5958258815, 6866226.088374193], [548862.3312898116, 6866190.572394717], [548843.0934675954, 6866240.886698973], [548800.4742922238, 6866302.447730065], [548084.235372785, 6866041.997213906], [548026.2259396405, 6866247.989894868], [548477.2788789896, 6866669.446184655], [548431.412089464, 6866776.68083782], [549019.9414660021, 6866795.474710297]]]}}, {"type": "Feature", "properties": {"code": "U6", "joden": 1, "niet_joden": 159, "tot_pop": 160}, "geometry": {"type": "Polygon", "coordinates": [[[548026.2259396405, 6866247.989894868], [547926.7811971069, 6866167.487008056], [547796.5559390271, 6866319.021853821], [547879.4265578052, 6866404.260204564], [548163.5543936156, 6866690.75577234], [548232.2186206031, 6866733.374947711], [548289.3481715611, 6866793.254961575], [548355.6446665825, 6866776.68083782], [548431.412089464, 6866776.68083782], [548477.2788789896, 6866669.446184655], [548026.2259396405, 6866247.989894868]]]}}, {"type": "Feature", "properties": {"code": "WF2", "joden": 2063, "niet_joden": 1477, "tot_pop": 3540}, "geometry": {"type": "Polygon", "coordinates": [[[547235.6994297972, 6863602.049423889], [547183.3133600696, 6863728.723084015], [547299.3322263589, 6863932.348033012], [547533.7376909024, 6864169.121229521], [547668.6984129124, 6864429.57174568], [547725.5239800744, 6864448.513601401], [547761.0399595508, 6864401.158962099], [547718.4207841792, 6864323.023807251], [547879.7225243008, 6864082.699012802], [547235.6994297972, 6863602.049423889]]]}}, {"type": "Feature", "properties": {"code": "WF4", "joden": 1765, "niet_joden": 3605, "tot_pop": 5370}, "geometry": {"type": "Polygon", "coordinates": [[[547879.7225243008, 6864082.699012802], [547718.4207841792, 6864323.023807251], [547761.0399595508, 6864401.158962099], [547725.5239800744, 6864448.513601401], [548537.6560440992, 6864830.902313762], [548613.7194334773, 6864630.237029726], [547879.7225243008, 6864082.699012802]]]}}, {"type": "Feature", "properties": {"code": "WF3", "joden": 3216, "niet_joden": 1214, "tot_pop": 4430}, "geometry": {"type": "Polygon", "coordinates": [[[548431.4040721662, 6865125.093010427], [548537.6560440992, 6864830.902313762], [547725.5239800744, 6864448.513601401], [547598.8503199425, 6864733.825303194], [548431.4040721662, 6865125.093010427]]]}}, {"type": "Feature", "properties": {"code": "WF1", "joden": 4093, "niet_joden": 1737, "tot_pop": 5830}, "geometry": {"type": "Polygon", "coordinates": [[[547598.8503199425, 6864733.825303194], [547725.5239800744, 6864448.513601401], [547668.6984129124, 6864429.57174568], [547533.7376909024, 6864169.121229521], [547299.3322263589, 6863932.348033012], [547183.3133600696, 6863728.723084015], [547125.3039269251, 6863906.302981398], [547115.8329990647, 6863979.702672316], [547125.3039269251, 6864140.708445941], [547153.7167105061, 6864244.888652405], [547236.5873292842, 6864407.078292013], [547262.6323809002, 6864430.755611665], [547222.3809374936, 6864551.509941884], [547598.8503199425, 6864733.825303194]]]}}, {"type": "Feature", "properties": {"code": "WE4", "joden": 666, "niet_joden": 6264, "tot_pop": 6930}, "geometry": {"type": "Polygon", "coordinates": [[[547926.7811971069, 6866167.487008056], [548026.2259396405, 6866247.989894868], [548084.235372785, 6866041.997213906], [548144.9085043906, 6865833.044867988], [548431.4040721662, 6865125.093010427], [547598.8503199425, 6864733.825303194], [547331.2966078878, 6865331.677624378], [547141.8780506809, 6865805.224017396], [547309.987020202, 6865871.520512418], [547414.1672266659, 6865876.255976348], [547530.1860929551, 6865899.933295999], [547620.1599076284, 6866023.055358184], [547700.6627944413, 6866089.351853206], [547861.6685680673, 6866117.764636787], [547926.7811971069, 6866167.487008056]]]}}, {"type": "Feature", "properties": {"code": "WE3", "joden": 1737, "niet_joden": 3443, "tot_pop": 5180}, "geometry": {"type": "Polygon", "coordinates": [[[547222.3809374936, 6864551.509941884], [547111.0975351348, 6864500.603704635], [547051.9042360076, 6864588.209787344], [547177.3940301572, 6864649.770818436], [546954.827225439, 6865165.936386825], [547331.2966078878, 6865331.677624378], [547598.8503199425, 6864733.825303194], [547222.3809374936, 6864551.509941884]]]}}, {"type": "Feature", "properties": {"code": "WE2", "joden": 2007, "niet_joden": 2478, "tot_pop": 4485}, "geometry": {"type": "Polygon", "coordinates": [[[547051.9042360076, 6864588.209787344], [547177.3940301572, 6864649.770818436], [546954.827225439, 6865165.936386825], [546656.4929978382, 6865038.078860709], [546696.7444412446, 6864862.866695293], [546817.498771464, 6864708.964117562], [546945.3562975788, 6864630.828962714], [547051.9042360076, 6864588.209787344]]]}}, {"type": "Feature", "properties": {"code": "WE1", "joden": 6028, "niet_joden": 971, "tot_pop": 6999}, "geometry": {"type": "Polygon", "coordinates": [[[546656.4929978382, 6865038.078860709], [546633.9995441699, 6865155.281592981], [546625.7124822921, 6865266.56499534], [546701.4799051748, 6865290.242314991], [546656.4929978382, 6865393.238655472], [546834.0728952197, 6865718.801800672], [546983.2400090201, 6865742.4791203225], [547141.8780506809, 6865805.224017396], [547331.2966078878, 6865331.677624378], [546656.4929978382, 6865038.078860709]]]}}, {"type": "Feature", "properties": {"code": "WG", "joden": 3667, "niet_joden": 4272, "tot_pop": 7939}, "geometry": {"type": "Polygon", "coordinates": [[[546834.0728952197, 6865718.801800672], [546656.4929978382, 6865393.238655472], [546701.4799051748, 6865290.242314991], [546625.7124822921, 6865266.56499534], [546656.4929978382, 6865038.078860709], [546696.7444412446, 6864862.866695293], [546817.498771464, 6864708.964117562], [546945.3562975788, 6864630.828962714], [547051.9042360076, 6864588.209787344], [547111.0975351348, 6864500.603704635], [547222.3809374936, 6864551.509941884], [547262.6323809002, 6864430.755611665], [547153.7167105061, 6864244.888652405], [547125.3039269251, 6864140.708445941], [547115.8329990647, 6863979.702672316], [547183.3133600696, 6863728.723084015], [547235.6994297972, 6863602.049423889], [546854.4945834184, 6863313.186124148], [546713.3185650002, 6863645.852465239], [546628.0802142571, 6863925.244837119], [546429.1907291899, 6864275.669167952], [546242.1399039478, 6864560.980869745], [546149.7983573094, 6864781.179942498], [545988.7925836835, 6865328.126026432], [546115.4662438155, 6865374.296799751], [546205.4400584887, 6865419.875640079], [546356.9749042543, 6865593.312006522], [546387.7554198004, 6865614.621594207], [546598.4835646931, 6865563.715356958], [546643.4704720298, 6865565.491155932], [546735.2200856769, 6865685.653553159], [546770.7360651531, 6865711.698604775], [546834.0728952197, 6865718.801800672]]]}}, {"type": "Feature", "properties": {"code": "U5", "joden": 59, "niet_joden": 1591, "tot_pop": 1650}, "geometry": {"type": "Polygon", "coordinates": [[[546911.3281679027, 6867539.682463555], [547302.0039421357, 6867305.276999015], [547477.2161075493, 6867210.567720413], [547680.8410565435, 6867101.652050021], [548170.9615733086, 6866832.322538998], [548289.3481715611, 6866793.254961575], [548232.2186206031, 6866733.374947711], [548163.5543936156, 6866690.75577234], [547879.4265578052, 6866404.260204564], [546678.3945185149, 6867099.189536316], [546578.9497759813, 6867170.221495269], [546687.8654463752, 6867288.6080935225], [546911.3281679027, 6867539.682463555]]]}}, {"type": "Feature", "properties": {"code": "V2", "joden": 1977, "niet_joden": 2213, "tot_pop": 4190}, "geometry": {"type": "Polygon", "coordinates": [[[546578.9497759813, 6867170.221495269], [546678.3945185149, 6867099.189536316], [547879.4265578052, 6866404.260204564], [547796.5559390271, 6866319.021853821], [547926.7811971069, 6866167.487008056], [547861.6685680673, 6866117.764636787], [547700.6627944413, 6866089.351853206], [547620.1599076284, 6866023.055358184], [547530.1860929551, 6865899.933295999], [547414.1672266659, 6865876.255976348], [547331.8885408788, 6866102.374379015], [547279.7984376469, 6866095.271183119], [547225.3406024498, 6866107.109842945], [547076.1734886494, 6866189.980461722], [546158.3813856827, 6866714.729058485], [546176.1393754209, 6866728.63948378], [546578.9497759813, 6867170.221495269]]]}}, {"type": "Feature", "properties": {"code": "W2", "joden": 1801, "niet_joden": 1183, "tot_pop": 2984}, "geometry": {"type": "Polygon", "coordinates": [[[547076.1734886494, 6866189.980461722], [547225.3406024498, 6866107.109842945], [547279.7984376469, 6866095.271183119], [547331.8885408788, 6866102.374379015], [547414.1672266659, 6865876.255976348], [547309.987020202, 6865871.520512418], [547141.8780506809, 6865805.224017396], [546983.2400090201, 6865742.4791203225], [546834.0728952197, 6865718.801800672], [546770.7360651531, 6865711.698604775], [546735.2200856769, 6865685.653553159], [546643.4704720298, 6865565.491155932], [546598.4835646931, 6865563.715356958], [546387.7554198004, 6865614.621594207], [546356.9749042543, 6865593.312006522], [546205.4400584887, 6865419.875640079], [545988.7925836835, 6865328.126026432], [545860.0471580819, 6865756.685512111], [546044.7302513587, 6865815.878811237], [546038.810921446, 6865840.739996871], [547076.1734886494, 6866189.980461722]]]}}, {"type": "Feature", "properties": {"code": "W1", "joden": 6028, "niet_joden": 2562, "tot_pop": 8590}, "geometry": {"type": "Polygon", "coordinates": [[[545860.0471580819, 6865756.685512111], [546044.7302513587, 6865815.878811237], [546038.810921446, 6865840.739996871], [547076.1734886494, 6866189.980461722], [546158.3813856827, 6866714.729058485], [546121.681540224, 6866691.939638322], [545603.14823987, 6866536.853194608], [545680.0995287353, 6866296.528400152], [545779.5442712689, 6865988.72324469], [545851.7600962035, 6865776.885225455], [545860.0471580819, 6865756.685512111]]]}}, {"type": "Feature", "properties": {"code": "U4", "joden": 536, "niet_joden": 1234, "tot_pop": 1770}, "geometry": {"type": "Polygon", "coordinates": [[[546372.8171290986, 6867824.846182096], [546177.3232414034, 6867678.10000178], [546380.3562574096, 6867490.457243547], [546549.6490929134, 6867340.698196755], [546562.6716187213, 6867333.595000859], [546585.1650723896, 6867343.06592872], [546609.4343250318, 6867367.9271143535], [546639.6229075867, 6867345.433660685], [546641.3987065605, 6867322.348274025], [546687.8654463752, 6867288.6080935225], [546911.3281679027, 6867539.682463555], [546563.4195522835, 6867786.962470655], [546511.9213820441, 6867733.688501442], [546439.1136241194, 6867776.899609804], [546478.1812015424, 6867829.581646026], [546461.0151447959, 6867843.788037816], [546412.4766395128, 6867791.697934586], [546372.8171290986, 6867824.846182096]]]}}, {"type": "Feature", "properties": {"code": "V1", "joden": 1776, "niet_joden": 674, "tot_pop": 2450}, "geometry": {"type": "Polygon", "coordinates": [[[546176.1393754209, 6866728.63948378], [545939.0702124166, 6866868.631636212], [546017.7973002557, 6866921.905605426], [546068.9995040008, 6866966.892512763], [546068.851520753, 6867033.780940778], [546549.6490929134, 6867340.698196755], [546562.6716187213, 6867333.595000859], [546585.1650723896, 6867343.06592872], [546609.4343250318, 6867367.9271143535], [546639.6229075867, 6867345.433660685], [546641.3987065605, 6867322.348274025], [546687.8654463752, 6867288.6080935225], [546578.9497759813, 6867170.221495269], [546176.1393754209, 6866728.63948378]]]}}, {"type": "Feature", "properties": {"code": "S", "joden": 577, "niet_joden": 103, "tot_pop": 680}, "geometry": {"type": "Polygon", "coordinates": [[[546068.851520753, 6867033.780940778], [545898.2268360191, 6867152.167539035], [546380.3562574096, 6867490.457243547], [546549.6490929134, 6867340.698196755], [546068.851520753, 6867033.780940778]]]}}, {"type": "Feature", "properties": {"code": "R", "joden": 595, "niet_joden": 185, "tot_pop": 780}, "geometry": {"type": "Polygon", "coordinates": [[[546177.3232414034, 6867678.10000178], [546380.3562574096, 6867490.457243547], [545898.2268360191, 6867152.167539035], [545655.2383431022, 6867298.374987879], [545654.0544771197, 6867309.325748217], [546002.1110759875, 6867560.305336516], [546177.3232414034, 6867678.10000178]]]}}, {"type": "Feature", "properties": {"code": "U3", "joden": 61, "niet_joden": 649, "tot_pop": 710}, "geometry": {"type": "Polygon", "coordinates": [[[545841.4092861961, 6868218.037671536], [545940.114112489, 6868230.320281107], [546074.7788680005, 6868098.911157048], [546126.5730047355, 6868153.368992244], [546144.3309944732, 6868134.131170028], [546096.3844221814, 6868076.713669876], [546152.9140228465, 6868024.327600149], [546203.5242935991, 6868079.377368337], [546219.506484363, 6868066.650809024], [546172.7437780537, 6868008.345409386], [546231.345144188, 6867952.703708206], [546284.6191134012, 6868006.56961041], [546302.377103139, 6867988.811620672], [546253.8385978558, 6867931.394120521], [546311.8480309991, 6867879.895950281], [546361.5704022647, 6867936.721517442], [546378.7364590112, 6867922.515125652], [546332.565685693, 6867863.321826526], [546372.8171290986, 6867824.846182096], [546177.3232414034, 6867678.10000178], [545864.7826220123, 6867956.900440671], [545817.4279827105, 6868098.964358576], [545841.4092861961, 6868218.037671536]]]}}, {"type": "Feature", "properties": {"code": "Q", "joden": 903, "niet_joden": 117, "tot_pop": 1020}, "geometry": {"type": "Polygon", "coordinates": [[[545655.2383431022, 6867298.374987879], [545898.2268360191, 6867152.167539035], [546068.851520753, 6867033.780940778], [546068.9995040008, 6866966.892512763], [546017.7973002557, 6866921.905605426], [545939.0702124166, 6866868.631636212], [545841.1053023613, 6866924.569303894], [545828.0827765533, 6866911.546778087], [545502.5196313539, 6867125.826520926], [545655.2383431022, 6867298.374987879]]]}}, {"type": "Feature", "properties": {"code": "P", "joden": 1656, "niet_joden": 274, "tot_pop": 1930}, "geometry": {"type": "Polygon", "coordinates": [[[545603.14823987, 6866536.853194608], [545578.2870542366, 6866619.7238133885], [545559.9371315072, 6866661.751055769], [545513.1744251968, 6866707.329896096], [545442.7343992355, 6866754.684535398], [545368.1508423352, 6866785.465050944], [545265.154501854, 6866810.326236578], [545491.5688710152, 6867137.073247759], [545502.5196313539, 6867125.826520926], [545828.0827765533, 6866911.546778087], [545841.1053023613, 6866924.569303894], [545939.0702124166, 6866868.631636212], [546176.1393754209, 6866728.63948378], [546158.3813856827, 6866714.729058485], [546121.681540224, 6866691.939638322], [545603.14823987, 6866536.853194608]]]}}, {"type": "Feature", "properties": {"code": "N", "joden": 243, "niet_joden": 2017, "tot_pop": 2260}, "geometry": {"type": "Polygon", "coordinates": [[[545764.3100140851, 6868548.188297415], [545806.9291894557, 6868498.46592615], [545883.1405620801, 6868413.967491647], [545841.4092861961, 6868218.037671536], [545817.4279827105, 6868098.964358576], [545864.7826220123, 6867956.900440671], [546177.3232414034, 6867678.10000178], [546002.1110759875, 6867560.305336516], [545606.1079048262, 6867919.608662219], [545576.5112552627, 6867945.6537138345], [545608.4756367913, 6868056.937116194], [545764.3100140851, 6868548.188297415]]]}}, {"type": "Feature", "properties": {"code": "O", "joden": 473, "niet_joden": 1757, "tot_pop": 2230}, "geometry": {"type": "Polygon", "coordinates": [[[545606.1079048262, 6867919.608662219], [546002.1110759875, 6867560.305336516], [545654.0544771197, 6867309.325748217], [545601.3724408959, 6867456.717063045], [545567.0403274021, 6867628.377630514], [545577.3991547493, 6867636.0727594], [545561.416963985, 6867684.3152981885], [545529.7485489519, 6867676.916135798], [545606.1079048262, 6867919.608662219]]]}}, {"type": "Feature", "properties": {"code": "C", "joden": 1553, "niet_joden": 847, "tot_pop": 2400}, "geometry": {"type": "Polygon", "coordinates": [[[545467.003651877, 6867702.073287928], [545511.9905592137, 6867675.732269816], [545529.7485489519, 6867676.916135798], [545561.416963985, 6867684.3152981885], [545577.3991547493, 6867636.0727594], [545567.0403274021, 6867628.377630514], [545601.3724408959, 6867456.717063045], [545654.0544771197, 6867309.325748217], [545655.2383431022, 6867298.374987879], [545502.5196313539, 6867125.826520926], [545491.5688710152, 6867137.073247759], [545265.154501854, 6866810.326236578], [545141.7364731731, 6866819.797164438], [545012.6950810759, 6866804.998839657], [544946.3985860535, 6866800.2633757265], [545333.3747790975, 6867477.87866749], [545467.003651877, 6867702.073287928]]]}}, {"type": "Feature", "properties": {"code": "B", "joden": 57, "niet_joden": 823, "tot_pop": 880}, "geometry": {"type": "Polygon", "coordinates": [[[544946.3985860535, 6866800.2633757265], [544832.1555187379, 6866789.608581886], [544784.8008794361, 6866844.066417083], [544647.472425461, 6867042.95590215], [544623.2031728189, 6867135.297448788], [544828.6039207903, 6867160.750567412], [544894.3084828214, 6867460.8605939895], [545012.6950810759, 6867639.032424362], [545333.3747790975, 6867477.87866749], [544946.3985860535, 6866800.2633757265]]]}}, {"type": "Feature", "properties": {"code": "K", "joden": 438, "niet_joden": 2172, "tot_pop": 2610}, "geometry": {"type": "Polygon", "coordinates": [[[545012.6950810759, 6867639.032424362], [545333.3747790975, 6867477.87866749], [545467.003651877, 6867702.073287928], [545511.9905592137, 6867675.732269816], [545529.7485489519, 6867676.916135798], [545606.1079048262, 6867919.608662219], [545576.5112552627, 6867945.6537138345], [545608.4756367913, 6868056.937116194], [545400.2632071112, 6868159.193540444], [545284.244340822, 6867979.245911097], [545012.6950810759, 6867639.032424362]]]}}, {"type": "Feature", "properties": {"code": "M", "joden": 64, "niet_joden": 1816, "tot_pop": 1880}, "geometry": {"type": "Polygon", "coordinates": [[[545138.6288249689, 6868304.809056297], [545326.8635161933, 6868534.47905691], [545442.2984668411, 6868597.91066868], [545510.962693827, 6868628.691184226], [545631.7170240436, 6868614.484792436], [545764.3100140851, 6868548.188297415], [545608.4756367913, 6868056.937116194], [545400.2632071112, 6868159.193540444], [545253.4638252757, 6868250.3512210995], [545238.0735675027, 6868238.512561274], [545138.6288249689, 6868304.809056297]]]}}, {"type": "Feature", "properties": {"code": "J", "joden": 54, "niet_joden": 1096, "tot_pop": 1150}, "geometry": {"type": "Polygon", "coordinates": [[[545079.4355258417, 6868342.692767738], [545138.6288249689, 6868304.809056297], [545238.0735675027, 6868238.512561274], [545253.4638252757, 6868250.3512210995], [545400.2632071112, 6868159.193540444], [545012.6950810759, 6867639.032424362], [544807.1463498567, 6867748.392044503], [544682.8404216897, 6867785.091889962], [544723.0918650961, 6867883.352766513], [545079.4355258417, 6868342.692767738]]]}}, {"type": "Feature", "properties": {"code": "A", "joden": 35, "niet_joden": 515, "tot_pop": 550}, "geometry": {"type": "Polygon", "coordinates": [[[544682.8404216897, 6867785.091889962], [544807.1463498567, 6867748.392044503], [545012.6950810759, 6867639.032424362], [544894.3084828214, 6867460.8605939895], [544828.6039207903, 6867160.750567412], [544623.2031728189, 6867135.297448788], [544619.5035916237, 6867172.441243994], [544704.7419423668, 6867705.180936139], [544675.1452928033, 6867712.284132034], [544682.8404216897, 6867785.091889962]]]}}, {"type": "Feature", "properties": {"code": "L1", "joden": 99, "niet_joden": 1671, "tot_pop": 1770}, "geometry": {"type": "Polygon", "coordinates": [[[544949.8102181149, 6869073.824793652], [545262.3508374988, 6868829.948401254], [545442.2984668411, 6868597.91066868], [545326.8635161933, 6868534.47905691], [545138.6288249689, 6868304.809056297], [545079.4355258417, 6868342.692767738], [544958.0892626307, 6868419.940023099], [544866.3396489837, 6868434.14641489], [544766.3029734588, 6868434.442381386], [544817.2092107082, 6868493.6356805125], [544586.3553441121, 6868572.954701344], [544797.3794555005, 6868889.934818168], [544949.8102181149, 6869073.824793652]]]}}, {"type": "Feature", "properties": {"code": "H", "joden": 62, "niet_joden": 918, "tot_pop": 980}, "geometry": {"type": "Polygon", "coordinates": [[[544766.3029734588, 6868434.442381386], [544624.8309885447, 6868280.243837159], [544475.6638747443, 6868033.99971279], [544433.0446993727, 6867929.819506327], [544430.6769674077, 6867804.329712177], [544428.3092354425, 6867773.549196631], [544530.1217099413, 6867794.858784317], [544608.2568647892, 6867799.594248246], [544682.8404216897, 6867785.091889962], [544723.0918650961, 6867883.352766513], [545079.4355258417, 6868342.692767738], [544958.0892626307, 6868419.940023099], [544866.3396489837, 6868434.14641489], [544766.3029734588, 6868434.442381386]]]}}, {"type": "Feature", "properties": {"code": "E", "joden": 60, "niet_joden": 640, "tot_pop": 700}, "geometry": {"type": "Polygon", "coordinates": [[[544428.3092354425, 6867773.549196631], [544530.1217099413, 6867794.858784317], [544608.2568647892, 6867799.594248246], [544682.8404216897, 6867785.091889962], [544675.1452928033, 6867712.284132034], [544704.7419423668, 6867705.180936139], [544619.5035916237, 6867172.441243994], [544623.2031728189, 6867135.297448788], [544389.2416580186, 6867087.498859749], [544242.4422761832, 6867022.386230709], [544277.9582556594, 6867085.131127784], [544280.3259876245, 6867154.9792207545], [544337.1515547866, 6867343.2139119785], [544375.035266228, 6867407.142675036], [544414.1028436519, 6867527.897005255], [544428.3092354425, 6867773.549196631]]]}}, {"type": "Feature", "properties": {"code": "D", "joden": 44, "niet_joden": 466, "tot_pop": 510}, "geometry": {"type": "Polygon", "coordinates": [[[544242.4422761832, 6867022.386230709], [544389.2416580186, 6867087.498859749], [544623.2031728189, 6867135.297448788], [544647.472425461, 6867042.95590215], [544784.8008794361, 6866844.066417083], [544746.7691847467, 6866822.31287966], [544725.4595970609, 6866752.46478669], [544702.9661433925, 6866731.155199004], [544570.3731533476, 6866728.787467039], [544455.538153041, 6866741.809992847], [544365.5643383677, 6866778.509838305], [544331.232224874, 6866803.371023939], [544187.9844409862, 6866979.767055338], [544242.4422761832, 6867022.386230709]]]}}, {"type": "Feature", "properties": {"code": "F", "joden": 58, "niet_joden": 882, "tot_pop": 940}, "geometry": {"type": "Polygon", "coordinates": [[[544187.9844409862, 6866979.767055338], [544242.4422761832, 6867022.386230709], [544277.9582556594, 6867085.131127784], [544280.3259876245, 6867154.9792207545], [544337.1515547866, 6867343.2139119785], [544375.035266228, 6867407.142675036], [544414.1028436519, 6867527.897005255], [544428.3092354425, 6867773.549196631], [544319.3935650485, 6867720.867160409], [544264.9357298514, 6867706.660768618], [544193.9037708988, 6867699.557572722], [544118.136348016, 6867095.785921626], [544119.3202139981, 6867067.669104544], [544124.0556779287, 6867049.615148308], [544187.9844409862, 6866979.767055338]]]}}, {"type": "Feature", "properties": {"code": "G", "joden": 18, "niet_joden": 872, "tot_pop": 890}, "geometry": {"type": "Polygon", "coordinates": [[[544193.9037708988, 6867699.557572722], [544264.9357298514, 6867706.660768618], [544319.3935650485, 6867720.867160409], [544428.3092354425, 6867773.549196631], [544433.0446993727, 6867929.819506327], [544475.6638747443, 6868033.99971279], [544624.8309885447, 6868280.243837159], [544766.3029734588, 6868434.442381386], [544817.2092107082, 6868493.6356805125], [544586.3553441121, 6868572.954701344], [544498.1573284123, 6868444.209275744], [544282.6937195894, 6868119.829996527], [544230.3076498617, 6867913.245382576], [544193.9037708988, 6867699.557572722]]]}}, {"type": "Feature", "properties": {"code": "UU1", "joden": 83, "niet_joden": 5277, "tot_pop": 5360}, "geometry": {"type": "Polygon", "coordinates": [[[543510.0812001096, 6869822.768010854], [543528.5710887092, 6869819.86154746], [543554.6161403251, 6869772.506908158], [543980.8078940407, 6869388.934329813], [544144.1813996318, 6869244.502679943], [544185.6167090208, 6869210.17056645], [544366.7562217264, 6869545.2994211875], [544404.0480001756, 6869607.156418778], [544229.4277677546, 6869698.314099432], [543891.4340297466, 6870007.303120867], [543705.5670704916, 6870165.941162524], [543614.2614065717, 6870026.392959848], [543510.0812001096, 6869822.768010854]]]}}, {"type": "Feature", "properties": {"code": "TT1", "joden": 51, "niet_joden": 3769, "tot_pop": 3820}, "geometry": {"type": "Polygon", "coordinates": [[[544366.7562217264, 6869545.2994211875], [544409.375397097, 6869517.182604102], [544430.093051791, 6869483.442423601], [544937.3796252985, 6869172.085670199], [544958.6892129838, 6869172.085670199], [545008.4115842495, 6869143.672886618], [544949.8102181149, 6869073.824793652], [544797.3794555005, 6868889.934818168], [544591.6827410331, 6868974.581235924], [544582.2118131728, 6868968.661906011], [544344.2547506816, 6869055.084122737], [544185.6167090208, 6869210.17056645], [544366.7562217264, 6869545.2994211875]]]}}, {"type": "Feature", "properties": {"code": "SE1", "joden": 13, "niet_joden": 1837, "tot_pop": 1850}, "geometry": {"type": "Polygon", "coordinates": [[[543178.5987250027, 6869453.401824307], [543138.3472815969, 6869441.563164481], [542536.9433624744, 6869195.319040116], [542532.2078985443, 6869074.564709901], [542243.3445988082, 6868515.7799661495], [542357.1356989825, 6868465.518863433], [542368.9743588079, 6868486.236518127], [542825.9466280696, 6868303.921156815], [542831.8659579824, 6868315.759816641], [542905.2656488998, 6868498.075177954], [543033.1231750144, 6868836.06891597], [543069.8230204732, 6868936.697524485], [543226.6852631603, 6869351.050618376], [543178.5987250027, 6869453.401824307]]]}}, {"type": "Feature", "properties": {"code": "SE2", "joden": 60, "niet_joden": 5900, "tot_pop": 5960}, "geometry": {"type": "Polygon", "coordinates": [[[542825.9466280696, 6868303.921156815], [542744.8518082651, 6868079.578553122], [542737.7486123698, 6868057.085099453], [542742.4840762999, 6868014.465924081], [542746.0356742477, 6867924.492109409], [541847.4813934973, 6867620.238551896], [541738.5657231034, 6867581.170974472], [541843.1978967143, 6867753.370273409], [542110.7516087657, 6868281.37450161], [542205.4608873676, 6868458.954398989], [542243.3445988082, 6868515.7799661495], [542357.1356989825, 6868465.518863433], [542368.9743588079, 6868486.236518127], [542825.9466280696, 6868303.921156815]]]}}, {"type": "Feature", "properties": {"code": "QQ3", "joden": 8, "niet_joden": 3092, "tot_pop": 3100}, "geometry": {"type": "Polygon", "coordinates": [[[543226.6852631603, 6869351.050618376], [543178.5987250027, 6869453.401824307], [543292.249859325, 6869538.640175048], [543434.313777228, 6869867.75491819], [543510.0812001096, 6869822.768010854], [543528.5710887092, 6869819.86154746], [543554.6161403251, 6869772.506908158], [543354.8387557707, 6869252.197808831], [543273.7439359665, 6869030.814870095], [543212.7748378656, 6868875.13649339], [543157.133136686, 6868890.526751163], [543157.133136686, 6868898.813813041], [543069.8230204732, 6868936.697524485], [543226.6852631603, 6869351.050618376]]]}}, {"type": "Feature", "properties": {"code": "QQ1", "joden": 20, "niet_joden": 2340, "tot_pop": 2360}, "geometry": {"type": "Polygon", "coordinates": [[[543554.6161403251, 6869772.506908158], [543980.8078940407, 6869388.934329813], [543387.3950702908, 6869242.726880971], [543354.8387557707, 6869252.197808831], [543554.6161403251, 6869772.506908158]]]}}, {"type": "Feature", "properties": {"code": "QQ2", "joden": 53, "niet_joden": 3547, "tot_pop": 3600}, "geometry": {"type": "Polygon", "coordinates": [[[543354.8387557707, 6869252.197808831], [543387.3950702908, 6869242.726880971], [543980.8078940407, 6869388.934329813], [544144.1813996318, 6869244.502679943], [543727.1646072807, 6869137.362808525], [543273.7439359665, 6869030.814870095], [543354.8387557707, 6869252.197808831]]]}}, {"type": "Feature", "properties": {"code": "PP1", "joden": 11, "niet_joden": 1699, "tot_pop": 1710}, "geometry": {"type": "Polygon", "coordinates": [[[543727.1646072807, 6869137.362808525], [544144.1813996318, 6869244.502679943], [544185.6167090208, 6869210.17056645], [544028.4584998379, 6868933.145926536], [543794.6449682856, 6868867.441364505], [543727.1646072807, 6869137.362808525]]]}}, {"type": "Feature", "properties": {"code": "PP2", "joden": 34, "niet_joden": 2746, "tot_pop": 2780}, "geometry": {"type": "Polygon", "coordinates": [[[543273.7439359665, 6869030.814870095], [543727.1646072807, 6869137.362808525], [543794.6449682856, 6868867.441364505], [543174.299193433, 6868683.942137211], [543145.886409852, 6868692.229199089], [543212.7748378656, 6868875.13649339], [543273.7439359665, 6869030.814870095]]]}}, {"type": "Feature", "properties": {"code": "PP3", "joden": 9, "niet_joden": 271, "tot_pop": 280}, "geometry": {"type": "Polygon", "coordinates": [[[543069.8230204732, 6868936.697524485], [543157.133136686, 6868898.813813041], [543157.133136686, 6868890.526751163], [543212.7748378656, 6868875.13649339], [543145.886409852, 6868692.229199089], [543096.1640385851, 6868711.171054809], [543124.5768221662, 6868801.144869483], [543033.1231750144, 6868836.06891597], [543069.8230204732, 6868936.697524485]]]}}, {"type": "Feature", "properties": {"code": "SS", "joden": 80, "niet_joden": 2150, "tot_pop": 2230}, "geometry": {"type": "Polygon", "coordinates": [[[544028.4584998379, 6868933.145926536], [544185.6167090208, 6869210.17056645], [544344.2547506816, 6869055.084122737], [544582.2118131728, 6868968.661906011], [544591.6827410331, 6868974.581235924], [544797.3794555005, 6868889.934818168], [544586.3553441121, 6868572.954701344], [544498.1573284123, 6868444.209275744], [544343.9587841858, 6868547.797549219], [544340.4071862382, 6868538.326621358], [543936.7088861909, 6868758.525694111], [544028.4584998379, 6868933.145926536]]]}}, {"type": "Feature", "properties": {"code": "OO2", "joden": 2, "niet_joden": 658, "tot_pop": 660}, "geometry": {"type": "Polygon", "coordinates": [[[543033.1231750144, 6868836.06891597], [543124.5768221662, 6868801.144869483], [543096.1640385851, 6868711.171054809], [543145.886409852, 6868692.229199089], [543045.8497343269, 6868439.17784532], [542905.2656488998, 6868498.075177954], [543033.1231750144, 6868836.06891597]]]}}, {"type": "Feature", "properties": {"code": "NN2", "joden": 9, "niet_joden": 321, "tot_pop": 330}, "geometry": {"type": "Polygon", "coordinates": [[[542825.9466280696, 6868303.921156815], [542977.1855073395, 6868259.230215972], [543045.8497343269, 6868439.17784532], [542905.2656488998, 6868498.075177954], [542825.9466280696, 6868303.921156815]]]}}, {"type": "Feature", "properties": {"code": "OO1", "joden": 24, "niet_joden": 3456, "tot_pop": 3480}, "geometry": {"type": "Polygon", "coordinates": [[[543045.8497343269, 6868439.17784532], [543145.886409852, 6868692.229199089], [543174.299193433, 6868683.942137211], [543794.6449682856, 6868867.441364505], [544028.4584998379, 6868933.145926536], [543936.7088861909, 6868758.525694111], [543898.2332417583, 6868706.731557374], [543070.7109199605, 6868429.706917458], [543045.8497343269, 6868439.17784532]]]}}, {"type": "Feature", "properties": {"code": "NN1", "joden": 35, "niet_joden": 3135, "tot_pop": 3170}, "geometry": {"type": "Polygon", "coordinates": [[[543045.8497343269, 6868439.17784532], [543070.7109199605, 6868429.706917458], [543898.2332417583, 6868706.731557374], [543777.478911539, 6868482.980886674], [543746.6983959929, 6868498.371144447], [542999.678961008, 6868252.127020078], [542977.1855073395, 6868259.230215972], [543045.8497343269, 6868439.17784532]]]}}, {"type": "Feature", "properties": {"code": "RR", "joden": 58, "niet_joden": 1112, "tot_pop": 1170}, "geometry": {"type": "Polygon", "coordinates": [[[543777.478911539, 6868482.980886674], [543898.2332417583, 6868706.731557374], [543936.7088861909, 6868758.525694111], [544340.4071862382, 6868538.326621358], [544343.9587841858, 6868547.797549219], [544498.1573284123, 6868444.209275744], [544282.6937195894, 6868119.829996527], [544137.374170232, 6868181.686994119], [544125.5355104066, 6868162.745138397], [543720.3573778811, 6868381.760345168], [543777.478911539, 6868482.980886674], [543898.2332417583, 6868706.731557374], [543777.478911539, 6868482.980886674]]]}}, {"type": "Feature", "properties": {"code": "MM2", "joden": 0, "niet_joden": 440, "tot_pop": 440}, "geometry": {"type": "Polygon", "coordinates": [[[542742.4840762999, 6868014.465924081], [542737.7486123698, 6868057.085099453], [542825.9466280696, 6868303.921156815], [542977.1855073395, 6868259.230215972], [542920.0639736815, 6868108.287303201], [542901.122117961, 6868006.4748287015], [542742.4840762999, 6868014.465924081]]]}}, {"type": "Feature", "properties": {"code": "MM1", "joden": 30, "niet_joden": 3660, "tot_pop": 3690}, "geometry": {"type": "Polygon", "coordinates": [[[542901.122117961, 6868006.4748287015], [542920.0639736815, 6868108.287303201], [542977.1855073395, 6868259.230215972], [542999.678961008, 6868252.127020078], [543746.6983959929, 6868498.371144447], [543777.478911539, 6868482.980886674], [543720.3573778811, 6868381.760345168], [543641.0383570505, 6868242.064159228], [543598.419181679, 6868253.902819053], [542901.122117961, 6868006.4748287015]]]}}, {"type": "Feature", "properties": {"code": "LL", "joden": 52, "niet_joden": 1498, "tot_pop": 1550}, "geometry": {"type": "Polygon", "coordinates": [[[543641.0383570505, 6868242.064159228], [543720.3573778811, 6868381.760345168], [544125.5355104066, 6868162.745138397], [544137.374170232, 6868181.686994119], [544282.6937195894, 6868119.829996527], [544230.3076498617, 6867913.245382576], [544193.9037708988, 6867699.557572722], [543567.9346326287, 6867738.625150152], [543569.4144651066, 6867789.235420905], [543583.0289239059, 6868025.416684421], [543590.7240527924, 6868155.050009511], [543641.0383570505, 6868242.064159228]]]}}, {"type": "Feature", "properties": {"code": "KK", "joden": 102, "niet_joden": 2378, "tot_pop": 2480}, "geometry": {"type": "Polygon", "coordinates": [[[543567.9346326287, 6867738.625150152], [544193.9037708988, 6867699.557572722], [544118.136348016, 6867095.785921626], [544119.3202139981, 6867067.669104544], [544001.2295822394, 6867074.180367449], [543536.5621840912, 6867095.489955136], [543549.5847098992, 6867348.837275401], [543557.8717717769, 6867498.59632219], [543567.9346326287, 6867738.625150152]]]}}, {"type": "Feature", "properties": {"code": "DD2", "joden": 1, "niet_joden": 339, "tot_pop": 340}, "geometry": {"type": "Polygon", "coordinates": [[[542746.0356742477, 6867924.492109409], [542742.4840762999, 6868014.465924081], [542901.122117961, 6868006.4748287015], [542837.9332711432, 6867718.499428451], [542646.1469819712, 6867647.4674694985], [542633.1244561633, 6867707.844634608], [542653.2501778665, 6867772.9572636485], [542707.7080130635, 6867825.04736688], [542744.4078585224, 6867896.079325832], [542746.0356742477, 6867924.492109409]]]}}, {"type": "Feature", "properties": {"code": "DD1", "joden": 44, "niet_joden": 2806, "tot_pop": 2850}, "geometry": {"type": "Polygon", "coordinates": [[[542837.9332711432, 6867718.499428451], [542901.122117961, 6868006.4748287015], [543598.419181679, 6868253.902819053], [543641.0383570505, 6868242.064159228], [543590.7240527924, 6868155.050009511], [543583.0289239059, 6868025.416684421], [542837.9332711432, 6867718.499428451]]]}}, {"type": "Feature", "properties": {"code": "SF", "joden": 113, "niet_joden": 8087, "tot_pop": 8200}, "geometry": {"type": "Polygon", "coordinates": [[[541847.4813934973, 6867620.238551896], [542746.0356742477, 6867924.492109409], [542744.4078585224, 6867896.079325832], [542707.7080130635, 6867825.04736688], [542653.2501778665, 6867772.9572636485], [542633.1244561633, 6867707.844634608], [542646.1469819712, 6867647.4674694985], [542700.6048171682, 6867410.69427299], [542742.0401265572, 6867239.033705521], [542798.8656937192, 6867124.198705214], [542877.0008485671, 6867022.386230715], [542389.2480637593, 6866797.451694032], [542235.3454860286, 6866728.787467045], [542100.3847640187, 6867043.695818401], [541847.4813934973, 6867620.238551896]]]}}, {"type": "Feature", "properties": {"code": "SO1", "joden": 34, "niet_joden": 4502, "tot_pop": 4536}, "geometry": {"type": "Polygon", "coordinates": [[[541738.5657231034, 6867581.170974472], [541847.4813934973, 6867620.238551896], [542100.3847640187, 6867043.695818401], [541965.4240420088, 6866980.950921326], [541825.7278560686, 6866995.157313116], [541308.682405605, 6866780.824368772], [541598.7295713233, 6867314.155993894], [541738.5657231034, 6867581.170974472]]]}}, {"type": "Feature", "properties": {"code": "SO2", "joden": 71, "niet_joden": 6749, "tot_pop": 6820}, "geometry": {"type": "Polygon", "coordinates": [[[541308.682405605, 6866780.824368772], [541825.7278560686, 6866995.157313116], [541965.4240420088, 6866980.950921326], [542100.3847640187, 6867043.695818401], [542235.3454860286, 6866728.787467045], [541868.3470314404, 6866566.597827435], [541642.2286287746, 6866475.440146779], [541332.0557413482, 6866353.501950577], [541147.3726480715, 6866277.734527694], [541118.9598644904, 6866274.182929746], [541041.1286935543, 6866304.910243795], [541308.682405605, 6866780.824368772]]]}}, {"type": "Feature", "properties": {"code": "EE2", "joden": 17, "niet_joden": 373, "tot_pop": 390}, "geometry": {"type": "Polygon", "coordinates": [[[542700.6048171682, 6867410.69427299], [542646.1469819712, 6867647.4674694985], [542837.9332711432, 6867718.499428451], [542821.3591473878, 6867646.875536507], [542880.552446515, 6867508.363216549], [542884.1040444626, 6867484.685896899], [542700.6048171682, 6867410.69427299]]]}}, {"type": "Feature", "properties": {"code": "EE1", "joden": 60, "niet_joden": 2910, "tot_pop": 2970}, "geometry": {"type": "Polygon", "coordinates": [[[542821.3591473878, 6867646.875536507], [542837.9332711432, 6867718.499428451], [543583.0289239059, 6868025.416684421], [543569.4144651066, 6867789.235420905], [542880.552446515, 6867508.363216549], [542821.3591473878, 6867646.875536507]]]}}, {"type": "Feature", "properties": {"code": "FF1", "joden": 59, "niet_joden": 3070, "tot_pop": 3129}, "geometry": {"type": "Polygon", "coordinates": [[[542884.1040444626, 6867484.685896899], [542880.552446515, 6867508.363216549], [543569.4144651066, 6867789.235420905], [543567.9346326287, 6867738.625150152], [543557.8717717769, 6867498.59632219], [542998.9390447692, 6867230.154710651], [542884.1040444626, 6867484.685896899]]]}}, {"type": "Feature", "properties": {"code": "FF2", "joden": 9, "niet_joden": 91, "tot_pop": 100}, "geometry": {"type": "Polygon", "coordinates": [[[542700.6048171682, 6867410.69427299], [542884.1040444626, 6867484.685896899], [542998.9390447692, 6867230.154710651], [542999.5309777604, 6867214.172519887], [542798.8656937192, 6867124.198705214], [542742.0401265572, 6867239.033705521], [542700.6048171682, 6867410.69427299]]]}}, {"type": "Feature", "properties": {"code": "GG1", "joden": 15, "niet_joden": 1195, "tot_pop": 1210}, "geometry": {"type": "Polygon", "coordinates": [[[542999.5309777604, 6867214.172519887], [542998.9390447692, 6867230.154710651], [543557.8717717769, 6867498.59632219], [543549.5847098992, 6867348.837275401], [543060.2041093659, 6867091.642390695], [542999.5309777604, 6867214.172519887]]]}}, {"type": "Feature", "properties": {"code": "GG3", "joden": 1, "niet_joden": 69, "tot_pop": 70}, "geometry": {"type": "Polygon", "coordinates": [[[542877.0008485671, 6867022.386230715], [542798.8656937192, 6867124.198705214], [542999.5309777604, 6867214.172519887], [543060.2041093659, 6867091.642390695], [543124.1328724232, 6866944.843008862], [543025.871995872, 6866899.856101525], [543066.1234392786, 6866807.514554887], [542959.5755008496, 6866756.608317637], [542944.1852430765, 6866840.662802398], [542931.1627172686, 6866902.22383349], [542914.588593513, 6866960.233266635], [542877.0008485671, 6867022.386230715]]]}}, {"type": "Feature", "properties": {"code": "GG2", "joden": 28, "niet_joden": 1772, "tot_pop": 1800}, "geometry": {"type": "Polygon", "coordinates": [[[543124.1328724232, 6866944.843008862], [543060.2041093659, 6867091.642390695], [543549.5847098992, 6867348.837275401], [543536.5621840912, 6867095.489955136], [543145.4424601089, 6866889.201307682], [543124.1328724232, 6866944.843008862]]]}}, {"type": "Feature", "properties": {"code": "HH3", "joden": 24, "niet_joden": 776, "tot_pop": 800}, "geometry": {"type": "Polygon", "coordinates": [[[542959.5755008496, 6866756.608317637], [543066.1234392786, 6866807.514554887], [543025.871995872, 6866899.856101525], [543124.1328724232, 6866944.843008862], [543145.4424601089, 6866889.201307682], [543278.0354501541, 6866594.4186780285], [543296.9773058748, 6866596.786409994], [543353.8028730369, 6866477.215945757], [543336.0448832987, 6866463.009553966], [543170.3036457427, 6866371.85187331], [543137.1553982315, 6866502.077131391], [543094.5362228599, 6866573.109090343], [543036.5267897153, 6866639.405585365], [542974.965758623, 6866712.805276283], [542959.5755008496, 6866756.608317637]]]}}, {"type": "Feature", "properties": {"code": "HH2", "joden": 19, "niet_joden": 241, "tot_pop": 260}, "geometry": {"type": "Polygon", "coordinates": [[[543353.8028730369, 6866477.215945757], [543296.9773058748, 6866596.786409994], [543278.0354501541, 6866594.4186780285], [543145.4424601089, 6866889.201307682], [543536.5621840912, 6867095.489955136], [543514.8086466629, 6866699.782750475], [543563.3471519471, 6866599.154141959], [543353.8028730369, 6866477.215945757]]]}}, {"type": "Feature", "properties": {"code": "HH1", "joden": 47, "niet_joden": 243, "tot_pop": 290}, "geometry": {"type": "Polygon", "coordinates": [[[543563.3471519471, 6866599.154141959], [543514.8086466629, 6866699.782750475], [543536.5621840912, 6867095.489955136], [544001.2295822394, 6867074.180367449], [543990.7227716453, 6866882.098111787], [544007.2968954009, 6866858.420792135], [543563.3471519471, 6866599.154141959]]]}}, {"type": "Feature", "properties": {"code": "JJ1", "joden": 47, "niet_joden": 853, "tot_pop": 900}, "geometry": {"type": "Polygon", "coordinates": [[[543563.3471519471, 6866599.154141959], [544007.2968954009, 6866858.420792135], [543990.7227716453, 6866882.098111787], [544001.2295822394, 6867074.180367449], [544119.3202139981, 6867067.669104544], [544124.0556779287, 6867049.615148308], [544187.9844409862, 6866979.767055338], [544331.232224874, 6866803.371023939], [544242.886225927, 6866747.137389779], [544141.0737514283, 6866695.047286547], [543970.5970499421, 6866561.270430519], [543751.5818431715, 6866389.609863051], [543563.3471519471, 6866599.154141959]]]}}, {"type": "Feature", "properties": {"code": "JJ2", "joden": 7, "niet_joden": 433, "tot_pop": 440}, "geometry": {"type": "Polygon", "coordinates": [[[543336.0448832987, 6866463.009553966], [543353.8028730369, 6866477.215945757], [543563.3471519471, 6866599.154141959], [543751.5818431715, 6866389.609863051], [543588.2083375804, 6866271.223264796], [543568.0826158773, 6866226.236357459], [543515.9925126453, 6866280.694192656], [543505.3377188025, 6866275.958728726], [543474.5572032563, 6866315.02630615], [543460.3508114658, 6866304.371512307], [543336.0448832987, 6866463.009553966]]]}}, {"type": "Feature", "properties": {"code": "JJ3", "joden": 34, "niet_joden": 526, "tot_pop": 560}, "geometry": {"type": "Polygon", "coordinates": [[[543170.3036457427, 6866371.85187331], [543336.0448832987, 6866463.009553966], [543460.3508114658, 6866304.371512307], [543474.5572032563, 6866315.02630615], [543505.3377188025, 6866275.958728726], [543515.9925126453, 6866280.694192656], [543568.0826158773, 6866226.236357459], [543544.4052962265, 6866187.168780034], [543392.8704504609, 6866069.966047763], [543339.5964812464, 6866129.15934689], [543269.7483882764, 6866170.594656279], [543221.2098829921, 6866194.27197593], [543184.5100375332, 6866235.707285319], [543169.1197797603, 6866264.1200689], [543170.3036457427, 6866371.85187331]]]}}, {"type": "Feature", "properties": {"code": "IJ1", "joden": 13, "niet_joden": 147, "tot_pop": 160}, "geometry": {"type": "Polygon", "coordinates": [[[544725.4595970609, 6866752.46478669], [544746.7691847467, 6866822.31287966], [544784.8008794361, 6866844.066417083], [544832.1555187379, 6866789.608581886], [544946.3985860535, 6866800.2633757265], [545012.6950810759, 6866804.998839657], [545001.152387746, 6866749.505121741], [545017.7265115017, 6866630.526590496], [544997.6007897984, 6866622.831461609], [544725.4595970609, 6866752.46478669]]]}}, {"type": "Feature", "properties": {"code": "IJ2", "joden": 260, "niet_joden": 1240, "tot_pop": 1500}, "geometry": {"type": "Polygon", "coordinates": [[[545025.4216403882, 6866090.091769465], [545001.7443207373, 6866524.570585059], [544997.6007897984, 6866622.831461609], [545017.7265115017, 6866630.526590496], [545001.152387746, 6866749.505121741], [545012.6950810759, 6866804.998839657], [545141.7364731731, 6866819.797164438], [545265.154501854, 6866810.326236578], [545368.1508423352, 6866785.465050944], [545442.7343992355, 6866754.684535398], [545513.1744251968, 6866707.329896096], [545559.9371315072, 6866661.751055769], [545603.14823987, 6866536.853194608], [545680.0995287353, 6866296.528400152], [545025.4216403882, 6866090.091769465]]]}}, {"type": "Feature", "properties": {"code": "X1", "joden": 41, "niet_joden": 509, "tot_pop": 550}, "geometry": {"type": "Polygon", "coordinates": [[[544242.886225927, 6866747.137389779], [544331.232224874, 6866803.371023939], [544365.5643383677, 6866778.509838305], [544455.538153041, 6866741.809992847], [544570.3731533476, 6866728.787467039], [544702.9661433925, 6866731.155199004], [544725.4595970609, 6866752.46478669], [544997.6007897984, 6866622.831461609], [545001.7443207373, 6866524.570585059], [544702.2262271538, 6866584.947750167], [544379.0308139194, 6866657.163575103], [544242.886225927, 6866747.137389779]]]}}, {"type": "Feature", "properties": {"code": "X2", "joden": 46, "niet_joden": 414, "tot_pop": 460}, "geometry": {"type": "Polygon", "coordinates": [[[543970.5970499421, 6866561.270430519], [544141.0737514283, 6866695.047286547], [544242.886225927, 6866747.137389779], [544379.0308139194, 6866657.163575103], [544702.2262271538, 6866584.947750167], [544619.3556083756, 6866180.065584137], [544293.7924631762, 6866251.09754309], [543970.5970499421, 6866561.270430519]]]}}, {"type": "Feature", "properties": {"code": "X3", "joden": 39, "niet_joden": 521, "tot_pop": 560}, "geometry": {"type": "Polygon", "coordinates": [[[544619.3556083756, 6866180.065584137], [544702.2262271538, 6866584.947750167], [545001.7443207373, 6866524.570585059], [545025.4216403882, 6866090.091769465], [544619.3556083756, 6866180.065584137]]]}}, {"type": "Feature", "properties": {"code": "CC1", "joden": 30, "niet_joden": 1080, "tot_pop": 1110}, "geometry": {"type": "Polygon", "coordinates": [[[543751.5818431715, 6866389.609863051], [543970.5970499421, 6866561.270430519], [544293.7924631762, 6866251.09754309], [544143.1455168976, 6865968.745506252], [544123.6117281856, 6865985.911562999], [543751.5818431715, 6866389.609863051]]]}}, {"type": "Feature", "properties": {"code": "BB1", "joden": 98, "niet_joden": 842, "tot_pop": 940}, "geometry": {"type": "Polygon", "coordinates": [[[544143.1455168976, 6865968.745506252], [544293.7924631762, 6866251.09754309], [544619.3556083756, 6866180.065584137], [544554.5389458312, 6865874.036227649], [544143.1455168976, 6865968.745506252]]]}}, {"type": "Feature", "properties": {"code": "AA1", "joden": 73, "niet_joden": 927, "tot_pop": 1000}, "geometry": {"type": "Polygon", "coordinates": [[[544554.5389458312, 6865874.036227649], [544619.3556083756, 6866180.065584137], [545025.4216403882, 6866090.091769465], [545040.2199651698, 6865762.752825289], [544554.5389458312, 6865874.036227649]]]}}, {"type": "Feature", "properties": {"code": "Z1", "joden": 406, "niet_joden": 1294, "tot_pop": 1700}, "geometry": {"type": "Polygon", "coordinates": [[[545040.2199651698, 6865762.752825289], [545025.4216403882, 6866090.091769465], [545680.0995287353, 6866296.528400152], [545779.5442712689, 6865988.72324469], [545040.2199651698, 6865762.752825289]]]}}, {"type": "Feature", "properties": {"code": "CC2", "joden": 100, "niet_joden": 2070, "tot_pop": 2170}, "geometry": {"type": "Polygon", "coordinates": [[[543568.0826158773, 6866226.236357459], [543544.4052962265, 6866187.168780034], [543695.3482090004, 6866027.938805382], [544012.6242923221, 6865774.591485118], [544123.6117281856, 6865985.911562999], [543751.5818431715, 6866389.609863051], [543588.2083375804, 6866271.223264796], [543568.0826158773, 6866226.236357459]]]}}, {"type": "Feature", "properties": {"code": "BB2", "joden": 82, "niet_joden": 1808, "tot_pop": 1890}, "geometry": {"type": "Polygon", "coordinates": [[[544012.6242923221, 6865774.591485118], [544123.6117281856, 6865985.911562999], [544143.1455168976, 6865968.745506252], [544554.5389458312, 6865874.036227649], [544495.6416131997, 6865588.724525857], [544488.5384173045, 6865473.88952555], [544372.5195510152, 6865492.831381271], [544012.6242923221, 6865774.591485118]]]}}, {"type": "Feature", "properties": {"code": "AA2", "joden": 78, "niet_joden": 2482, "tot_pop": 2560}, "geometry": {"type": "Polygon", "coordinates": [[[544488.5384173045, 6865473.88952555], [544495.6416131997, 6865588.724525857], [544554.5389458312, 6865874.036227649], [545040.2199651698, 6865762.752825289], [545056.7940889254, 6865517.692566904], [545054.4263569603, 6865425.351020266], [544488.5384173045, 6865473.88952555]]]}}, {"type": "Feature", "properties": {"code": "CC3", "joden": 26, "niet_joden": 404, "tot_pop": 430}, "geometry": {"type": "Polygon", "coordinates": [[[543392.8704504609, 6866069.966047763], [543427.7944969457, 6865990.055093938], [543449.1040846314, 6865914.287671055], [543492.9071259856, 6865857.462103893], [543560.3874869905, 6865830.233186294], [543626.683982013, 6865825.497722364], [543700.0836729307, 6865808.923598608], [543803.0800134119, 6865740.25937162], [543953.4309931949, 6865619.505041401], [544030.3822820602, 6865759.201227341], [544012.6242923221, 6865774.591485118], [543695.3482090004, 6866027.938805382], [543544.4052962265, 6866187.168780034], [543392.8704504609, 6866069.966047763]]]}}, {"type": "Feature", "properties": {"code": "Z2", "joden": 288, "niet_joden": 1762, "tot_pop": 2050}, "geometry": {"type": "Polygon", "coordinates": [[[545056.7940889254, 6865517.692566904], [545040.2199651698, 6865762.752825289], [545779.5442712689, 6865988.72324469], [545851.7600962035, 6865776.885225455], [545056.7940889254, 6865517.692566904]]]}}, {"type": "Feature", "properties": {"code": "BB3", "joden": 30, "niet_joden": 250, "tot_pop": 280}, "geometry": {"type": "Polygon", "coordinates": [[[543953.4309931949, 6865619.505041401], [544030.3822820602, 6865759.201227341], [544372.5195510152, 6865492.831381271], [544488.5384173045, 6865473.88952555], [544470.7804275666, 6865173.1135743605], [544374.8872829806, 6865205.077955889], [544264.7877466041, 6865283.213110737], [544219.8008392674, 6865325.832286108], [544173.6300659482, 6865420.541564711], [544140.481818437, 6865470.2639359785], [544076.5530553797, 6865524.721771176], [543953.4309931949, 6865619.505041401]]]}}, {"type": "Feature", "properties": {"code": "AA3", "joden": 449, "niet_joden": 1081, "tot_pop": 1530}, "geometry": {"type": "Polygon", "coordinates": [[[544470.7804275666, 6865173.1135743605], [544488.5384173045, 6865473.88952555], [545054.4263569603, 6865425.351020266], [545076.919810629, 6865411.070636852], [545057.9779549083, 6865118.655739163], [544470.7804275666, 6865173.1135743605]]]}}, {"type": "Feature", "properties": {"code": "Z3", "joden": 293, "niet_joden": 1167, "tot_pop": 1460}, "geometry": {"type": "Polygon", "coordinates": [[[545057.9779549083, 6865118.655739163], [545076.919810629, 6865411.070636852], [545054.4263569603, 6865425.351020266], [545056.7940889254, 6865517.692566904], [545851.7600962035, 6865776.885225455], [545860.0471580819, 6865756.685512111], [545988.7925836835, 6865328.126026432], [545271.0738317661, 6865102.081615408], [545057.9779549083, 6865118.655739163]]]}}, {"type": "Feature", "properties": {"code": "SN1", "joden": 22, "niet_joden": 4378, "tot_pop": 4400}, "geometry": {"type": "Polygon", "coordinates": [[[540745.162197955, 6865755.078486614], [540951.1548788825, 6866153.375398032], [541041.1286935543, 6866304.910243795], [541118.9598644904, 6866274.182929746], [541147.3726480715, 6866277.734527694], [541332.0557413482, 6866353.501950577], [541454.2899040462, 6866043.255071532], [541054.1432019465, 6865877.513833975], [540745.162197955, 6865755.078486614]]]}}, {"type": "Feature", "properties": {"code": "SN2", "joden": 20, "niet_joden": 3110, "tot_pop": 3130}, "geometry": {"type": "Polygon", "coordinates": [[[541454.2899040462, 6866043.255071532], [541332.0557413482, 6866353.501950577], [541642.2286287746, 6866475.440146779], [541773.9337193329, 6866164.009401751], [541454.2899040462, 6866043.255071532]]]}}, {"type": "Feature", "properties": {"code": "SN3", "joden": 27, "niet_joden": 2453, "tot_pop": 2480}, "geometry": {"type": "Polygon", "coordinates": [[[541773.9337193329, 6866164.009401751], [541642.2286287746, 6866475.440146779], [541868.3470314404, 6866566.597827435], [541994.132792086, 6866263.454144285], [541773.9337193329, 6866164.009401751]]]}}, {"type": "Feature", "properties": {"code": "SG1", "joden": 58, "niet_joden": 4822, "tot_pop": 4880}, "geometry": {"type": "Polygon", "coordinates": [[[541994.132792086, 6866263.454144285], [541868.3470314404, 6866566.597827435], [542235.3454860286, 6866728.787467045], [542389.2480637593, 6866797.451694032], [542515.033824405, 6866488.3886809675], [541994.132792086, 6866263.454144285]]]}}, {"type": "Feature", "properties": {"code": "SG2", "joden": 47, "niet_joden": 3423, "tot_pop": 3470}, "geometry": {"type": "Polygon", "coordinates": [[[542515.033824405, 6866488.3886809675], [542389.2480637593, 6866797.451694032], [542877.0008485671, 6867022.386230715], [542914.588593513, 6866960.233266635], [542931.1627172686, 6866902.22383349], [542944.1852430765, 6866840.662802398], [542959.5755008496, 6866756.608317637], [542974.965758623, 6866712.805276283], [542515.033824405, 6866488.3886809675]]]}}, {"type": "Feature", "properties": {"code": "SM1", "joden": 36, "niet_joden": 5444, "tot_pop": 5480}, "geometry": {"type": "Polygon", "coordinates": [[[540434.9812930762, 6865023.94646056], [540469.9133570138, 6865092.705469379], [540726.2203422341, 6865627.2209605], [540745.162197955, 6865755.078486614], [541054.1432019465, 6865877.513833975], [541256.5842849612, 6865366.083729515], [540434.9812930762, 6865023.94646056]]]}}, {"type": "Feature", "properties": {"code": "SM2", "joden": 42, "niet_joden": 5278, "tot_pop": 5320}, "geometry": {"type": "Polygon", "coordinates": [[[541256.5842849612, 6865366.083729515], [541054.1432019465, 6865877.513833975], [541454.2899040462, 6866043.255071532], [541653.1793891133, 6865531.8249670705], [541567.9410383702, 6865491.573523665], [541256.5842849612, 6865366.083729515]]]}}, {"type": "Feature", "properties": {"code": "SH1", "joden": 99, "niet_joden": 7031, "tot_pop": 7130}, "geometry": {"type": "Polygon", "coordinates": [[[541653.1793891133, 6865531.8249670705], [541454.2899040462, 6866043.255071532], [541773.9337193329, 6866164.009401751], [541994.132792086, 6866263.454144285], [542515.033824405, 6866488.3886809675], [542731.6812992104, 6865981.694040436], [542549.9578708903, 6865897.343589183], [541653.1793891133, 6865531.8249670705]]]}}, {"type": "Feature", "properties": {"code": "SH2", "joden": 135, "niet_joden": 4745, "tot_pop": 4880}, "geometry": {"type": "Polygon", "coordinates": [[[542731.6812992104, 6865981.694040436], [542515.033824405, 6866488.3886809675], [542974.965758623, 6866712.805276283], [543036.5267897153, 6866639.405585365], [543094.5362228599, 6866573.109090343], [543137.1553982315, 6866502.077131391], [543170.3036457427, 6866371.85187331], [543169.1197797603, 6866264.1200689], [543137.7473312228, 6866250.4316184735], [543140.1150631879, 6866235.0413607005], [543125.9086713974, 6866231.489762753], [543141.2989291705, 6866177.031927556], [542731.6812992104, 6865981.694040436]]]}}, {"type": "Feature", "properties": {"code": "SJ", "joden": 83, "niet_joden": 1327, "tot_pop": 1410}, "geometry": {"type": "Polygon", "coordinates": [[[543141.2989291705, 6866177.031927556], [543125.9086713974, 6866231.489762753], [543140.1150631879, 6866235.0413607005], [543137.7473312228, 6866250.4316184735], [543169.1197797603, 6866264.1200689], [543184.5100375332, 6866235.707285319], [543221.2098829921, 6866194.27197593], [543269.7483882764, 6866170.594656279], [543339.5964812464, 6866129.15934689], [543392.8704504609, 6866069.966047763], [543427.7944969457, 6865990.055093938], [543449.1040846314, 6865914.287671055], [543492.9071259856, 6865857.462103893], [542898.0144697579, 6865586.282802268], [542765.421479713, 6865527.089503141], [542689.6540568303, 6865620.022982771], [542641.7074845373, 6865638.3729055], [542613.8866339476, 6865630.677776613], [542593.7609122443, 6865638.964838491], [542580.7383864364, 6865675.664683949], [542593.7609122443, 6865708.812931461], [542597.9044431832, 6865746.104709911], [542581.3303194278, 6865802.930277075], [542549.9578708903, 6865897.343589183], [542731.6812992104, 6865981.694040436], [543141.2989291705, 6866177.031927556]]]}}, {"type": "Feature", "properties": {"code": "SK", "joden": 25, "niet_joden": 1305, "tot_pop": 1330}, "geometry": {"type": "Polygon", "coordinates": [[[541567.9410383702, 6865491.573523665], [541653.1793891133, 6865531.8249670705], [542549.9578708903, 6865897.343589183], [542581.3303194278, 6865802.930277075], [542597.9044431832, 6865746.104709911], [542593.7609122443, 6865708.812931461], [542580.7383864364, 6865675.664683949], [542593.7609122443, 6865638.964838491], [542613.8866339476, 6865630.677776613], [542641.7074845373, 6865638.3729055], [542689.6540568303, 6865620.022982771], [542765.421479713, 6865527.089503141], [541754.9918636126, 6865073.372865332], [541643.7084612534, 6865298.307402016], [541567.9410383702, 6865491.573523665]]]}}, {"type": "Feature", "properties": {"code": "SL", "joden": 74, "niet_joden": 3206, "tot_pop": 3280}, "geometry": {"type": "Polygon", "coordinates": [[[541754.9918636126, 6865073.372865332], [541643.7084612534, 6865298.307402016], [541567.9410383702, 6865491.573523665], [541256.5842849612, 6865366.083729515], [540434.9812930762, 6865023.94646056], [540398.28946507, 6864955.968948397], [540369.8766814889, 6864816.272762457], [540305.9479184316, 6864423.229256253], [540528.5067056975, 6864512.2203896055], [541754.9918636126, 6865073.372865332]]]}}, {"type": "Feature", "properties": {"code": "AL1", "joden": 1030, "niet_joden": 8430, "tot_pop": 9460}, "geometry": {"type": "Polygon", "coordinates": [[[540528.5067056975, 6864512.2203896055], [541754.9918636126, 6865073.372865332], [541868.6429979369, 6864805.819153276], [541835.4947504257, 6864780.957967643], [541842.5979463209, 6864744.258122184], [541879.2977917797, 6864741.890390219], [541937.3072249244, 6864605.7458022265], [541963.3522765404, 6864599.826472314], [542132.6451120442, 6864210.334564057], [542202.4932050142, 6864020.91600685], [541636.6052653583, 6863769.93641855], [541221.0683054856, 6863594.724253134], [541145.3008826028, 6863782.958944359], [540762.9121702414, 6863614.849974839], [540663.4674277076, 6863926.206728248], [540528.5067056975, 6864512.2203896055]]]}}, {"type": "Feature", "properties": {"code": "AK", "joden": 1025, "niet_joden": 7855, "tot_pop": 8880}, "geometry": {"type": "Polygon", "coordinates": [[[542132.6451120442, 6864210.334564057], [541963.3522765404, 6864599.826472314], [541937.3072249244, 6864605.7458022265], [541879.2977917797, 6864741.890390219], [541842.5979463209, 6864744.258122184], [541835.4947504257, 6864780.957967643], [541868.6429979369, 6864805.819153276], [541754.9918636126, 6865073.372865332], [542765.421479713, 6865527.089503141], [542898.0144697579, 6865586.282802268], [543275.0757851981, 6864722.9485345], [543118.8054755024, 6864651.916575547], [543064.3476403054, 6864618.768328036], [542132.6451120442, 6864210.334564057]]]}}, {"type": "Feature", "properties": {"code": "AJ", "joden": 1205, "niet_joden": 6127, "tot_pop": 7332}, "geometry": {"type": "Polygon", "coordinates": [[[543064.3476403054, 6864618.768328036], [543118.8054755024, 6864651.916575547], [543275.0757851981, 6864722.9485345], [543455.0234145446, 6864310.963172575], [543495.2748579512, 6864230.460285761], [543575.7777447642, 6864133.383275193], [543679.957951228, 6864081.293171961], [543836.2282609238, 6864048.14492445], [543983.0276427591, 6864050.512656415], [543959.3503231083, 6863370.9735824345], [543668.1192914025, 6863719.030181303], [543144.8505271183, 6863872.9327590335], [542517.4015563703, 6864045.777192485], [542389.5440302556, 6864055.248120345], [542202.4932050142, 6864020.91600685], [542132.6451120442, 6864210.334564057], [543064.3476403054, 6864618.768328036]]]}}, {"type": "Feature", "properties": {"code": "AC1", "joden": 590, "niet_joden": 4280, "tot_pop": 4870}, "geometry": {"type": "Polygon", "coordinates": [[[543455.0234145446, 6864310.963172575], [544001.9694984797, 6864483.8076060265], [544001.9694984797, 6864604.561936246], [543990.4268051493, 6864831.864204898], [544016.1758902703, 6865428.532660096], [544076.5530553797, 6865524.721771176], [543953.4309931949, 6865619.505041401], [543803.0800134119, 6865740.25937162], [543700.0836729307, 6865808.923598608], [543626.683982013, 6865825.497722364], [543560.3874869905, 6865830.233186294], [543492.9071259856, 6865857.462103893], [542898.0144697579, 6865586.282802268], [543275.0757851981, 6864722.9485345], [543455.0234145446, 6864310.963172575]]]}}, {"type": "Feature", "properties": {"code": "AC2", "joden": 101, "niet_joden": 2699, "tot_pop": 2800}, "geometry": {"type": "Polygon", "coordinates": [[[543455.0234145446, 6864310.963172575], [544001.9694984797, 6864483.8076060265], [544010.2565603575, 6864237.563481658], [543981.8437767765, 6864173.634718601], [543983.0276427591, 6864050.512656415], [543836.2282609238, 6864048.14492445], [543679.957951228, 6864081.293171961], [543575.7777447642, 6864133.383275193], [543495.2748579512, 6864230.460285761], [543455.0234145446, 6864310.963172575]]]}}, {"type": "Feature", "properties": {"code": "AL2", "joden": 98, "niet_joden": 2842, "tot_pop": 2940}, "geometry": {"type": "Polygon", "coordinates": [[[540762.9121702414, 6863614.849974839], [541145.3008826028, 6863782.958944359], [541221.0683054856, 6863594.724253134], [541158.3234084104, 6863565.127603574], [540912.079284041, 6863213.815373256], [540770.0153661362, 6863188.658221125], [540762.9121702414, 6863614.849974839]]]}}, {"type": "Feature", "properties": {"code": "AL3", "joden": 78, "niet_joden": 6782, "tot_pop": 6860}, "geometry": {"type": "Polygon", "coordinates": [[[540770.0153661362, 6863188.658221125], [540762.9121702414, 6863614.849974839], [540528.5067056975, 6864512.2203896055], [540305.9479184316, 6864423.229256253], [540189.9290521424, 6863815.906007206], [540102.3229694343, 6863412.207707157], [539757.8179685143, 6862313.580075359], [540147.3018593183, 6862454.661311949], [540095.2117560863, 6862710.376364178], [540109.4181478769, 6862838.233890292], [540185.1855707597, 6862985.033272128], [540289.3657772235, 6863075.007086801], [540770.0153661362, 6863188.658221125]]]}}, {"type": "Feature", "properties": {"code": "AN", "joden": 0, "niet_joden": 10, "tot_pop": 10}, "geometry": {"type": "Polygon", "coordinates": [[[539577.123057451, 6861380.674385796], [539568.3994113072, 6861876.7335278], [539629.9604423995, 6862099.89226551], [539757.8179685143, 6862313.580075359], [540147.3018593183, 6862454.661311949], [540218.3338182708, 6862170.533476138], [540246.7466018519, 6862132.649764696], [540303.572169014, 6862137.385228626], [540767.647634171, 6862236.829971161], [540779.4862939965, 6862094.766053255], [540774.7508300663, 6861971.643991071], [540743.9703145201, 6861760.915846178], [540751.9360450384, 6861480.852237451], [540306.827635981, 6861439.528873643], [539577.123057451, 6861380.674385796]]]}}, {"type": "Feature", "properties": {"code": "AO3", "joden": 0, "niet_joden": 60, "tot_pop": 60}, "geometry": {"type": "Polygon", "coordinates": [[[540751.9360450384, 6861480.852237451], [540743.9703145201, 6861760.915846178], [540774.7508300663, 6861971.643991071], [540767.647634171, 6862236.829971161], [540999.6853667495, 6862269.978218672], [541350.1096975823, 6862272.345950637], [541837.8624823903, 6862523.325538936], [541927.8362970635, 6862537.531930726], [541991.6369592652, 6861584.33140467], [540751.9360450384, 6861480.852237451]]]}}, {"type": "Feature", "properties": {"code": "AP2", "joden": 0, "niet_joden": 10, "tot_pop": 10}, "geometry": {"type": "Polygon", "coordinates": [[[541991.6369592652, 6861584.33140467], [542401.3826900808, 6861599.910072552], [542955.4319699111, 6861628.322856133], [542872.561351133, 6862658.286260946], [542271.1574320011, 6862615.667085574], [541927.8362970635, 6862537.531930726], [541991.6369592652, 6861584.33140467]]]}}, {"type": "Feature", "properties": {"code": "AQ2", "joden": 45, "niet_joden": 325, "tot_pop": 370}, "geometry": {"type": "Polygon", "coordinates": [[[542955.4319699111, 6861628.322856133], [543606.55826031, 6861597.542340588], [543651.5451676466, 6861768.019042074], [543803.0800134122, 6861805.902753515], [543900.1570239807, 6861914.818423909], [543926.2020755967, 6862049.779145919], [543961.7180550729, 6862161.062548278], [544030.3822820605, 6862236.829971161], [544049.3241377812, 6862260.507290811], [543930.9375395268, 6862407.306672647], [543902.5247559458, 6862440.454920159], [543900.1570239807, 6862511.486879111], [543900.1570239807, 6862639.3444052255], [543959.3503231083, 6863370.9735824345], [543109.3345476417, 6862674.860384702], [542872.561351133, 6862658.286260946], [542955.4319699111, 6861628.322856133]]]}}, {"type": "Feature", "properties": {"code": "AM", "joden": 9, "niet_joden": 441, "tot_pop": 450}, "geometry": {"type": "Polygon", "coordinates": [[[540767.647634171, 6862236.829971161], [540303.572169014, 6862137.385228626], [540246.7466018519, 6862132.649764696], [540218.3338182708, 6862170.533476138], [540147.3018593183, 6862454.661311949], [540095.2117560863, 6862710.376364178], [540109.4181478769, 6862838.233890292], [540185.1855707597, 6862985.033272128], [540289.3657772235, 6863075.007086801], [540770.0153661362, 6863188.658221125], [540779.4862939962, 6862767.201931341], [540783.0378919437, 6862538.71579671], [540701.3511391482, 6862522.141672954], [540767.647634171, 6862236.829971161]]]}}, {"type": "Feature", "properties": {"code": "AO2", "joden": 949, "niet_joden": 6461, "tot_pop": 7410}, "geometry": {"type": "Polygon", "coordinates": [[[540767.647634171, 6862236.829971161], [540701.3511391482, 6862522.141672954], [540783.0378919437, 6862538.71579671], [540779.4862939962, 6862767.201931341], [541828.3915545295, 6862986.217138112], [541927.8362970635, 6862537.531930726], [541837.8624823903, 6862523.325538936], [541350.1096975823, 6862272.345950637], [540999.6853667495, 6862269.978218672], [540767.647634171, 6862236.829971161]]]}}, {"type": "Feature", "properties": {"code": "AO1", "joden": 492, "niet_joden": 7640, "tot_pop": 8132}, "geometry": {"type": "Polygon", "coordinates": [[[541828.3915545295, 6862986.217138112], [540779.4862939962, 6862767.201931341], [540770.0153661362, 6863188.658221125], [540912.079284041, 6863213.815373256], [541158.3234084104, 6863565.127603574], [541221.0683054856, 6863594.724253134], [541636.6052653583, 6863769.93641855], [541648.4439251829, 6863729.684975149], [541731.314543961, 6863729.684975149], [541778.6691832627, 6863720.2140472885], [541802.3465029135, 6863672.8594079865], [541953.8813486791, 6863005.158993833], [541828.3915545295, 6862986.217138112]]]}}, {"type": "Feature", "properties": {"code": "AP1", "joden": 3651, "niet_joden": 5739, "tot_pop": 9390}, "geometry": {"type": "Polygon", "coordinates": [[[542872.561351133, 6862658.286260946], [542271.1574320011, 6862615.667085574], [541927.8362970635, 6862537.531930726], [541828.3915545295, 6862986.217138112], [541953.8813486791, 6863005.158993833], [541802.3465029135, 6863672.8594079865], [541778.6691832627, 6863720.2140472885], [541731.314543961, 6863729.684975149], [541648.4439251829, 6863729.684975149], [541636.6052653583, 6863769.93641855], [542202.4932050142, 6864020.91600685], [542389.5440302556, 6864055.248120345], [542517.4015563703, 6864045.777192485], [543144.8505271183, 6863872.9327590335], [543105.4869831982, 6863717.254382333], [542963.423065293, 6863478.113453859], [542872.561351133, 6862658.286260946]]]}}, {"type": "Feature", "properties": {"code": "AQ1", "joden": 947, "niet_joden": 1843, "tot_pop": 2790}, "geometry": {"type": "Polygon", "coordinates": [[[542872.561351133, 6862658.286260946], [542963.423065293, 6863478.113453859], [543105.4869831982, 6863717.254382333], [543144.8505271183, 6863872.9327590335], [543668.1192914025, 6863719.030181303], [543959.3503231083, 6863370.9735824345], [543109.3345476417, 6862674.860384702], [542872.561351133, 6862658.286260946]]]}}, {"type": "Feature", "properties": {"code": "AB1", "joden": 162, "niet_joden": 5080, "tot_pop": 5242}, "geometry": {"type": "Polygon", "coordinates": [[[544076.5530553797, 6865524.721771176], [544140.481818437, 6865470.2639359785], [544219.8008392674, 6865325.832286108], [544264.7877466041, 6865283.213110737], [544374.8872829806, 6865205.077955889], [544470.7804275666, 6865173.1135743605], [544419.5782238214, 6864635.934384787], [544275.146573951, 6864588.579745486], [544001.9694984797, 6864604.561936246], [543990.4268051493, 6864831.864204898], [544016.1758902703, 6865428.532660096], [544076.5530553797, 6865524.721771176]]]}}, {"type": "Feature", "properties": {"code": "AB2", "joden": 246, "niet_joden": 3674, "tot_pop": 3920}, "geometry": {"type": "Polygon", "coordinates": [[[544419.5782238214, 6864635.934384787], [544470.7804275666, 6865173.1135743605], [545057.9779549083, 6865118.655739163], [545271.0738317661, 6865102.081615408], [545308.6615767112, 6865000.565107411], [545152.3912670155, 6864914.142890685], [545005.5918851801, 6864840.743199767], [544688.3158018584, 6864729.4597974075], [544419.5782238214, 6864635.934384787]]]}}, {"type": "Feature", "properties": {"code": "AE", "joden": 1830, "niet_joden": 5870, "tot_pop": 7700}, "geometry": {"type": "Polygon", "coordinates": [[[545308.6615767112, 6865000.565107411], [545271.0738317661, 6865102.081615408], [545988.7925836835, 6865328.126026432], [546149.7983573094, 6864781.179942498], [546032.0036920451, 6864749.585519112], [545624.7537940502, 6864517.547786533], [545385.6128655765, 6864406.264384174], [545152.3912670155, 6864914.142890685], [545308.6615767112, 6865000.565107411]]]}}, {"type": "Feature", "properties": {"code": "AD3", "joden": 399, "niet_joden": 3111, "tot_pop": 3510}, "geometry": {"type": "Polygon", "coordinates": [[[545385.6128655765, 6864406.264384174], [545152.3912670155, 6864914.142890685], [545005.5918851801, 6864840.743199767], [544688.3158018584, 6864729.4597974075], [544735.6704411601, 6864563.126626863], [544878.9182250479, 6864233.419950723], [545385.6128655765, 6864406.264384174]]]}}, {"type": "Feature", "properties": {"code": "AD2", "joden": 230, "niet_joden": 3900, "tot_pop": 4130}, "geometry": {"type": "Polygon", "coordinates": [[[544878.9182250479, 6864233.419950723], [544735.6704411601, 6864563.126626863], [544688.3158018584, 6864729.4597974075], [544419.5782238214, 6864635.934384787], [544414.842759891, 6864531.754178324], [544502.448842599, 6864141.078404084], [544878.9182250479, 6864233.419950723]]]}}, {"type": "Feature", "properties": {"code": "AD1", "joden": 139, "niet_joden": 5651, "tot_pop": 5790}, "geometry": {"type": "Polygon", "coordinates": [[[544502.448842599, 6864141.078404084], [544414.842759891, 6864531.754178324], [544419.5782238214, 6864635.934384787], [544275.146573951, 6864588.579745486], [544001.9694984797, 6864604.561936246], [544001.9694984797, 6864483.8076060265], [544010.2565603575, 6864237.563481658], [543981.8437767765, 6864173.634718601], [543983.0276427591, 6864050.512656415], [544027.7185835991, 6864041.041728564], [544502.448842599, 6864141.078404084]]]}}, {"type": "Feature", "properties": {"code": "AH1", "joden": 127, "niet_joden": 8303, "tot_pop": 8430}, "geometry": {"type": "Polygon", "coordinates": [[[543959.3503231083, 6863370.9735824345], [543983.0276427591, 6864050.512656415], [544027.7185835991, 6864041.041728564], [544502.448842599, 6864141.078404084], [544520.2068323371, 6864022.099872843], [544506.0004405465, 6863906.081006554], [544553.3550798483, 6863771.120284544], [544515.4713684069, 6863325.986675108], [543959.3503231083, 6863370.9735824345]]]}}, {"type": "Feature", "properties": {"code": "AH2", "joden": 165, "niet_joden": 3155, "tot_pop": 3320}, "geometry": {"type": "Polygon", "coordinates": [[[544515.4713684069, 6863325.986675108], [544553.3550798483, 6863771.120284544], [544506.0004405465, 6863906.081006554], [544520.2068323371, 6864022.099872843], [544502.448842599, 6864141.078404084], [544878.9182250479, 6864233.419950723], [544910.8826065764, 6864147.589666993], [544913.2503385415, 6864000.790285158], [544882.4698229954, 6863998.422553193], [544906.1471426463, 6863880.035954938], [544868.2634312048, 6863700.088325592], [544955.869513913, 6863335.457602968], [544960.6049778432, 6863283.367499736], [544515.4713684069, 6863325.986675108]]]}}, {"type": "Feature", "properties": {"code": "AG1", "joden": 1016, "niet_joden": 8764, "tot_pop": 9780}, "geometry": {"type": "Polygon", "coordinates": [[[544960.6049778432, 6863283.367499736], [544955.869513913, 6863335.457602968], [544868.2634312048, 6863700.088325592], [544906.1471426463, 6863880.035954938], [545270.7778652696, 6863970.009769612], [545346.5452881524, 6863932.126058171], [545820.0916811697, 6864038.673996599], [545945.5814753193, 6863468.050593013], [545467.2996183718, 6863368.60585048], [545078.9915760976, 6863276.264303841], [544960.6049778432, 6863283.367499736]]]}}, {"type": "Feature", "properties": {"code": "AF1", "joden": 540, "niet_joden": 6580, "tot_pop": 7120}, "geometry": {"type": "Polygon", "coordinates": [[[545820.0916811697, 6864038.673996599], [545346.5452881524, 6863932.126058171], [545270.7778652696, 6863970.009769612], [544906.1471426463, 6863880.035954938], [544882.4698229954, 6863998.422553193], [544913.2503385415, 6864000.790285158], [544910.8826065764, 6864147.589666993], [544878.9182250479, 6864233.419950723], [545385.6128655765, 6864406.264384174], [545624.7537940502, 6864517.547786533], [545763.2661140077, 6864216.253893981], [545820.0916811697, 6864038.673996599]]]}}, {"type": "Feature", "properties": {"code": "AF2", "joden": 414, "niet_joden": 4026, "tot_pop": 4440}, "geometry": {"type": "Polygon", "coordinates": [[[545820.0916811697, 6864038.673996599], [545763.2661140077, 6864216.253893981], [545624.7537940502, 6864517.547786533], [546032.0036920451, 6864749.585519112], [546149.7983573094, 6864781.179942498], [546242.1399039478, 6864560.980869745], [546429.1907291899, 6864275.669167952], [546075.806733399, 6864123.912347342], [545820.0916811697, 6864038.673996599]]]}}, {"type": "Feature", "properties": {"code": "AG2", "joden": 1922, "niet_joden": 3888, "tot_pop": 5810}, "geometry": {"type": "Polygon", "coordinates": [[[545945.5814753193, 6863468.050593013], [545820.0916811697, 6864038.673996599], [546075.806733399, 6864123.912347342], [546429.1907291899, 6864275.669167952], [546628.0802142571, 6863925.244837119], [546713.3185650002, 6863645.852465239], [545945.5814753193, 6863468.050593013]]]}}, {"type": "Feature", "properties": {"code": "AR11", "joden": 2557, "niet_joden": 3023, "tot_pop": 5580}, "geometry": {"type": "Polygon", "coordinates": [[[545945.5814753193, 6863468.050593013], [546068.7035375038, 6862977.93007624], [546894.7460268248, 6863166.386742312], [546854.4945834184, 6863313.186124148], [546713.3185650002, 6863645.852465239], [545945.5814753193, 6863468.050593013]]]}}, {"type": "Feature", "properties": {"code": "AR8", "joden": 759, "niet_joden": 2121, "tot_pop": 2880}, "geometry": {"type": "Polygon", "coordinates": [[[546068.7035375038, 6862977.93007624], [545945.5814753193, 6863468.050593013], [545467.2996183718, 6863368.60585048], [545498.080133918, 6863212.335540784], [545490.9769380226, 6863046.594303228], [545817.7239492047, 6863006.342859821], [545985.8329187258, 6862944.7818287285], [546068.7035375038, 6862977.93007624]]]}}, {"type": "Feature", "properties": {"code": "AR5", "joden": 330, "niet_joden": 1232, "tot_pop": 1562}, "geometry": {"type": "Polygon", "coordinates": [[[545490.9769380226, 6863046.594303228], [545498.080133918, 6863212.335540784], [545467.2996183718, 6863368.60585048], [545078.9915760976, 6863276.264303841], [544960.6049778432, 6863283.367499736], [544946.3985860527, 6863091.581210564], [545490.9769380226, 6863046.594303228]]]}}, {"type": "Feature", "properties": {"code": "AR1", "joden": 1516, "niet_joden": 3314, "tot_pop": 4830}, "geometry": {"type": "Polygon", "coordinates": [[[543959.3503231083, 6863370.9735824345], [544515.4713684069, 6863325.986675108], [544451.5426053496, 6862601.4606937915], [543900.1570239807, 6862639.3444052255], [543959.3503231083, 6863370.9735824345]]]}}, {"type": "Feature", "properties": {"code": "AR2", "joden": 0, "niet_joden": 20, "tot_pop": 20}, "geometry": {"type": "Polygon", "coordinates": [[[543900.1570239807, 6862639.3444052255], [543900.1570239807, 6862511.486879111], [543902.5247559458, 6862440.454920159], [544049.3241377812, 6862260.507290811], [544030.3822820605, 6862236.829971161], [543961.7180550729, 6862161.062548278], [543926.2020755967, 6862049.779145919], [543900.1570239807, 6861914.818423909], [543803.0800134122, 6861805.902753515], [543651.5451676466, 6861768.019042074], [543606.55826031, 6861597.542340588], [543628.4064491425, 6861596.170605323], [543876.1189550525, 6861583.306858463], [544132.9385383856, 6861512.271654562], [544284.1160236099, 6861432.129373238], [544442.5791707728, 6861321.023028676], [544814.1479296376, 6861005.0074420925], [544933.9059977522, 6861162.104527641], [544699.8541079769, 6861484.495068422], [544732.1188432123, 6861965.132728175], [544740.40590509, 6862098.909584203], [544451.5426053496, 6862601.4606937915], [543900.1570239807, 6862639.3444052255]]]}}, {"type": "Feature", "properties": {"code": "AR3", "joden": 2620, "niet_joden": 5270, "tot_pop": 7890}, "geometry": {"type": "Polygon", "coordinates": [[[544732.1188432123, 6861965.132728175], [544740.40590509, 6862098.909584203], [544451.5426053496, 6862601.4606937915], [544515.4713684069, 6863325.986675108], [544960.6049778432, 6863283.367499736], [544946.3985860527, 6863091.581210564], [544922.1293334104, 6862854.216081066], [544990.7935603979, 6862559.433451411], [545179.0282516223, 6862246.89283202], [545219.2796950288, 6862174.677007085], [545205.0733032383, 6861931.984480663], [544732.1188432123, 6861965.132728175]]]}}, {"type": "Feature", "properties": {"code": "AR4", "joden": 0, "niet_joden": 0, "tot_pop": 0}, "geometry": {"type": "Polygon", "coordinates": [[[544933.9059977522, 6861162.104527641], [544699.8541079769, 6861484.495068422], [544732.1188432123, 6861965.132728175], [545205.0733032383, 6861931.984480663], [545685.7228921509, 6861891.733037256], [545680.9874282207, 6861789.920562757], [545658.4939745524, 6861720.072469787], [545614.6909331983, 6861650.224376817], [545359.6970919472, 6861513.529416159], [545307.7515259726, 6861484.950422293], [545160.6722255886, 6861384.772570638], [545056.8515429646, 6861288.237549953], [544933.9059977522, 6861162.104527641]]]}}, {"type": "Feature", "properties": {"code": "AR6", "joden": 2420, "niet_joden": 3000, "tot_pop": 5420}, "geometry": {"type": "Polygon", "coordinates": [[[545179.0282516223, 6862246.89283202], [544990.7935603979, 6862559.433451411], [544922.1293334104, 6862854.216081066], [544946.3985860527, 6863091.581210564], [545490.9769380226, 6863046.594303228], [545472.0350823018, 6862854.216081064], [545474.4028142669, 6862809.229173728], [545718.2792066708, 6862411.450203593], [545713.5437427406, 6862334.498914727], [545384.4289995936, 6862364.095564292], [545179.0282516223, 6862246.89283202]]]}}, {"type": "Feature", "properties": {"code": "AR7", "joden": 89, "niet_joden": 3531, "tot_pop": 3620}, "geometry": {"type": "Polygon", "coordinates": [[[545685.7228921509, 6861891.733037256], [545205.0733032383, 6861931.984480663], [545219.2796950288, 6862174.677007085], [545179.0282516223, 6862246.89283202], [545384.4289995936, 6862364.095564292], [545713.5437427406, 6862334.498914727], [545685.7228921509, 6861891.733037256]]]}}, {"type": "Feature", "properties": {"code": "AR9", "joden": 2292, "niet_joden": 1900, "tot_pop": 4192}, "geometry": {"type": "Polygon", "coordinates": [[[545713.5437427406, 6862334.498914727], [545718.2792066708, 6862411.450203593], [545474.4028142669, 6862809.229173728], [545472.0350823018, 6862854.216081064], [545490.9769380226, 6863046.594303228], [545817.7239492047, 6863006.342859821], [545985.8329187258, 6862944.7818287285], [546068.7035375038, 6862977.93007624], [546220.238383269, 6862335.68278071], [546127.8968366308, 6862307.269997129], [545713.5437427406, 6862334.498914727]]]}}, {"type": "Feature", "properties": {"code": "AR10", "joden": 864, "niet_joden": 3146, "tot_pop": 4010}, "geometry": {"type": "Polygon", "coordinates": [[[545307.7515259726, 6861484.950422293], [545614.6909331983, 6861650.224376817], [545658.4939745524, 6861720.072469787], [545680.9874282207, 6861789.920562757], [545685.7228921509, 6861891.733037256], [545713.5437427406, 6862334.498914727], [546127.8968366308, 6862307.269997129], [546220.238383269, 6862335.68278071], [546324.4185897327, 6861856.21705778], [546506.4379845507, 6861613.154573215], [546480.3929329348, 6861598.948181424], [546401.0561706226, 6861539.592886832], [546340.9494596297, 6861466.736267447], [546289.9498260601, 6861355.6299228845], [546257.1643473367, 6861135.2386492435], [546213.4503757056, 6860971.311255627], [545307.7515259726, 6861484.950422293]]]}}, {"type": "Feature", "properties": {"code": "AR12", "joden": 3346, "niet_joden": 6464, "tot_pop": 9810}, "geometry": {"type": "Polygon", "coordinates": [[[546506.4379845507, 6861613.154573215], [546324.4185897327, 6861856.21705778], [546220.238383269, 6862335.68278071], [546068.7035375038, 6862977.93007624], [546894.7460268248, 6863166.386742312], [546949.1052289804, 6862947.765021177], [546954.5312589436, 6862891.137901371], [546950.9796609959, 6862764.464241238], [547013.7245580707, 6862540.713570538], [547100.1467747963, 6862363.133673157], [547126.1918264122, 6862269.608260536], [547135.6627542726, 6862153.589394246], [547113.1693006044, 6862032.835064026], [547039.7696096867, 6861914.448465771], [546956.8989909086, 6861819.739187168], [546826.6737328288, 6861739.236300355], [546705.9194026095, 6861677.675269263], [546506.4379845507, 6861613.154573215]]]}}, {"type": "Feature", "properties": {"code": "ZB", "joden": 0, "niet_joden": 60, "tot_pop": 60}, "geometry": {"type": "Polygon", "coordinates": [[[538230.1863065672, 6874054.08332787], [538307.5964646622, 6876393.122325534], [540575.2587430299, 6875845.9008108685], [540403.1349797326, 6875773.954899235], [540226.457677723, 6875705.651818554], [540058.887453137, 6875308.583242903], [538832.6194781092, 6873611.934718977], [538230.1863065672, 6874054.08332787]]]}}, {"type": "Feature", "properties": {"code": "OB", "joden": 3, "niet_joden": 637, "tot_pop": 640}, "geometry": {"type": "Polygon", "coordinates": [[[541535.1447034309, 6876600.422175388], [543158.0259002359, 6875338.522759931], [543562.3801378239, 6875863.090419506], [543866.5565237573, 6875496.9859070955], [543950.3416360504, 6875469.664674826], [544092.4120438516, 6875491.521660641], [544187.1256490523, 6875491.521660642], [544653.408013118, 6875629.949237474], [544946.6559061437, 6875673.663209105], [545074.1549900678, 6875553.449787119], [545207.118320446, 6875504.271569034], [545179.7970881765, 6875668.198962651], [545223.5110598076, 6875680.9488710435], [545301.8319256468, 6875781.126722698], [545281.7963553158, 6875852.161926599], [545121.5117926683, 6875799.340877545], [544986.7270468056, 6875819.376447876], [543939.4131431424, 6875569.8425264815], [543203.5612873512, 6876531.5499023665], [541535.1447034309, 6876600.422175388]]]}}, {"type": "Feature", "properties": {"code": "OA1", "joden": 49, "niet_joden": 8391, "tot_pop": 8440}, "geometry": {"type": "Polygon", "coordinates": [[[543158.0259002359, 6875338.522759931], [543562.3801378239, 6875863.090419506], [543866.5565237573, 6875496.9859070955], [543950.3416360504, 6875469.664674826], [544092.4120438516, 6875491.521660641], [544187.1256490523, 6875491.521660642], [544653.408013118, 6875629.949237474], [544946.6559061437, 6875673.663209105], [545074.1549900678, 6875553.449787119], [545207.118320446, 6875504.271569034], [545276.3321088619, 6875471.486090313], [546196.1469286007, 6874354.958398234], [546244.4326071311, 6874371.245250251], [546287.2177028332, 6874261.155500772], [546272.6463789563, 6874108.156600063], [546207.0754215094, 6873964.2647767775], [546094.1476614623, 6873827.65861543], [545828.2210007062, 6873614.553003727], [545653.3651141815, 6873394.161730088], [543158.0259002359, 6875338.522759931]]]}}, {"type": "Feature", "properties": {"code": "HF", "joden": 3, "niet_joden": 1087, "tot_pop": 1090}, "geometry": {"type": "Polygon", "coordinates": [[[538112.7050078082, 6870022.835506506], [538729.7783459813, 6870042.819100339], [538711.9507022518, 6869645.802501182], [538542.559062181, 6868919.057722813], [538502.4879215176, 6868794.404600587], [538439.8767642335, 6868807.609862851], [538392.7476385684, 6868792.810862039], [538066.7142668194, 6868448.563335443], [538112.7050078082, 6870022.835506506]]]}}, {"type": "Feature", "properties": {"code": "HD", "joden": 0, "niet_joden": 40, "tot_pop": 40}, "geometry": {"type": "Polygon", "coordinates": [[[538066.7142668194, 6868448.563335443], [538392.7476385684, 6868792.810862039], [538439.8767642335, 6868807.609862851], [538502.4879215176, 6868794.404600587], [538269.3467394861, 6867862.636741727], [538166.4367646044, 6867451.907549943], [538106.3300536115, 6867043.910481385], [538150.0440252428, 6864313.608669924], [537952.6481220946, 6864246.330135461], [538066.7142668194, 6868448.563335443]]]}}, {"type": "Feature", "properties": {"code": "HE", "joden": 18, "niet_joden": 1192, "tot_pop": 1210}, "geometry": {"type": "Polygon", "coordinates": [[[537952.6481220946, 6864246.330135461], [538150.0440252428, 6864313.608669924], [538202.865074297, 6862590.549621464], [538220.1685214007, 6862296.846374566], [538316.7035420861, 6861998.134235086], [538471.5238582798, 6861774.100130476], [538684.6294699816, 6861571.923011682], [538950.5561307378, 6861431.674019366], [539254.7325166712, 6861375.210139342], [539577.123057451, 6861380.674385796], [539570.0650724474, 6861182.709290311], [539517.244023393, 6860996.924910878], [539442.5659885232, 6860876.711488892], [539356.9594607454, 6860807.497700476], [538861.5344489258, 6860556.142363598], [537847.006023986, 6860599.856335227], [537952.6481220946, 6864246.330135461]]]}}, {"type": "Feature", "properties": {"code": "AU", "joden": 0, "niet_joden": 10, "tot_pop": 10}, "geometry": {"type": "Polygon", "coordinates": [[[538861.5344489258, 6860556.142363598], [539356.9594607454, 6860807.497700476], [539442.5659885232, 6860876.711488892], [539517.244023393, 6860996.924910878], [539570.0650724474, 6861182.709290311], [539577.123057451, 6861380.674385796], [540306.827635981, 6861439.528873643], [540515.3797089712, 6860485.107159695], [538861.5344489258, 6860556.142363598]]]}}, {"type": "Feature", "properties": {"code": "AT", "joden": 6, "niet_joden": 1644, "tot_pop": 1650}, "geometry": {"type": "Polygon", "coordinates": [[[540515.3797089712, 6860485.107159695], [540306.827635981, 6861439.528873643], [540751.9360450384, 6861480.852237451], [541991.6369592652, 6861584.33140467], [542955.4319699111, 6861628.322856133], [543606.55826031, 6861597.542340588], [543628.4064491425, 6861596.170605323], [543458.5594551997, 6860905.626459709], [543365.6672654835, 6860405.647909179], [540515.3797089712, 6860485.107159695]]]}}, {"type": "Feature", "properties": {"code": "AS", "joden": 0, "niet_joden": 120, "tot_pop": 120}, "geometry": {"type": "Polygon", "coordinates": [[[543365.6672654835, 6860405.647909179], [543458.5594551997, 6860905.626459709], [543628.4064491425, 6861596.170605323], [543876.1189550525, 6861583.306858463], [544132.9385383856, 6861512.271654562], [544284.1160236099, 6861432.129373238], [544442.5791707728, 6861321.023028676], [544814.1479296376, 6861005.0074420925], [545378.9005683411, 6860524.381431087], [545322.3228498497, 6860435.7012646785], [545312.7604185554, 6860350.208575368], [543365.6672654835, 6860405.647909179]]]}}, {"type": "Feature", "properties": {"code": "AR13", "joden": 0, "niet_joden": 70, "tot_pop": 70}, "geometry": {"type": "Polygon", "coordinates": [[[545378.9005683411, 6860524.381431087], [544814.1479296376, 6861005.0074420925], [544933.9059977522, 6861162.104527641], [545160.6722255886, 6861384.772570638], [545307.7515259726, 6861484.950422293], [546213.4503757056, 6860971.311255627], [546121.4688937316, 6860785.526876196], [545974.3895933478, 6860663.378200258], [545868.7474952391, 6860625.12847508], [545795.890875854, 6860610.557151203], [545584.6066796366, 6860606.914320234], [545491.7144899205, 6860592.342996357], [545431.6077789277, 6860563.200348603], [545378.9005683411, 6860524.381431087]]]}}]}