{
 "type": "FeatureCollection",
 "features": [
  {
   "type": "Feature",
   "geometry": {
    "type": "Point",
    "coordinates": [
     4.4133032,
     51.2186312
    ]
   },
   "properties": {
    "id": 21887740,
    "title": "Looking for a roommate:)",
    "subtype": "APARTMENT",
    "street": "Jezusstraat 6",
    "postal_code": "2000",
    "locality": "Antwerp",
    "place": null,
    "floor": 3,
    "bedrooms": 2,
    "surface_m2": null,
    "rent_eur": 700,
    "costs_eur": 0,
    "total_eur": 700,
    "eur_per_m2": null,
    "agency": "PRIVATE",
    "flag": "new",
    "updated": "2026-10-03T14:08:16.770Z",
    "image": "https://media-resize.immowebstatic.be/classifieds/3fadae6a-a983-486b-8b4d-0a85f4bf31c3/100x100/ab83873ca37c388a3b3b2c7764183b7b.jpg",
    "image_large": "https://media-resize.immowebstatic.be/classifieds/3fadae6a-a983-486b-8b4d-0a85f4bf31c3/736x736/ab83873ca37c388a3b3b2c7764183b7b.jpg",
    "photos": "https://media-resize.immowebstatic.be/classifieds/3fadae6a-a983-486b-8b4d-0a85f4bf31c3/736x736/ab83873ca37c388a3b3b2c7764183b7b.jpg|https://media-resize.immowebstatic.be/classifieds/3fadae6a-a983-486b-8b4d-0a85f4bf31c3/736x736/609dbe264080d857035bbc58cfcede06.jpg|https://media-resize.immowebstatic.be/classifieds/3fadae6a-a983-486b-8b4d-0a85f4bf31c3/736x736/3a560fefdfb666c615786accbd7f5e7a.jpg|https://media-resize.immowebstatic.be/classifieds/3fadae6a-a983-486b-8b4d-0a85f4bf31c3/736x736/2629b0203f9aa28357b955300791fa7d.jpg",
    "url": "https://www.immoweb.be/en/classified/21887740"
   }
  },
  {
   "type": "Feature",
   "geometry": {
    "type": "Point",
    "coordinates": [
     4.3626208,
     51.1862298
    ]
   },
   "properties": {
    "id": 21636233,
    "title": "",
    "subtype": "APARTMENT",
    "street": "Waaslandstraat 0 box Geen",
    "postal_code": "2660",
    "locality": "Hoboken",
    "place": null,
    "floor": 3,
    "bedrooms": 2,
    "surface_m2": 89,
    "rent_eur": 710,
    "costs_eur": 25,
    "total_eur": 735,
    "eur_per_m2": 8.0,
    "agency": "PRIVATE",
    "flag": null,
    "updated": "2026-09-29T13:19:46.789Z",
    "image": "https://media-resize.immowebstatic.be/classifieds/2c628297-ebc5-46cb-a193-418e0c7af9e6/100x100/fdcf484e8b0e7f62b68075bea8f87ea6.jpg",
    "image_large": "https://media-resize.immowebstatic.be/classifieds/2c628297-ebc5-46cb-a193-418e0c7af9e6/736x736/fdcf484e8b0e7f62b68075bea8f87ea6.jpg",
    "photos": "https://media-resize.immowebstatic.be/classifieds/2c628297-ebc5-46cb-a193-418e0c7af9e6/736x736/fdcf484e8b0e7f62b68075bea8f87ea6.jpg|https://media-resize.immowebstatic.be/classifieds/2c628297-ebc5-46cb-a193-418e0c7af9e6/736x736/a7beb64ff31829b44c9b5d22f0752305.jpg|https://media-resize.immowebstatic.be/classifieds/2c628297-ebc5-46cb-a193-418e0c7af9e6/736x736/f4b45e5e4c835b21eda8463e8a167eb8.jpg|https://media-resize.immowebstatic.be/classifieds/2c628297-ebc5-46cb-a193-418e0c7af9e6/736x736/01032d2f2b7578ad1eddb1a1990e4155.jpg",
    "url": "https://www.immoweb.be/en/classified/21636233"
   }
  },
  {
   "type": "Feature",
   "geometry": {
    "type": "Point",
    "coordinates": [
     4.4396211,
     51.238693
    ]
   },
   "properties": {
    "id": 21884270,
    "title": "Ruim en lichtrijk appartement met 2 slaapkamers",
    "subtype": "APARTMENT",
    "street": "Minister Delbekelaan 56-58 box 1R",
    "postal_code": "2170",
    "locality": "Merksem",
    "place": "",
    "floor": 1,
    "bedrooms": 2,
    "surface_m2": 79,
    "rent_eur": 780,
    "costs_eur": 40,
    "total_eur": 820,
    "eur_per_m2": 9.9,
    "agency": "FIDIMCO",
    "flag": "new",
    "updated": "2026-10-08T10:00:53.195Z",
    "image": "https://media-resize.immowebstatic.be/classifieds/578ecec3-67d2-4595-8188-89c05f304972/100x100/548741a22caac226a0117ee547f861a7.jpg",
    "image_large": "https://media-resize.immowebstatic.be/classifieds/578ecec3-67d2-4595-8188-89c05f304972/736x736/548741a22caac226a0117ee547f861a7.jpg",
    "photos": "https://media-resize.immowebstatic.be/classifieds/578ecec3-67d2-4595-8188-89c05f304972/736x736/548741a22caac226a0117ee547f861a7.jpg|https://media-resize.immowebstatic.be/classifieds/578ecec3-67d2-4595-8188-89c05f304972/736x736/2575a3483526d1ec4c536d0c3bc30865.jpg|https://media-resize.immowebstatic.be/classifieds/578ecec3-67d2-4595-8188-89c05f304972/736x736/43d41959b3184ea78eb8ea3e89149584.jpg|https://media-resize.immowebstatic.be/classifieds/578ecec3-67d2-4595-8188-89c05f304972/736x736/d99449f569e1b8cb77ab3946b3cf1f5d.jpg",
    "url": "https://www.immoweb.be/en/classified/21884270"
   }
  },
  {
   "type": "Feature",
   "geometry": {
    "type": "Point",
    "coordinates": [
     4.3811148,
     51.181644
    ]
   },
   "properties": {
    "id": 21808537,
    "title": "Apartment",
    "subtype": "APARTMENT",
    "street": "Drukpersstraat 25 box 1",
    "postal_code": "2610",
    "locality": "Wilrijk",
    "place": "",
    "floor": 1,
    "bedrooms": 2,
    "surface_m2": 77,
    "rent_eur": 800,
    "costs_eur": 150,
    "total_eur": 950,
    "eur_per_m2": 10.4,
    "agency": "Ifac",
    "flag": null,
    "updated": "2026-10-04T18:01:25.802Z",
    "image": "https://media-resize.immowebstatic.be/classifieds/9200946f-df5c-4d32-8b00-398663a3e472/100x100/94d4e96634e7f7006e13129a05090025.jpg",
    "image_large": "https://media-resize.immowebstatic.be/classifieds/9200946f-df5c-4d32-8b00-398663a3e472/736x736/94d4e96634e7f7006e13129a05090025.jpg",
    "photos": "https://media-resize.immowebstatic.be/classifieds/9200946f-df5c-4d32-8b00-398663a3e472/736x736/94d4e96634e7f7006e13129a05090025.jpg|https://media-resize.immowebstatic.be/classifieds/9200946f-df5c-4d32-8b00-398663a3e472/736x736/106dc622b6793001674e1f6b76390c61.jpg|https://media-resize.immowebstatic.be/classifieds/9200946f-df5c-4d32-8b00-398663a3e472/736x736/e11b66cacfb44ac0b080412f62d95733.jpg|https://media-resize.immowebstatic.be/classifieds/9200946f-df5c-4d32-8b00-398663a3e472/736x736/6c79389d3409e2c0b78cf49a3022de07.jpg",
    "url": "https://www.immoweb.be/en/classified/21808537"
   }
  },
  {
   "type": "Feature",
   "geometry": {
    "type": "Point",
    "coordinates": [
     4.4519315,
     51.2074229
    ]
   },
   "properties": {
    "id": 21819097,
    "title": null,
    "subtype": "APARTMENT",
    "street": "Te Boelaarlei 114",
    "postal_code": "2140",
    "locality": "Borgerhout",
    "place": null,
    "floor": 2,
    "bedrooms": 2,
    "surface_m2": null,
    "rent_eur": 800,
    "costs_eur": 0,
    "total_eur": 800,
    "eur_per_m2": null,
    "agency": "PRIVATE",
    "flag": null,
    "updated": "2026-09-06T13:39:43.823Z",
    "image": "https://media-resize.immowebstatic.be/classifieds/d84be2e2-39b8-4a7f-8ef2-83de8e5f3df8/100x100/47a30c355bebe9145d81137c13cee4cb.heic",
    "image_large": "https://media-resize.immowebstatic.be/classifieds/d84be2e2-39b8-4a7f-8ef2-83de8e5f3df8/736x736/47a30c355bebe9145d81137c13cee4cb.heic",
    "photos": "https://media-resize.immowebstatic.be/classifieds/d84be2e2-39b8-4a7f-8ef2-83de8e5f3df8/736x736/47a30c355bebe9145d81137c13cee4cb.heic|https://media-resize.immowebstatic.be/classifieds/d84be2e2-39b8-4a7f-8ef2-83de8e5f3df8/736x736/28c657b08d31a9cf48b483143c74c658.heic|https://media-resize.immowebstatic.be/classifieds/d84be2e2-39b8-4a7f-8ef2-83de8e5f3df8/736x736/1127972b52f9bc90332e63eca929ebc2.heic|https://media-resize.immowebstatic.be/classifieds/d84be2e2-39b8-4a7f-8ef2-83de8e5f3df8/736x736/86e23e35f77134ef028fa8e06b053ca2.heic",
    "url": "https://www.immoweb.be/en/classified/21819097"
   }
  },
  {
   "type": "Feature",
   "geometry": {
    "type": "Point",
    "coordinates": [
     4.4003602,
     51.2174486
    ]
   },
   "properties": {
    "id": 21788914,
    "title": null,
    "subtype": "APARTMENT",
    "street": "Kammenstraat 28",
    "postal_code": "2000",
    "locality": "Antwerpen",
    "place": "Wilde Zee",
    "floor": 3,
    "bedrooms": 2,
    "surface_m2": 78,
    "rent_eur": 820,
    "costs_eur": 65,
    "total_eur": 885,
    "eur_per_m2": 10.5,
    "agency": "GROEP L.",
    "flag": null,
    "updated": "2026-09-10T07:03:05.657Z",
    "image": "https://media-resize.immowebstatic.be/classifieds/1092e8a5-e24d-4d2f-8d40-a25d9517edc2/100x100/be786093fa40242c1b50eef2e0d002c0.jpg",
    "image_large": "https://media-resize.immowebstatic.be/classifieds/1092e8a5-e24d-4d2f-8d40-a25d9517edc2/736x736/be786093fa40242c1b50eef2e0d002c0.jpg",
    "photos": "https://media-resize.immowebstatic.be/classifieds/1092e8a5-e24d-4d2f-8d40-a25d9517edc2/736x736/be786093fa40242c1b50eef2e0d002c0.jpg",
    "url": "https://www.immoweb.be/en/classified/21788914"
   }
  },
  {
   "type": "Feature",
   "geometry": {
    "type": "Point",
    "coordinates": [
     4.402171399999999,
     51.20254749999999
    ]
   },
   "properties": {
    "id": 21822641,
    "title": "2 bedroom apartment",
    "subtype": "APARTMENT",
    "street": "Ballaarstraat 91 box 7",
    "postal_code": "2018",
    "locality": "ANTWERPEN",
    "place": "",
    "floor": 2,
    "bedrooms": 2,
    "surface_m2": 90,
    "rent_eur": 845,
    "costs_eur": 95,
    "total_eur": 940,
    "eur_per_m2": 9.4,
    "agency": "Habicom Antwerpen",
    "flag": null,
    "updated": "2026-10-07T03:31:41.002Z",
    "image": "https://media-resize.immowebstatic.be/classifieds/1f269be4-2478-4878-9984-af4dac2f76f7/100x100/54c8c8702a2e867c15fe5c583cb3893b.jpg",
    "image_large": "https://media-resize.immowebstatic.be/classifieds/1f269be4-2478-4878-9984-af4dac2f76f7/736x736/54c8c8702a2e867c15fe5c583cb3893b.jpg",
    "photos": "https://media-resize.immowebstatic.be/classifieds/1f269be4-2478-4878-9984-af4dac2f76f7/736x736/54c8c8702a2e867c15fe5c583cb3893b.jpg|https://media-resize.immowebstatic.be/classifieds/1f269be4-2478-4878-9984-af4dac2f76f7/736x736/64f82b628b966ae62e3eb349eea1e4bb.jpg|https://media-resize.immowebstatic.be/classifieds/1f269be4-2478-4878-9984-af4dac2f76f7/736x736/c6dfd665f923e320ae20b2b19e6b06f3.jpg|https://media-resize.immowebstatic.be/classifieds/1f269be4-2478-4878-9984-af4dac2f76f7/736x736/a0b492d64cb875e1ac7a9b89d23ab877.jpg",
    "url": "https://www.immoweb.be/en/classified/21822641"
   }
  },
  {
   "type": "Feature",
   "geometry": {
    "type": "Point",
    "coordinates": [
     4.390758,
     51.19223419999999
    ]
   },
   "properties": {
    "id": 21883870,
    "title": "Appartement",
    "subtype": "APARTMENT",
    "street": "Volhardingstraat 73",
    "postal_code": "2020",
    "locality": "ANTWERPEN",
    "place": "EXPOWIJK",
    "floor": 2,
    "bedrooms": 2,
    "surface_m2": 70,
    "rent_eur": 850,
    "costs_eur": 150,
    "total_eur": 1000,
    "eur_per_m2": 12.1,
    "agency": "RESA vastgoed",
    "flag": "new",
    "updated": "2026-10-04T01:38:25.936Z",
    "image": "https://media-resize.immowebstatic.be/classifieds/7f891b8e-953f-4283-a589-b3c7d3cadde4/100x100/df2abf626a80fd6beaf9b1aa98786a12.jpg",
    "image_large": "https://media-resize.immowebstatic.be/classifieds/7f891b8e-953f-4283-a589-b3c7d3cadde4/736x736/df2abf626a80fd6beaf9b1aa98786a12.jpg",
    "photos": "https://media-resize.immowebstatic.be/classifieds/7f891b8e-953f-4283-a589-b3c7d3cadde4/736x736/df2abf626a80fd6beaf9b1aa98786a12.jpg|https://media-resize.immowebstatic.be/classifieds/7f891b8e-953f-4283-a589-b3c7d3cadde4/736x736/3bff51eec56f1fa890fc93ec06094dca.jpg|https://media-resize.immowebstatic.be/classifieds/7f891b8e-953f-4283-a589-b3c7d3cadde4/736x736/1a02ee2add75074aa15351bb8be831df.jpg|https://media-resize.immowebstatic.be/classifieds/7f891b8e-953f-4283-a589-b3c7d3cadde4/736x736/caecdf601396d2aeea88dd1bc318dc00.jpg",
    "url": "https://www.immoweb.be/en/classified/21883870"
   }
  },
  {
   "type": "Feature",
   "geometry": {
    "type": "Point",
    "coordinates": [
     4.4798882,
     51.2008878
    ]
   },
   "properties": {
    "id": 21876048,
    "title": null,
    "subtype": "APARTMENT",
    "street": "Karel Soetelaan 68 box 201",
    "postal_code": "2150",
    "locality": "Borsbeek",
    "place": null,
    "floor": 2,
    "bedrooms": 2,
    "surface_m2": 80,
    "rent_eur": 850,
    "costs_eur": 10,
    "total_eur": 860,
    "eur_per_m2": 10.6,
    "agency": "Hans Vastgoed",
    "flag": "new",
    "updated": "2026-09-29T11:04:12.279Z",
    "image": "https://media-resize.immowebstatic.be/classifieds/8d8c5a39-2bae-471a-a683-b50a81518b73/100x100/5d101e34c660d190e18a59902b0dff59.jpg",
    "image_large": "https://media-resize.immowebstatic.be/classifieds/8d8c5a39-2bae-471a-a683-b50a81518b73/736x736/5d101e34c660d190e18a59902b0dff59.jpg",
    "photos": "https://media-resize.immowebstatic.be/classifieds/8d8c5a39-2bae-471a-a683-b50a81518b73/736x736/5d101e34c660d190e18a59902b0dff59.jpg|https://media-resize.immowebstatic.be/classifieds/8d8c5a39-2bae-471a-a683-b50a81518b73/736x736/081c22d8068fb3306c1964f284a7751e.jpg|https://media-resize.immowebstatic.be/classifieds/8d8c5a39-2bae-471a-a683-b50a81518b73/736x736/560bfa1e4acc3ba298ba3b2d901e5ba5.jpg|https://media-resize.immowebstatic.be/classifieds/8d8c5a39-2bae-471a-a683-b50a81518b73/736x736/8865c33933f01b97421bb7d20702066a.jpg",
    "url": "https://www.immoweb.be/en/classified/21876048"
   }
  },
  {
   "type": "Feature",
   "geometry": {
    "type": "Point",
    "coordinates": [
     4.461348699999999,
     51.2089453
    ]
   },
   "properties": {
    "id": 21799914,
    "title": null,
    "subtype": "APARTMENT",
    "street": "Herentalsebaan 196",
    "postal_code": "2100",
    "locality": "Antwerpen",
    "place": null,
    "floor": 3,
    "bedrooms": 2,
    "surface_m2": 87,
    "rent_eur": 850,
    "costs_eur": 70,
    "total_eur": 920,
    "eur_per_m2": 9.8,
    "agency": "PRIVATE",
    "flag": null,
    "updated": "2026-09-18T05:18:05.048Z",
    "image": "https://media-resize.immowebstatic.be/classifieds/e5a2d5e2-a11b-402f-a89a-b1ae21aed510/100x100/cf55bcfc5bb4984432d9b84737905c89.jpg",
    "image_large": "https://media-resize.immowebstatic.be/classifieds/e5a2d5e2-a11b-402f-a89a-b1ae21aed510/736x736/cf55bcfc5bb4984432d9b84737905c89.jpg",
    "photos": "https://media-resize.immowebstatic.be/classifieds/e5a2d5e2-a11b-402f-a89a-b1ae21aed510/736x736/cf55bcfc5bb4984432d9b84737905c89.jpg|https://media-resize.immowebstatic.be/classifieds/e5a2d5e2-a11b-402f-a89a-b1ae21aed510/736x736/eeccc381a58efc30131dc297c11a171d.jpg|https://media-resize.immowebstatic.be/classifieds/e5a2d5e2-a11b-402f-a89a-b1ae21aed510/736x736/3d0559fdbcc5848b0116a09801767515.jpg|https://media-resize.immowebstatic.be/classifieds/e5a2d5e2-a11b-402f-a89a-b1ae21aed510/736x736/377112babab6a5c3cfacedb810a68851.jpg",
    "url": "https://www.immoweb.be/en/classified/21799914"
   }
  },
  {
   "type": "Feature",
   "geometry": {
    "type": "Point",
    "coordinates": [
     4.4605895,
     51.2022723
    ]
   },
   "properties": {
    "id": 21885361,
    "title": null,
    "subtype": "APARTMENT",
    "street": "Muggenberglei 262",
    "postal_code": "2100",
    "locality": "Antwerpen",
    "place": null,
    "floor": 2,
    "bedrooms": 2,
    "surface_m2": 72,
    "rent_eur": 850,
    "costs_eur": 50,
    "total_eur": 900,
    "eur_per_m2": 11.8,
    "agency": "Walls Vastgoedmakelaars",
    "flag": "new",
    "updated": "2026-10-07T12:15:50.817Z",
    "image": "https://media-resize.immowebstatic.be/classifieds/8d814d16-d928-481a-ac04-8241c511d101/100x100/6151b13ab83d0a994e9b3cf6130c5fa8.jpg",
    "image_large": "https://media-resize.immowebstatic.be/classifieds/8d814d16-d928-481a-ac04-8241c511d101/736x736/6151b13ab83d0a994e9b3cf6130c5fa8.jpg",
    "photos": "https://media-resize.immowebstatic.be/classifieds/8d814d16-d928-481a-ac04-8241c511d101/736x736/6151b13ab83d0a994e9b3cf6130c5fa8.jpg|https://media-resize.immowebstatic.be/classifieds/8d814d16-d928-481a-ac04-8241c511d101/736x736/d29f124ae9692f458a4038f29d2f9b83.jpg|https://media-resize.immowebstatic.be/classifieds/8d814d16-d928-481a-ac04-8241c511d101/736x736/684ba5c0087118bfd61607a70c2f3c14.jpg|https://media-resize.immowebstatic.be/classifieds/8d814d16-d928-481a-ac04-8241c511d101/736x736/095079654076123a2be4da61c5448052.jpg",
    "url": "https://www.immoweb.be/en/classified/21885361"
   }
  },
  {
   "type": "Feature",
   "geometry": {
    "type": "Point",
    "coordinates": [
     4.4230763,
     51.221024
    ]
   },
   "properties": {
    "id": 21869569,
    "title": null,
    "subtype": "APARTMENT",
    "street": "Dambruggestraat 82-84",
    "postal_code": "2060",
    "locality": "Antwerpen",
    "place": null,
    "floor": 2,
    "bedrooms": 2,
    "surface_m2": 75,
    "rent_eur": 850,
    "costs_eur": 70,
    "total_eur": 920,
    "eur_per_m2": 11.3,
    "agency": "PRIVATE",
    "flag": "new",
    "updated": "2026-09-25T15:05:31.573Z",
    "image": "https://media-resize.immowebstatic.be/classifieds/c3e63b7d-5476-4745-b77e-4068dcd1e49f/100x100/8fd0f8b014c986e0ecc65a1e74a07a8a.jpg",
    "image_large": "https://media-resize.immowebstatic.be/classifieds/c3e63b7d-5476-4745-b77e-4068dcd1e49f/736x736/8fd0f8b014c986e0ecc65a1e74a07a8a.jpg",
    "photos": "https://media-resize.immowebstatic.be/classifieds/c3e63b7d-5476-4745-b77e-4068dcd1e49f/736x736/8fd0f8b014c986e0ecc65a1e74a07a8a.jpg|https://media-resize.immowebstatic.be/classifieds/c3e63b7d-5476-4745-b77e-4068dcd1e49f/736x736/0bb67953c003ec2a5d0dddae2a020443.jpg|https://media-resize.immowebstatic.be/classifieds/c3e63b7d-5476-4745-b77e-4068dcd1e49f/736x736/0934dcc9b19914e5fd6c841d0c5df39f.jpg|https://media-resize.immowebstatic.be/classifieds/c3e63b7d-5476-4745-b77e-4068dcd1e49f/736x736/ccab4f1ec4508fb3c8e00cb4ed7c9ca4.jpg",
    "url": "https://www.immoweb.be/en/classified/21869569"
   }
  },
  {
   "type": "Feature",
   "geometry": {
    "type": "Point",
    "coordinates": [
     4.4277391,
     51.2209182
    ]
   },
   "properties": {
    "id": 21885670,
    "title": null,
    "subtype": "APARTMENT",
    "street": "Wetstraat 14",
    "postal_code": "2060",
    "locality": "Antwerpen",
    "place": "winkelstraat Offerande",
    "floor": 1,
    "bedrooms": 2,
    "surface_m2": null,
    "rent_eur": 850,
    "costs_eur": 30,
    "total_eur": 880,
    "eur_per_m2": null,
    "agency": "DEBINVEST",
    "flag": "new",
    "updated": "2026-10-02T13:22:11.482Z",
    "image": "https://media-resize.immowebstatic.be/classifieds/89126a8b-d1c4-4989-8005-be679b11e3cb/100x100/e49e1e10aba837f8b4233d3750e8f966.jpg",
    "image_large": "https://media-resize.immowebstatic.be/classifieds/89126a8b-d1c4-4989-8005-be679b11e3cb/736x736/e49e1e10aba837f8b4233d3750e8f966.jpg",
    "photos": "https://media-resize.immowebstatic.be/classifieds/89126a8b-d1c4-4989-8005-be679b11e3cb/736x736/e49e1e10aba837f8b4233d3750e8f966.jpg|https://media-resize.immowebstatic.be/classifieds/89126a8b-d1c4-4989-8005-be679b11e3cb/736x736/e03d5fab3c401dacdad74bd06d3c667d.jpg|https://media-resize.immowebstatic.be/classifieds/89126a8b-d1c4-4989-8005-be679b11e3cb/736x736/04f49cde705f2d905a6f4df10a5db366.jpg|https://media-resize.immowebstatic.be/classifieds/89126a8b-d1c4-4989-8005-be679b11e3cb/736x736/f621015b9b6ead365194c908b2d63c55.jpg",
    "url": "https://www.immoweb.be/en/classified/21885670"
   }
  },
  {
   "type": "Feature",
   "geometry": {
    "type": "Point",
    "coordinates": [
     4.4405877,
     51.2396031
    ]
   },
   "properties": {
    "id": 21898278,
    "title": null,
    "subtype": "APARTMENT",
    "street": "Frans De L'arbrelaan 49 box 3",
    "postal_code": "2170",
    "locality": "Antwerpen",
    "place": null,
    "floor": 2,
    "bedrooms": 2,
    "surface_m2": 85,
    "rent_eur": 860,
    "costs_eur": 30,
    "total_eur": 890,
    "eur_per_m2": 10.1,
    "agency": "PRIVATE",
    "flag": "new",
    "updated": "2026-10-08T06:31:26.806Z",
    "image": "https://media-resize.immowebstatic.be/classifieds/d2933637-94aa-45d4-8917-fe5c6a154209/100x100/36c64de189b7aadbeeaab065cd210431.jpg",
    "image_large": "https://media-resize.immowebstatic.be/classifieds/d2933637-94aa-45d4-8917-fe5c6a154209/736x736/36c64de189b7aadbeeaab065cd210431.jpg",
    "photos": "https://media-resize.immowebstatic.be/classifieds/d2933637-94aa-45d4-8917-fe5c6a154209/736x736/36c64de189b7aadbeeaab065cd210431.jpg|https://media-resize.immowebstatic.be/classifieds/d2933637-94aa-45d4-8917-fe5c6a154209/736x736/fab27bb13e08336a4d36337507d124eb.jpg|https://media-resize.immowebstatic.be/classifieds/d2933637-94aa-45d4-8917-fe5c6a154209/736x736/fe476bd2312b0b9c379c0eddeb932ba7.jpg|https://media-resize.immowebstatic.be/classifieds/d2933637-94aa-45d4-8917-fe5c6a154209/736x736/23ffa36f63e11c0cb5596b27808d7b30.jpg",
    "url": "https://www.immoweb.be/en/classified/21898278"
   }
  },
  {
   "type": "Feature",
   "geometry": {
    "type": "Point",
    "coordinates": [
     4.4536028,
     51.2131384
    ]
   },
   "properties": {
    "id": 21836642,
    "title": null,
    "subtype": "APARTMENT",
    "street": "Collegelaan 40",
    "postal_code": "2140",
    "locality": "Antwerpen",
    "place": null,
    "floor": 1,
    "bedrooms": 2,
    "surface_m2": 85,
    "rent_eur": 865,
    "costs_eur": 60,
    "total_eur": 925,
    "eur_per_m2": 10.2,
    "agency": "PRIVATE",
    "flag": null,
    "updated": "2026-09-13T04:45:40.280Z",
    "image": "https://media-resize.immowebstatic.be/classifieds/76ee0050-0159-4675-a325-77de58bed1d3/100x100/08394c8e35ff31bbcfe51cff8acb4b2a.jpg",
    "image_large": "https://media-resize.immowebstatic.be/classifieds/76ee0050-0159-4675-a325-77de58bed1d3/736x736/08394c8e35ff31bbcfe51cff8acb4b2a.jpg",
    "photos": "https://media-resize.immowebstatic.be/classifieds/76ee0050-0159-4675-a325-77de58bed1d3/736x736/08394c8e35ff31bbcfe51cff8acb4b2a.jpg|https://media-resize.immowebstatic.be/classifieds/76ee0050-0159-4675-a325-77de58bed1d3/736x736/722673a37120890f3337dc9c3650d8fb.jpg|https://media-resize.immowebstatic.be/classifieds/76ee0050-0159-4675-a325-77de58bed1d3/736x736/e08c1d563743a7bd017a0c8cb3611fef.jpg|https://media-resize.immowebstatic.be/classifieds/76ee0050-0159-4675-a325-77de58bed1d3/736x736/ab79b1cd03a995452286754cb5273ba2.jpg",
    "url": "https://www.immoweb.be/en/classified/21836642"
   }
  },
  {
   "type": "Feature",
   "geometry": {
    "type": "Point",
    "coordinates": [
     4.420319,
     51.2827252
    ]
   },
   "properties": {
    "id": 21886740,
    "title": "Appartement",
    "subtype": "APARTMENT",
    "street": "Lange Sterrestraat 57 box 101",
    "postal_code": "2180",
    "locality": "Ekeren",
    "place": "",
    "floor": 0,
    "bedrooms": 2,
    "surface_m2": 92,
    "rent_eur": 870,
    "costs_eur": 30,
    "total_eur": 900,
    "eur_per_m2": 9.5,
    "agency": "Immo De Laet Berchem",
    "flag": "new",
    "updated": "2026-10-08T01:42:58.513Z",
    "image": "https://media-resize.immowebstatic.be/classifieds/b4ed17a2-3709-4ef3-935b-b5653609ebc4/100x100/e116437f4792747dd7cdfe9933094e9f.jpg",
    "image_large": "https://media-resize.immowebstatic.be/classifieds/b4ed17a2-3709-4ef3-935b-b5653609ebc4/736x736/e116437f4792747dd7cdfe9933094e9f.jpg",
    "photos": "https://media-resize.immowebstatic.be/classifieds/b4ed17a2-3709-4ef3-935b-b5653609ebc4/736x736/e116437f4792747dd7cdfe9933094e9f.jpg|https://media-resize.immowebstatic.be/classifieds/b4ed17a2-3709-4ef3-935b-b5653609ebc4/736x736/20658919623b93fedeb1414a3187ea89.jpg|https://media-resize.immowebstatic.be/classifieds/b4ed17a2-3709-4ef3-935b-b5653609ebc4/736x736/80eb7334a3ff18a9731cea0062bc1047.jpg|https://media-resize.immowebstatic.be/classifieds/b4ed17a2-3709-4ef3-935b-b5653609ebc4/736x736/8a8e0bad66e1acc388434daa69c54cc4.jpg",
    "url": "https://www.immoweb.be/en/classified/21886740"
   }
  },
  {
   "type": "Feature",
   "geometry": {
    "type": "Point",
    "coordinates": [
     4.4707132,
     51.1689629
    ]
   },
   "properties": {
    "id": 21879601,
    "title": null,
    "subtype": "APARTMENT",
    "street": "Liersesteenweg 203C box 3",
    "postal_code": "2640",
    "locality": "Mortsel",
    "place": null,
    "floor": 2,
    "bedrooms": 2,
    "surface_m2": 77,
    "rent_eur": 870,
    "costs_eur": 0,
    "total_eur": 870,
    "eur_per_m2": 11.3,
    "agency": "MAAT Vastgoed & Landmeten",
    "flag": "new",
    "updated": "2026-09-30T15:04:19.181Z",
    "image": "https://media-resize.immowebstatic.be/classifieds/ecf583bb-c537-4e36-8fbb-167e42bbae70/100x100/2beb99034d1f0f7e0897d4eb04cdc77f.jpg",
    "image_large": "https://media-resize.immowebstatic.be/classifieds/ecf583bb-c537-4e36-8fbb-167e42bbae70/736x736/2beb99034d1f0f7e0897d4eb04cdc77f.jpg",
    "photos": "https://media-resize.immowebstatic.be/classifieds/ecf583bb-c537-4e36-8fbb-167e42bbae70/736x736/2beb99034d1f0f7e0897d4eb04cdc77f.jpg|https://media-resize.immowebstatic.be/classifieds/ecf583bb-c537-4e36-8fbb-167e42bbae70/736x736/641b18c51f3622971087a0dadf4cbd5e.jpg|https://media-resize.immowebstatic.be/classifieds/ecf583bb-c537-4e36-8fbb-167e42bbae70/736x736/8481c38d9ff37580b1808aed63939f31.jpg|https://media-resize.immowebstatic.be/classifieds/ecf583bb-c537-4e36-8fbb-167e42bbae70/736x736/57e75d1e7723e60be21de0af07623065.jpg",
    "url": "https://www.immoweb.be/en/classified/21879601"
   }
  },
  {
   "type": "Feature",
   "geometry": {
    "type": "Point",
    "coordinates": [
     4.3899547,
     51.2077549
    ]
   },
   "properties": {
    "id": 21712046,
    "title": null,
    "subtype": "DUPLEX",
    "street": "Kasteelstraat 11",
    "postal_code": "2000",
    "locality": "Antwerpen",
    "place": "het Zuid",
    "floor": 3,
    "bedrooms": 2,
    "surface_m2": 80,
    "rent_eur": 870,
    "costs_eur": 10,
    "total_eur": 880,
    "eur_per_m2": 10.9,
    "agency": "Maris Makelaars bvba",
    "flag": null,
    "updated": "2026-09-28T09:57:49.939Z",
    "image": "https://media-resize.immowebstatic.be/classifieds/40313de7-3102-4955-a80b-44571ec500ef/100x100/ed17f635a8631299138aa7c7730d476c.jpg",
    "image_large": "https://media-resize.immowebstatic.be/classifieds/40313de7-3102-4955-a80b-44571ec500ef/736x736/ed17f635a8631299138aa7c7730d476c.jpg",
    "photos": "https://media-resize.immowebstatic.be/classifieds/40313de7-3102-4955-a80b-44571ec500ef/736x736/ed17f635a8631299138aa7c7730d476c.jpg|https://media-resize.immowebstatic.be/classifieds/40313de7-3102-4955-a80b-44571ec500ef/736x736/fc86cde395085b4f5847ca6762a6a13f.jpg|https://media-resize.immowebstatic.be/classifieds/40313de7-3102-4955-a80b-44571ec500ef/736x736/e3c2f13c56f579ded196737c98d20d7e.jpg|https://media-resize.immowebstatic.be/classifieds/40313de7-3102-4955-a80b-44571ec500ef/736x736/990a9c7e407f13f1e535ea13fdb4c48f.jpg",
    "url": "https://www.immoweb.be/en/classified/21712046"
   }
  },
  {
   "type": "Feature",
   "geometry": {
    "type": "Point",
    "coordinates": [
     4.3935002,
     51.1661491
    ]
   },
   "properties": {
    "id": 21704878,
    "title": "Appartement",
    "subtype": "APARTMENT",
    "street": "Oversneslaan 38 box 2",
    "postal_code": "2610",
    "locality": "WILRIJK",
    "place": "",
    "floor": 2,
    "bedrooms": 2,
    "surface_m2": 80,
    "rent_eur": 875,
    "costs_eur": 75,
    "total_eur": 950,
    "eur_per_m2": 10.9,
    "agency": "Coprimmo Immobiliën",
    "flag": null,
    "updated": "2026-10-05T16:26:40.228Z",
    "image": "https://media-resize.immowebstatic.be/classifieds/54eb502a-1c2f-4b6a-af18-4748c5a27a4b/100x100/cc76d4765b9f4fd95af2267d19853312.jpg",
    "image_large": "https://media-resize.immowebstatic.be/classifieds/54eb502a-1c2f-4b6a-af18-4748c5a27a4b/736x736/cc76d4765b9f4fd95af2267d19853312.jpg",
    "photos": "https://media-resize.immowebstatic.be/classifieds/54eb502a-1c2f-4b6a-af18-4748c5a27a4b/736x736/cc76d4765b9f4fd95af2267d19853312.jpg|https://media-resize.immowebstatic.be/classifieds/54eb502a-1c2f-4b6a-af18-4748c5a27a4b/736x736/b9ec6610404116fc63f13e08dc3bc731.jpg|https://media-resize.immowebstatic.be/classifieds/54eb502a-1c2f-4b6a-af18-4748c5a27a4b/736x736/a0ca9b006f185b423aad96757af09739.jpg|https://media-resize.immowebstatic.be/classifieds/54eb502a-1c2f-4b6a-af18-4748c5a27a4b/736x736/872907ffea56a1cf94a505fc93878d99.jpg",
    "url": "https://www.immoweb.be/en/classified/21704878"
   }
  },
  {
   "type": "Feature",
   "geometry": {
    "type": "Point",
    "coordinates": [
     4.485059199999999,
     51.2228934
    ]
   },
   "properties": {
    "id": 21742421,
    "title": null,
    "subtype": "APARTMENT",
    "street": "Lammergierstraat 17",
    "postal_code": "2100",
    "locality": "deurne",
    "place": null,
    "floor": 1,
    "bedrooms": 2,
    "surface_m2": 75,
    "rent_eur": 875,
    "costs_eur": 60,
    "total_eur": 935,
    "eur_per_m2": 11.7,
    "agency": "PRIVATE",
    "flag": null,
    "updated": "2026-09-30T09:26:20.959Z",
    "image": "https://media-resize.immowebstatic.be/classifieds/eb1b2cad-e600-419d-ab6f-5ee43e430c7e/100x100/a907aedfa061370f39ad4858df9fe66d.jpg",
    "image_large": "https://media-resize.immowebstatic.be/classifieds/eb1b2cad-e600-419d-ab6f-5ee43e430c7e/736x736/a907aedfa061370f39ad4858df9fe66d.jpg",
    "photos": "https://media-resize.immowebstatic.be/classifieds/eb1b2cad-e600-419d-ab6f-5ee43e430c7e/736x736/a907aedfa061370f39ad4858df9fe66d.jpg|https://media-resize.immowebstatic.be/classifieds/eb1b2cad-e600-419d-ab6f-5ee43e430c7e/736x736/aa6b32c4ad6ec0acdcff30d0ed94f7bb.jpg|https://media-resize.immowebstatic.be/classifieds/eb1b2cad-e600-419d-ab6f-5ee43e430c7e/736x736/85694e5a14f394105df5e820442f998b.jpg|https://media-resize.immowebstatic.be/classifieds/eb1b2cad-e600-419d-ab6f-5ee43e430c7e/736x736/08fe1b12fa8187b0695cb9bdae23bdfc.jpg",
    "url": "https://www.immoweb.be/en/classified/21742421"
   }
  },
  {
   "type": "Feature",
   "geometry": {
    "type": "Point",
    "coordinates": [
     4.420426099999999,
     51.27910319999999
    ]
   },
   "properties": {
    "id": 21840219,
    "title": "Apartment",
    "subtype": "APARTMENT",
    "street": "Jozef de Weerdtstraat 24-26 box 0101",
    "postal_code": "2180",
    "locality": "EKEREN",
    "place": "",
    "floor": 1,
    "bedrooms": 2,
    "surface_m2": 79,
    "rent_eur": 880,
    "costs_eur": 50,
    "total_eur": 930,
    "eur_per_m2": 11.1,
    "agency": "Heylen Vastgoed Ekeren",
    "flag": null,
    "updated": "2026-09-25T07:53:24.842Z",
    "image": "https://media-resize.immowebstatic.be/classifieds/fc96b068-9375-40ce-a1bd-7bc040db681e/100x100/6e99a29d34c2f8035d9ddecab36ef98c.jpg",
    "image_large": "https://media-resize.immowebstatic.be/classifieds/fc96b068-9375-40ce-a1bd-7bc040db681e/736x736/6e99a29d34c2f8035d9ddecab36ef98c.jpg",
    "photos": "https://media-resize.immowebstatic.be/classifieds/fc96b068-9375-40ce-a1bd-7bc040db681e/736x736/6e99a29d34c2f8035d9ddecab36ef98c.jpg|https://media-resize.immowebstatic.be/classifieds/fc96b068-9375-40ce-a1bd-7bc040db681e/736x736/2b752e15413bd4fb303df95101457ed7.jpg|https://media-resize.immowebstatic.be/classifieds/fc96b068-9375-40ce-a1bd-7bc040db681e/736x736/b455532b4452d5e893a38bf82a5fb44c.jpg|https://media-resize.immowebstatic.be/classifieds/fc96b068-9375-40ce-a1bd-7bc040db681e/736x736/93866234ac36328851bc3167a4366803.jpg",
    "url": "https://www.immoweb.be/en/classified/21840219"
   }
  },
  {
   "type": "Feature",
   "geometry": {
    "type": "Point",
    "coordinates": [
     4.4939392,
     51.1591197
    ]
   },
   "properties": {
    "id": 21845841,
    "title": "Verzorgd appartement op toplocatie",
    "subtype": "APARTMENT",
    "street": "Alexander Franckstraat 10 box 2",
    "postal_code": "2530",
    "locality": "Boechout",
    "place": "",
    "floor": 2,
    "bedrooms": 2,
    "surface_m2": 80,
    "rent_eur": 880,
    "costs_eur": 0,
    "total_eur": 880,
    "eur_per_m2": 11.0,
    "agency": "Onid Real Estate",
    "flag": null,
    "updated": "2026-10-07T18:04:53.951Z",
    "image": "https://media-resize.immowebstatic.be/classifieds/7680b0dc-f2d4-44c1-ad75-7c3571eb0cab/100x100/30213aee11b41f7789c8f0604e36ecba.jpg",
    "image_large": "https://media-resize.immowebstatic.be/classifieds/7680b0dc-f2d4-44c1-ad75-7c3571eb0cab/736x736/30213aee11b41f7789c8f0604e36ecba.jpg",
    "photos": "https://media-resize.immowebstatic.be/classifieds/7680b0dc-f2d4-44c1-ad75-7c3571eb0cab/736x736/30213aee11b41f7789c8f0604e36ecba.jpg|https://media-resize.immowebstatic.be/classifieds/7680b0dc-f2d4-44c1-ad75-7c3571eb0cab/736x736/fb6bc787adf2631309b45b493c84eab0.jpg|https://media-resize.immowebstatic.be/classifieds/7680b0dc-f2d4-44c1-ad75-7c3571eb0cab/736x736/c0faaca1342f25fb5fc0136287228653.jpg|https://media-resize.immowebstatic.be/classifieds/7680b0dc-f2d4-44c1-ad75-7c3571eb0cab/736x736/dd21012e03add8e0c7fc2258eea4b320.jpg",
    "url": "https://www.immoweb.be/en/classified/21845841"
   }
  },
  {
   "type": "Feature",
   "geometry": {
    "type": "Point",
    "coordinates": [
     4.3839138,
     51.1791899
    ]
   },
   "properties": {
    "id": 21868073,
    "title": null,
    "subtype": "APARTMENT",
    "street": "Orchideeenstraat 25 box 3",
    "postal_code": "2610",
    "locality": "Antwerpen",
    "place": null,
    "floor": 0,
    "bedrooms": 2,
    "surface_m2": null,
    "rent_eur": 890,
    "costs_eur": 0,
    "total_eur": 890,
    "eur_per_m2": null,
    "agency": "At Home & Partners",
    "flag": "new",
    "updated": "2026-09-25T09:36:04.422Z",
    "image": "https://media-resize.immowebstatic.be/classifieds/edd8383b-ab2a-457c-b9c3-38a10bf66aad/100x100/709bb28441d2c2d7486e260c6f6575c3.jpg",
    "image_large": "https://media-resize.immowebstatic.be/classifieds/edd8383b-ab2a-457c-b9c3-38a10bf66aad/736x736/709bb28441d2c2d7486e260c6f6575c3.jpg",
    "photos": "https://media-resize.immowebstatic.be/classifieds/edd8383b-ab2a-457c-b9c3-38a10bf66aad/736x736/709bb28441d2c2d7486e260c6f6575c3.jpg|https://media-resize.immowebstatic.be/classifieds/edd8383b-ab2a-457c-b9c3-38a10bf66aad/736x736/cd3aa021237f53d98d287d180abdea02.jpg|https://media-resize.immowebstatic.be/classifieds/edd8383b-ab2a-457c-b9c3-38a10bf66aad/736x736/c9e40169313c31d362b3b4d1fac632ca.jpg|https://media-resize.immowebstatic.be/classifieds/edd8383b-ab2a-457c-b9c3-38a10bf66aad/736x736/4f291520afdd860c798c837979843620.jpg",
    "url": "https://www.immoweb.be/en/classified/21868073"
   }
  },
  {
   "type": "Feature",
   "geometry": {
    "type": "Point",
    "coordinates": [
     4.39411,
     51.20433449999999
    ]
   },
   "properties": {
    "id": 21847877,
    "title": null,
    "subtype": "DUPLEX",
    "street": "Dendermondestraat 16 box 301",
    "postal_code": "2018",
    "locality": "Antwerpen",
    "place": null,
    "floor": 3,
    "bedrooms": 2,
    "surface_m2": null,
    "rent_eur": 890,
    "costs_eur": 0,
    "total_eur": 890,
    "eur_per_m2": null,
    "agency": "Bagg Immo",
    "flag": null,
    "updated": "2026-09-17T10:04:30.416Z",
    "image": "https://media-resize.immowebstatic.be/classifieds/79a9e782-0870-4916-b3d6-947fed3de0c0/100x100/5190856f18b0f9a2cbcc2bd24f254369.jpg",
    "image_large": "https://media-resize.immowebstatic.be/classifieds/79a9e782-0870-4916-b3d6-947fed3de0c0/736x736/5190856f18b0f9a2cbcc2bd24f254369.jpg",
    "photos": "https://media-resize.immowebstatic.be/classifieds/79a9e782-0870-4916-b3d6-947fed3de0c0/736x736/5190856f18b0f9a2cbcc2bd24f254369.jpg|https://media-resize.immowebstatic.be/classifieds/79a9e782-0870-4916-b3d6-947fed3de0c0/736x736/021372373f29ba048fad941070e7169a.jpg|https://media-resize.immowebstatic.be/classifieds/79a9e782-0870-4916-b3d6-947fed3de0c0/736x736/8507e4c38bb302cbaf0205f284a06a3f.jpg|https://media-resize.immowebstatic.be/classifieds/79a9e782-0870-4916-b3d6-947fed3de0c0/736x736/7c5b29ef01059f46237032f466fa5f99.jpg",
    "url": "https://www.immoweb.be/en/classified/21847877"
   }
  },
  {
   "type": "Feature",
   "geometry": {
    "type": "Point",
    "coordinates": [
     4.5084343,
     51.22540360000001
    ]
   },
   "properties": {
    "id": 21838984,
    "title": null,
    "subtype": "APARTMENT",
    "street": "Turnhoutsebaan 134 box 4",
    "postal_code": "2110",
    "locality": "Wijnegem",
    "place": null,
    "floor": 1,
    "bedrooms": 2,
    "surface_m2": 67,
    "rent_eur": 890,
    "costs_eur": 40,
    "total_eur": 930,
    "eur_per_m2": 13.3,
    "agency": "Geyskens Vastgoed",
    "flag": null,
    "updated": "2026-09-30T16:21:35.142Z",
    "image": "https://media-resize.immowebstatic.be/classifieds/8b8c1d94-29e4-451d-8bdc-b16e6a0ebeb3/100x100/b8bea71c9d67fe5699f024b35cc59d25.jpg",
    "image_large": "https://media-resize.immowebstatic.be/classifieds/8b8c1d94-29e4-451d-8bdc-b16e6a0ebeb3/736x736/b8bea71c9d67fe5699f024b35cc59d25.jpg",
    "photos": "https://media-resize.immowebstatic.be/classifieds/8b8c1d94-29e4-451d-8bdc-b16e6a0ebeb3/736x736/b8bea71c9d67fe5699f024b35cc59d25.jpg|https://media-resize.immowebstatic.be/classifieds/8b8c1d94-29e4-451d-8bdc-b16e6a0ebeb3/736x736/bbc51181125acc28a04ded88f0251251.jpg|https://media-resize.immowebstatic.be/classifieds/8b8c1d94-29e4-451d-8bdc-b16e6a0ebeb3/736x736/7eab0aa90f5784d43cc209cd7fa6eba6.jpg|https://media-resize.immowebstatic.be/classifieds/8b8c1d94-29e4-451d-8bdc-b16e6a0ebeb3/736x736/e1cee313d8e7a031a4f470c03ef3e7e3.jpg",
    "url": "https://www.immoweb.be/en/classified/21838984"
   }
  },
  {
   "type": "Feature",
   "geometry": {
    "type": "Point",
    "coordinates": [
     4.480462900000001,
     51.2209023
    ]
   },
   "properties": {
    "id": 21854839,
    "title": "Investment property",
    "subtype": "APARTMENT",
    "street": "Ruggeveldlaan 530 box 2",
    "postal_code": "2100",
    "locality": "DEURNE",
    "place": "",
    "floor": 1,
    "bedrooms": 2,
    "surface_m2": 76,
    "rent_eur": 895,
    "costs_eur": 25,
    "total_eur": 920,
    "eur_per_m2": 11.8,
    "agency": "Heylen Vastgoed Deurne",
    "flag": null,
    "updated": "2026-10-04T03:52:08.030Z",
    "image": "https://media-resize.immowebstatic.be/classifieds/29252f55-420e-4fc4-85fc-fd91b5b8f1ac/100x100/669c0f9386908209c1f7dec6abf68102.jpg",
    "image_large": "https://media-resize.immowebstatic.be/classifieds/29252f55-420e-4fc4-85fc-fd91b5b8f1ac/736x736/669c0f9386908209c1f7dec6abf68102.jpg",
    "photos": "https://media-resize.immowebstatic.be/classifieds/29252f55-420e-4fc4-85fc-fd91b5b8f1ac/736x736/669c0f9386908209c1f7dec6abf68102.jpg|https://media-resize.immowebstatic.be/classifieds/29252f55-420e-4fc4-85fc-fd91b5b8f1ac/736x736/e139653974f4fa33af9422c30a89668f.jpg|https://media-resize.immowebstatic.be/classifieds/29252f55-420e-4fc4-85fc-fd91b5b8f1ac/736x736/efb63d7485883cabd790f340f20d8d5e.jpg|https://media-resize.immowebstatic.be/classifieds/29252f55-420e-4fc4-85fc-fd91b5b8f1ac/736x736/4d4cffd6d78868b0008f464cacbc242c.jpg",
    "url": "https://www.immoweb.be/en/classified/21854839"
   }
  },
  {
   "type": "Feature",
   "geometry": {
    "type": "Point",
    "coordinates": [
     4.4409634,
     51.2787165
    ]
   },
   "properties": {
    "id": 21829072,
    "title": "appartement",
    "subtype": "APARTMENT",
    "street": "Prinshoeveweg 191",
    "postal_code": "2180",
    "locality": "EKEREN (ANTWERPEN)",
    "place": "",
    "floor": 2,
    "bedrooms": 2,
    "surface_m2": 84,
    "rent_eur": 895,
    "costs_eur": 0,
    "total_eur": 895,
    "eur_per_m2": 10.7,
    "agency": "Verlimmo",
    "flag": null,
    "updated": "2026-10-02T12:31:06.276Z",
    "image": "https://media-resize.immowebstatic.be/classifieds/4f65c9e6-abe7-44af-b425-5394f5155666/100x100/3f5703d29946300c3d3dd49b7d22299e.jpg",
    "image_large": "https://media-resize.immowebstatic.be/classifieds/4f65c9e6-abe7-44af-b425-5394f5155666/736x736/3f5703d29946300c3d3dd49b7d22299e.jpg",
    "photos": "https://media-resize.immowebstatic.be/classifieds/4f65c9e6-abe7-44af-b425-5394f5155666/736x736/3f5703d29946300c3d3dd49b7d22299e.jpg|https://media-resize.immowebstatic.be/classifieds/4f65c9e6-abe7-44af-b425-5394f5155666/736x736/82bcc3dac47e0cf0c2df35d81a529660.jpg|https://media-resize.immowebstatic.be/classifieds/4f65c9e6-abe7-44af-b425-5394f5155666/736x736/6fa924557d4d24f3f5534a6598066c34.jpg|https://media-resize.immowebstatic.be/classifieds/4f65c9e6-abe7-44af-b425-5394f5155666/736x736/6ab0770008369aeb32c3de962e51a58f.jpg",
    "url": "https://www.immoweb.be/en/classified/21829072"
   }
  },
  {
   "type": "Feature",
   "geometry": {
    "type": "Point",
    "coordinates": [
     4.4451076,
     51.2800074
    ]
   },
   "properties": {
    "id": 21864470,
    "title": null,
    "subtype": "APARTMENT",
    "street": "Boterbloemlaan 32",
    "postal_code": "2180",
    "locality": "Antwerpen",
    "place": null,
    "floor": 2,
    "bedrooms": 2,
    "surface_m2": 80,
    "rent_eur": 895,
    "costs_eur": 70,
    "total_eur": 965,
    "eur_per_m2": 11.2,
    "agency": "Wolf Vastgoed",
    "flag": "new",
    "updated": "2026-10-06T10:25:23.406Z",
    "image": "https://media-resize.immowebstatic.be/classifieds/04e400a3-f7e0-447a-a82d-28d6f31fff72/100x100/0c3db01b781d3bf40f41e543215c8e95.jpg",
    "image_large": "https://media-resize.immowebstatic.be/classifieds/04e400a3-f7e0-447a-a82d-28d6f31fff72/736x736/0c3db01b781d3bf40f41e543215c8e95.jpg",
    "photos": "https://media-resize.immowebstatic.be/classifieds/04e400a3-f7e0-447a-a82d-28d6f31fff72/736x736/0c3db01b781d3bf40f41e543215c8e95.jpg|https://media-resize.immowebstatic.be/classifieds/04e400a3-f7e0-447a-a82d-28d6f31fff72/736x736/577fb703205455109df90027c6047c64.jpg|https://media-resize.immowebstatic.be/classifieds/04e400a3-f7e0-447a-a82d-28d6f31fff72/736x736/0f68b6035e25cc45bf586cf2e0cb2c11.jpg|https://media-resize.immowebstatic.be/classifieds/04e400a3-f7e0-447a-a82d-28d6f31fff72/736x736/d7aae9e6c4492589fa95ebaa67879807.jpg",
    "url": "https://www.immoweb.be/en/classified/21864470"
   }
  },
  {
   "type": "Feature",
   "geometry": {
    "type": "Point",
    "coordinates": [
     4.4667313,
     51.2316069
    ]
   },
   "properties": {
    "id": 21888618,
    "title": null,
    "subtype": "APARTMENT",
    "street": "Gijsbrecht Van Deurnelaan 77",
    "postal_code": "2100",
    "locality": "Antwerpen",
    "place": null,
    "floor": 5,
    "bedrooms": 2,
    "surface_m2": 78,
    "rent_eur": 895,
    "costs_eur": 165,
    "total_eur": 1060,
    "eur_per_m2": 11.5,
    "agency": "PRIVATE",
    "flag": "new",
    "updated": "2026-10-05T19:28:26.439Z",
    "image": "https://media-resize.immowebstatic.be/classifieds/15cafce5-58ce-4f25-9675-5c4a8b819795/100x100/1c26bf05088000af2256bd9b66c31463.jpg",
    "image_large": "https://media-resize.immowebstatic.be/classifieds/15cafce5-58ce-4f25-9675-5c4a8b819795/736x736/1c26bf05088000af2256bd9b66c31463.jpg",
    "photos": "https://media-resize.immowebstatic.be/classifieds/15cafce5-58ce-4f25-9675-5c4a8b819795/736x736/1c26bf05088000af2256bd9b66c31463.jpg|https://media-resize.immowebstatic.be/classifieds/15cafce5-58ce-4f25-9675-5c4a8b819795/736x736/2659dc0696fe14e8d83038e0b4c78071.jpg|https://media-resize.immowebstatic.be/classifieds/15cafce5-58ce-4f25-9675-5c4a8b819795/736x736/b533453b1c4f3a6ec399d7a616e7ad17.jpg|https://media-resize.immowebstatic.be/classifieds/15cafce5-58ce-4f25-9675-5c4a8b819795/736x736/4427c2e06707c577eff1e9be256a4131.jpg",
    "url": "https://www.immoweb.be/en/classified/21888618"
   }
  },
  {
   "type": "Feature",
   "geometry": {
    "type": "Point",
    "coordinates": [
     4.4444951,
     51.2007359
    ]
   },
   "properties": {
    "id": 21897805,
    "title": "Zonnig en ruim 2 slpk app met terras",
    "subtype": "APARTMENT",
    "street": "Gitschotellei 192",
    "postal_code": "2140",
    "locality": "Borgerhout",
    "place": "",
    "floor": 1,
    "bedrooms": 2,
    "surface_m2": 84,
    "rent_eur": 895,
    "costs_eur": 15,
    "total_eur": 910,
    "eur_per_m2": 10.7,
    "agency": "Immassur",
    "flag": "new",
    "updated": "2026-10-07T18:09:25.129Z",
    "image": "https://media-resize.immowebstatic.be/classifieds/9a209c3f-e5c5-447b-a808-22e03fb0359b/100x100/21a87f3099505032237d5ef26be2154b.jpg",
    "image_large": "https://media-resize.immowebstatic.be/classifieds/9a209c3f-e5c5-447b-a808-22e03fb0359b/736x736/21a87f3099505032237d5ef26be2154b.jpg",
    "photos": "https://media-resize.immowebstatic.be/classifieds/9a209c3f-e5c5-447b-a808-22e03fb0359b/736x736/21a87f3099505032237d5ef26be2154b.jpg|https://media-resize.immowebstatic.be/classifieds/9a209c3f-e5c5-447b-a808-22e03fb0359b/736x736/cf721c293cef178aa40381574cd034a1.jpg|https://media-resize.immowebstatic.be/classifieds/9a209c3f-e5c5-447b-a808-22e03fb0359b/736x736/a2ee14b8faf471480238d93b61d317e8.jpg|https://media-resize.immowebstatic.be/classifieds/9a209c3f-e5c5-447b-a808-22e03fb0359b/736x736/2cfd74a4b00733fecec809b510dd409d.jpg",
    "url": "https://www.immoweb.be/en/classified/21897805"
   }
  },
  {
   "type": "Feature",
   "geometry": {
    "type": "Point",
    "coordinates": [
     4.429842799999999,
     51.2093656
    ]
   },
   "properties": {
    "id": 21897806,
    "title": "2 slaapkamer appartement te Antwerpen",
    "subtype": "APARTMENT",
    "street": "Plantin en Moretuslei 130 box 301",
    "postal_code": "2018",
    "locality": "Antwerpen (2018)",
    "place": "",
    "floor": 3,
    "bedrooms": 2,
    "surface_m2": 75,
    "rent_eur": 900,
    "costs_eur": 180,
    "total_eur": 1080,
    "eur_per_m2": 12.0,
    "agency": "VB Vastgoed Antwerpen",
    "flag": "new",
    "updated": "2026-10-07T20:02:49.599Z",
    "image": "https://media-resize.immowebstatic.be/classifieds/85c649c8-8e09-467d-9f99-3a50679063f0/100x100/1b309fd0e38de3da1b439ebe421f9a15.jpg",
    "image_large": "https://media-resize.immowebstatic.be/classifieds/85c649c8-8e09-467d-9f99-3a50679063f0/736x736/1b309fd0e38de3da1b439ebe421f9a15.jpg",
    "photos": "https://media-resize.immowebstatic.be/classifieds/85c649c8-8e09-467d-9f99-3a50679063f0/736x736/1b309fd0e38de3da1b439ebe421f9a15.jpg|https://media-resize.immowebstatic.be/classifieds/85c649c8-8e09-467d-9f99-3a50679063f0/736x736/069736a607524cd7d8109fd89a49730f.jpg|https://media-resize.immowebstatic.be/classifieds/85c649c8-8e09-467d-9f99-3a50679063f0/736x736/1e50e9365a59277c73d13143738bff54.jpg|https://media-resize.immowebstatic.be/classifieds/85c649c8-8e09-467d-9f99-3a50679063f0/736x736/209486f7ba6fa997d53c313afa1c7556.jpg",
    "url": "https://www.immoweb.be/en/classified/21897806"
   }
  },
  {
   "type": "Feature",
   "geometry": {
    "type": "Point",
    "coordinates": [
     4.4832259,
     51.1987088
    ]
   },
   "properties": {
    "id": 21895773,
    "title": null,
    "subtype": "APARTMENT",
    "street": "Sprinkhaanveldestraat 26 26 box 201",
    "postal_code": "2150",
    "locality": "Borsbeek",
    "place": null,
    "floor": 2,
    "bedrooms": 2,
    "surface_m2": 87,
    "rent_eur": 900,
    "costs_eur": 10,
    "total_eur": 910,
    "eur_per_m2": 10.3,
    "agency": "Hans Vastgoed",
    "flag": "new",
    "updated": "2026-10-07T09:05:58.010Z",
    "image": "https://media-resize.immowebstatic.be/classifieds/bf28294a-33cb-4e0c-9fe8-0e81d33c320f/100x100/7f5c6956d2841ed4f1f2180088e4f4f4.jpg",
    "image_large": "https://media-resize.immowebstatic.be/classifieds/bf28294a-33cb-4e0c-9fe8-0e81d33c320f/736x736/7f5c6956d2841ed4f1f2180088e4f4f4.jpg",
    "photos": "https://media-resize.immowebstatic.be/classifieds/bf28294a-33cb-4e0c-9fe8-0e81d33c320f/736x736/7f5c6956d2841ed4f1f2180088e4f4f4.jpg|https://media-resize.immowebstatic.be/classifieds/bf28294a-33cb-4e0c-9fe8-0e81d33c320f/736x736/05a7d8c305e85f88ee716d6154144840.jpg|https://media-resize.immowebstatic.be/classifieds/bf28294a-33cb-4e0c-9fe8-0e81d33c320f/736x736/bdbb803ca0515fd07da2da665c5699dc.jpg|https://media-resize.immowebstatic.be/classifieds/bf28294a-33cb-4e0c-9fe8-0e81d33c320f/736x736/5f6b55ee2e9364da3a23c9e159787a20.jpg",
    "url": "https://www.immoweb.be/en/classified/21895773"
   }
  },
  {
   "type": "Feature",
   "geometry": {
    "type": "Point",
    "coordinates": [
     4.3895181,
     51.18283
    ]
   },
   "properties": {
    "id": 21865617,
    "title": null,
    "subtype": "APARTMENT",
    "street": "Boomsesteenweg 508",
    "postal_code": "2610",
    "locality": "Antwerpen",
    "place": null,
    "floor": 2,
    "bedrooms": 2,
    "surface_m2": 80,
    "rent_eur": 900,
    "costs_eur": 30,
    "total_eur": 930,
    "eur_per_m2": 11.2,
    "agency": "PRIVATE",
    "flag": "new",
    "updated": "2026-09-24T12:46:16.917Z",
    "image": "https://media-resize.immowebstatic.be/classifieds/be90c747-5aae-4594-83c2-6fd94430d459/100x100/4ecda2278901a72043a3d3fe39a83712.jpg",
    "image_large": "https://media-resize.immowebstatic.be/classifieds/be90c747-5aae-4594-83c2-6fd94430d459/736x736/4ecda2278901a72043a3d3fe39a83712.jpg",
    "photos": "https://media-resize.immowebstatic.be/classifieds/be90c747-5aae-4594-83c2-6fd94430d459/736x736/4ecda2278901a72043a3d3fe39a83712.jpg|https://media-resize.immowebstatic.be/classifieds/be90c747-5aae-4594-83c2-6fd94430d459/736x736/f0ba3423b4edf841d5fed9745428d4f8.jpg|https://media-resize.immowebstatic.be/classifieds/be90c747-5aae-4594-83c2-6fd94430d459/736x736/3667cb26749cbc4b4fd5e346b0e08433.jpg|https://media-resize.immowebstatic.be/classifieds/be90c747-5aae-4594-83c2-6fd94430d459/736x736/5116cccc206c5e9d5ea5daed2e7d9f57.jpg",
    "url": "https://www.immoweb.be/en/classified/21865617"
   }
  },
  {
   "type": "Feature",
   "geometry": {
    "type": "Point",
    "coordinates": [
     4.387063599999999,
     51.2290033
    ]
   },
   "properties": {
    "id": 21886053,
    "title": null,
    "subtype": "APARTMENT",
    "street": "Gloriantlaan 53",
    "postal_code": "2050",
    "locality": "Antwerpen",
    "place": null,
    "floor": 2,
    "bedrooms": 2,
    "surface_m2": 92,
    "rent_eur": 900,
    "costs_eur": 150,
    "total_eur": 1050,
    "eur_per_m2": 9.8,
    "agency": "Walls Vastgoedmakelaars Linkeroever & Waasland",
    "flag": "new",
    "updated": "2026-10-07T12:16:04.659Z",
    "image": "https://media-resize.immowebstatic.be/classifieds/eab2d5d6-e020-4756-a7a9-e669d611efdc/100x100/7ed266d4d9cf94abdf4dbe14f7ad33f8.jpg",
    "image_large": "https://media-resize.immowebstatic.be/classifieds/eab2d5d6-e020-4756-a7a9-e669d611efdc/736x736/7ed266d4d9cf94abdf4dbe14f7ad33f8.jpg",
    "photos": "https://media-resize.immowebstatic.be/classifieds/eab2d5d6-e020-4756-a7a9-e669d611efdc/736x736/7ed266d4d9cf94abdf4dbe14f7ad33f8.jpg|https://media-resize.immowebstatic.be/classifieds/eab2d5d6-e020-4756-a7a9-e669d611efdc/736x736/166188782d4fcb51bab9bc892cf930f0.jpg|https://media-resize.immowebstatic.be/classifieds/eab2d5d6-e020-4756-a7a9-e669d611efdc/736x736/0e3f0ba95171c37241c1f5a42d563d4b.jpg|https://media-resize.immowebstatic.be/classifieds/eab2d5d6-e020-4756-a7a9-e669d611efdc/736x736/46392e4a1ff3a6f1a6767b5428433078.jpg",
    "url": "https://www.immoweb.be/en/classified/21886053"
   }
  },
  {
   "type": "Feature",
   "geometry": {
    "type": "Point",
    "coordinates": [
     4.375543299999999,
     51.2196994
    ]
   },
   "properties": {
    "id": 21849453,
    "title": null,
    "subtype": "APARTMENT",
    "street": "Blancefloerlaan 165",
    "postal_code": "2050",
    "locality": "Antwerpen",
    "place": null,
    "floor": 4,
    "bedrooms": 2,
    "surface_m2": 89,
    "rent_eur": 900,
    "costs_eur": 210,
    "total_eur": 1110,
    "eur_per_m2": 10.1,
    "agency": "Walls Vastgoedmakelaars Linkeroever & Waasland",
    "flag": null,
    "updated": "2026-10-01T10:21:19.627Z",
    "image": "https://media-resize.immowebstatic.be/classifieds/16a053ca-f675-431c-958e-64f46be3825f/100x100/6bc4ec1ce00d794ac5dcc358b289f098.jpg",
    "image_large": "https://media-resize.immowebstatic.be/classifieds/16a053ca-f675-431c-958e-64f46be3825f/736x736/6bc4ec1ce00d794ac5dcc358b289f098.jpg",
    "photos": "https://media-resize.immowebstatic.be/classifieds/16a053ca-f675-431c-958e-64f46be3825f/736x736/6bc4ec1ce00d794ac5dcc358b289f098.jpg|https://media-resize.immowebstatic.be/classifieds/16a053ca-f675-431c-958e-64f46be3825f/736x736/ba68247cdcef3dd59df7874bba4b7750.jpg|https://media-resize.immowebstatic.be/classifieds/16a053ca-f675-431c-958e-64f46be3825f/736x736/e622b38b543591d332cdd4e80844b5dd.jpg|https://media-resize.immowebstatic.be/classifieds/16a053ca-f675-431c-958e-64f46be3825f/736x736/25df8f5fabe58238d0e8f332817ea35a.jpg",
    "url": "https://www.immoweb.be/en/classified/21849453"
   }
  },
  {
   "type": "Feature",
   "geometry": {
    "type": "Point",
    "coordinates": [
     4.483014499999999,
     51.1568054
    ]
   },
   "properties": {
    "id": 21821195,
    "title": null,
    "subtype": "APARTMENT",
    "street": "Hovesesteenweg 142 box 1",
    "postal_code": "2530",
    "locality": "Boechout",
    "place": null,
    "floor": 0,
    "bedrooms": 2,
    "surface_m2": null,
    "rent_eur": 900,
    "costs_eur": 200,
    "total_eur": 1100,
    "eur_per_m2": null,
    "agency": "Via Sofie",
    "flag": null,
    "updated": "2026-10-05T11:11:44.584Z",
    "image": "https://media-resize.immowebstatic.be/classifieds/b815502d-17c0-4d5c-9f86-6effe02ad8c0/100x100/59e2317bbda2e3d943bdb86fe5472ee4.jpg",
    "image_large": "https://media-resize.immowebstatic.be/classifieds/b815502d-17c0-4d5c-9f86-6effe02ad8c0/736x736/59e2317bbda2e3d943bdb86fe5472ee4.jpg",
    "photos": "https://media-resize.immowebstatic.be/classifieds/b815502d-17c0-4d5c-9f86-6effe02ad8c0/736x736/59e2317bbda2e3d943bdb86fe5472ee4.jpg|https://media-resize.immowebstatic.be/classifieds/b815502d-17c0-4d5c-9f86-6effe02ad8c0/736x736/f1f3fbadbf629000c94eb9c0bdb27906.jpg|https://media-resize.immowebstatic.be/classifieds/b815502d-17c0-4d5c-9f86-6effe02ad8c0/736x736/f9598762940f140d9c55e094922e3522.jpg|https://media-resize.immowebstatic.be/classifieds/b815502d-17c0-4d5c-9f86-6effe02ad8c0/736x736/15a929bea2197659cc2b56f695cbb6d9.jpg",
    "url": "https://www.immoweb.be/en/classified/21821195"
   }
  },
  {
   "type": "Feature",
   "geometry": {
    "type": "Point",
    "coordinates": [
     4.3974303,
     51.2069148
    ]
   },
   "properties": {
    "id": 21866830,
    "title": "Flat",
    "subtype": "APARTMENT",
    "street": "Amerikalei 91 box 4",
    "postal_code": "2000",
    "locality": "ANTWERPEN",
    "place": "",
    "floor": 3,
    "bedrooms": 2,
    "surface_m2": 72,
    "rent_eur": 900,
    "costs_eur": 110,
    "total_eur": 1010,
    "eur_per_m2": 12.5,
    "agency": "Abricasa",
    "flag": "new",
    "updated": "2026-10-08T02:02:29.818Z",
    "image": "https://media-resize.immowebstatic.be/classifieds/f48959ba-4922-4f44-9db6-01a2706d24fc/100x100/72916ef644f06155e5d7a7ab5d52e693.jpg",
    "image_large": "https://media-resize.immowebstatic.be/classifieds/f48959ba-4922-4f44-9db6-01a2706d24fc/736x736/72916ef644f06155e5d7a7ab5d52e693.jpg",
    "photos": "https://media-resize.immowebstatic.be/classifieds/f48959ba-4922-4f44-9db6-01a2706d24fc/736x736/72916ef644f06155e5d7a7ab5d52e693.jpg|https://media-resize.immowebstatic.be/classifieds/f48959ba-4922-4f44-9db6-01a2706d24fc/736x736/778461adc06f55df6352cb504b2a5853.jpg|https://media-resize.immowebstatic.be/classifieds/f48959ba-4922-4f44-9db6-01a2706d24fc/736x736/74a6e9f6b71bf6151998fed1ee71ba25.jpg|https://media-resize.immowebstatic.be/classifieds/f48959ba-4922-4f44-9db6-01a2706d24fc/736x736/f031c93c43e814e559c7eb2e5e8083dc.jpg",
    "url": "https://www.immoweb.be/en/classified/21866830"
   }
  },
  {
   "type": "Feature",
   "geometry": {
    "type": "Point",
    "coordinates": [
     4.4551346,
     51.169991
    ]
   },
   "properties": {
    "id": 21551427,
    "title": "Apartment",
    "subtype": "APARTMENT",
    "street": "Prins Leopoldlei 4 box 2",
    "postal_code": "2640",
    "locality": "MORTSEL",
    "place": "",
    "floor": 2,
    "bedrooms": 2,
    "surface_m2": 80,
    "rent_eur": 900,
    "costs_eur": 25,
    "total_eur": 925,
    "eur_per_m2": 11.2,
    "agency": "Habicom Vastgoed",
    "flag": null,
    "updated": "2026-09-07T03:24:25.169Z",
    "image": "https://media-resize.immowebstatic.be/classifieds/c552d0f1-0a90-46ef-b9ac-0a1e7ddb132d/100x100/fe600c84033c017f6bf4ec609c78dac2.jpg",
    "image_large": "https://media-resize.immowebstatic.be/classifieds/c552d0f1-0a90-46ef-b9ac-0a1e7ddb132d/736x736/fe600c84033c017f6bf4ec609c78dac2.jpg",
    "photos": "https://media-resize.immowebstatic.be/classifieds/c552d0f1-0a90-46ef-b9ac-0a1e7ddb132d/736x736/fe600c84033c017f6bf4ec609c78dac2.jpg|https://media-resize.immowebstatic.be/classifieds/c552d0f1-0a90-46ef-b9ac-0a1e7ddb132d/736x736/f193005f5004f162f47c041ffac46759.jpg|https://media-resize.immowebstatic.be/classifieds/c552d0f1-0a90-46ef-b9ac-0a1e7ddb132d/736x736/ab82ac04d8f00420b112ada1d95f5ccc.jpg|https://media-resize.immowebstatic.be/classifieds/c552d0f1-0a90-46ef-b9ac-0a1e7ddb132d/736x736/605dd50b10a9e3c0164045bb7adfc1d6.jpg",
    "url": "https://www.immoweb.be/en/classified/21551427"
   }
  },
  {
   "type": "Feature",
   "geometry": {
    "type": "Point",
    "coordinates": [
     4.4470697,
     51.219352
    ]
   },
   "properties": {
    "id": 21868553,
    "title": null,
    "subtype": "APARTMENT",
    "street": "Hof Ter Lo 9 box 11",
    "postal_code": "2140",
    "locality": "Borgerhout",
    "place": null,
    "floor": 1,
    "bedrooms": 2,
    "surface_m2": 90,
    "rent_eur": 910,
    "costs_eur": 120,
    "total_eur": 1030,
    "eur_per_m2": 10.1,
    "agency": "PRIVATE",
    "flag": "new",
    "updated": "2026-10-04T12:47:03.964Z",
    "image": "https://media-resize.immowebstatic.be/classifieds/cc70f0d3-b97c-4fb7-b87c-f3f31ba256a5/100x100/0323d5d72ec11d772591084db32872cf.jpg",
    "image_large": "https://media-resize.immowebstatic.be/classifieds/cc70f0d3-b97c-4fb7-b87c-f3f31ba256a5/736x736/0323d5d72ec11d772591084db32872cf.jpg",
    "photos": "https://media-resize.immowebstatic.be/classifieds/cc70f0d3-b97c-4fb7-b87c-f3f31ba256a5/736x736/0323d5d72ec11d772591084db32872cf.jpg|https://media-resize.immowebstatic.be/classifieds/cc70f0d3-b97c-4fb7-b87c-f3f31ba256a5/736x736/68f2c6931f2d23cfa2e9aa6d89f7cec7.jpg|https://media-resize.immowebstatic.be/classifieds/cc70f0d3-b97c-4fb7-b87c-f3f31ba256a5/736x736/1b7d83d2804f0cf58eee6278bb6fa59a.jpg|https://media-resize.immowebstatic.be/classifieds/cc70f0d3-b97c-4fb7-b87c-f3f31ba256a5/736x736/a678ec97c5acba03e40fb83bb4388854.jpg",
    "url": "https://www.immoweb.be/en/classified/21868553"
   }
  },
  {
   "type": "Feature",
   "geometry": {
    "type": "Point",
    "coordinates": [
     4.3967122,
     51.21233369999999
    ]
   },
   "properties": {
    "id": 21860109,
    "title": null,
    "subtype": "APARTMENT",
    "street": "Kronenburgstraat 41 box 202",
    "postal_code": "2000",
    "locality": "Antwerpen",
    "place": "Antwerpen Centrum",
    "floor": 2,
    "bedrooms": 2,
    "surface_m2": 92,
    "rent_eur": 920,
    "costs_eur": 155,
    "total_eur": 1075,
    "eur_per_m2": 10.0,
    "agency": "AG VESPA",
    "flag": null,
    "updated": "2026-09-23T07:59:43.228Z",
    "image": "https://media-resize.immowebstatic.be/classifieds/9f036441-29b1-4ae2-b502-8105af5012f0/100x100/80e8bd1c62b1a7d675823cfcd7bf1f02.jpg",
    "image_large": "https://media-resize.immowebstatic.be/classifieds/9f036441-29b1-4ae2-b502-8105af5012f0/736x736/80e8bd1c62b1a7d675823cfcd7bf1f02.jpg",
    "photos": "https://media-resize.immowebstatic.be/classifieds/9f036441-29b1-4ae2-b502-8105af5012f0/736x736/80e8bd1c62b1a7d675823cfcd7bf1f02.jpg|https://media-resize.immowebstatic.be/classifieds/9f036441-29b1-4ae2-b502-8105af5012f0/736x736/ed9f157336667c2e9de666d07c72c753.jpg|https://media-resize.immowebstatic.be/classifieds/9f036441-29b1-4ae2-b502-8105af5012f0/736x736/ccf9469930cc9b8c32120702485d9465.jpg|https://media-resize.immowebstatic.be/classifieds/9f036441-29b1-4ae2-b502-8105af5012f0/736x736/4591c623ce7ad8e7d929bfe85dc26b00.jpg",
    "url": "https://www.immoweb.be/en/classified/21860109"
   }
  },
  {
   "type": "Feature",
   "geometry": {
    "type": "Point",
    "coordinates": [
     4.42326,
     51.1755699
    ]
   },
   "properties": {
    "id": 21858359,
    "title": "Appartement",
    "subtype": "APARTMENT",
    "street": "Oosterveldlaan 88 box 201",
    "postal_code": "2610",
    "locality": "WILRIJK",
    "place": "Oosterveldlaan",
    "floor": 2,
    "bedrooms": 2,
    "surface_m2": 70,
    "rent_eur": 925,
    "costs_eur": 100,
    "total_eur": 1025,
    "eur_per_m2": 13.2,
    "agency": "Coprimmo Immobiliën",
    "flag": "under_option",
    "updated": "2026-10-08T01:25:23.262Z",
    "image": "https://media-resize.immowebstatic.be/classifieds/5ebfaf89-0743-4690-9232-827dc37bdc7d/100x100/cac14b54898ef5823fc192c26beb9d02.jpg",
    "image_large": "https://media-resize.immowebstatic.be/classifieds/5ebfaf89-0743-4690-9232-827dc37bdc7d/736x736/cac14b54898ef5823fc192c26beb9d02.jpg",
    "photos": "https://media-resize.immowebstatic.be/classifieds/5ebfaf89-0743-4690-9232-827dc37bdc7d/736x736/cac14b54898ef5823fc192c26beb9d02.jpg|https://media-resize.immowebstatic.be/classifieds/5ebfaf89-0743-4690-9232-827dc37bdc7d/736x736/a1ed48b8eaf49663a7a0c3a94034faa6.jpg|https://media-resize.immowebstatic.be/classifieds/5ebfaf89-0743-4690-9232-827dc37bdc7d/736x736/562db964d4c87b4d0f829c5b0df0ab49.jpg|https://media-resize.immowebstatic.be/classifieds/5ebfaf89-0743-4690-9232-827dc37bdc7d/736x736/2de07a93237f7cf4b71e8e934285f8f8.jpg",
    "url": "https://www.immoweb.be/en/classified/21858359"
   }
  },
  {
   "type": "Feature",
   "geometry": {
    "type": "Point",
    "coordinates": [
     4.3677038,
     51.216733
    ]
   },
   "properties": {
    "id": 21861979,
    "title": "Appartement met 2 slaapkamers en terras",
    "subtype": "APARTMENT",
    "street": "Hugues C. Pernathlaan 62 box 102",
    "postal_code": "2050",
    "locality": "Antwerpen (2050)",
    "place": "",
    "floor": 1,
    "bedrooms": 2,
    "surface_m2": 66,
    "rent_eur": 925,
    "costs_eur": 85,
    "total_eur": 1010,
    "eur_per_m2": 14.0,
    "agency": "Urbis Vastgoedgroep",
    "flag": "new",
    "updated": "2026-10-07T18:38:11.012Z",
    "image": "https://media-resize.immowebstatic.be/classifieds/b744b440-048a-465c-8e71-b356f3c95fe7/100x100/765cab44f6ca33039df8765ee05d653a.jpg",
    "image_large": "https://media-resize.immowebstatic.be/classifieds/b744b440-048a-465c-8e71-b356f3c95fe7/736x736/765cab44f6ca33039df8765ee05d653a.jpg",
    "photos": "https://media-resize.immowebstatic.be/classifieds/b744b440-048a-465c-8e71-b356f3c95fe7/736x736/765cab44f6ca33039df8765ee05d653a.jpg|https://media-resize.immowebstatic.be/classifieds/b744b440-048a-465c-8e71-b356f3c95fe7/736x736/4ab84df255ca75504015f3012cdd66ca.jpg|https://media-resize.immowebstatic.be/classifieds/b744b440-048a-465c-8e71-b356f3c95fe7/736x736/2fed9fe659bcb09f47880e26ecf0753a.jpg|https://media-resize.immowebstatic.be/classifieds/b744b440-048a-465c-8e71-b356f3c95fe7/736x736/edaf8f97a105cd246564bf78668abda9.jpg",
    "url": "https://www.immoweb.be/en/classified/21861979"
   }
  },
  {
   "type": "Feature",
   "geometry": {
    "type": "Point",
    "coordinates": [
     4.450703,
     51.1977848
    ]
   },
   "properties": {
    "id": 21828602,
    "title": "Apartment",
    "subtype": "APARTMENT",
    "street": "Lodewijk Van Berckenlaan 350 box 6",
    "postal_code": "2140",
    "locality": "ANTWERPEN",
    "place": "",
    "floor": 4,
    "bedrooms": 2,
    "surface_m2": 83,
    "rent_eur": 925,
    "costs_eur": 125,
    "total_eur": 1050,
    "eur_per_m2": 11.1,
    "agency": "Heylen Vastgoed Antwerpen",
    "flag": null,
    "updated": "2026-10-04T04:25:25.355Z",
    "image": "https://media-resize.immowebstatic.be/classifieds/2fac2992-5520-4162-bbbf-23d4c8838af5/100x100/790c5fee98d8c913f015d516e1a9a3da.jpg",
    "image_large": "https://media-resize.immowebstatic.be/classifieds/2fac2992-5520-4162-bbbf-23d4c8838af5/736x736/790c5fee98d8c913f015d516e1a9a3da.jpg",
    "photos": "https://media-resize.immowebstatic.be/classifieds/2fac2992-5520-4162-bbbf-23d4c8838af5/736x736/790c5fee98d8c913f015d516e1a9a3da.jpg|https://media-resize.immowebstatic.be/classifieds/2fac2992-5520-4162-bbbf-23d4c8838af5/736x736/52f1dfd5f1de3641a0959543e2052cf4.jpg|https://media-resize.immowebstatic.be/classifieds/2fac2992-5520-4162-bbbf-23d4c8838af5/736x736/a2c4ff37ac823aa41fa2308b16b3bc70.jpg|https://media-resize.immowebstatic.be/classifieds/2fac2992-5520-4162-bbbf-23d4c8838af5/736x736/717df163dd68d517be0948cc446f154a.jpg",
    "url": "https://www.immoweb.be/en/classified/21828602"
   }
  },
  {
   "type": "Feature",
   "geometry": {
    "type": "Point",
    "coordinates": [
     4.4623237,
     51.2021496
    ]
   },
   "properties": {
    "id": 21731650,
    "title": null,
    "subtype": "APARTMENT",
    "street": "Boekenberglei 45",
    "postal_code": "2100",
    "locality": "Antwerpen Deurne",
    "place": null,
    "floor": 2,
    "bedrooms": 2,
    "surface_m2": null,
    "rent_eur": 935,
    "costs_eur": 50,
    "total_eur": 985,
    "eur_per_m2": null,
    "agency": "Hans Vastgoed",
    "flag": null,
    "updated": "2026-09-10T12:03:15.866Z",
    "image": "https://media-resize.immowebstatic.be/classifieds/fb1bc5da-aa75-40f0-83bc-f5c7f3bd6e40/100x100/182055e8e5f73565c792861ad7595ae3.jpg",
    "image_large": "https://media-resize.immowebstatic.be/classifieds/fb1bc5da-aa75-40f0-83bc-f5c7f3bd6e40/736x736/182055e8e5f73565c792861ad7595ae3.jpg",
    "photos": "https://media-resize.immowebstatic.be/classifieds/fb1bc5da-aa75-40f0-83bc-f5c7f3bd6e40/736x736/182055e8e5f73565c792861ad7595ae3.jpg|https://media-resize.immowebstatic.be/classifieds/fb1bc5da-aa75-40f0-83bc-f5c7f3bd6e40/736x736/6a768b98566c68bd9d823e94851acb9e.jpg|https://media-resize.immowebstatic.be/classifieds/fb1bc5da-aa75-40f0-83bc-f5c7f3bd6e40/736x736/ee18c17c59e4ba39eb10fd3429e9574f.jpg|https://media-resize.immowebstatic.be/classifieds/fb1bc5da-aa75-40f0-83bc-f5c7f3bd6e40/736x736/63c6876a5bae42abc590bf5d5dc8b34b.jpg",
    "url": "https://www.immoweb.be/en/classified/21731650"
   }
  },
  {
   "type": "Feature",
   "geometry": {
    "type": "Point",
    "coordinates": [
     4.393940199999999,
     51.168057
    ]
   },
   "properties": {
    "id": 21866831,
    "title": "Flat",
    "subtype": "APARTMENT",
    "street": "Oudestraat 5 box 102",
    "postal_code": "2610",
    "locality": "WILRIJK",
    "place": "",
    "floor": 1,
    "bedrooms": 2,
    "surface_m2": 70,
    "rent_eur": 940,
    "costs_eur": 15,
    "total_eur": 955,
    "eur_per_m2": 13.4,
    "agency": "Abricasa",
    "flag": "new",
    "updated": "2026-10-08T02:02:35.863Z",
    "image": "https://media-resize.immowebstatic.be/classifieds/9582ad9a-845d-4d6b-8553-05afe5125959/100x100/235c64111a3a49b27b92961730d63641.jpg",
    "image_large": "https://media-resize.immowebstatic.be/classifieds/9582ad9a-845d-4d6b-8553-05afe5125959/736x736/235c64111a3a49b27b92961730d63641.jpg",
    "photos": "https://media-resize.immowebstatic.be/classifieds/9582ad9a-845d-4d6b-8553-05afe5125959/736x736/235c64111a3a49b27b92961730d63641.jpg|https://media-resize.immowebstatic.be/classifieds/9582ad9a-845d-4d6b-8553-05afe5125959/736x736/51204b53c29e96c6988eba7ad5c9fdca.jpg|https://media-resize.immowebstatic.be/classifieds/9582ad9a-845d-4d6b-8553-05afe5125959/736x736/a06a27e895a1b7c712ee6b71ebe8fc63.jpg|https://media-resize.immowebstatic.be/classifieds/9582ad9a-845d-4d6b-8553-05afe5125959/736x736/fae562052b0a03853a3a8ff0f72198d2.jpg",
    "url": "https://www.immoweb.be/en/classified/21866831"
   }
  },
  {
   "type": "Feature",
   "geometry": {
    "type": "Point",
    "coordinates": [
     4.4424107,
     51.2035515
    ]
   },
   "properties": {
    "id": 21880744,
    "title": "Apartment",
    "subtype": "APARTMENT",
    "street": "Potvlietlaan 1 box 1002",
    "postal_code": "2600",
    "locality": "Berchem",
    "place": "",
    "floor": 10,
    "bedrooms": 2,
    "surface_m2": 82,
    "rent_eur": 950,
    "costs_eur": 175,
    "total_eur": 1125,
    "eur_per_m2": 11.6,
    "agency": "Heylen Vastgoed Antwerpen",
    "flag": "new",
    "updated": "2026-10-03T04:28:01.618Z",
    "image": "https://media-resize.immowebstatic.be/classifieds/d9915247-9994-4d83-b53e-a96a5ac04828/100x100/2cff5f6bf07b1abb01c2a4fb1303fb14.jpg",
    "image_large": "https://media-resize.immowebstatic.be/classifieds/d9915247-9994-4d83-b53e-a96a5ac04828/736x736/2cff5f6bf07b1abb01c2a4fb1303fb14.jpg",
    "photos": "https://media-resize.immowebstatic.be/classifieds/d9915247-9994-4d83-b53e-a96a5ac04828/736x736/2cff5f6bf07b1abb01c2a4fb1303fb14.jpg|https://media-resize.immowebstatic.be/classifieds/d9915247-9994-4d83-b53e-a96a5ac04828/736x736/1fdbd07bbcaef6c33473778c0bcb8f9d.jpg|https://media-resize.immowebstatic.be/classifieds/d9915247-9994-4d83-b53e-a96a5ac04828/736x736/f81b28b1855c4ddc61e1e6fe5e1ad30d.jpg|https://media-resize.immowebstatic.be/classifieds/d9915247-9994-4d83-b53e-a96a5ac04828/736x736/e61da037e9716488a3f79ae6ac2cad54.jpg",
    "url": "https://www.immoweb.be/en/classified/21880744"
   }
  },
  {
   "type": "Feature",
   "geometry": {
    "type": "Point",
    "coordinates": [
     4.4355559,
     51.2572146
    ]
   },
   "properties": {
    "id": 21882016,
    "title": "Apartment",
    "subtype": "APARTMENT",
    "street": "Kruisbekstraat 57 box 101",
    "postal_code": "2170",
    "locality": "Merksem",
    "place": "",
    "floor": 1,
    "bedrooms": 2,
    "surface_m2": 73,
    "rent_eur": 950,
    "costs_eur": 75,
    "total_eur": 1025,
    "eur_per_m2": 13.0,
    "agency": "Heylen Vastgoed Deurne",
    "flag": "new",
    "updated": "2026-10-08T04:17:46.856Z",
    "image": "https://media-resize.immowebstatic.be/classifieds/a3cc5e68-9711-4dfb-902d-308ea4979e4a/100x100/1dd798355a32e775c39d68db809fb0ea.jpg",
    "image_large": "https://media-resize.immowebstatic.be/classifieds/a3cc5e68-9711-4dfb-902d-308ea4979e4a/736x736/1dd798355a32e775c39d68db809fb0ea.jpg",
    "photos": "https://media-resize.immowebstatic.be/classifieds/a3cc5e68-9711-4dfb-902d-308ea4979e4a/736x736/1dd798355a32e775c39d68db809fb0ea.jpg|https://media-resize.immowebstatic.be/classifieds/a3cc5e68-9711-4dfb-902d-308ea4979e4a/736x736/a80bbfb110a80a8f6ce23b92e07518fb.jpg|https://media-resize.immowebstatic.be/classifieds/a3cc5e68-9711-4dfb-902d-308ea4979e4a/736x736/d0e946f68af54642d41cad8ed814a715.jpg|https://media-resize.immowebstatic.be/classifieds/a3cc5e68-9711-4dfb-902d-308ea4979e4a/736x736/e00d81f96a1f0505fc3c937e13aa0a21.jpg",
    "url": "https://www.immoweb.be/en/classified/21882016"
   }
  },
  {
   "type": "Feature",
   "geometry": {
    "type": "Point",
    "coordinates": [
     4.5200606,
     51.197928
    ]
   },
   "properties": {
    "id": 21822268,
    "title": "Appartement",
    "subtype": "APARTMENT",
    "street": "HERENTALSEBAAN 640 box 1.4",
    "postal_code": "2160",
    "locality": "WOMMELGEM",
    "place": "",
    "floor": 1,
    "bedrooms": 2,
    "surface_m2": 74,
    "rent_eur": 950,
    "costs_eur": 50,
    "total_eur": 1000,
    "eur_per_m2": 12.8,
    "agency": "Coprimmo Immobiliën",
    "flag": null,
    "updated": "2026-10-07T01:23:32.913Z",
    "image": "https://media-resize.immowebstatic.be/classifieds/eb753b7d-3ee2-413c-9c63-3587ab3d4a5b/100x100/779e62fab10e7639228325ffe75c7eeb.jpg",
    "image_large": "https://media-resize.immowebstatic.be/classifieds/eb753b7d-3ee2-413c-9c63-3587ab3d4a5b/736x736/779e62fab10e7639228325ffe75c7eeb.jpg",
    "photos": "https://media-resize.immowebstatic.be/classifieds/eb753b7d-3ee2-413c-9c63-3587ab3d4a5b/736x736/779e62fab10e7639228325ffe75c7eeb.jpg|https://media-resize.immowebstatic.be/classifieds/eb753b7d-3ee2-413c-9c63-3587ab3d4a5b/736x736/4ed62ccfc919a939a5ace6659c2d89c2.jpg|https://media-resize.immowebstatic.be/classifieds/eb753b7d-3ee2-413c-9c63-3587ab3d4a5b/736x736/40996a42cb3a59008a6bb6b8dda2ef95.jpg|https://media-resize.immowebstatic.be/classifieds/eb753b7d-3ee2-413c-9c63-3587ab3d4a5b/736x736/d0040e561115dc949d5e5580034327f9.jpg",
    "url": "https://www.immoweb.be/en/classified/21822268"
   }
  },
  {
   "type": "Feature",
   "geometry": {
    "type": "Point",
    "coordinates": [
     4.4248103,
     51.1752602
    ]
   },
   "properties": {
    "id": 21886442,
    "title": null,
    "subtype": "APARTMENT",
    "street": "Prins Boudewijnlaan 140 box 102",
    "postal_code": "2610",
    "locality": "Antwerpen",
    "place": null,
    "floor": 0,
    "bedrooms": 2,
    "surface_m2": 91,
    "rent_eur": 950,
    "costs_eur": 0,
    "total_eur": 950,
    "eur_per_m2": 10.4,
    "agency": "Vastgoed Walther Van Hoof",
    "flag": "new",
    "updated": "2026-10-06T08:01:51.289Z",
    "image": "https://media-resize.immowebstatic.be/classifieds/bb528058-fde9-4806-814a-f1973186d85d/100x100/2f3e2e00306f2673027dbd169ba64157.jpg",
    "image_large": "https://media-resize.immowebstatic.be/classifieds/bb528058-fde9-4806-814a-f1973186d85d/736x736/2f3e2e00306f2673027dbd169ba64157.jpg",
    "photos": "https://media-resize.immowebstatic.be/classifieds/bb528058-fde9-4806-814a-f1973186d85d/736x736/2f3e2e00306f2673027dbd169ba64157.jpg|https://media-resize.immowebstatic.be/classifieds/bb528058-fde9-4806-814a-f1973186d85d/736x736/7512daa011a9258cbfb7ef4d5b7c260a.jpg|https://media-resize.immowebstatic.be/classifieds/bb528058-fde9-4806-814a-f1973186d85d/736x736/d1674004540f3d14ef54c8ebca4847f1.jpg|https://media-resize.immowebstatic.be/classifieds/bb528058-fde9-4806-814a-f1973186d85d/736x736/499c1e48446d257dd6a6667ed4439931.jpg",
    "url": "https://www.immoweb.be/en/classified/21886442"
   }
  },
  {
   "type": "Feature",
   "geometry": {
    "type": "Point",
    "coordinates": [
     4.3722089,
     51.186139
    ]
   },
   "properties": {
    "id": 21684605,
    "title": "Apartment",
    "subtype": "APARTMENT",
    "street": "Zeelandstraat 69 box C104",
    "postal_code": "2660",
    "locality": "Hoboken",
    "place": "",
    "floor": 1,
    "bedrooms": 2,
    "surface_m2": 86,
    "rent_eur": 950,
    "costs_eur": 100,
    "total_eur": 1050,
    "eur_per_m2": 11.0,
    "agency": "Heylen Vastgoed Antwerpen",
    "flag": null,
    "updated": "2026-09-15T15:13:59.515Z",
    "image": "https://media-resize.immowebstatic.be/classifieds/412f8a92-d323-495a-b9ab-5c8aa8c95337/100x100/d034a67cdf7eaf679c69e1a0648967e9.jpg",
    "image_large": "https://media-resize.immowebstatic.be/classifieds/412f8a92-d323-495a-b9ab-5c8aa8c95337/736x736/d034a67cdf7eaf679c69e1a0648967e9.jpg",
    "photos": "https://media-resize.immowebstatic.be/classifieds/412f8a92-d323-495a-b9ab-5c8aa8c95337/736x736/d034a67cdf7eaf679c69e1a0648967e9.jpg|https://media-resize.immowebstatic.be/classifieds/412f8a92-d323-495a-b9ab-5c8aa8c95337/736x736/f71f9f244fbbafe46a9b7e84f66ba1e5.jpg|https://media-resize.immowebstatic.be/classifieds/412f8a92-d323-495a-b9ab-5c8aa8c95337/736x736/ef6bd482a6c25d833696f6454c7e045c.jpg|https://media-resize.immowebstatic.be/classifieds/412f8a92-d323-495a-b9ab-5c8aa8c95337/736x736/c37895a002d62033f4e2b23b42bc7138.jpg",
    "url": "https://www.immoweb.be/en/classified/21684605"
   }
  },
  {
   "type": "Feature",
   "geometry": {
    "type": "Point",
    "coordinates": [
     4.479503999999999,
     51.231097
    ]
   },
   "properties": {
    "id": 21879936,
    "title": null,
    "subtype": "APARTMENT",
    "street": "Ruggeveldlaan 798 box 501",
    "postal_code": "2100",
    "locality": "Deurne",
    "place": null,
    "floor": 5,
    "bedrooms": 2,
    "surface_m2": null,
    "rent_eur": 950,
    "costs_eur": 250,
    "total_eur": 1200,
    "eur_per_m2": null,
    "agency": "One Vastgoed",
    "flag": "new",
    "updated": "2026-10-05T12:11:46.426Z",
    "image": "https://media-resize.immowebstatic.be/classifieds/c747ba72-1e5f-409a-95ec-6b316c9ff9a7/100x100/a450eccfeb304b8e36a6277c5819d30a.jpg",
    "image_large": "https://media-resize.immowebstatic.be/classifieds/c747ba72-1e5f-409a-95ec-6b316c9ff9a7/736x736/a450eccfeb304b8e36a6277c5819d30a.jpg",
    "photos": "https://media-resize.immowebstatic.be/classifieds/c747ba72-1e5f-409a-95ec-6b316c9ff9a7/736x736/a450eccfeb304b8e36a6277c5819d30a.jpg|https://media-resize.immowebstatic.be/classifieds/c747ba72-1e5f-409a-95ec-6b316c9ff9a7/736x736/37cf519d670fa0b5812fea7fd8c1d3ae.jpg|https://media-resize.immowebstatic.be/classifieds/c747ba72-1e5f-409a-95ec-6b316c9ff9a7/736x736/d73d28c578e90c3abccd2574c50bdffb.jpg|https://media-resize.immowebstatic.be/classifieds/c747ba72-1e5f-409a-95ec-6b316c9ff9a7/736x736/2136f2ac700675338f4cfd8ba5e69c32.jpg",
    "url": "https://www.immoweb.be/en/classified/21879936"
   }
  },
  {
   "type": "Feature",
   "geometry": {
    "type": "Point",
    "coordinates": [
     4.4673573,
     51.1654676
    ]
   },
   "properties": {
    "id": 21837001,
    "title": null,
    "subtype": "APARTMENT",
    "street": "Van Dijckstraat 45 box 2",
    "postal_code": "2640",
    "locality": "Mortsel",
    "place": null,
    "floor": 2,
    "bedrooms": 2,
    "surface_m2": 80,
    "rent_eur": 950,
    "costs_eur": 0,
    "total_eur": 950,
    "eur_per_m2": 11.9,
    "agency": "PRIVATE",
    "flag": null,
    "updated": "2026-09-13T16:37:22.013Z",
    "image": "https://media-resize.immowebstatic.be/classifieds/ebcefd0d-0334-4121-b502-e6f8b1d0c857/100x100/e926cd784830b5f934940e224b6fc836.jpg",
    "image_large": "https://media-resize.immowebstatic.be/classifieds/ebcefd0d-0334-4121-b502-e6f8b1d0c857/736x736/e926cd784830b5f934940e224b6fc836.jpg",
    "photos": "https://media-resize.immowebstatic.be/classifieds/ebcefd0d-0334-4121-b502-e6f8b1d0c857/736x736/e926cd784830b5f934940e224b6fc836.jpg|https://media-resize.immowebstatic.be/classifieds/ebcefd0d-0334-4121-b502-e6f8b1d0c857/736x736/7a29660c8a473bf0d236f7cea14c4017.jpg|https://media-resize.immowebstatic.be/classifieds/ebcefd0d-0334-4121-b502-e6f8b1d0c857/736x736/48707334852a82c18d5eeaf50fbac533.jpg|https://media-resize.immowebstatic.be/classifieds/ebcefd0d-0334-4121-b502-e6f8b1d0c857/736x736/dd8ceea30f3b5aa0267634e5df7b808d.jpg",
    "url": "https://www.immoweb.be/en/classified/21837001"
   }
  },
  {
   "type": "Feature",
   "geometry": {
    "type": "Point",
    "coordinates": [
     4.4331713,
     51.2491458
    ]
   },
   "properties": {
    "id": 21853524,
    "title": null,
    "subtype": "APARTMENT",
    "street": "Lambrechtshoekenlaan 168",
    "postal_code": "2170",
    "locality": "Merksem",
    "place": null,
    "floor": 2,
    "bedrooms": 2,
    "surface_m2": 85,
    "rent_eur": 950,
    "costs_eur": 0,
    "total_eur": 950,
    "eur_per_m2": 11.2,
    "agency": "Verlat Antwerpen",
    "flag": null,
    "updated": "2026-09-19T14:07:52.594Z",
    "image": "https://media-resize.immowebstatic.be/classifieds/24a0e21f-12fb-48cc-b72b-84a1639e41bb/100x100/d07d911d3440fb92a0964ba56299fb99.jpg",
    "image_large": "https://media-resize.immowebstatic.be/classifieds/24a0e21f-12fb-48cc-b72b-84a1639e41bb/736x736/d07d911d3440fb92a0964ba56299fb99.jpg",
    "photos": "https://media-resize.immowebstatic.be/classifieds/24a0e21f-12fb-48cc-b72b-84a1639e41bb/736x736/d07d911d3440fb92a0964ba56299fb99.jpg|https://media-resize.immowebstatic.be/classifieds/24a0e21f-12fb-48cc-b72b-84a1639e41bb/736x736/5253f5bbae457efca9f1b55a480bb009.jpg|https://media-resize.immowebstatic.be/classifieds/24a0e21f-12fb-48cc-b72b-84a1639e41bb/736x736/cf9d8c347fa067163b9efc111b4f69f0.jpg|https://media-resize.immowebstatic.be/classifieds/24a0e21f-12fb-48cc-b72b-84a1639e41bb/736x736/2532124ef8806bc7357d8b904b089b0c.jpg",
    "url": "https://www.immoweb.be/en/classified/21853524"
   }
  },
  {
   "type": "Feature",
   "geometry": {
    "type": "Point",
    "coordinates": [
     4.4586083,
     51.2118368
    ]
   },
   "properties": {
    "id": 21824602,
    "title": "Apartment",
    "subtype": "APARTMENT",
    "street": "Pieter van Isackerlaan 11 box 2",
    "postal_code": "2100",
    "locality": "DEURNE",
    "place": "",
    "floor": 2,
    "bedrooms": 2,
    "surface_m2": 70,
    "rent_eur": 950,
    "costs_eur": 35,
    "total_eur": 985,
    "eur_per_m2": 13.6,
    "agency": "Activa Real Estate",
    "flag": null,
    "updated": "2026-10-06T21:17:28.885Z",
    "image": "https://media-resize.immowebstatic.be/classifieds/715e3abf-7413-4afa-ab1b-2e8422adb8eb/100x100/4e85d2dfbf44c514b6a3b16f02bf991a.jpg",
    "image_large": "https://media-resize.immowebstatic.be/classifieds/715e3abf-7413-4afa-ab1b-2e8422adb8eb/736x736/4e85d2dfbf44c514b6a3b16f02bf991a.jpg",
    "photos": "https://media-resize.immowebstatic.be/classifieds/715e3abf-7413-4afa-ab1b-2e8422adb8eb/736x736/4e85d2dfbf44c514b6a3b16f02bf991a.jpg|https://media-resize.immowebstatic.be/classifieds/715e3abf-7413-4afa-ab1b-2e8422adb8eb/736x736/942922065063b72c755693b5fe6947db.jpg|https://media-resize.immowebstatic.be/classifieds/715e3abf-7413-4afa-ab1b-2e8422adb8eb/736x736/d7ac1fb9c29e0a9c9ac61c4d40355a5a.jpg|https://media-resize.immowebstatic.be/classifieds/715e3abf-7413-4afa-ab1b-2e8422adb8eb/736x736/cfe2067469b8cc55a7cbadcb8edbb6ea.jpg",
    "url": "https://www.immoweb.be/en/classified/21824602"
   }
  },
  {
   "type": "Feature",
   "geometry": {
    "type": "Point",
    "coordinates": [
     4.4377103,
     51.2122849
    ]
   },
   "properties": {
    "id": 21828763,
    "title": null,
    "subtype": "APARTMENT",
    "street": "Blijde-Inkomststraat 53",
    "postal_code": "2140",
    "locality": "Antwerpen",
    "place": null,
    "floor": 1,
    "bedrooms": 2,
    "surface_m2": 90,
    "rent_eur": 950,
    "costs_eur": 0,
    "total_eur": 950,
    "eur_per_m2": 10.6,
    "agency": "PRIVATE",
    "flag": "under_option",
    "updated": "2026-09-24T06:18:27.300Z",
    "image": "https://media-resize.immowebstatic.be/classifieds/c8d405c6-223c-48f2-8f5c-ccda9c579e69/100x100/81c63c3bdc35cf15d2b31dec00dcce7a.jpg",
    "image_large": "https://media-resize.immowebstatic.be/classifieds/c8d405c6-223c-48f2-8f5c-ccda9c579e69/736x736/81c63c3bdc35cf15d2b31dec00dcce7a.jpg",
    "photos": "https://media-resize.immowebstatic.be/classifieds/c8d405c6-223c-48f2-8f5c-ccda9c579e69/736x736/81c63c3bdc35cf15d2b31dec00dcce7a.jpg|https://media-resize.immowebstatic.be/classifieds/c8d405c6-223c-48f2-8f5c-ccda9c579e69/736x736/f97732bfd42870712ce54eeefc3bccc6.jpg|https://media-resize.immowebstatic.be/classifieds/c8d405c6-223c-48f2-8f5c-ccda9c579e69/736x736/0c360e34f0eb6ec8d5b5c064074418ce.jpg|https://media-resize.immowebstatic.be/classifieds/c8d405c6-223c-48f2-8f5c-ccda9c579e69/736x736/951afed27d38fb2547fa64ead4e431aa.jpg",
    "url": "https://www.immoweb.be/en/classified/21828763"
   }
  },
  {
   "type": "Feature",
   "geometry": {
    "type": "Point",
    "coordinates": [
     4.4099357,
     51.2719198
    ]
   },
   "properties": {
    "id": 21823959,
    "title": null,
    "subtype": "APARTMENT",
    "street": "Leo Baekelandstraat 31",
    "postal_code": "2180",
    "locality": "Antwerpen",
    "place": null,
    "floor": 2,
    "bedrooms": 2,
    "surface_m2": 80,
    "rent_eur": 960,
    "costs_eur": 0,
    "total_eur": 960,
    "eur_per_m2": 12.0,
    "agency": "Walls Vastgoedmakelaars",
    "flag": null,
    "updated": "2026-10-08T08:18:39.986Z",
    "image": "https://media-resize.immowebstatic.be/classifieds/2b3aff0b-9413-40ea-8c2b-9cc0822a6064/100x100/11f70385630d31168a6152c53b4e38c7.jpg",
    "image_large": "https://media-resize.immowebstatic.be/classifieds/2b3aff0b-9413-40ea-8c2b-9cc0822a6064/736x736/11f70385630d31168a6152c53b4e38c7.jpg",
    "photos": "https://media-resize.immowebstatic.be/classifieds/2b3aff0b-9413-40ea-8c2b-9cc0822a6064/736x736/11f70385630d31168a6152c53b4e38c7.jpg|https://media-resize.immowebstatic.be/classifieds/2b3aff0b-9413-40ea-8c2b-9cc0822a6064/736x736/50df8ad7c8024ff0d101c260b9a56ee9.jpg|https://media-resize.immowebstatic.be/classifieds/2b3aff0b-9413-40ea-8c2b-9cc0822a6064/736x736/0fe1abd0419c836746e76d73fa0948e1.jpg|https://media-resize.immowebstatic.be/classifieds/2b3aff0b-9413-40ea-8c2b-9cc0822a6064/736x736/8c535f622c1d5571ba687adfc54512a8.jpg",
    "url": "https://www.immoweb.be/en/classified/21823959"
   }
  },
  {
   "type": "Feature",
   "geometry": {
    "type": "Point",
    "coordinates": [
     4.4759848,
     51.2094626
    ]
   },
   "properties": {
    "id": 21888579,
    "title": null,
    "subtype": "APARTMENT",
    "street": "Fredegandus Van Rielstraat 21",
    "postal_code": "2100",
    "locality": "Antwerpen",
    "place": null,
    "floor": 1,
    "bedrooms": 2,
    "surface_m2": 80,
    "rent_eur": 965,
    "costs_eur": 28,
    "total_eur": 993,
    "eur_per_m2": 12.1,
    "agency": "PRIVATE",
    "flag": "new",
    "updated": "2026-10-04T16:36:36.768Z",
    "image": "https://media-resize.immowebstatic.be/classifieds/43130c64-103f-45ce-afaf-263b49bb12f1/100x100/fe98a353f977c9ef234849e817514a70.jpg",
    "image_large": "https://media-resize.immowebstatic.be/classifieds/43130c64-103f-45ce-afaf-263b49bb12f1/736x736/fe98a353f977c9ef234849e817514a70.jpg",
    "photos": "https://media-resize.immowebstatic.be/classifieds/43130c64-103f-45ce-afaf-263b49bb12f1/736x736/fe98a353f977c9ef234849e817514a70.jpg|https://media-resize.immowebstatic.be/classifieds/43130c64-103f-45ce-afaf-263b49bb12f1/736x736/088283a9cbf00aa187a1cacbd5754cb7.jpg|https://media-resize.immowebstatic.be/classifieds/43130c64-103f-45ce-afaf-263b49bb12f1/736x736/1fd1b88386f024c9a10a7c3eaadbcdd6.jpg|https://media-resize.immowebstatic.be/classifieds/43130c64-103f-45ce-afaf-263b49bb12f1/736x736/ebe6046a50f5c8c106a92a9a5232ec4e.jpg",
    "url": "https://www.immoweb.be/en/classified/21888579"
   }
  },
  {
   "type": "Feature",
   "geometry": {
    "type": "Point",
    "coordinates": [
     4.3877182,
     51.16659130000001
    ]
   },
   "properties": {
    "id": 21844853,
    "title": null,
    "subtype": "APARTMENT",
    "street": "Sint-Jan Vianneystraat 36 box 202",
    "postal_code": "2610",
    "locality": "Antwerpen",
    "place": null,
    "floor": 2,
    "bedrooms": 2,
    "surface_m2": 77,
    "rent_eur": 969,
    "costs_eur": 60,
    "total_eur": 1029,
    "eur_per_m2": 12.6,
    "agency": "PRIVATE",
    "flag": null,
    "updated": "2026-10-03T14:50:42.635Z",
    "image": "https://media-resize.immowebstatic.be/classifieds/9600dfb5-56fd-49fd-ae36-215d3bc8ca13/100x100/1e44d562174faa7a8328c380f8075605.jpg",
    "image_large": "https://media-resize.immowebstatic.be/classifieds/9600dfb5-56fd-49fd-ae36-215d3bc8ca13/736x736/1e44d562174faa7a8328c380f8075605.jpg",
    "photos": "https://media-resize.immowebstatic.be/classifieds/9600dfb5-56fd-49fd-ae36-215d3bc8ca13/736x736/1e44d562174faa7a8328c380f8075605.jpg|https://media-resize.immowebstatic.be/classifieds/9600dfb5-56fd-49fd-ae36-215d3bc8ca13/736x736/da165690c92840eabda1b2787d66f121.jpg|https://media-resize.immowebstatic.be/classifieds/9600dfb5-56fd-49fd-ae36-215d3bc8ca13/736x736/15770ffffcec17d6610e465cb6f7e8ab.jpg|https://media-resize.immowebstatic.be/classifieds/9600dfb5-56fd-49fd-ae36-215d3bc8ca13/736x736/fe5baceac53072d54635bb17a01b7789.jpg",
    "url": "https://www.immoweb.be/en/classified/21844853"
   }
  },
  {
   "type": "Feature",
   "geometry": {
    "type": "Point",
    "coordinates": [
     4.3724823,
     51.18629869999999
    ]
   },
   "properties": {
    "id": 21898780,
    "title": "Apartment",
    "subtype": "APARTMENT",
    "street": "Zeelandstraat 71 box 403",
    "postal_code": "2660",
    "locality": "Hoboken",
    "place": "",
    "floor": 4,
    "bedrooms": 2,
    "surface_m2": 73,
    "rent_eur": 970,
    "costs_eur": 75,
    "total_eur": 1045,
    "eur_per_m2": 13.3,
    "agency": "Heylen Vastgoed Antwerpen",
    "flag": "new",
    "updated": "2026-10-08T09:19:13.837Z",
    "image": "https://media-resize.immowebstatic.be/classifieds/25b72ef6-9693-463c-b540-12b3901c1346/100x100/171eaffcc70b465840ced717a0339b63.jpg",
    "image_large": "https://media-resize.immowebstatic.be/classifieds/25b72ef6-9693-463c-b540-12b3901c1346/736x736/171eaffcc70b465840ced717a0339b63.jpg",
    "photos": "https://media-resize.immowebstatic.be/classifieds/25b72ef6-9693-463c-b540-12b3901c1346/736x736/171eaffcc70b465840ced717a0339b63.jpg|https://media-resize.immowebstatic.be/classifieds/25b72ef6-9693-463c-b540-12b3901c1346/736x736/bcb53123613551b1e025da21f4388910.jpg|https://media-resize.immowebstatic.be/classifieds/25b72ef6-9693-463c-b540-12b3901c1346/736x736/68b3083e64f25abc76f9f2a335f09182.jpg|https://media-resize.immowebstatic.be/classifieds/25b72ef6-9693-463c-b540-12b3901c1346/736x736/af6cff3dddb1a357a912ec1bf80778bd.jpg",
    "url": "https://www.immoweb.be/en/classified/21898780"
   }
  },
  {
   "type": "Feature",
   "geometry": {
    "type": "Point",
    "coordinates": [
     4.4378833,
     51.2191486
    ]
   },
   "properties": {
    "id": 21894476,
    "title": null,
    "subtype": "APARTMENT",
    "street": "Van Montfortstraat 40 box 2",
    "postal_code": "2140",
    "locality": "Antwerpen Borgerhout",
    "place": null,
    "floor": 1,
    "bedrooms": 2,
    "surface_m2": 74,
    "rent_eur": 970,
    "costs_eur": 30,
    "total_eur": 1000,
    "eur_per_m2": 13.1,
    "agency": "Immo C & S",
    "flag": "new",
    "updated": "2026-10-06T16:00:19.540Z",
    "image": "https://media-resize.immowebstatic.be/classifieds/18622293-685f-46ef-9385-e45228ce25f0/100x100/d48a5247ed8f1ce0cc198471c2125529.jpg",
    "image_large": "https://media-resize.immowebstatic.be/classifieds/18622293-685f-46ef-9385-e45228ce25f0/736x736/d48a5247ed8f1ce0cc198471c2125529.jpg",
    "photos": "https://media-resize.immowebstatic.be/classifieds/18622293-685f-46ef-9385-e45228ce25f0/736x736/d48a5247ed8f1ce0cc198471c2125529.jpg|https://media-resize.immowebstatic.be/classifieds/18622293-685f-46ef-9385-e45228ce25f0/736x736/c3a1cf72a9d30fcab7b017f2e65b8009.jpg|https://media-resize.immowebstatic.be/classifieds/18622293-685f-46ef-9385-e45228ce25f0/736x736/fbb1d05dda829b1932e577d9f7abb741.jpg|https://media-resize.immowebstatic.be/classifieds/18622293-685f-46ef-9385-e45228ce25f0/736x736/7c4ab3299ef37886f33257c98175ca50.jpg",
    "url": "https://www.immoweb.be/en/classified/21894476"
   }
  },
  {
   "type": "Feature",
   "geometry": {
    "type": "Point",
    "coordinates": [
     4.4836373,
     51.20189569999999
    ]
   },
   "properties": {
    "id": 21886791,
    "title": "Apartment",
    "subtype": "APARTMENT",
    "street": "Adrinkhovenlaan 33 box 202",
    "postal_code": "2150",
    "locality": "ANTWERPEN",
    "place": "",
    "floor": 2,
    "bedrooms": 2,
    "surface_m2": 80,
    "rent_eur": 975,
    "costs_eur": 41,
    "total_eur": 1016,
    "eur_per_m2": 12.2,
    "agency": "Sinjoor Makelaars",
    "flag": "new",
    "updated": "2026-10-04T03:51:08.070Z",
    "image": "https://media-resize.immowebstatic.be/classifieds/ac0e4571-b79c-4941-be7b-4dd502a525f4/100x100/6389be58788469e4918279a17271bea4.jpg",
    "image_large": "https://media-resize.immowebstatic.be/classifieds/ac0e4571-b79c-4941-be7b-4dd502a525f4/736x736/6389be58788469e4918279a17271bea4.jpg",
    "photos": "https://media-resize.immowebstatic.be/classifieds/ac0e4571-b79c-4941-be7b-4dd502a525f4/736x736/6389be58788469e4918279a17271bea4.jpg|https://media-resize.immowebstatic.be/classifieds/ac0e4571-b79c-4941-be7b-4dd502a525f4/736x736/e95a144b2c2ee9d143c56558b268b902.jpg|https://media-resize.immowebstatic.be/classifieds/ac0e4571-b79c-4941-be7b-4dd502a525f4/736x736/38f9b6fd6be0a7a77091ddef2e3ffeed.jpg|https://media-resize.immowebstatic.be/classifieds/ac0e4571-b79c-4941-be7b-4dd502a525f4/736x736/e4f26e643b53f71c2932a015fbe01a20.jpg",
    "url": "https://www.immoweb.be/en/classified/21886791"
   }
  },
  {
   "type": "Feature",
   "geometry": {
    "type": "Point",
    "coordinates": [
     4.4424107,
     51.2035515
    ]
   },
   "properties": {
    "id": 21861168,
    "title": "Apartment",
    "subtype": "APARTMENT",
    "street": "Potvlietlaan 1 box 43",
    "postal_code": "2600",
    "locality": "Berchem",
    "place": "",
    "floor": 11,
    "bedrooms": 2,
    "surface_m2": 81,
    "rent_eur": 975,
    "costs_eur": 175,
    "total_eur": 1150,
    "eur_per_m2": 12.0,
    "agency": "Heylen Vastgoed Antwerpen",
    "flag": null,
    "updated": "2026-09-26T04:32:34.841Z",
    "image": "https://media-resize.immowebstatic.be/classifieds/23d49eb8-388b-4696-837c-56888bb86412/100x100/cdc944b338b1f9dd00528b0cea84f464.jpg",
    "image_large": "https://media-resize.immowebstatic.be/classifieds/23d49eb8-388b-4696-837c-56888bb86412/736x736/cdc944b338b1f9dd00528b0cea84f464.jpg",
    "photos": "https://media-resize.immowebstatic.be/classifieds/23d49eb8-388b-4696-837c-56888bb86412/736x736/cdc944b338b1f9dd00528b0cea84f464.jpg|https://media-resize.immowebstatic.be/classifieds/23d49eb8-388b-4696-837c-56888bb86412/736x736/a0a6dccfe7d4a53a2dfd1469aedcc4fb.jpg|https://media-resize.immowebstatic.be/classifieds/23d49eb8-388b-4696-837c-56888bb86412/736x736/526cb18d8d80f29464cf9bc8b719ef8f.jpg|https://media-resize.immowebstatic.be/classifieds/23d49eb8-388b-4696-837c-56888bb86412/736x736/94c2b966f47f9338cb189bb2126ce68d.jpg",
    "url": "https://www.immoweb.be/en/classified/21861168"
   }
  },
  {
   "type": "Feature",
   "geometry": {
    "type": "Point",
    "coordinates": [
     4.42456,
     51.2285073
    ]
   },
   "properties": {
    "id": 21861169,
    "title": "Apartment",
    "subtype": "APARTMENT",
    "street": "Oranjestraat 117 box 201",
    "postal_code": "2060",
    "locality": "Antwerpen",
    "place": "",
    "floor": 2,
    "bedrooms": 2,
    "surface_m2": 64,
    "rent_eur": 975,
    "costs_eur": 60,
    "total_eur": 1035,
    "eur_per_m2": 15.2,
    "agency": "Heylen Vastgoed Antwerpen",
    "flag": "under_option",
    "updated": "2026-10-08T04:55:22.495Z",
    "image": "https://media-resize.immowebstatic.be/classifieds/48b177b6-15c5-4701-9560-f3a7de39dce1/100x100/25eb1059b1d674a1ffe25042b714ed93.jpg",
    "image_large": "https://media-resize.immowebstatic.be/classifieds/48b177b6-15c5-4701-9560-f3a7de39dce1/736x736/25eb1059b1d674a1ffe25042b714ed93.jpg",
    "photos": "https://media-resize.immowebstatic.be/classifieds/48b177b6-15c5-4701-9560-f3a7de39dce1/736x736/25eb1059b1d674a1ffe25042b714ed93.jpg|https://media-resize.immowebstatic.be/classifieds/48b177b6-15c5-4701-9560-f3a7de39dce1/736x736/a3a21967877bd852b441e6e7b478cb43.jpg|https://media-resize.immowebstatic.be/classifieds/48b177b6-15c5-4701-9560-f3a7de39dce1/736x736/6399dd792547fbd8d0e9c88a689cc91c.jpg|https://media-resize.immowebstatic.be/classifieds/48b177b6-15c5-4701-9560-f3a7de39dce1/736x736/f667e92eec663964ac07e7a275234ab3.jpg",
    "url": "https://www.immoweb.be/en/classified/21861169"
   }
  },
  {
   "type": "Feature",
   "geometry": {
    "type": "Point",
    "coordinates": [
     4.401451799999999,
     51.1948691
    ]
   },
   "properties": {
    "id": 21697768,
    "title": "Apartment To Let",
    "subtype": "APARTMENT",
    "street": "Desguinlei 166 box 3",
    "postal_code": "2018",
    "locality": "Antwerpen",
    "place": null,
    "floor": 3,
    "bedrooms": 2,
    "surface_m2": 88,
    "rent_eur": 975,
    "costs_eur": 150,
    "total_eur": 1125,
    "eur_per_m2": 11.1,
    "agency": "Maison Celine",
    "flag": null,
    "updated": "2026-09-07T10:49:08.071Z",
    "image": "https://media-resize.immowebstatic.be/classifieds/55e776c4-69d9-4ae4-af17-6ce87c8fa589/100x100/6452dcb5c40793529c2cb2483d90e48a.jpg",
    "image_large": "https://media-resize.immowebstatic.be/classifieds/55e776c4-69d9-4ae4-af17-6ce87c8fa589/736x736/6452dcb5c40793529c2cb2483d90e48a.jpg",
    "photos": "https://media-resize.immowebstatic.be/classifieds/55e776c4-69d9-4ae4-af17-6ce87c8fa589/736x736/6452dcb5c40793529c2cb2483d90e48a.jpg|https://media-resize.immowebstatic.be/classifieds/55e776c4-69d9-4ae4-af17-6ce87c8fa589/736x736/0d402bc2477f38e8dc84c6699a31c72e.jpg|https://media-resize.immowebstatic.be/classifieds/55e776c4-69d9-4ae4-af17-6ce87c8fa589/736x736/81a7c405f697c4b3127afb7013bec02a.jpg|https://media-resize.immowebstatic.be/classifieds/55e776c4-69d9-4ae4-af17-6ce87c8fa589/736x736/ef772321d2646910d318727bc5fc04bc.jpg",
    "url": "https://www.immoweb.be/en/classified/21697768"
   }
  },
  {
   "type": "Feature",
   "geometry": {
    "type": "Point",
    "coordinates": [
     4.3724823,
     51.18629869999999
    ]
   },
   "properties": {
    "id": 21830788,
    "title": "Apartment",
    "subtype": "APARTMENT",
    "street": "Zeelandstraat 71 box 103",
    "postal_code": "2660",
    "locality": "HOBOKEN",
    "place": "",
    "floor": 1,
    "bedrooms": 2,
    "surface_m2": 73,
    "rent_eur": 980,
    "costs_eur": 85,
    "total_eur": 1065,
    "eur_per_m2": 13.4,
    "agency": "Heylen Vastgoed Antwerpen",
    "flag": null,
    "updated": "2026-09-15T15:15:10.807Z",
    "image": "https://media-resize.immowebstatic.be/classifieds/598e1ca2-ee5d-475f-a72f-e1506285c758/100x100/f51aeb874b223f08db7243a764782afc.jpg",
    "image_large": "https://media-resize.immowebstatic.be/classifieds/598e1ca2-ee5d-475f-a72f-e1506285c758/736x736/f51aeb874b223f08db7243a764782afc.jpg",
    "photos": "https://media-resize.immowebstatic.be/classifieds/598e1ca2-ee5d-475f-a72f-e1506285c758/736x736/f51aeb874b223f08db7243a764782afc.jpg|https://media-resize.immowebstatic.be/classifieds/598e1ca2-ee5d-475f-a72f-e1506285c758/736x736/0f9ee10e3150ff3d27a66579733eab7a.jpg|https://media-resize.immowebstatic.be/classifieds/598e1ca2-ee5d-475f-a72f-e1506285c758/736x736/6a483030a38d3ea28c1904402f6f2258.jpg|https://media-resize.immowebstatic.be/classifieds/598e1ca2-ee5d-475f-a72f-e1506285c758/736x736/2859194de279f9d7169a405d6d481fe8.jpg",
    "url": "https://www.immoweb.be/en/classified/21830788"
   }
  },
  {
   "type": "Feature",
   "geometry": {
    "type": "Point",
    "coordinates": [
     4.4536251,
     51.2047195
    ]
   },
   "properties": {
    "id": 21851348,
    "title": "Spacious 2-bedroom apartment with additional office space",
    "subtype": "APARTMENT",
    "street": "Van Erstenstraat 61 box 201",
    "postal_code": "2100",
    "locality": "Deurne (2100)",
    "place": "",
    "floor": 1,
    "bedrooms": 2,
    "surface_m2": 94,
    "rent_eur": 980,
    "costs_eur": 0,
    "total_eur": 980,
    "eur_per_m2": 10.4,
    "agency": "Wellimmo",
    "flag": null,
    "updated": "2026-10-05T14:01:15.756Z",
    "image": "https://media-resize.immowebstatic.be/classifieds/d9f185c1-efdc-45bb-927d-e6dd7b109182/100x100/55400e5c9ad6816c0b9c571119146b47.jpg",
    "image_large": "https://media-resize.immowebstatic.be/classifieds/d9f185c1-efdc-45bb-927d-e6dd7b109182/736x736/55400e5c9ad6816c0b9c571119146b47.jpg",
    "photos": "https://media-resize.immowebstatic.be/classifieds/d9f185c1-efdc-45bb-927d-e6dd7b109182/736x736/55400e5c9ad6816c0b9c571119146b47.jpg|https://media-resize.immowebstatic.be/classifieds/d9f185c1-efdc-45bb-927d-e6dd7b109182/736x736/706702382ea354443fb2faa172f3f980.jpg|https://media-resize.immowebstatic.be/classifieds/d9f185c1-efdc-45bb-927d-e6dd7b109182/736x736/663835a53a7b55a1c7e850b6502b4eb7.jpg|https://media-resize.immowebstatic.be/classifieds/d9f185c1-efdc-45bb-927d-e6dd7b109182/736x736/da80741001ca064d70de6f5d31d670d1.jpg",
    "url": "https://www.immoweb.be/en/classified/21851348"
   }
  },
  {
   "type": "Feature",
   "geometry": {
    "type": "Point",
    "coordinates": [
     4.4613001,
     51.2209535
    ]
   },
   "properties": {
    "id": 21707957,
    "title": "Apartment",
    "subtype": "APARTMENT",
    "street": "Gallifortlei 23 box 101",
    "postal_code": "2100",
    "locality": "Deurne",
    "place": "",
    "floor": 1,
    "bedrooms": 2,
    "surface_m2": 92,
    "rent_eur": 980,
    "costs_eur": 0,
    "total_eur": 980,
    "eur_per_m2": 10.7,
    "agency": "Heylen Vastgoed Deurne",
    "flag": "under_option",
    "updated": "2026-09-29T20:19:27.177Z",
    "image": "https://media-resize.immowebstatic.be/classifieds/a086a221-85b7-4c36-aef7-e101b8d66392/100x100/a214d981b38e2d760ef8eb0f7bab1f79.jpg",
    "image_large": "https://media-resize.immowebstatic.be/classifieds/a086a221-85b7-4c36-aef7-e101b8d66392/736x736/a214d981b38e2d760ef8eb0f7bab1f79.jpg",
    "photos": "https://media-resize.immowebstatic.be/classifieds/a086a221-85b7-4c36-aef7-e101b8d66392/736x736/a214d981b38e2d760ef8eb0f7bab1f79.jpg|https://media-resize.immowebstatic.be/classifieds/a086a221-85b7-4c36-aef7-e101b8d66392/736x736/ab4efa4002c4d9dad63da255ad3e9fa2.jpg|https://media-resize.immowebstatic.be/classifieds/a086a221-85b7-4c36-aef7-e101b8d66392/736x736/b929d8f086fce15d77ce1f798bd0c2b1.jpg|https://media-resize.immowebstatic.be/classifieds/a086a221-85b7-4c36-aef7-e101b8d66392/736x736/106529ccdc55061b0e151468515d6343.jpg",
    "url": "https://www.immoweb.be/en/classified/21707957"
   }
  },
  {
   "type": "Feature",
   "geometry": {
    "type": "Point",
    "coordinates": [
     4.500346,
     51.1647581
    ]
   },
   "properties": {
    "id": 21845840,
    "title": "Modern dakappartement te Boechout.",
    "subtype": "PENTHOUSE",
    "street": "Provinciesteenweg 237 box 6",
    "postal_code": "2530",
    "locality": "Boechout",
    "place": "",
    "floor": 2,
    "bedrooms": 2,
    "surface_m2": 85,
    "rent_eur": 980,
    "costs_eur": 0,
    "total_eur": 980,
    "eur_per_m2": 11.5,
    "agency": "Onid Real Estate",
    "flag": "under_option",
    "updated": "2026-10-07T18:04:53.832Z",
    "image": "https://media-resize.immowebstatic.be/classifieds/1186fa8f-4fb8-4120-a767-defeb8fb0bb5/100x100/f9b30452c8dcc00f072a5c17ebb85554.jpg",
    "image_large": "https://media-resize.immowebstatic.be/classifieds/1186fa8f-4fb8-4120-a767-defeb8fb0bb5/736x736/f9b30452c8dcc00f072a5c17ebb85554.jpg",
    "photos": "https://media-resize.immowebstatic.be/classifieds/1186fa8f-4fb8-4120-a767-defeb8fb0bb5/736x736/f9b30452c8dcc00f072a5c17ebb85554.jpg|https://media-resize.immowebstatic.be/classifieds/1186fa8f-4fb8-4120-a767-defeb8fb0bb5/736x736/479fcbf05b94cf1467f595ec63bb4f73.jpg|https://media-resize.immowebstatic.be/classifieds/1186fa8f-4fb8-4120-a767-defeb8fb0bb5/736x736/bd8e386bff254409653c3c91dd72848c.jpg|https://media-resize.immowebstatic.be/classifieds/1186fa8f-4fb8-4120-a767-defeb8fb0bb5/736x736/93b6046c2ccb219cf4f6c8359da8c341.jpg",
    "url": "https://www.immoweb.be/en/classified/21845840"
   }
  },
  {
   "type": "Feature",
   "geometry": {
    "type": "Point",
    "coordinates": [
     4.3827094,
     51.2195931
    ]
   },
   "properties": {
    "id": 21897845,
    "title": "Bright 2slpk flat, ideal as starter home",
    "subtype": "APARTMENT",
    "street": "Paul Van Ostaijenlaan 52",
    "postal_code": "2050",
    "locality": "Antwerpen",
    "place": null,
    "floor": 3,
    "bedrooms": 2,
    "surface_m2": 90,
    "rent_eur": 980,
    "costs_eur": 250,
    "total_eur": 1230,
    "eur_per_m2": 10.9,
    "agency": "PRIVATE",
    "flag": "new",
    "updated": "2026-10-08T05:18:53.043Z",
    "image": "https://media-resize.immowebstatic.be/classifieds/1c09bce7-ca16-43f7-842d-0a538c8c1fc5/100x100/87c82edf5936af79688b7e14c1d16d0f.jpg",
    "image_large": "https://media-resize.immowebstatic.be/classifieds/1c09bce7-ca16-43f7-842d-0a538c8c1fc5/736x736/87c82edf5936af79688b7e14c1d16d0f.jpg",
    "photos": "https://media-resize.immowebstatic.be/classifieds/1c09bce7-ca16-43f7-842d-0a538c8c1fc5/736x736/87c82edf5936af79688b7e14c1d16d0f.jpg|https://media-resize.immowebstatic.be/classifieds/1c09bce7-ca16-43f7-842d-0a538c8c1fc5/736x736/c40a1b3950187f15a148c4fe9b87f8f9.jpg|https://media-resize.immowebstatic.be/classifieds/1c09bce7-ca16-43f7-842d-0a538c8c1fc5/736x736/305e078574ba26e2384286a200a840f7.jpg|https://media-resize.immowebstatic.be/classifieds/1c09bce7-ca16-43f7-842d-0a538c8c1fc5/736x736/aed62bd3b2f5f259537987c54dc8cf0f.jpg",
    "url": "https://www.immoweb.be/en/classified/21897845"
   }
  },
  {
   "type": "Feature",
   "geometry": {
    "type": "Point",
    "coordinates": [
     4.417386599999999,
     51.22774380000001
    ]
   },
   "properties": {
    "id": 21842514,
    "title": null,
    "subtype": "APARTMENT",
    "street": "De Pretstraat 35 box 301",
    "postal_code": "2060",
    "locality": "Antwerpen",
    "place": null,
    "floor": 3,
    "bedrooms": 2,
    "surface_m2": 86,
    "rent_eur": 980,
    "costs_eur": 40,
    "total_eur": 1020,
    "eur_per_m2": 11.4,
    "agency": "PRIVATE",
    "flag": null,
    "updated": "2026-09-15T14:24:29.520Z",
    "image": "https://media-resize.immowebstatic.be/classifieds/64464fac-d7cf-461c-89a8-455667c928c5/100x100/f82553611afd6aaec3c124f999749a08.jpg",
    "image_large": "https://media-resize.immowebstatic.be/classifieds/64464fac-d7cf-461c-89a8-455667c928c5/736x736/f82553611afd6aaec3c124f999749a08.jpg",
    "photos": "https://media-resize.immowebstatic.be/classifieds/64464fac-d7cf-461c-89a8-455667c928c5/736x736/f82553611afd6aaec3c124f999749a08.jpg|https://media-resize.immowebstatic.be/classifieds/64464fac-d7cf-461c-89a8-455667c928c5/736x736/87e5a3e058c510e0072b668f7e45fa60.jpg|https://media-resize.immowebstatic.be/classifieds/64464fac-d7cf-461c-89a8-455667c928c5/736x736/54842eea393959b312d4646114fa3a5d.jpg|https://media-resize.immowebstatic.be/classifieds/64464fac-d7cf-461c-89a8-455667c928c5/736x736/b4159a6b0a7ec1f578a08c9897dd92af.jpg",
    "url": "https://www.immoweb.be/en/classified/21842514"
   }
  },
  {
   "type": "Feature",
   "geometry": {
    "type": "Point",
    "coordinates": [
     4.4525982,
     51.2314722
    ]
   },
   "properties": {
    "id": 21872343,
    "title": null,
    "subtype": "APARTMENT",
    "street": "Bisschoppenhoflaan 198",
    "postal_code": "2100",
    "locality": "Antwerpen",
    "place": null,
    "floor": 1,
    "bedrooms": 2,
    "surface_m2": 95,
    "rent_eur": 980,
    "costs_eur": 20,
    "total_eur": 1000,
    "eur_per_m2": 10.3,
    "agency": "PRIVATE",
    "flag": "new",
    "updated": "2026-09-28T08:57:01.157Z",
    "image": "https://media-resize.immowebstatic.be/classifieds/e9e5a00d-ed1a-43e3-9b48-ea06af8ddb26/100x100/4180257d22aab3efc844e57e48c8a0d4.jpg",
    "image_large": "https://media-resize.immowebstatic.be/classifieds/e9e5a00d-ed1a-43e3-9b48-ea06af8ddb26/736x736/4180257d22aab3efc844e57e48c8a0d4.jpg",
    "photos": "https://media-resize.immowebstatic.be/classifieds/e9e5a00d-ed1a-43e3-9b48-ea06af8ddb26/736x736/4180257d22aab3efc844e57e48c8a0d4.jpg|https://media-resize.immowebstatic.be/classifieds/e9e5a00d-ed1a-43e3-9b48-ea06af8ddb26/736x736/7801a254b72dfb965ee6fb5e194a9869.jpg|https://media-resize.immowebstatic.be/classifieds/e9e5a00d-ed1a-43e3-9b48-ea06af8ddb26/736x736/a2a734766c215560e811ab1afd1808ad.jpg|https://media-resize.immowebstatic.be/classifieds/e9e5a00d-ed1a-43e3-9b48-ea06af8ddb26/736x736/5c86c1de07c694fc357dec9c33eb30a7.jpg",
    "url": "https://www.immoweb.be/en/classified/21872343"
   }
  },
  {
   "type": "Feature",
   "geometry": {
    "type": "Point",
    "coordinates": [
     4.4657467,
     51.2005642
    ]
   },
   "properties": {
    "id": 21884339,
    "title": null,
    "subtype": "APARTMENT",
    "street": "Eksterlaar 23 box 202",
    "postal_code": "2100",
    "locality": "Deurne",
    "place": null,
    "floor": 0,
    "bedrooms": 2,
    "surface_m2": 78,
    "rent_eur": 985,
    "costs_eur": 0,
    "total_eur": 985,
    "eur_per_m2": 12.6,
    "agency": "Immo Jamar Antwerpen",
    "flag": "new",
    "updated": "2026-10-02T09:02:12.856Z",
    "image": "https://media-resize.immowebstatic.be/classifieds/84561ea8-ded6-4792-83d7-46e2f6e7a5aa/100x100/751b85de79d880e504ee7e3ca1fff0f5.jpg",
    "image_large": "https://media-resize.immowebstatic.be/classifieds/84561ea8-ded6-4792-83d7-46e2f6e7a5aa/736x736/751b85de79d880e504ee7e3ca1fff0f5.jpg",
    "photos": "https://media-resize.immowebstatic.be/classifieds/84561ea8-ded6-4792-83d7-46e2f6e7a5aa/736x736/751b85de79d880e504ee7e3ca1fff0f5.jpg|https://media-resize.immowebstatic.be/classifieds/84561ea8-ded6-4792-83d7-46e2f6e7a5aa/736x736/f7460e594faf6f4417e7efe3400ca4ba.jpg|https://media-resize.immowebstatic.be/classifieds/84561ea8-ded6-4792-83d7-46e2f6e7a5aa/736x736/fd822c79784021c359e3eb2ce4290446.jpg|https://media-resize.immowebstatic.be/classifieds/84561ea8-ded6-4792-83d7-46e2f6e7a5aa/736x736/c5169d35c600bc624b8244e3e65b6b43.jpg",
    "url": "https://www.immoweb.be/en/classified/21884339"
   }
  },
  {
   "type": "Feature",
   "geometry": {
    "type": "Point",
    "coordinates": [
     4.4379659,
     51.2515083
    ]
   },
   "properties": {
    "id": 21896298,
    "title": null,
    "subtype": "APARTMENT",
    "street": "Rodeloopstraat 63 box 301",
    "postal_code": "2170",
    "locality": "Antwerpen",
    "place": null,
    "floor": 3,
    "bedrooms": 2,
    "surface_m2": 85,
    "rent_eur": 985,
    "costs_eur": 35,
    "total_eur": 1020,
    "eur_per_m2": 11.6,
    "agency": "N.V. Family Properties",
    "flag": "new",
    "updated": "2026-10-07T11:10:34.917Z",
    "image": "https://media-resize.immowebstatic.be/classifieds/c5396fd6-5a6c-4c24-b579-4cb87add75f7/100x100/9b5f211c20c4527ed95242c08fbdfc06.jpg",
    "image_large": "https://media-resize.immowebstatic.be/classifieds/c5396fd6-5a6c-4c24-b579-4cb87add75f7/736x736/9b5f211c20c4527ed95242c08fbdfc06.jpg",
    "photos": "https://media-resize.immowebstatic.be/classifieds/c5396fd6-5a6c-4c24-b579-4cb87add75f7/736x736/9b5f211c20c4527ed95242c08fbdfc06.jpg|https://media-resize.immowebstatic.be/classifieds/c5396fd6-5a6c-4c24-b579-4cb87add75f7/736x736/231735937efe02e9aee66e5147abe2e3.jpg|https://media-resize.immowebstatic.be/classifieds/c5396fd6-5a6c-4c24-b579-4cb87add75f7/736x736/f2ae46d95f831398d9fdfdebd60b0b42.jpg|https://media-resize.immowebstatic.be/classifieds/c5396fd6-5a6c-4c24-b579-4cb87add75f7/736x736/d6a726e46ae04475419a3e7bbde71d79.jpg",
    "url": "https://www.immoweb.be/en/classified/21896298"
   }
  },
  {
   "type": "Feature",
   "geometry": {
    "type": "Point",
    "coordinates": [
     4.420982899999999,
     51.2294414
    ]
   },
   "properties": {
    "id": 21843898,
    "title": null,
    "subtype": "APARTMENT",
    "street": "Dambruggestraat 343 box 302",
    "postal_code": "2060",
    "locality": "Antwerpen",
    "place": "Regio Antwerpen",
    "floor": 3,
    "bedrooms": 2,
    "surface_m2": 65,
    "rent_eur": 990,
    "costs_eur": 100,
    "total_eur": 1090,
    "eur_per_m2": 15.2,
    "agency": "Bricks'n Stones",
    "flag": null,
    "updated": "2026-09-16T08:01:24.840Z",
    "image": "https://media-resize.immowebstatic.be/classifieds/f505ae42-0e02-4085-b418-463342fe0576/100x100/b84636cc2213797efa0e93054a176d2f.jpg",
    "image_large": "https://media-resize.immowebstatic.be/classifieds/f505ae42-0e02-4085-b418-463342fe0576/736x736/b84636cc2213797efa0e93054a176d2f.jpg",
    "photos": "https://media-resize.immowebstatic.be/classifieds/f505ae42-0e02-4085-b418-463342fe0576/736x736/b84636cc2213797efa0e93054a176d2f.jpg|https://media-resize.immowebstatic.be/classifieds/f505ae42-0e02-4085-b418-463342fe0576/736x736/abb9da6b477f70b81dcccfa4055afb03.jpg|https://media-resize.immowebstatic.be/classifieds/f505ae42-0e02-4085-b418-463342fe0576/736x736/d629723f58dc3e8db23d05a436147949.jpg|https://media-resize.immowebstatic.be/classifieds/f505ae42-0e02-4085-b418-463342fe0576/736x736/cb21d43e8c4234bda9611b8a7a178d73.jpg",
    "url": "https://www.immoweb.be/en/classified/21843898"
   }
  },
  {
   "type": "Feature",
   "geometry": {
    "type": "Point",
    "coordinates": [
     4.4051689,
     51.2203781
    ]
   },
   "properties": {
    "id": 21893538,
    "title": null,
    "subtype": "APARTMENT",
    "street": "Sint-Katelijnevest 20 box 104",
    "postal_code": "2000",
    "locality": "Antwerpen",
    "place": null,
    "floor": 1,
    "bedrooms": 2,
    "surface_m2": 96,
    "rent_eur": 990,
    "costs_eur": 25,
    "total_eur": 1015,
    "eur_per_m2": 10.3,
    "agency": "Walls Vastgoedmakelaars",
    "flag": "new",
    "updated": "2026-10-08T08:18:42.034Z",
    "image": "https://media-resize.immowebstatic.be/classifieds/21eb0518-9e13-4a2d-bc84-9ad2120ba734/100x100/f7bef098c67a886b9c4830782f4b5aeb.jpg",
    "image_large": "https://media-resize.immowebstatic.be/classifieds/21eb0518-9e13-4a2d-bc84-9ad2120ba734/736x736/f7bef098c67a886b9c4830782f4b5aeb.jpg",
    "photos": "https://media-resize.immowebstatic.be/classifieds/21eb0518-9e13-4a2d-bc84-9ad2120ba734/736x736/f7bef098c67a886b9c4830782f4b5aeb.jpg|https://media-resize.immowebstatic.be/classifieds/21eb0518-9e13-4a2d-bc84-9ad2120ba734/736x736/ff8e0b730997a91e5d28ab3ea9640678.jpg|https://media-resize.immowebstatic.be/classifieds/21eb0518-9e13-4a2d-bc84-9ad2120ba734/736x736/6156d7385c624d47c6d6009c0f9df01d.jpg|https://media-resize.immowebstatic.be/classifieds/21eb0518-9e13-4a2d-bc84-9ad2120ba734/736x736/2784fae2a793fbf7e2c61caad217bc88.jpg",
    "url": "https://www.immoweb.be/en/classified/21893538"
   }
  },
  {
   "type": "Feature",
   "geometry": {
    "type": "Point",
    "coordinates": [
     4.416361999999999,
     51.2233386
    ]
   },
   "properties": {
    "id": 21849060,
    "title": null,
    "subtype": "APARTMENT",
    "street": "Italiëlei 173 box 101",
    "postal_code": "2000",
    "locality": "Antwerpen",
    "place": null,
    "floor": 1,
    "bedrooms": 2,
    "surface_m2": 81,
    "rent_eur": 990,
    "costs_eur": 80,
    "total_eur": 1070,
    "eur_per_m2": 12.2,
    "agency": "Walls Vastgoedmakelaars",
    "flag": null,
    "updated": "2026-10-08T10:22:34.951Z",
    "image": "https://media-resize.immowebstatic.be/classifieds/1da6cc1f-f19c-49ab-a9d8-38a26c0da6b0/100x100/7ac83729a46d2ba936336dd780670e3a.jpg",
    "image_large": "https://media-resize.immowebstatic.be/classifieds/1da6cc1f-f19c-49ab-a9d8-38a26c0da6b0/736x736/7ac83729a46d2ba936336dd780670e3a.jpg",
    "photos": "https://media-resize.immowebstatic.be/classifieds/1da6cc1f-f19c-49ab-a9d8-38a26c0da6b0/736x736/7ac83729a46d2ba936336dd780670e3a.jpg|https://media-resize.immowebstatic.be/classifieds/1da6cc1f-f19c-49ab-a9d8-38a26c0da6b0/736x736/1d3398cb8abec22cd36b273e854711ce.jpg|https://media-resize.immowebstatic.be/classifieds/1da6cc1f-f19c-49ab-a9d8-38a26c0da6b0/736x736/ff6e695cafed5b79a577132220b17b42.jpg|https://media-resize.immowebstatic.be/classifieds/1da6cc1f-f19c-49ab-a9d8-38a26c0da6b0/736x736/fab4a575d298ef8ea51659db8683c690.jpg",
    "url": "https://www.immoweb.be/en/classified/21849060"
   }
  },
  {
   "type": "Feature",
   "geometry": {
    "type": "Point",
    "coordinates": [
     4.482737300000001,
     51.1984015
    ]
   },
   "properties": {
    "id": 21836896,
    "title": null,
    "subtype": "APARTMENT",
    "street": "Sprinkhaanveldestraat 36 box 0",
    "postal_code": "2150",
    "locality": "District Borsbeek",
    "place": null,
    "floor": 0,
    "bedrooms": 2,
    "surface_m2": 79,
    "rent_eur": 990,
    "costs_eur": 25,
    "total_eur": 1015,
    "eur_per_m2": 12.5,
    "agency": "PRIVATE",
    "flag": "under_option",
    "updated": "2026-09-25T12:10:27.565Z",
    "image": "https://media-resize.immowebstatic.be/classifieds/54865dc4-7d6b-40c6-b5a1-4195930b9f98/100x100/9b557db2f368dc2d3d8618cef025cf3c.jpg",
    "image_large": "https://media-resize.immowebstatic.be/classifieds/54865dc4-7d6b-40c6-b5a1-4195930b9f98/736x736/9b557db2f368dc2d3d8618cef025cf3c.jpg",
    "photos": "https://media-resize.immowebstatic.be/classifieds/54865dc4-7d6b-40c6-b5a1-4195930b9f98/736x736/9b557db2f368dc2d3d8618cef025cf3c.jpg|https://media-resize.immowebstatic.be/classifieds/54865dc4-7d6b-40c6-b5a1-4195930b9f98/736x736/f9ac48d87d74d624895a6f13b142eca2.jpg|https://media-resize.immowebstatic.be/classifieds/54865dc4-7d6b-40c6-b5a1-4195930b9f98/736x736/44a975eec5b851585ccc27bcb4f62c83.jpg|https://media-resize.immowebstatic.be/classifieds/54865dc4-7d6b-40c6-b5a1-4195930b9f98/736x736/cc5cf70a6d473125ed109ae7b1f5768c.jpg",
    "url": "https://www.immoweb.be/en/classified/21836896"
   }
  },
  {
   "type": "Feature",
   "geometry": {
    "type": "Point",
    "coordinates": [
     4.4821316,
     51.22912940000001
    ]
   },
   "properties": {
    "id": 21544592,
    "title": null,
    "subtype": "APARTMENT",
    "street": "Karel Van Overmeirelaan 44",
    "postal_code": "2100",
    "locality": "Antwerpen",
    "place": null,
    "floor": 3,
    "bedrooms": 2,
    "surface_m2": 100,
    "rent_eur": 990,
    "costs_eur": 50,
    "total_eur": 1040,
    "eur_per_m2": 9.9,
    "agency": "PRIVATE",
    "flag": null,
    "updated": "2026-08-12T15:45:17.455Z",
    "image": "https://media-resize.immowebstatic.be/classifieds/0219678e-c247-4ae4-940e-259e6e6a1833/100x100/24fde08da97c8fa8a2dda500c6cdabec.jpg",
    "image_large": "https://media-resize.immowebstatic.be/classifieds/0219678e-c247-4ae4-940e-259e6e6a1833/736x736/24fde08da97c8fa8a2dda500c6cdabec.jpg",
    "photos": "https://media-resize.immowebstatic.be/classifieds/0219678e-c247-4ae4-940e-259e6e6a1833/736x736/24fde08da97c8fa8a2dda500c6cdabec.jpg|https://media-resize.immowebstatic.be/classifieds/0219678e-c247-4ae4-940e-259e6e6a1833/736x736/3b42bbaf687c2639bb81d450821b0745.jpg|https://media-resize.immowebstatic.be/classifieds/0219678e-c247-4ae4-940e-259e6e6a1833/736x736/35cfeb1ad387b5a2c83cee4eea8d20a3.jpg|https://media-resize.immowebstatic.be/classifieds/0219678e-c247-4ae4-940e-259e6e6a1833/736x736/756e5887d89ac11fffbabfaabe31d3fb.jpg",
    "url": "https://www.immoweb.be/en/classified/21544592"
   }
  },
  {
   "type": "Feature",
   "geometry": {
    "type": "Point",
    "coordinates": [
     4.397918199999999,
     51.2133638
    ]
   },
   "properties": {
    "id": 21890649,
    "title": "Appartement",
    "subtype": "APARTMENT",
    "street": "Nationalestraat 135",
    "postal_code": "2000",
    "locality": "ANTWERPEN 2000",
    "place": "",
    "floor": 2,
    "bedrooms": 2,
    "surface_m2": 79,
    "rent_eur": 995,
    "costs_eur": 55,
    "total_eur": 1050,
    "eur_per_m2": 12.6,
    "agency": "Coprimmo Immobiliën",
    "flag": "new",
    "updated": "2026-10-07T01:23:30.459Z",
    "image": "https://media-resize.immowebstatic.be/classifieds/c65889c5-df18-4099-8504-d8ab26e46d61/100x100/80093756d2303faafc3f0cbfe50ec82c.jpg",
    "image_large": "https://media-resize.immowebstatic.be/classifieds/c65889c5-df18-4099-8504-d8ab26e46d61/736x736/80093756d2303faafc3f0cbfe50ec82c.jpg",
    "photos": "https://media-resize.immowebstatic.be/classifieds/c65889c5-df18-4099-8504-d8ab26e46d61/736x736/80093756d2303faafc3f0cbfe50ec82c.jpg|https://media-resize.immowebstatic.be/classifieds/c65889c5-df18-4099-8504-d8ab26e46d61/736x736/d6ace25e17da896d0d6fff4da17bf514.jpg|https://media-resize.immowebstatic.be/classifieds/c65889c5-df18-4099-8504-d8ab26e46d61/736x736/24ed02f7cc70e876d6891bc4f95293e2.jpg|https://media-resize.immowebstatic.be/classifieds/c65889c5-df18-4099-8504-d8ab26e46d61/736x736/6f0500d395650cd85320720ef7bdd274.jpg",
    "url": "https://www.immoweb.be/en/classified/21890649"
   }
  },
  {
   "type": "Feature",
   "geometry": {
    "type": "Point",
    "coordinates": [
     4.4415797,
     51.2193282
    ]
   },
   "properties": {
    "id": 21891031,
    "title": "Property with character",
    "subtype": "APARTMENT",
    "street": "Florastraat 171",
    "postal_code": "2140",
    "locality": "Borgerhout",
    "place": "",
    "floor": 0,
    "bedrooms": 2,
    "surface_m2": 90,
    "rent_eur": 995,
    "costs_eur": 0,
    "total_eur": 995,
    "eur_per_m2": 11.1,
    "agency": "Heylen Vastgoed Antwerpen",
    "flag": "new",
    "updated": "2026-10-08T04:55:36.657Z",
    "image": "https://media-resize.immowebstatic.be/classifieds/c3933e0a-5846-4f87-a1f1-f0ae19ab8054/100x100/a0d709b71db98c90a0a7fb068daf11b4.jpg",
    "image_large": "https://media-resize.immowebstatic.be/classifieds/c3933e0a-5846-4f87-a1f1-f0ae19ab8054/736x736/a0d709b71db98c90a0a7fb068daf11b4.jpg",
    "photos": "https://media-resize.immowebstatic.be/classifieds/c3933e0a-5846-4f87-a1f1-f0ae19ab8054/736x736/a0d709b71db98c90a0a7fb068daf11b4.jpg|https://media-resize.immowebstatic.be/classifieds/c3933e0a-5846-4f87-a1f1-f0ae19ab8054/736x736/b23c54a03324847c8fae06a7d2ddd784.jpg|https://media-resize.immowebstatic.be/classifieds/c3933e0a-5846-4f87-a1f1-f0ae19ab8054/736x736/4e6ac47070f969137c9528aad8055a5f.jpg|https://media-resize.immowebstatic.be/classifieds/c3933e0a-5846-4f87-a1f1-f0ae19ab8054/736x736/45abc474778780b390bf28b906a3d18e.jpg",
    "url": "https://www.immoweb.be/en/classified/21891031"
   }
  },
  {
   "type": "Feature",
   "geometry": {
    "type": "Point",
    "coordinates": [
     4.3883933,
     51.1645811
    ]
   },
   "properties": {
    "id": 21826970,
    "title": "Apartment",
    "subtype": "APARTMENT",
    "street": "Boeksveldstraat 30 box 201",
    "postal_code": "2610",
    "locality": "WILRIJK",
    "place": "",
    "floor": 2,
    "bedrooms": 2,
    "surface_m2": 100,
    "rent_eur": 995,
    "costs_eur": 0,
    "total_eur": 995,
    "eur_per_m2": 9.9,
    "agency": "Bolt Immo Wilrijk",
    "flag": null,
    "updated": "2026-09-30T11:24:51.235Z",
    "image": "https://media-resize.immowebstatic.be/classifieds/5b3469fe-1022-4213-999d-f7e8c8f36632/100x100/fb9b4812994b020514c963865b80b7d5.jpg",
    "image_large": "https://media-resize.immowebstatic.be/classifieds/5b3469fe-1022-4213-999d-f7e8c8f36632/736x736/fb9b4812994b020514c963865b80b7d5.jpg",
    "photos": "https://media-resize.immowebstatic.be/classifieds/5b3469fe-1022-4213-999d-f7e8c8f36632/736x736/fb9b4812994b020514c963865b80b7d5.jpg|https://media-resize.immowebstatic.be/classifieds/5b3469fe-1022-4213-999d-f7e8c8f36632/736x736/0061727f6932869655fa244e7586a693.jpg|https://media-resize.immowebstatic.be/classifieds/5b3469fe-1022-4213-999d-f7e8c8f36632/736x736/3fe67f5e480ed7918d6b88890f0a8149.jpg|https://media-resize.immowebstatic.be/classifieds/5b3469fe-1022-4213-999d-f7e8c8f36632/736x736/9f3f1cdb2bfa0c47eb87ca5d9318e07b.jpg",
    "url": "https://www.immoweb.be/en/classified/21826970"
   }
  },
  {
   "type": "Feature",
   "geometry": {
    "type": "Point",
    "coordinates": [
     4.4193026,
     51.2799345
    ]
   },
   "properties": {
    "id": 21814282,
    "title": "Apartment",
    "subtype": "APARTMENT",
    "street": "Driehoekstraat 5 box 201",
    "postal_code": "2180",
    "locality": "EKEREN",
    "place": "",
    "floor": 2,
    "bedrooms": 2,
    "surface_m2": null,
    "rent_eur": 995,
    "costs_eur": 0,
    "total_eur": 995,
    "eur_per_m2": null,
    "agency": "Brabo N.V.",
    "flag": null,
    "updated": "2026-09-06T01:30:49.601Z",
    "image": "https://media-resize.immowebstatic.be/classifieds/0c9f9ee2-0a36-4b8a-904c-8e3a631dcc23/100x100/c108b46d33cef5f6e265a6b35bb78005.jpg",
    "image_large": "https://media-resize.immowebstatic.be/classifieds/0c9f9ee2-0a36-4b8a-904c-8e3a631dcc23/736x736/c108b46d33cef5f6e265a6b35bb78005.jpg",
    "photos": "https://media-resize.immowebstatic.be/classifieds/0c9f9ee2-0a36-4b8a-904c-8e3a631dcc23/736x736/c108b46d33cef5f6e265a6b35bb78005.jpg|https://media-resize.immowebstatic.be/classifieds/0c9f9ee2-0a36-4b8a-904c-8e3a631dcc23/736x736/89c21e265d0c8580fa232587d61bd614.jpg|https://media-resize.immowebstatic.be/classifieds/0c9f9ee2-0a36-4b8a-904c-8e3a631dcc23/736x736/18d6ad091265fc4a17c6729e5439b7c8.jpg|https://media-resize.immowebstatic.be/classifieds/0c9f9ee2-0a36-4b8a-904c-8e3a631dcc23/736x736/b5ac9e4f8bb2d5a76b2b2b726b266ff6.jpg",
    "url": "https://www.immoweb.be/en/classified/21814282"
   }
  },
  {
   "type": "Feature",
   "geometry": {
    "type": "Point",
    "coordinates": [
     4.3925787,
     51.1701329
    ]
   },
   "properties": {
    "id": 21814847,
    "title": null,
    "subtype": "APARTMENT",
    "street": "Bist 32-33",
    "postal_code": "2610",
    "locality": "Antwerpen",
    "place": null,
    "floor": 5,
    "bedrooms": 2,
    "surface_m2": 92,
    "rent_eur": 995,
    "costs_eur": 170,
    "total_eur": 1165,
    "eur_per_m2": 10.8,
    "agency": "PRIVATE",
    "flag": null,
    "updated": "2026-09-24T18:13:33.937Z",
    "image": "https://media-resize.immowebstatic.be/classifieds/e1497c85-75d3-4f70-95ad-4940dd1d4b40/100x100/da065c8c5af89a91b0f3795529e1c661.jpg",
    "image_large": "https://media-resize.immowebstatic.be/classifieds/e1497c85-75d3-4f70-95ad-4940dd1d4b40/736x736/da065c8c5af89a91b0f3795529e1c661.jpg",
    "photos": "https://media-resize.immowebstatic.be/classifieds/e1497c85-75d3-4f70-95ad-4940dd1d4b40/736x736/da065c8c5af89a91b0f3795529e1c661.jpg|https://media-resize.immowebstatic.be/classifieds/e1497c85-75d3-4f70-95ad-4940dd1d4b40/736x736/2f0d90560fca3e7ff41772ecce0b8ed0.jpg|https://media-resize.immowebstatic.be/classifieds/e1497c85-75d3-4f70-95ad-4940dd1d4b40/736x736/0dc0953580c8caac0f9b69239026c0e5.jpg|https://media-resize.immowebstatic.be/classifieds/e1497c85-75d3-4f70-95ad-4940dd1d4b40/736x736/181727829caef9f17681f74836de20cd.jpg",
    "url": "https://www.immoweb.be/en/classified/21814847"
   }
  },
  {
   "type": "Feature",
   "geometry": {
    "type": "Point",
    "coordinates": [
     4.455301599999999,
     51.2137776
    ]
   },
   "properties": {
    "id": 21872002,
    "title": null,
    "subtype": "APARTMENT",
    "street": "Collegelaan 123 box 3",
    "postal_code": "2140",
    "locality": "Antwerpen",
    "place": null,
    "floor": 3,
    "bedrooms": 2,
    "surface_m2": null,
    "rent_eur": 995,
    "costs_eur": 80,
    "total_eur": 1075,
    "eur_per_m2": null,
    "agency": "PRIVATE",
    "flag": "new",
    "updated": "2026-09-29T16:08:56.714Z",
    "image": "https://media-resize.immowebstatic.be/classifieds/f8c1541b-ab61-4da1-a5f1-2a250aba2e19/100x100/c904663b67ae4dd56eb708d8ad169c00.jpg",
    "image_large": "https://media-resize.immowebstatic.be/classifieds/f8c1541b-ab61-4da1-a5f1-2a250aba2e19/736x736/c904663b67ae4dd56eb708d8ad169c00.jpg",
    "photos": "https://media-resize.immowebstatic.be/classifieds/f8c1541b-ab61-4da1-a5f1-2a250aba2e19/736x736/c904663b67ae4dd56eb708d8ad169c00.jpg|https://media-resize.immowebstatic.be/classifieds/f8c1541b-ab61-4da1-a5f1-2a250aba2e19/736x736/5b1f4e32402cb01abb63560342df72d7.jpg|https://media-resize.immowebstatic.be/classifieds/f8c1541b-ab61-4da1-a5f1-2a250aba2e19/736x736/1b8216848b0cc5430546acd9f11f55c2.jpg|https://media-resize.immowebstatic.be/classifieds/f8c1541b-ab61-4da1-a5f1-2a250aba2e19/736x736/d84b841c47889b32c73d42e5a6581712.jpg",
    "url": "https://www.immoweb.be/en/classified/21872002"
   }
  },
  {
   "type": "Feature",
   "geometry": {
    "type": "Point",
    "coordinates": [
     4.4336266,
     51.25629989999999
    ]
   },
   "properties": {
    "id": 21713472,
    "title": null,
    "subtype": "APARTMENT",
    "street": "Victor Govaerslaan 43 box 29",
    "postal_code": "2170",
    "locality": "Antwerpen Merksem",
    "place": null,
    "floor": 8,
    "bedrooms": 2,
    "surface_m2": 126,
    "rent_eur": 995,
    "costs_eur": 250,
    "total_eur": 1245,
    "eur_per_m2": 7.9,
    "agency": "Hans Vastgoed",
    "flag": "under_option",
    "updated": "2026-10-07T10:04:48.331Z",
    "image": "https://media-resize.immowebstatic.be/classifieds/1c0baa75-5808-43dd-964c-14a67b701827/100x100/91306e8cf83087903aec4ba6ce4a71a9.jpg",
    "image_large": "https://media-resize.immowebstatic.be/classifieds/1c0baa75-5808-43dd-964c-14a67b701827/736x736/91306e8cf83087903aec4ba6ce4a71a9.jpg",
    "photos": "https://media-resize.immowebstatic.be/classifieds/1c0baa75-5808-43dd-964c-14a67b701827/736x736/91306e8cf83087903aec4ba6ce4a71a9.jpg|https://media-resize.immowebstatic.be/classifieds/1c0baa75-5808-43dd-964c-14a67b701827/736x736/48c89f4988af0a67f173d01fc68d8ee3.jpg|https://media-resize.immowebstatic.be/classifieds/1c0baa75-5808-43dd-964c-14a67b701827/736x736/fef8ff16f2a18902d7bfc5c394d74f4f.jpg|https://media-resize.immowebstatic.be/classifieds/1c0baa75-5808-43dd-964c-14a67b701827/736x736/653a20b4b9971c3a4de1edbea58d1c66.jpg",
    "url": "https://www.immoweb.be/en/classified/21713472"
   }
  },
  {
   "type": "Feature",
   "geometry": {
    "type": "Point",
    "coordinates": [
     4.366623,
     51.2194938
    ]
   },
   "properties": {
    "id": 21871427,
    "title": null,
    "subtype": "APARTMENT",
    "street": "Emile Dancolaan 12 box 203",
    "postal_code": "2050",
    "locality": "Antwerpen",
    "place": null,
    "floor": 2,
    "bedrooms": 2,
    "surface_m2": 70,
    "rent_eur": 995,
    "costs_eur": 0,
    "total_eur": 995,
    "eur_per_m2": 14.2,
    "agency": "PRIVATE",
    "flag": "new",
    "updated": "2026-09-27T11:40:40.417Z",
    "image": "https://media-resize.immowebstatic.be/classifieds/7e4aa8a1-9e93-4128-9279-23d322c9496c/100x100/aa82a79e8e534543ea6bb2c1c6f988d7.jpg",
    "image_large": "https://media-resize.immowebstatic.be/classifieds/7e4aa8a1-9e93-4128-9279-23d322c9496c/736x736/aa82a79e8e534543ea6bb2c1c6f988d7.jpg",
    "photos": "https://media-resize.immowebstatic.be/classifieds/7e4aa8a1-9e93-4128-9279-23d322c9496c/736x736/aa82a79e8e534543ea6bb2c1c6f988d7.jpg|https://media-resize.immowebstatic.be/classifieds/7e4aa8a1-9e93-4128-9279-23d322c9496c/736x736/6f43d5c3555cbd6d694e011f244a39a7.jpg|https://media-resize.immowebstatic.be/classifieds/7e4aa8a1-9e93-4128-9279-23d322c9496c/736x736/feeac0b200a5e9cb9e297cfe07a0115b.jpg|https://media-resize.immowebstatic.be/classifieds/7e4aa8a1-9e93-4128-9279-23d322c9496c/736x736/2fa87bdb1b87d17675c9416023e787ad.jpg",
    "url": "https://www.immoweb.be/en/classified/21871427"
   }
  },
  {
   "type": "Feature",
   "geometry": {
    "type": "Point",
    "coordinates": [
     4.4430382,
     51.1841266
    ]
   },
   "properties": {
    "id": 21895348,
    "title": "Appartement",
    "subtype": "APARTMENT",
    "street": "Jos Ratinckxstraat 2",
    "postal_code": "2600",
    "locality": "BERCHEM",
    "place": "",
    "floor": 5,
    "bedrooms": 2,
    "surface_m2": 85,
    "rent_eur": 1000,
    "costs_eur": 150,
    "total_eur": 1150,
    "eur_per_m2": 11.8,
    "agency": "Coprimmo Immobiliën",
    "flag": "new",
    "updated": "2026-10-08T01:25:32.907Z",
    "image": "https://media-resize.immowebstatic.be/classifieds/32f0708c-feb9-469f-b59f-42d253e12434/100x100/ac2ee1f37349757a046806d82f89df85.jpg",
    "image_large": "https://media-resize.immowebstatic.be/classifieds/32f0708c-feb9-469f-b59f-42d253e12434/736x736/ac2ee1f37349757a046806d82f89df85.jpg",
    "photos": "https://media-resize.immowebstatic.be/classifieds/32f0708c-feb9-469f-b59f-42d253e12434/736x736/ac2ee1f37349757a046806d82f89df85.jpg|https://media-resize.immowebstatic.be/classifieds/32f0708c-feb9-469f-b59f-42d253e12434/736x736/54246d7534d156a2925b2c715cc5e007.jpg|https://media-resize.immowebstatic.be/classifieds/32f0708c-feb9-469f-b59f-42d253e12434/736x736/2f41e107a36bf897221ffc390647e8b2.jpg|https://media-resize.immowebstatic.be/classifieds/32f0708c-feb9-469f-b59f-42d253e12434/736x736/cd9f4f619fe4075da38acf89b0aa1b1b.jpg",
    "url": "https://www.immoweb.be/en/classified/21895348"
   }
  },
  {
   "type": "Feature",
   "geometry": {
    "type": "Point",
    "coordinates": [
     4.4198749,
     51.1890253
    ]
   },
   "properties": {
    "id": 21788138,
    "title": "Appartement",
    "subtype": "APARTMENT",
    "street": "Coremansstraat 16 box 0602",
    "postal_code": "2600",
    "locality": "BERCHEM",
    "place": "",
    "floor": 6,
    "bedrooms": 2,
    "surface_m2": 106,
    "rent_eur": 1000,
    "costs_eur": 235,
    "total_eur": 1235,
    "eur_per_m2": 9.4,
    "agency": "Coprimmo Immobiliën",
    "flag": null,
    "updated": "2026-10-05T16:26:31.452Z",
    "image": "https://media-resize.immowebstatic.be/classifieds/38be05a0-b56d-427f-8e4d-2c45773f616b/100x100/f73b90e79142811e9369396388dc0e81.jpg",
    "image_large": "https://media-resize.immowebstatic.be/classifieds/38be05a0-b56d-427f-8e4d-2c45773f616b/736x736/f73b90e79142811e9369396388dc0e81.jpg",
    "photos": "https://media-resize.immowebstatic.be/classifieds/38be05a0-b56d-427f-8e4d-2c45773f616b/736x736/f73b90e79142811e9369396388dc0e81.jpg|https://media-resize.immowebstatic.be/classifieds/38be05a0-b56d-427f-8e4d-2c45773f616b/736x736/ae979289b1837c1d3104570090c2738f.jpg|https://media-resize.immowebstatic.be/classifieds/38be05a0-b56d-427f-8e4d-2c45773f616b/736x736/071bc84a48774cd432c9f4a059d20f90.jpg|https://media-resize.immowebstatic.be/classifieds/38be05a0-b56d-427f-8e4d-2c45773f616b/736x736/44d34c27eba6f4507b64045baa948a66.jpg",
    "url": "https://www.immoweb.be/en/classified/21788138"
   }
  },
  {
   "type": "Feature",
   "geometry": {
    "type": "Point",
    "coordinates": [
     4.4917069,
     51.198274
    ]
   },
   "properties": {
    "id": 21750178,
    "title": "Penthouse",
    "subtype": "APARTMENT",
    "street": "Windmolenberg 4 box 002L",
    "postal_code": "2150",
    "locality": "BORSBEEK",
    "place": "",
    "floor": 2,
    "bedrooms": 2,
    "surface_m2": 75,
    "rent_eur": 1000,
    "costs_eur": 75,
    "total_eur": 1075,
    "eur_per_m2": 13.3,
    "agency": "Heylen Vastgoed Deurne",
    "flag": "under_option",
    "updated": "2026-09-28T07:27:49.827Z",
    "image": "https://media-resize.immowebstatic.be/classifieds/2517b689-d4c8-44cd-87c2-fe95107a8392/100x100/078f9aa3f1756842f45c9455a38a9def.jpg",
    "image_large": "https://media-resize.immowebstatic.be/classifieds/2517b689-d4c8-44cd-87c2-fe95107a8392/736x736/078f9aa3f1756842f45c9455a38a9def.jpg",
    "photos": "https://media-resize.immowebstatic.be/classifieds/2517b689-d4c8-44cd-87c2-fe95107a8392/736x736/078f9aa3f1756842f45c9455a38a9def.jpg|https://media-resize.immowebstatic.be/classifieds/2517b689-d4c8-44cd-87c2-fe95107a8392/736x736/fd83562b1aa761731de4394cdfa11db5.jpg|https://media-resize.immowebstatic.be/classifieds/2517b689-d4c8-44cd-87c2-fe95107a8392/736x736/0c4a767aeb7df485453072ce4a814bf7.jpg|https://media-resize.immowebstatic.be/classifieds/2517b689-d4c8-44cd-87c2-fe95107a8392/736x736/646269278000afeee43c865341d25498.jpg",
    "url": "https://www.immoweb.be/en/classified/21750178"
   }
  },
  {
   "type": "Feature",
   "geometry": {
    "type": "Point",
    "coordinates": [
     4.3950681,
     51.1915499
    ]
   },
   "properties": {
    "id": 21860620,
    "title": "Ruim appartement met 2 slaapkamers in Tentoonstellingswijk",
    "subtype": "APARTMENT",
    "street": "Camille Huysmanslaan 46-48 box 3",
    "postal_code": "2020",
    "locality": "Antwerpen (2020)",
    "place": "",
    "floor": 1,
    "bedrooms": 2,
    "surface_m2": 95,
    "rent_eur": 1000,
    "costs_eur": 200,
    "total_eur": 1200,
    "eur_per_m2": 10.5,
    "agency": "Onid Real Estate",
    "flag": null,
    "updated": "2026-10-07T18:08:58.036Z",
    "image": "https://media-resize.immowebstatic.be/classifieds/63bfd55e-c903-41dc-b78b-213014557e8d/100x100/21086378156f0561ac92f6c49084f5cc.jpg",
    "image_large": "https://media-resize.immowebstatic.be/classifieds/63bfd55e-c903-41dc-b78b-213014557e8d/736x736/21086378156f0561ac92f6c49084f5cc.jpg",
    "photos": "https://media-resize.immowebstatic.be/classifieds/63bfd55e-c903-41dc-b78b-213014557e8d/736x736/21086378156f0561ac92f6c49084f5cc.jpg|https://media-resize.immowebstatic.be/classifieds/63bfd55e-c903-41dc-b78b-213014557e8d/736x736/51cbc773dfe99a2d58141bc52159eb22.jpg|https://media-resize.immowebstatic.be/classifieds/63bfd55e-c903-41dc-b78b-213014557e8d/736x736/0621cd4376e0959e325e9e8d091bb797.jpg|https://media-resize.immowebstatic.be/classifieds/63bfd55e-c903-41dc-b78b-213014557e8d/736x736/fd09bc034287c2a824f5525ab686dda5.jpg",
    "url": "https://www.immoweb.be/en/classified/21860620"
   }
  },
  {
   "type": "Feature",
   "geometry": {
    "type": "Point",
    "coordinates": [
     4.430423500000001,
     51.174848
    ]
   },
   "properties": {
    "id": 21867789,
    "title": null,
    "subtype": "APARTMENT",
    "street": "Monnikenplein 10 box 2",
    "postal_code": "2610",
    "locality": "Antwerpen",
    "place": null,
    "floor": 1,
    "bedrooms": 2,
    "surface_m2": 80,
    "rent_eur": 1000,
    "costs_eur": 50,
    "total_eur": 1050,
    "eur_per_m2": 12.5,
    "agency": "PRIVATE",
    "flag": "new",
    "updated": "2026-09-25T08:27:32.833Z",
    "image": "https://media-resize.immowebstatic.be/classifieds/80405f22-28e3-4417-8d8d-aa9a4920756a/100x100/fd3d62631156b587febc1e5c2882a76d.jpg",
    "image_large": "https://media-resize.immowebstatic.be/classifieds/80405f22-28e3-4417-8d8d-aa9a4920756a/736x736/fd3d62631156b587febc1e5c2882a76d.jpg",
    "photos": "https://media-resize.immowebstatic.be/classifieds/80405f22-28e3-4417-8d8d-aa9a4920756a/736x736/fd3d62631156b587febc1e5c2882a76d.jpg|https://media-resize.immowebstatic.be/classifieds/80405f22-28e3-4417-8d8d-aa9a4920756a/736x736/e8ec90fff29751a9b690176489ad1bb7.jpg|https://media-resize.immowebstatic.be/classifieds/80405f22-28e3-4417-8d8d-aa9a4920756a/736x736/b7c6c139c85d9743519bd5f9f921294f.jpg|https://media-resize.immowebstatic.be/classifieds/80405f22-28e3-4417-8d8d-aa9a4920756a/736x736/6cfde9467d5c1f5b018fa950493c7ecc.jpg",
    "url": "https://www.immoweb.be/en/classified/21867789"
   }
  },
  {
   "type": "Feature",
   "geometry": {
    "type": "Point",
    "coordinates": [
     4.430569,
     51.1829484
    ]
   },
   "properties": {
    "id": 21792381,
    "title": null,
    "subtype": "APARTMENT",
    "street": "Grotesteenweg 459 box 101",
    "postal_code": "2600",
    "locality": "Antwerpen",
    "place": null,
    "floor": 1,
    "bedrooms": 2,
    "surface_m2": null,
    "rent_eur": 1000,
    "costs_eur": 15,
    "total_eur": 1015,
    "eur_per_m2": null,
    "agency": "PRIVATE",
    "flag": null,
    "updated": "2026-10-06T15:23:35.752Z",
    "image": "https://media-resize.immowebstatic.be/classifieds/f4d785a6-2d0d-493e-b44f-758e4f8be02a/100x100/d98e13400fa4f22c209f0443ef8ab0de.jpg",
    "image_large": "https://media-resize.immowebstatic.be/classifieds/f4d785a6-2d0d-493e-b44f-758e4f8be02a/736x736/d98e13400fa4f22c209f0443ef8ab0de.jpg",
    "photos": "https://media-resize.immowebstatic.be/classifieds/f4d785a6-2d0d-493e-b44f-758e4f8be02a/736x736/d98e13400fa4f22c209f0443ef8ab0de.jpg|https://media-resize.immowebstatic.be/classifieds/f4d785a6-2d0d-493e-b44f-758e4f8be02a/736x736/c97d5370fd88d1fc5491bb82c59d3c10.jpg|https://media-resize.immowebstatic.be/classifieds/f4d785a6-2d0d-493e-b44f-758e4f8be02a/736x736/45a9dd56728c8bafd85ae1aa34bcb4bf.jpg|https://media-resize.immowebstatic.be/classifieds/f4d785a6-2d0d-493e-b44f-758e4f8be02a/736x736/ce74cac4bcfe5b7645e9b4759fcf3524.jpg",
    "url": "https://www.immoweb.be/en/classified/21792381"
   }
  },
  {
   "type": "Feature",
   "geometry": {
    "type": "Point",
    "coordinates": [
     4.3799795,
     51.183227
    ]
   },
   "properties": {
    "id": 21895785,
    "title": "Renovated 2-bedroom apartment",
    "subtype": "APARTMENT",
    "street": "Julius De Geyterstraat 160 box 201",
    "postal_code": "2610",
    "locality": "Antwerpen",
    "place": null,
    "floor": 2,
    "bedrooms": 2,
    "surface_m2": null,
    "rent_eur": 1000,
    "costs_eur": 0,
    "total_eur": 1000,
    "eur_per_m2": null,
    "agency": "PRIVATE",
    "flag": "new",
    "updated": "2026-10-07T09:07:50.774Z",
    "image": "https://media-resize.immowebstatic.be/classifieds/71d1ed94-b2c1-4279-aa83-2a449ce8a19a/100x100/3975a9df4ac06d3c8296aa9221aac97d.heic",
    "image_large": "https://media-resize.immowebstatic.be/classifieds/71d1ed94-b2c1-4279-aa83-2a449ce8a19a/736x736/3975a9df4ac06d3c8296aa9221aac97d.heic",
    "photos": "https://media-resize.immowebstatic.be/classifieds/71d1ed94-b2c1-4279-aa83-2a449ce8a19a/736x736/3975a9df4ac06d3c8296aa9221aac97d.heic|https://media-resize.immowebstatic.be/classifieds/71d1ed94-b2c1-4279-aa83-2a449ce8a19a/736x736/79e12b27846df8c7dfa70f23a5a712ed.heic|https://media-resize.immowebstatic.be/classifieds/71d1ed94-b2c1-4279-aa83-2a449ce8a19a/736x736/13f8f3484a9d1d616622e518f63c78d3.heic|https://media-resize.immowebstatic.be/classifieds/71d1ed94-b2c1-4279-aa83-2a449ce8a19a/736x736/18e9aaa4f1c4089c5a237fa9278bac05.heic",
    "url": "https://www.immoweb.be/en/classified/21895785"
   }
  },
  {
   "type": "Feature",
   "geometry": {
    "type": "Point",
    "coordinates": [
     4.432118099999999,
     51.2077368
    ]
   },
   "properties": {
    "id": 21875244,
    "title": null,
    "subtype": "APARTMENT",
    "street": "Kreeftstraat 29 box 4",
    "postal_code": "2018",
    "locality": "Antwerpen",
    "place": null,
    "floor": 4,
    "bedrooms": 2,
    "surface_m2": 97,
    "rent_eur": 1010,
    "costs_eur": 90,
    "total_eur": 1100,
    "eur_per_m2": 10.4,
    "agency": "UGLY",
    "flag": "new",
    "updated": "2026-09-29T07:34:51.245Z",
    "image": "https://media-resize.immowebstatic.be/classifieds/a5230610-0de5-42db-96ff-d3fd16c671bc/100x100/7efdb17b79facf70fb6b83210d10b99e.jpg",
    "image_large": "https://media-resize.immowebstatic.be/classifieds/a5230610-0de5-42db-96ff-d3fd16c671bc/736x736/7efdb17b79facf70fb6b83210d10b99e.jpg",
    "photos": "https://media-resize.immowebstatic.be/classifieds/a5230610-0de5-42db-96ff-d3fd16c671bc/736x736/7efdb17b79facf70fb6b83210d10b99e.jpg|https://media-resize.immowebstatic.be/classifieds/a5230610-0de5-42db-96ff-d3fd16c671bc/736x736/7d6c83987e2b1e921231335b34f83fee.jpg|https://media-resize.immowebstatic.be/classifieds/a5230610-0de5-42db-96ff-d3fd16c671bc/736x736/8044e23336667b3dff0cd334de6255c2.jpg|https://media-resize.immowebstatic.be/classifieds/a5230610-0de5-42db-96ff-d3fd16c671bc/736x736/ccc9b7b2e642cbc6961d4dccdee97dcb.jpg",
    "url": "https://www.immoweb.be/en/classified/21875244"
   }
  },
  {
   "type": "Feature",
   "geometry": {
    "type": "Point",
    "coordinates": [
     4.4825809,
     51.2287255
    ]
   },
   "properties": {
    "id": 21855302,
    "title": null,
    "subtype": "APARTMENT",
    "street": "Schotensesteenweg 379 box 301",
    "postal_code": "2100",
    "locality": "Deurne",
    "place": null,
    "floor": 3,
    "bedrooms": 2,
    "surface_m2": 116,
    "rent_eur": 1010,
    "costs_eur": 70,
    "total_eur": 1080,
    "eur_per_m2": 8.7,
    "agency": "Geyskens Vastgoed",
    "flag": null,
    "updated": "2026-09-21T09:15:07.020Z",
    "image": "https://media-resize.immowebstatic.be/classifieds/12450bbc-aa8d-4c91-a235-2470d03795f4/100x100/db803e61dc59bdc11a892d354b01bf05.jpg",
    "image_large": "https://media-resize.immowebstatic.be/classifieds/12450bbc-aa8d-4c91-a235-2470d03795f4/736x736/db803e61dc59bdc11a892d354b01bf05.jpg",
    "photos": "https://media-resize.immowebstatic.be/classifieds/12450bbc-aa8d-4c91-a235-2470d03795f4/736x736/db803e61dc59bdc11a892d354b01bf05.jpg|https://media-resize.immowebstatic.be/classifieds/12450bbc-aa8d-4c91-a235-2470d03795f4/736x736/0757993213e14e7aba772ede350f00a7.jpg|https://media-resize.immowebstatic.be/classifieds/12450bbc-aa8d-4c91-a235-2470d03795f4/736x736/d804556990e0526ae9f7d525849c0d17.jpg|https://media-resize.immowebstatic.be/classifieds/12450bbc-aa8d-4c91-a235-2470d03795f4/736x736/6418df7aa51e1af59ecf9cc618a5715c.jpg",
    "url": "https://www.immoweb.be/en/classified/21855302"
   }
  },
  {
   "type": "Feature",
   "geometry": {
    "type": "Point",
    "coordinates": [
     4.4880001,
     51.2212517
    ]
   },
   "properties": {
    "id": 21843125,
    "title": "",
    "subtype": "APARTMENT",
    "street": "August Van De Wielelei 289 box 4",
    "postal_code": "2100",
    "locality": "Antwerpen",
    "place": "Zwarte Arend",
    "floor": 1,
    "bedrooms": 2,
    "surface_m2": 100,
    "rent_eur": 1015,
    "costs_eur": 60,
    "total_eur": 1075,
    "eur_per_m2": 10.2,
    "agency": "PRIVATE",
    "flag": null,
    "updated": "2026-09-17T06:00:36.527Z",
    "image": "https://media-resize.immowebstatic.be/classifieds/0ddbb76f-5564-426e-b4ac-264cdf7d3caa/100x100/1242a2e698b0509c9397b8788495b0b9.jpg",
    "image_large": "https://media-resize.immowebstatic.be/classifieds/0ddbb76f-5564-426e-b4ac-264cdf7d3caa/736x736/1242a2e698b0509c9397b8788495b0b9.jpg",
    "photos": "https://media-resize.immowebstatic.be/classifieds/0ddbb76f-5564-426e-b4ac-264cdf7d3caa/736x736/1242a2e698b0509c9397b8788495b0b9.jpg|https://media-resize.immowebstatic.be/classifieds/0ddbb76f-5564-426e-b4ac-264cdf7d3caa/736x736/829c15f2809efe4b2244336fcb358277.jpg|https://media-resize.immowebstatic.be/classifieds/0ddbb76f-5564-426e-b4ac-264cdf7d3caa/736x736/0071d9b44188cfc898fe87f8fe145069.jpg|https://media-resize.immowebstatic.be/classifieds/0ddbb76f-5564-426e-b4ac-264cdf7d3caa/736x736/1fdd169a6522c30c640133dd69f2d8c5.jpg",
    "url": "https://www.immoweb.be/en/classified/21843125"
   }
  },
  {
   "type": "Feature",
   "geometry": {
    "type": "Point",
    "coordinates": [
     4.425392,
     51.1865829
    ]
   },
   "properties": {
    "id": 21828600,
    "title": "Apartment",
    "subtype": "APARTMENT",
    "street": "Strijdhoflaan 7 box 201",
    "postal_code": "2600",
    "locality": "BERCHEM",
    "place": "",
    "floor": 2,
    "bedrooms": 2,
    "surface_m2": 65,
    "rent_eur": 1020,
    "costs_eur": 10,
    "total_eur": 1030,
    "eur_per_m2": 15.7,
    "agency": "Heylen Vastgoed Antwerpen",
    "flag": null,
    "updated": "2026-09-15T15:14:28.854Z",
    "image": "https://media-resize.immowebstatic.be/classifieds/80375395-dcb1-41a0-9adb-43c93c73e599/100x100/ccd3b4d3205a8c4800a279f626d99bc4.jpg",
    "image_large": "https://media-resize.immowebstatic.be/classifieds/80375395-dcb1-41a0-9adb-43c93c73e599/736x736/ccd3b4d3205a8c4800a279f626d99bc4.jpg",
    "photos": "https://media-resize.immowebstatic.be/classifieds/80375395-dcb1-41a0-9adb-43c93c73e599/736x736/ccd3b4d3205a8c4800a279f626d99bc4.jpg|https://media-resize.immowebstatic.be/classifieds/80375395-dcb1-41a0-9adb-43c93c73e599/736x736/a32cee526851c5d7eaad9c556c01f5d4.jpg|https://media-resize.immowebstatic.be/classifieds/80375395-dcb1-41a0-9adb-43c93c73e599/736x736/39ca4601884233b4d6335b0953b198e3.jpg|https://media-resize.immowebstatic.be/classifieds/80375395-dcb1-41a0-9adb-43c93c73e599/736x736/ca4a430931739104a84856728560293c.jpg",
    "url": "https://www.immoweb.be/en/classified/21828600"
   }
  },
  {
   "type": "Feature",
   "geometry": {
    "type": "Point",
    "coordinates": [
     4.4210762,
     51.1870795
    ]
   },
   "properties": {
    "id": 21878126,
    "title": "Appartement",
    "subtype": "APARTMENT",
    "street": "Koninklijkelaan 91 box 101",
    "postal_code": "2600",
    "locality": "BERCHEM",
    "place": "",
    "floor": 1,
    "bedrooms": 2,
    "surface_m2": 85,
    "rent_eur": 1025,
    "costs_eur": 150,
    "total_eur": 1175,
    "eur_per_m2": 12.1,
    "agency": "Coprimmo Immobiliën",
    "flag": "new",
    "updated": "2026-10-08T08:04:48.908Z",
    "image": "https://media-resize.immowebstatic.be/classifieds/ca6615d0-ec85-4f54-bef1-5a9bfa07136e/100x100/ed2c97e6eeaf1ccc6a9d0758c03dfdb0.jpg",
    "image_large": "https://media-resize.immowebstatic.be/classifieds/ca6615d0-ec85-4f54-bef1-5a9bfa07136e/736x736/ed2c97e6eeaf1ccc6a9d0758c03dfdb0.jpg",
    "photos": "https://media-resize.immowebstatic.be/classifieds/ca6615d0-ec85-4f54-bef1-5a9bfa07136e/736x736/ed2c97e6eeaf1ccc6a9d0758c03dfdb0.jpg|https://media-resize.immowebstatic.be/classifieds/ca6615d0-ec85-4f54-bef1-5a9bfa07136e/736x736/dece650fc44fe363b1567a79a310b63a.jpg|https://media-resize.immowebstatic.be/classifieds/ca6615d0-ec85-4f54-bef1-5a9bfa07136e/736x736/a99e1dced2cca6d8299431283dfbd3b4.jpg|https://media-resize.immowebstatic.be/classifieds/ca6615d0-ec85-4f54-bef1-5a9bfa07136e/736x736/3278aefd8b49f2a6c187811bf785e32b.jpg",
    "url": "https://www.immoweb.be/en/classified/21878126"
   }
  },
  {
   "type": "Feature",
   "geometry": {
    "type": "Point",
    "coordinates": [
     4.4686672,
     51.2028931
    ]
   },
   "properties": {
    "id": 21804625,
    "title": null,
    "subtype": "APARTMENT",
    "street": "Dascottelei 79 box 304",
    "postal_code": "2100",
    "locality": "Antwerpen",
    "place": null,
    "floor": 3,
    "bedrooms": 2,
    "surface_m2": 80,
    "rent_eur": 1025,
    "costs_eur": 85,
    "total_eur": 1110,
    "eur_per_m2": 12.8,
    "agency": "Innclusive BV",
    "flag": null,
    "updated": "2026-09-17T13:00:47.950Z",
    "image": "https://media-resize.immowebstatic.be/classifieds/18d1e7be-0ccf-4b19-8c2e-9d5ee6b2fd0d/100x100/4035f19885e3af64980bd480a95bdab8.jpg",
    "image_large": "https://media-resize.immowebstatic.be/classifieds/18d1e7be-0ccf-4b19-8c2e-9d5ee6b2fd0d/736x736/4035f19885e3af64980bd480a95bdab8.jpg",
    "photos": "https://media-resize.immowebstatic.be/classifieds/18d1e7be-0ccf-4b19-8c2e-9d5ee6b2fd0d/736x736/4035f19885e3af64980bd480a95bdab8.jpg|https://media-resize.immowebstatic.be/classifieds/18d1e7be-0ccf-4b19-8c2e-9d5ee6b2fd0d/736x736/9da9b45649ffc925b0809bb129056ac8.jpg|https://media-resize.immowebstatic.be/classifieds/18d1e7be-0ccf-4b19-8c2e-9d5ee6b2fd0d/736x736/9851e8bb29a783c9d40e3c9cbf130c65.jpg|https://media-resize.immowebstatic.be/classifieds/18d1e7be-0ccf-4b19-8c2e-9d5ee6b2fd0d/736x736/7a2de2547ddf47270209ed27bc99477c.jpg",
    "url": "https://www.immoweb.be/en/classified/21804625"
   }
  },
  {
   "type": "Feature",
   "geometry": {
    "type": "Point",
    "coordinates": [
     4.390111399999999,
     51.1688337
    ]
   },
   "properties": {
    "id": 21892043,
    "title": null,
    "subtype": "DUPLEX",
    "street": "Vuurmolenstraat 30",
    "postal_code": "2610",
    "locality": "Antwerpen",
    "place": null,
    "floor": 2,
    "bedrooms": 2,
    "surface_m2": null,
    "rent_eur": 1045,
    "costs_eur": 0,
    "total_eur": 1045,
    "eur_per_m2": null,
    "agency": "Verlat Antwerpen",
    "flag": "new",
    "updated": "2026-10-06T00:00:27.092Z",
    "image": "https://media-resize.immowebstatic.be/classifieds/6273c774-e065-45cd-8172-d69d03d246a4/100x100/e3b909609bf985456d93a8aef6e3b269.jpg",
    "image_large": "https://media-resize.immowebstatic.be/classifieds/6273c774-e065-45cd-8172-d69d03d246a4/736x736/e3b909609bf985456d93a8aef6e3b269.jpg",
    "photos": "https://media-resize.immowebstatic.be/classifieds/6273c774-e065-45cd-8172-d69d03d246a4/736x736/e3b909609bf985456d93a8aef6e3b269.jpg|https://media-resize.immowebstatic.be/classifieds/6273c774-e065-45cd-8172-d69d03d246a4/736x736/b1d48c97500087798c343913e1b97136.jpg|https://media-resize.immowebstatic.be/classifieds/6273c774-e065-45cd-8172-d69d03d246a4/736x736/53d8230d93043c9b371a06e35827aef5.jpg|https://media-resize.immowebstatic.be/classifieds/6273c774-e065-45cd-8172-d69d03d246a4/736x736/106cb1d14fa6cb28ca9cebfc455cbb77.jpg",
    "url": "https://www.immoweb.be/en/classified/21892043"
   }
  },
  {
   "type": "Feature",
   "geometry": {
    "type": "Point",
    "coordinates": [
     4.4753262,
     51.172359
    ]
   },
   "properties": {
    "id": 21888463,
    "title": null,
    "subtype": "APARTMENT",
    "street": "Kardinaal Cardijnlaan 25 box 2",
    "postal_code": "2640",
    "locality": "Mortsel",
    "place": null,
    "floor": 2,
    "bedrooms": 2,
    "surface_m2": 97,
    "rent_eur": 1045,
    "costs_eur": 20,
    "total_eur": 1065,
    "eur_per_m2": 10.8,
    "agency": "PRIVATE",
    "flag": "new",
    "updated": "2026-10-04T17:26:26.524Z",
    "image": "https://media-resize.immowebstatic.be/classifieds/c9779d09-a2d9-4cf6-bfeb-15639939af0d/100x100/7a5749ddbc049ab22c4a4e95483d729f.jpg",
    "image_large": "https://media-resize.immowebstatic.be/classifieds/c9779d09-a2d9-4cf6-bfeb-15639939af0d/736x736/7a5749ddbc049ab22c4a4e95483d729f.jpg",
    "photos": "https://media-resize.immowebstatic.be/classifieds/c9779d09-a2d9-4cf6-bfeb-15639939af0d/736x736/7a5749ddbc049ab22c4a4e95483d729f.jpg|https://media-resize.immowebstatic.be/classifieds/c9779d09-a2d9-4cf6-bfeb-15639939af0d/736x736/0109c206a7133f903406f0ea4351e5fc.jpg|https://media-resize.immowebstatic.be/classifieds/c9779d09-a2d9-4cf6-bfeb-15639939af0d/736x736/123332714190ec899bb04312aa7b9b1b.jpg|https://media-resize.immowebstatic.be/classifieds/c9779d09-a2d9-4cf6-bfeb-15639939af0d/736x736/cede321c1206420ebe668b90fc482ef4.jpg",
    "url": "https://www.immoweb.be/en/classified/21888463"
   }
  },
  {
   "type": "Feature",
   "geometry": {
    "type": "Point",
    "coordinates": [
     4.3630882,
     51.2197192
    ]
   },
   "properties": {
    "id": 21886584,
    "title": "Twee-slaapkamer appartement met parkeerplaats",
    "subtype": "APARTMENT",
    "street": "Blancefloerlaan 371 box 102",
    "postal_code": "2050",
    "locality": "Antwerpen (2050)",
    "place": "",
    "floor": 1,
    "bedrooms": 2,
    "surface_m2": 74,
    "rent_eur": 1050,
    "costs_eur": 100,
    "total_eur": 1150,
    "eur_per_m2": 14.2,
    "agency": "Urbis Vastgoedgroep",
    "flag": "new",
    "updated": "2026-10-07T18:38:11.695Z",
    "image": "https://media-resize.immowebstatic.be/classifieds/6c8f9568-5540-476d-b54d-6712577462b8/100x100/9362a1213c0992bdde3a78a810a8dad0.jpg",
    "image_large": "https://media-resize.immowebstatic.be/classifieds/6c8f9568-5540-476d-b54d-6712577462b8/736x736/9362a1213c0992bdde3a78a810a8dad0.jpg",
    "photos": "https://media-resize.immowebstatic.be/classifieds/6c8f9568-5540-476d-b54d-6712577462b8/736x736/9362a1213c0992bdde3a78a810a8dad0.jpg|https://media-resize.immowebstatic.be/classifieds/6c8f9568-5540-476d-b54d-6712577462b8/736x736/3f05a05375a8706c6d49ca1b3b15f256.jpg|https://media-resize.immowebstatic.be/classifieds/6c8f9568-5540-476d-b54d-6712577462b8/736x736/61d9756294c4c3ae8776a08192d6b8e5.jpg|https://media-resize.immowebstatic.be/classifieds/6c8f9568-5540-476d-b54d-6712577462b8/736x736/3e239fc339089f160591967384906df9.jpg",
    "url": "https://www.immoweb.be/en/classified/21886584"
   }
  },
  {
   "type": "Feature",
   "geometry": {
    "type": "Point",
    "coordinates": [
     4.3942327,
     51.1859232
    ]
   },
   "properties": {
    "id": 21688501,
    "title": null,
    "subtype": "APARTMENT",
    "street": "Kruishofstraat 54",
    "postal_code": "2020",
    "locality": "Antwerpen",
    "place": null,
    "floor": 1,
    "bedrooms": 2,
    "surface_m2": null,
    "rent_eur": 1050,
    "costs_eur": 44,
    "total_eur": 1094,
    "eur_per_m2": null,
    "agency": "PRIVATE",
    "flag": null,
    "updated": "2026-09-22T12:03:14.127Z",
    "image": "https://media-resize.immowebstatic.be/classifieds/71f3aa6a-1800-40fa-b041-33da4bef6e58/100x100/4b8e6edadc1078fe8aad5b5bd83ebbc6.jpg",
    "image_large": "https://media-resize.immowebstatic.be/classifieds/71f3aa6a-1800-40fa-b041-33da4bef6e58/736x736/4b8e6edadc1078fe8aad5b5bd83ebbc6.jpg",
    "photos": "https://media-resize.immowebstatic.be/classifieds/71f3aa6a-1800-40fa-b041-33da4bef6e58/736x736/4b8e6edadc1078fe8aad5b5bd83ebbc6.jpg|https://media-resize.immowebstatic.be/classifieds/71f3aa6a-1800-40fa-b041-33da4bef6e58/736x736/944b7bcfa9df8e34ce5d8df19c318787.jpg|https://media-resize.immowebstatic.be/classifieds/71f3aa6a-1800-40fa-b041-33da4bef6e58/736x736/8eab0ea7fa2cc1ae1da74d0fea8a7753.jpg|https://media-resize.immowebstatic.be/classifieds/71f3aa6a-1800-40fa-b041-33da4bef6e58/736x736/18b831c8be7ca7c7e65d1b94881fcbb7.jpg",
    "url": "https://www.immoweb.be/en/classified/21688501"
   }
  },
  {
   "type": "Feature",
   "geometry": {
    "type": "Point",
    "coordinates": [
     4.4417839,
     51.2131886
    ]
   },
   "properties": {
    "id": 21836858,
    "title": "Bright, renovated two-bedroom apartment",
    "subtype": "APARTMENT",
    "street": "Hogeweg 20",
    "postal_code": "2140",
    "locality": "Antwerp",
    "place": null,
    "floor": 2,
    "bedrooms": 2,
    "surface_m2": 78,
    "rent_eur": 1050,
    "costs_eur": 100,
    "total_eur": 1150,
    "eur_per_m2": 13.5,
    "agency": "PRIVATE",
    "flag": "under_option",
    "updated": "2026-10-07T11:35:42.606Z",
    "image": "https://media-resize.immowebstatic.be/classifieds/64b38bf7-f66e-4d48-a9fa-d79fe578a1da/100x100/17475a5743c5136ce8db4c9d0a72556a.jpg",
    "image_large": "https://media-resize.immowebstatic.be/classifieds/64b38bf7-f66e-4d48-a9fa-d79fe578a1da/736x736/17475a5743c5136ce8db4c9d0a72556a.jpg",
    "photos": "https://media-resize.immowebstatic.be/classifieds/64b38bf7-f66e-4d48-a9fa-d79fe578a1da/736x736/17475a5743c5136ce8db4c9d0a72556a.jpg|https://media-resize.immowebstatic.be/classifieds/64b38bf7-f66e-4d48-a9fa-d79fe578a1da/736x736/29c762e86ffb0f47c4392f116f453f09.jpg|https://media-resize.immowebstatic.be/classifieds/64b38bf7-f66e-4d48-a9fa-d79fe578a1da/736x736/7740e07afbca851406745c3a64fbfb70.jpg|https://media-resize.immowebstatic.be/classifieds/64b38bf7-f66e-4d48-a9fa-d79fe578a1da/736x736/ccbdd6d67e2a8182466a8aff5ae12711.jpg",
    "url": "https://www.immoweb.be/en/classified/21836858"
   }
  },
  {
   "type": "Feature",
   "geometry": {
    "type": "Point",
    "coordinates": [
     4.3966772,
     51.20613179999999
    ]
   },
   "properties": {
    "id": 21883143,
    "title": "Bright 2-bed top-floor apartment with terrace, Antwerp Zuid",
    "subtype": "APARTMENT",
    "street": "Brederodestraat 29 box 301",
    "postal_code": "2018",
    "locality": "Antwerp",
    "place": null,
    "floor": 3,
    "bedrooms": 2,
    "surface_m2": 53,
    "rent_eur": 1050,
    "costs_eur": 0,
    "total_eur": 1050,
    "eur_per_m2": 19.8,
    "agency": "PRIVATE",
    "flag": "new",
    "updated": "2026-10-02T08:46:31.550Z",
    "image": "https://media-resize.immowebstatic.be/classifieds/4bcf21d2-3aa0-4e5f-93fa-aac0ff27310c/100x100/9d4d0715882181eeba3ae7e623cc6487.jpg",
    "image_large": "https://media-resize.immowebstatic.be/classifieds/4bcf21d2-3aa0-4e5f-93fa-aac0ff27310c/736x736/9d4d0715882181eeba3ae7e623cc6487.jpg",
    "photos": "https://media-resize.immowebstatic.be/classifieds/4bcf21d2-3aa0-4e5f-93fa-aac0ff27310c/736x736/9d4d0715882181eeba3ae7e623cc6487.jpg|https://media-resize.immowebstatic.be/classifieds/4bcf21d2-3aa0-4e5f-93fa-aac0ff27310c/736x736/abe6fb6b5b74b727d2b19e993b8bf873.jpg|https://media-resize.immowebstatic.be/classifieds/4bcf21d2-3aa0-4e5f-93fa-aac0ff27310c/736x736/9efbec1c971c03688de7994fc6ecda69.jpg|https://media-resize.immowebstatic.be/classifieds/4bcf21d2-3aa0-4e5f-93fa-aac0ff27310c/736x736/8db0c4315a36caf68c363a5c2695e9e0.jpg",
    "url": "https://www.immoweb.be/en/classified/21883143"
   }
  },
  {
   "type": "Feature",
   "geometry": {
    "type": "Point",
    "coordinates": [
     4.4422745,
     51.1695502
    ]
   },
   "properties": {
    "id": 21891861,
    "title": null,
    "subtype": "GROUND_FLOOR",
    "street": "Vijf-Aprilwarande 26 box 1L",
    "postal_code": "2640",
    "locality": "Mortsel",
    "place": null,
    "floor": 0,
    "bedrooms": 2,
    "surface_m2": 90,
    "rent_eur": 1050,
    "costs_eur": 210,
    "total_eur": 1260,
    "eur_per_m2": 11.7,
    "agency": "PRIVATE",
    "flag": "new",
    "updated": "2026-10-05T19:27:02.125Z",
    "image": "https://media-resize.immowebstatic.be/classifieds/ba29cf5c-7d93-40e4-a735-89366b8cc1ae/100x100/b857056ba1e5185f5da7abdb37176a2c.jpg",
    "image_large": "https://media-resize.immowebstatic.be/classifieds/ba29cf5c-7d93-40e4-a735-89366b8cc1ae/736x736/b857056ba1e5185f5da7abdb37176a2c.jpg",
    "photos": "https://media-resize.immowebstatic.be/classifieds/ba29cf5c-7d93-40e4-a735-89366b8cc1ae/736x736/b857056ba1e5185f5da7abdb37176a2c.jpg|https://media-resize.immowebstatic.be/classifieds/ba29cf5c-7d93-40e4-a735-89366b8cc1ae/736x736/6ed2b45e1b181b1281e1b4c56c4ac0be.jpg|https://media-resize.immowebstatic.be/classifieds/ba29cf5c-7d93-40e4-a735-89366b8cc1ae/736x736/5aad2471adeb88ed1fda1946c9852507.jpg|https://media-resize.immowebstatic.be/classifieds/ba29cf5c-7d93-40e4-a735-89366b8cc1ae/736x736/24d3504ccf9358042effed7c39928ce2.jpg",
    "url": "https://www.immoweb.be/en/classified/21891861"
   }
  },
  {
   "type": "Feature",
   "geometry": {
    "type": "Point",
    "coordinates": [
     4.4636867,
     51.2024526
    ]
   },
   "properties": {
    "id": 21841381,
    "title": "APPARTEMENT MET TERRAS",
    "subtype": "APARTMENT",
    "street": "Boekenberglei 23",
    "postal_code": "2100",
    "locality": "Deurne (2100)",
    "place": "",
    "floor": 1,
    "bedrooms": 2,
    "surface_m2": 70,
    "rent_eur": 1050,
    "costs_eur": 60,
    "total_eur": 1110,
    "eur_per_m2": 15.0,
    "agency": "Immobilien Carl Martens NV",
    "flag": null,
    "updated": "2026-10-07T18:23:23.050Z",
    "image": "https://media-resize.immowebstatic.be/classifieds/9f683ea6-c0a6-4001-a0c0-60048b0aceb5/100x100/b1c07e4989b96de0fbae822b123bcd3b.jpg",
    "image_large": "https://media-resize.immowebstatic.be/classifieds/9f683ea6-c0a6-4001-a0c0-60048b0aceb5/736x736/b1c07e4989b96de0fbae822b123bcd3b.jpg",
    "photos": "https://media-resize.immowebstatic.be/classifieds/9f683ea6-c0a6-4001-a0c0-60048b0aceb5/736x736/b1c07e4989b96de0fbae822b123bcd3b.jpg|https://media-resize.immowebstatic.be/classifieds/9f683ea6-c0a6-4001-a0c0-60048b0aceb5/736x736/3a0705251eeb832ec0820c026cd5b76b.jpg|https://media-resize.immowebstatic.be/classifieds/9f683ea6-c0a6-4001-a0c0-60048b0aceb5/736x736/70364ce41511d9d595b0a570efd034ff.jpg|https://media-resize.immowebstatic.be/classifieds/9f683ea6-c0a6-4001-a0c0-60048b0aceb5/736x736/44a27e8668fc962ef18ecd6d8d7f4db3.jpg",
    "url": "https://www.immoweb.be/en/classified/21841381"
   }
  },
  {
   "type": "Feature",
   "geometry": {
    "type": "Point",
    "coordinates": [
     4.391915099999999,
     51.1995233
    ]
   },
   "properties": {
    "id": 21793022,
    "title": null,
    "subtype": "APARTMENT",
    "street": "Victor Driessensstraat 2a box 101",
    "postal_code": "2018",
    "locality": "Antwerpen",
    "place": null,
    "floor": 1,
    "bedrooms": 2,
    "surface_m2": 80,
    "rent_eur": 1050,
    "costs_eur": 50,
    "total_eur": 1100,
    "eur_per_m2": 13.1,
    "agency": "PRIVATE",
    "flag": null,
    "updated": "2026-09-17T17:09:51.253Z",
    "image": "https://media-resize.immowebstatic.be/classifieds/fca6c019-1593-49bb-b76a-3c7a9ce6b2e5/100x100/28ceab1140c448b0dc9496753f979837.jpg",
    "image_large": "https://media-resize.immowebstatic.be/classifieds/fca6c019-1593-49bb-b76a-3c7a9ce6b2e5/736x736/28ceab1140c448b0dc9496753f979837.jpg",
    "photos": "https://media-resize.immowebstatic.be/classifieds/fca6c019-1593-49bb-b76a-3c7a9ce6b2e5/736x736/28ceab1140c448b0dc9496753f979837.jpg|https://media-resize.immowebstatic.be/classifieds/fca6c019-1593-49bb-b76a-3c7a9ce6b2e5/736x736/ebb6e27fca979eb9f9e71a1a1e5edf2e.jpg|https://media-resize.immowebstatic.be/classifieds/fca6c019-1593-49bb-b76a-3c7a9ce6b2e5/736x736/bfcfdb8b4f6767c19d5c8d488f7c0aa4.jpg|https://media-resize.immowebstatic.be/classifieds/fca6c019-1593-49bb-b76a-3c7a9ce6b2e5/736x736/1f4178b8b3d35494ceb9d71654355184.jpg",
    "url": "https://www.immoweb.be/en/classified/21793022"
   }
  },
  {
   "type": "Feature",
   "geometry": {
    "type": "Point",
    "coordinates": [
     4.410771599999999,
     51.2315645
    ]
   },
   "properties": {
    "id": 21831555,
    "title": null,
    "subtype": "APARTMENT",
    "street": "August Michielsstraat 24 box 102",
    "postal_code": "2000",
    "locality": "Antwerpen",
    "place": null,
    "floor": 1,
    "bedrooms": 2,
    "surface_m2": null,
    "rent_eur": 1050,
    "costs_eur": 25,
    "total_eur": 1075,
    "eur_per_m2": null,
    "agency": "PRIVATE",
    "flag": null,
    "updated": "2026-09-10T15:09:24.223Z",
    "image": "https://media-resize.immowebstatic.be/classifieds/ecb9bd49-e83e-4261-bc83-8ff058eca68a/100x100/79efd4fc20679692f01898a8b4079878.jpg",
    "image_large": "https://media-resize.immowebstatic.be/classifieds/ecb9bd49-e83e-4261-bc83-8ff058eca68a/736x736/79efd4fc20679692f01898a8b4079878.jpg",
    "photos": "https://media-resize.immowebstatic.be/classifieds/ecb9bd49-e83e-4261-bc83-8ff058eca68a/736x736/79efd4fc20679692f01898a8b4079878.jpg|https://media-resize.immowebstatic.be/classifieds/ecb9bd49-e83e-4261-bc83-8ff058eca68a/736x736/ce64061e9b98cb97e447259de65c8274.jpg|https://media-resize.immowebstatic.be/classifieds/ecb9bd49-e83e-4261-bc83-8ff058eca68a/736x736/300cd8570c73f973e8eb02186a2f003b.jpg|https://media-resize.immowebstatic.be/classifieds/ecb9bd49-e83e-4261-bc83-8ff058eca68a/736x736/606a981b4f36e96c3a94990d6f3aaef7.jpg",
    "url": "https://www.immoweb.be/en/classified/21831555"
   }
  },
  {
   "type": "Feature",
   "geometry": {
    "type": "Point",
    "coordinates": [
     4.458016199999999,
     51.1984663
    ]
   },
   "properties": {
    "id": 21894366,
    "title": "Appartement",
    "subtype": "APARTMENT",
    "street": "Van Notenstraat 93-95",
    "postal_code": "2100",
    "locality": "DEURNE",
    "place": "",
    "floor": 1,
    "bedrooms": 2,
    "surface_m2": 90,
    "rent_eur": 1050,
    "costs_eur": 0,
    "total_eur": 1050,
    "eur_per_m2": 11.7,
    "agency": "Immo Dyck",
    "flag": "new",
    "updated": "2026-10-08T01:46:21.490Z",
    "image": "https://media-resize.immowebstatic.be/classifieds/c14a8fee-47f6-4595-a130-70f7575976b9/100x100/295657cf96e164c5ad4a5a10a17a17b3.jpg",
    "image_large": "https://media-resize.immowebstatic.be/classifieds/c14a8fee-47f6-4595-a130-70f7575976b9/736x736/295657cf96e164c5ad4a5a10a17a17b3.jpg",
    "photos": "https://media-resize.immowebstatic.be/classifieds/c14a8fee-47f6-4595-a130-70f7575976b9/736x736/295657cf96e164c5ad4a5a10a17a17b3.jpg|https://media-resize.immowebstatic.be/classifieds/c14a8fee-47f6-4595-a130-70f7575976b9/736x736/409069b97bca3d28c57e7826f537e2a6.jpg|https://media-resize.immowebstatic.be/classifieds/c14a8fee-47f6-4595-a130-70f7575976b9/736x736/bf787600eb6a7bad55ff26aec2a4e83c.jpg|https://media-resize.immowebstatic.be/classifieds/c14a8fee-47f6-4595-a130-70f7575976b9/736x736/d66247675fe7051f96a351e073c26947.jpg",
    "url": "https://www.immoweb.be/en/classified/21894366"
   }
  },
  {
   "type": "Feature",
   "geometry": {
    "type": "Point",
    "coordinates": [
     4.4129463,
     51.2017913
    ]
   },
   "properties": {
    "id": 21884832,
    "title": null,
    "subtype": "APARTMENT",
    "street": "Mechelsesteenweg 235 box 301",
    "postal_code": "2018",
    "locality": "Antwerpen",
    "place": null,
    "floor": 3,
    "bedrooms": 2,
    "surface_m2": 85,
    "rent_eur": 1050,
    "costs_eur": 100,
    "total_eur": 1150,
    "eur_per_m2": 12.4,
    "agency": "SIDIMEX Antwerpen",
    "flag": "new",
    "updated": "2026-10-06T12:12:50.435Z",
    "image": "https://media-resize.immowebstatic.be/classifieds/a4cc5f77-037a-4559-8bc4-95b408d09640/100x100/f18c88ecd530fe8a5e57c6d2d5291a2a.jpg",
    "image_large": "https://media-resize.immowebstatic.be/classifieds/a4cc5f77-037a-4559-8bc4-95b408d09640/736x736/f18c88ecd530fe8a5e57c6d2d5291a2a.jpg",
    "photos": "https://media-resize.immowebstatic.be/classifieds/a4cc5f77-037a-4559-8bc4-95b408d09640/736x736/f18c88ecd530fe8a5e57c6d2d5291a2a.jpg|https://media-resize.immowebstatic.be/classifieds/a4cc5f77-037a-4559-8bc4-95b408d09640/736x736/94a344c39d2822ae085c4ce6bb68ec28.jpg|https://media-resize.immowebstatic.be/classifieds/a4cc5f77-037a-4559-8bc4-95b408d09640/736x736/0909839143b0b143e4524c36023a4ddc.jpg|https://media-resize.immowebstatic.be/classifieds/a4cc5f77-037a-4559-8bc4-95b408d09640/736x736/c64f0649b509abe3a6d00db82cee3e51.jpg",
    "url": "https://www.immoweb.be/en/classified/21884832"
   }
  },
  {
   "type": "Feature",
   "geometry": {
    "type": "Point",
    "coordinates": [
     4.4905035,
     51.16368910000001
    ]
   },
   "properties": {
    "id": 21860874,
    "title": "Midden Boechout",
    "subtype": "APARTMENT",
    "street": "Ijzerlei 18",
    "postal_code": "2530",
    "locality": "Boechout",
    "place": "",
    "floor": 2,
    "bedrooms": 2,
    "surface_m2": 85,
    "rent_eur": 1050,
    "costs_eur": 0,
    "total_eur": 1050,
    "eur_per_m2": 12.4,
    "agency": "Metropool Vastgoed Centrum",
    "flag": "under_option",
    "updated": "2026-10-07T19:33:52.625Z",
    "image": "https://media-resize.immowebstatic.be/classifieds/a8e1806a-679c-4bef-84fb-dcc4fe796b63/100x100/5944c02b083a22a44ec958f8b20e860c.jpg",
    "image_large": "https://media-resize.immowebstatic.be/classifieds/a8e1806a-679c-4bef-84fb-dcc4fe796b63/736x736/5944c02b083a22a44ec958f8b20e860c.jpg",
    "photos": "https://media-resize.immowebstatic.be/classifieds/a8e1806a-679c-4bef-84fb-dcc4fe796b63/736x736/5944c02b083a22a44ec958f8b20e860c.jpg|https://media-resize.immowebstatic.be/classifieds/a8e1806a-679c-4bef-84fb-dcc4fe796b63/736x736/19adf405e0ae6f075c9a3458c2d2a39d.jpg|https://media-resize.immowebstatic.be/classifieds/a8e1806a-679c-4bef-84fb-dcc4fe796b63/736x736/57925d64ce9df40fb38c296cf77ddafc.jpg|https://media-resize.immowebstatic.be/classifieds/a8e1806a-679c-4bef-84fb-dcc4fe796b63/736x736/c0e65b79ee0045b9da32029840b39cd6.jpg",
    "url": "https://www.immoweb.be/en/classified/21860874"
   }
  },
  {
   "type": "Feature",
   "geometry": {
    "type": "Point",
    "coordinates": [
     4.4400911,
     51.2232283
    ]
   },
   "properties": {
    "id": 21862310,
    "title": null,
    "subtype": "APARTMENT",
    "street": "Lange Kongostraat 45 box 301",
    "postal_code": "2060",
    "locality": "Antwerpen",
    "place": null,
    "floor": 3,
    "bedrooms": 2,
    "surface_m2": 82,
    "rent_eur": 1050,
    "costs_eur": 100,
    "total_eur": 1150,
    "eur_per_m2": 12.8,
    "agency": "ERA Rental",
    "flag": "new",
    "updated": "2026-09-29T13:34:16.547Z",
    "image": "https://media-resize.immowebstatic.be/classifieds/057aa1ff-d6ed-4f2a-86be-e0e9d37dabd0/100x100/06784fb382103f8d6f6f79a217b922f9.jpg",
    "image_large": "https://media-resize.immowebstatic.be/classifieds/057aa1ff-d6ed-4f2a-86be-e0e9d37dabd0/736x736/06784fb382103f8d6f6f79a217b922f9.jpg",
    "photos": "https://media-resize.immowebstatic.be/classifieds/057aa1ff-d6ed-4f2a-86be-e0e9d37dabd0/736x736/06784fb382103f8d6f6f79a217b922f9.jpg|https://media-resize.immowebstatic.be/classifieds/057aa1ff-d6ed-4f2a-86be-e0e9d37dabd0/736x736/48621628d6e1f2bc76aca48cc7758c26.jpg|https://media-resize.immowebstatic.be/classifieds/057aa1ff-d6ed-4f2a-86be-e0e9d37dabd0/736x736/87cf98ef1563446b2ecb6da04c7c51c2.jpg|https://media-resize.immowebstatic.be/classifieds/057aa1ff-d6ed-4f2a-86be-e0e9d37dabd0/736x736/85657a1cec392cdd3777008f64443db3.jpg",
    "url": "https://www.immoweb.be/en/classified/21862310"
   }
  },
  {
   "type": "Feature",
   "geometry": {
    "type": "Point",
    "coordinates": [
     4.434830499999999,
     51.2552113
    ]
   },
   "properties": {
    "id": 21870646,
    "title": null,
    "subtype": "APARTMENT",
    "street": "Victor Govaerslaan 3",
    "postal_code": "2170",
    "locality": "Antwerpen",
    "place": null,
    "floor": 5,
    "bedrooms": 2,
    "surface_m2": 85,
    "rent_eur": 1050,
    "costs_eur": 175,
    "total_eur": 1225,
    "eur_per_m2": 12.4,
    "agency": "VEJA-VASTGOED",
    "flag": "new",
    "updated": "2026-10-07T13:23:01.290Z",
    "image": "https://media-resize.immowebstatic.be/classifieds/0dd6ce58-52bc-4888-8578-489269ebb264/100x100/77ebcf9990d33ad137cb8ab58986bcfc.jpg",
    "image_large": "https://media-resize.immowebstatic.be/classifieds/0dd6ce58-52bc-4888-8578-489269ebb264/736x736/77ebcf9990d33ad137cb8ab58986bcfc.jpg",
    "photos": "https://media-resize.immowebstatic.be/classifieds/0dd6ce58-52bc-4888-8578-489269ebb264/736x736/77ebcf9990d33ad137cb8ab58986bcfc.jpg|https://media-resize.immowebstatic.be/classifieds/0dd6ce58-52bc-4888-8578-489269ebb264/736x736/ea6225767d1ef05709a72be1f59df4eb.jpg|https://media-resize.immowebstatic.be/classifieds/0dd6ce58-52bc-4888-8578-489269ebb264/736x736/0fb0d13ed69a8b5c4a3ed842fa5cd5ef.jpg|https://media-resize.immowebstatic.be/classifieds/0dd6ce58-52bc-4888-8578-489269ebb264/736x736/c386507038eb953236e89f99d7e1959f.jpg",
    "url": "https://www.immoweb.be/en/classified/21870646"
   }
  },
  {
   "type": "Feature",
   "geometry": {
    "type": "Point",
    "coordinates": [
     4.405031,
     51.2245371
    ]
   },
   "properties": {
    "id": 21888419,
    "title": null,
    "subtype": "APARTMENT",
    "street": "Mutsaardstraat 4 box 202",
    "postal_code": "2000",
    "locality": "Antwerpen",
    "place": null,
    "floor": 2,
    "bedrooms": 2,
    "surface_m2": 81,
    "rent_eur": 1050,
    "costs_eur": 75,
    "total_eur": 1125,
    "eur_per_m2": 13.0,
    "agency": "PRIVATE",
    "flag": "new",
    "updated": "2026-10-04T19:33:42.330Z",
    "image": "https://media-resize.immowebstatic.be/classifieds/4dfb5cca-d3b6-46cc-a974-967319e965f1/100x100/f3d3ba2c299bbfaac0c3d8095e80c704.heic",
    "image_large": "https://media-resize.immowebstatic.be/classifieds/4dfb5cca-d3b6-46cc-a974-967319e965f1/736x736/f3d3ba2c299bbfaac0c3d8095e80c704.heic",
    "photos": "https://media-resize.immowebstatic.be/classifieds/4dfb5cca-d3b6-46cc-a974-967319e965f1/736x736/f3d3ba2c299bbfaac0c3d8095e80c704.heic|https://media-resize.immowebstatic.be/classifieds/4dfb5cca-d3b6-46cc-a974-967319e965f1/736x736/e8442c8e33d4e2fcf31e74fbaa05f87c.jpg|https://media-resize.immowebstatic.be/classifieds/4dfb5cca-d3b6-46cc-a974-967319e965f1/736x736/ea15adf8bd48328b6287daa07189b05d.jpg|https://media-resize.immowebstatic.be/classifieds/4dfb5cca-d3b6-46cc-a974-967319e965f1/736x736/3a0eea2cdddf352ffe3596e776001e8a.jpg",
    "url": "https://www.immoweb.be/en/classified/21888419"
   }
  },
  {
   "type": "Feature",
   "geometry": {
    "type": "Point",
    "coordinates": [
     4.4382683,
     51.2159814
    ]
   },
   "properties": {
    "id": 21892660,
    "title": null,
    "subtype": "APARTMENT",
    "street": "Vinçotteplein 28",
    "postal_code": "2140",
    "locality": "Antwerpen",
    "place": null,
    "floor": 1,
    "bedrooms": 2,
    "surface_m2": 90,
    "rent_eur": 1060,
    "costs_eur": 60,
    "total_eur": 1120,
    "eur_per_m2": 11.8,
    "agency": "PRIVATE",
    "flag": "new",
    "updated": "2026-10-08T07:55:43.753Z",
    "image": "https://media-resize.immowebstatic.be/classifieds/4f1cc01f-df3b-4b75-856d-2219d609eb28/100x100/072b0b72ca308a7bef09e8cb19d2b2fe.jpg",
    "image_large": "https://media-resize.immowebstatic.be/classifieds/4f1cc01f-df3b-4b75-856d-2219d609eb28/736x736/072b0b72ca308a7bef09e8cb19d2b2fe.jpg",
    "photos": "https://media-resize.immowebstatic.be/classifieds/4f1cc01f-df3b-4b75-856d-2219d609eb28/736x736/072b0b72ca308a7bef09e8cb19d2b2fe.jpg|https://media-resize.immowebstatic.be/classifieds/4f1cc01f-df3b-4b75-856d-2219d609eb28/736x736/e5579518b8c5741d4481c39ac2dc0a06.jpg|https://media-resize.immowebstatic.be/classifieds/4f1cc01f-df3b-4b75-856d-2219d609eb28/736x736/874df3360f8ea70cfba763a4880ff386.jpg|https://media-resize.immowebstatic.be/classifieds/4f1cc01f-df3b-4b75-856d-2219d609eb28/736x736/09596cc0d5ae68f7ac039e8a2129d8eb.jpg",
    "url": "https://www.immoweb.be/en/classified/21892660"
   }
  },
  {
   "type": "Feature",
   "geometry": {
    "type": "Point",
    "coordinates": [
     4.385555900000001,
     51.2223978
    ]
   },
   "properties": {
    "id": 21884091,
    "title": null,
    "subtype": "APARTMENT",
    "street": "Frederik Van Eedenplein 6",
    "postal_code": "2050",
    "locality": "Antwerpen",
    "place": null,
    "floor": 1,
    "bedrooms": 2,
    "surface_m2": 90,
    "rent_eur": 1070,
    "costs_eur": 0,
    "total_eur": 1070,
    "eur_per_m2": 11.9,
    "agency": "PRIVATE",
    "flag": "new",
    "updated": "2026-10-02T09:14:25.294Z",
    "image": "https://media-resize.immowebstatic.be/classifieds/b5f3ebf5-82fb-4e08-b0b2-e34caf21747c/100x100/69d599e792732b5c5d404e1e0a80356e.jpg",
    "image_large": "https://media-resize.immowebstatic.be/classifieds/b5f3ebf5-82fb-4e08-b0b2-e34caf21747c/736x736/69d599e792732b5c5d404e1e0a80356e.jpg",
    "photos": "https://media-resize.immowebstatic.be/classifieds/b5f3ebf5-82fb-4e08-b0b2-e34caf21747c/736x736/69d599e792732b5c5d404e1e0a80356e.jpg|https://media-resize.immowebstatic.be/classifieds/b5f3ebf5-82fb-4e08-b0b2-e34caf21747c/736x736/d05d091edd9153195896f91319beab14.jpg|https://media-resize.immowebstatic.be/classifieds/b5f3ebf5-82fb-4e08-b0b2-e34caf21747c/736x736/be8e40dbd033f30a1165a9569db81802.jpg|https://media-resize.immowebstatic.be/classifieds/b5f3ebf5-82fb-4e08-b0b2-e34caf21747c/736x736/d115b0d6fbac80efa3de82c3b1510950.jpg",
    "url": "https://www.immoweb.be/en/classified/21884091"
   }
  },
  {
   "type": "Feature",
   "geometry": {
    "type": "Point",
    "coordinates": [
     4.39637,
     51.2046668
    ]
   },
   "properties": {
    "id": 21883810,
    "title": "trendy two-bedroom apartment on Paleisstraat",
    "subtype": "APARTMENT",
    "street": "Paleisstraat 149 box 101",
    "postal_code": "2018",
    "locality": "Antwerpen",
    "place": null,
    "floor": 1,
    "bedrooms": 2,
    "surface_m2": 70,
    "rent_eur": 1080,
    "costs_eur": 90,
    "total_eur": 1170,
    "eur_per_m2": 15.4,
    "agency": "Provas",
    "flag": "new",
    "updated": "2026-10-05T11:01:26.155Z",
    "image": "https://media-resize.immowebstatic.be/classifieds/40aed454-834b-4d64-9102-34dccf99d437/100x100/4e5b14063f9d9dc6d073376674716606.jpg",
    "image_large": "https://media-resize.immowebstatic.be/classifieds/40aed454-834b-4d64-9102-34dccf99d437/736x736/4e5b14063f9d9dc6d073376674716606.jpg",
    "photos": "https://media-resize.immowebstatic.be/classifieds/40aed454-834b-4d64-9102-34dccf99d437/736x736/4e5b14063f9d9dc6d073376674716606.jpg|https://media-resize.immowebstatic.be/classifieds/40aed454-834b-4d64-9102-34dccf99d437/736x736/d057ab2d366b382243b3cbd1852ee785.jpg|https://media-resize.immowebstatic.be/classifieds/40aed454-834b-4d64-9102-34dccf99d437/736x736/586b2d408e4ddbfa9eb8937d92296610.jpg|https://media-resize.immowebstatic.be/classifieds/40aed454-834b-4d64-9102-34dccf99d437/736x736/bb0d787b0c11bdd98235a105d4586a90.jpg",
    "url": "https://www.immoweb.be/en/classified/21883810"
   }
  },
  {
   "type": "Feature",
   "geometry": {
    "type": "Point",
    "coordinates": [
     4.4825809,
     51.2287255
    ]
   },
   "properties": {
    "id": 21828454,
    "title": "Zonnig en ruim  app met 2 slpk, bur, terras en garage.",
    "subtype": "APARTMENT",
    "street": "Schotensesteenweg 379",
    "postal_code": "2100",
    "locality": "Deurne (2100)",
    "place": "",
    "floor": 1,
    "bedrooms": 2,
    "surface_m2": 110,
    "rent_eur": 1080,
    "costs_eur": 0,
    "total_eur": 1080,
    "eur_per_m2": 9.8,
    "agency": "Immassur",
    "flag": null,
    "updated": "2026-10-07T18:09:21.791Z",
    "image": "https://media-resize.immowebstatic.be/classifieds/7280902d-6e57-41ca-b1f1-177f6b97cd8a/100x100/25b3dea065535a2d715a548b94a00346.jpg",
    "image_large": "https://media-resize.immowebstatic.be/classifieds/7280902d-6e57-41ca-b1f1-177f6b97cd8a/736x736/25b3dea065535a2d715a548b94a00346.jpg",
    "photos": "https://media-resize.immowebstatic.be/classifieds/7280902d-6e57-41ca-b1f1-177f6b97cd8a/736x736/25b3dea065535a2d715a548b94a00346.jpg|https://media-resize.immowebstatic.be/classifieds/7280902d-6e57-41ca-b1f1-177f6b97cd8a/736x736/74a194317ec1ef37f79b12c234dd3079.jpg|https://media-resize.immowebstatic.be/classifieds/7280902d-6e57-41ca-b1f1-177f6b97cd8a/736x736/49e4c1fa6fef4380e2d388053cad3b8d.jpg|https://media-resize.immowebstatic.be/classifieds/7280902d-6e57-41ca-b1f1-177f6b97cd8a/736x736/534e2d53e59232e43ed626f51d085b75.jpg",
    "url": "https://www.immoweb.be/en/classified/21828454"
   }
  },
  {
   "type": "Feature",
   "geometry": {
    "type": "Point",
    "coordinates": [
     4.3657804,
     51.21820839999999
    ]
   },
   "properties": {
    "id": 21823823,
    "title": "Appartement met 2 slaapkamers incl parkeerplaats",
    "subtype": "APARTMENT",
    "street": "Kielzoglaan 4 box 302",
    "postal_code": "2050",
    "locality": "Antwerpen (2050)",
    "place": "",
    "floor": 3,
    "bedrooms": 2,
    "surface_m2": 77,
    "rent_eur": 1085,
    "costs_eur": 100,
    "total_eur": 1185,
    "eur_per_m2": 14.1,
    "agency": "Urbis Vastgoedgroep",
    "flag": null,
    "updated": "2026-10-07T18:38:10.962Z",
    "image": "https://media-resize.immowebstatic.be/classifieds/03c75e97-6c20-43a9-82c9-0b0523febb41/100x100/a92afff57d7efd356906e08aac78fe91.jpg",
    "image_large": "https://media-resize.immowebstatic.be/classifieds/03c75e97-6c20-43a9-82c9-0b0523febb41/736x736/a92afff57d7efd356906e08aac78fe91.jpg",
    "photos": "https://media-resize.immowebstatic.be/classifieds/03c75e97-6c20-43a9-82c9-0b0523febb41/736x736/a92afff57d7efd356906e08aac78fe91.jpg|https://media-resize.immowebstatic.be/classifieds/03c75e97-6c20-43a9-82c9-0b0523febb41/736x736/ed2a02088d8caed5446a273672707cba.jpg|https://media-resize.immowebstatic.be/classifieds/03c75e97-6c20-43a9-82c9-0b0523febb41/736x736/9dc0769a1786013481a196e83afd3bc8.jpg|https://media-resize.immowebstatic.be/classifieds/03c75e97-6c20-43a9-82c9-0b0523febb41/736x736/3c68aec6189459188ac75c1a59871045.jpg",
    "url": "https://www.immoweb.be/en/classified/21823823"
   }
  },
  {
   "type": "Feature",
   "geometry": {
    "type": "Point",
    "coordinates": [
     4.4638324,
     51.2202329
    ]
   },
   "properties": {
    "id": 21873483,
    "title": null,
    "subtype": "APARTMENT",
    "street": "Turnhoutsebaan 201",
    "postal_code": "2100",
    "locality": "Antwerpen",
    "place": null,
    "floor": 1,
    "bedrooms": 2,
    "surface_m2": 105,
    "rent_eur": 1085,
    "costs_eur": 85,
    "total_eur": 1170,
    "eur_per_m2": 10.3,
    "agency": "PRIVATE",
    "flag": "new",
    "updated": "2026-09-28T18:47:50.744Z",
    "image": "https://media-resize.immowebstatic.be/classifieds/5162f69b-59f2-4317-815e-68934f7ce376/100x100/5abaec089f8ad711e63762878df42bca.jpg",
    "image_large": "https://media-resize.immowebstatic.be/classifieds/5162f69b-59f2-4317-815e-68934f7ce376/736x736/5abaec089f8ad711e63762878df42bca.jpg",
    "photos": "https://media-resize.immowebstatic.be/classifieds/5162f69b-59f2-4317-815e-68934f7ce376/736x736/5abaec089f8ad711e63762878df42bca.jpg|https://media-resize.immowebstatic.be/classifieds/5162f69b-59f2-4317-815e-68934f7ce376/736x736/23f7131c8efd7db30e4ba58f748efcdf.jpg|https://media-resize.immowebstatic.be/classifieds/5162f69b-59f2-4317-815e-68934f7ce376/736x736/398484c9f6381879029a5cc25c527b20.jpg|https://media-resize.immowebstatic.be/classifieds/5162f69b-59f2-4317-815e-68934f7ce376/736x736/b63ab05b50d790c7690bbe28b49f38ea.jpg",
    "url": "https://www.immoweb.be/en/classified/21873483"
   }
  },
  {
   "type": "Feature",
   "geometry": {
    "type": "Point",
    "coordinates": [
     4.427783499999999,
     51.2320029
    ]
   },
   "properties": {
    "id": 21893095,
    "title": "Duplex",
    "subtype": "APARTMENT",
    "street": "Samberstraat 6D box 3.02",
    "postal_code": "2060",
    "locality": "Antwerpen",
    "place": "",
    "floor": 3,
    "bedrooms": 2,
    "surface_m2": 95,
    "rent_eur": 1090,
    "costs_eur": 190,
    "total_eur": 1280,
    "eur_per_m2": 11.5,
    "agency": "Heylen Vastgoed Antwerpen",
    "flag": "new",
    "updated": "2026-10-08T04:55:27.439Z",
    "image": "https://media-resize.immowebstatic.be/classifieds/95b409b2-9229-480c-95ea-2913b227b95b/100x100/b8533990a621691079425103a1dab99f.jpg",
    "image_large": "https://media-resize.immowebstatic.be/classifieds/95b409b2-9229-480c-95ea-2913b227b95b/736x736/b8533990a621691079425103a1dab99f.jpg",
    "photos": "https://media-resize.immowebstatic.be/classifieds/95b409b2-9229-480c-95ea-2913b227b95b/736x736/b8533990a621691079425103a1dab99f.jpg|https://media-resize.immowebstatic.be/classifieds/95b409b2-9229-480c-95ea-2913b227b95b/736x736/d55a8fa38e79794592607f80787a98e4.jpg|https://media-resize.immowebstatic.be/classifieds/95b409b2-9229-480c-95ea-2913b227b95b/736x736/ccfbfd394a947c90fa2b2154eddb3871.jpg|https://media-resize.immowebstatic.be/classifieds/95b409b2-9229-480c-95ea-2913b227b95b/736x736/6ec53c2ed20dd535e715a0ecaa4fcb52.jpg",
    "url": "https://www.immoweb.be/en/classified/21893095"
   }
  },
  {
   "type": "Feature",
   "geometry": {
    "type": "Point",
    "coordinates": [
     4.4999894,
     51.1678566
    ]
   },
   "properties": {
    "id": 21864248,
    "title": null,
    "subtype": "DUPLEX",
    "street": "Guido Gezellestraat 34",
    "postal_code": "2530",
    "locality": "Boechout",
    "place": null,
    "floor": 0,
    "bedrooms": 2,
    "surface_m2": null,
    "rent_eur": 1090,
    "costs_eur": 30,
    "total_eur": 1120,
    "eur_per_m2": null,
    "agency": "PRIVATE",
    "flag": "new",
    "updated": "2026-09-24T07:39:35.302Z",
    "image": "https://media-resize.immowebstatic.be/classifieds/5bc8eea2-3972-40e7-9e81-0af24a36fa03/100x100/0ec3baebf45aaa7121b02cc482f59d2c.jpg",
    "image_large": "https://media-resize.immowebstatic.be/classifieds/5bc8eea2-3972-40e7-9e81-0af24a36fa03/736x736/0ec3baebf45aaa7121b02cc482f59d2c.jpg",
    "photos": "https://media-resize.immowebstatic.be/classifieds/5bc8eea2-3972-40e7-9e81-0af24a36fa03/736x736/0ec3baebf45aaa7121b02cc482f59d2c.jpg|https://media-resize.immowebstatic.be/classifieds/5bc8eea2-3972-40e7-9e81-0af24a36fa03/736x736/d42516ba4f895c8882622230817f972e.jpg|https://media-resize.immowebstatic.be/classifieds/5bc8eea2-3972-40e7-9e81-0af24a36fa03/736x736/2507c768bafa1170d36c609a35ea5ad8.jpg",
    "url": "https://www.immoweb.be/en/classified/21864248"
   }
  },
  {
   "type": "Feature",
   "geometry": {
    "type": "Point",
    "coordinates": [
     4.427783499999999,
     51.2320029
    ]
   },
   "properties": {
    "id": 21685969,
    "title": "Appartement",
    "subtype": "APARTMENT",
    "street": "Samberstraat 6D-302 box A3.8",
    "postal_code": "2060",
    "locality": "ANTWERPEN",
    "place": "",
    "floor": 3,
    "bedrooms": 2,
    "surface_m2": 95,
    "rent_eur": 1090,
    "costs_eur": 190,
    "total_eur": 1280,
    "eur_per_m2": 11.5,
    "agency": "REANT ZUID",
    "flag": null,
    "updated": "2026-09-29T14:21:34.830Z",
    "image": "https://media-resize.immowebstatic.be/classifieds/a484941b-1961-49de-b2d3-c9bf9a57c63c/100x100/c768bc7449d0e54119902b26a2a448ce.jpg",
    "image_large": "https://media-resize.immowebstatic.be/classifieds/a484941b-1961-49de-b2d3-c9bf9a57c63c/736x736/c768bc7449d0e54119902b26a2a448ce.jpg",
    "photos": "https://media-resize.immowebstatic.be/classifieds/a484941b-1961-49de-b2d3-c9bf9a57c63c/736x736/c768bc7449d0e54119902b26a2a448ce.jpg|https://media-resize.immowebstatic.be/classifieds/a484941b-1961-49de-b2d3-c9bf9a57c63c/736x736/68b4c382f1ef67ae240df5c9987795db.jpg|https://media-resize.immowebstatic.be/classifieds/a484941b-1961-49de-b2d3-c9bf9a57c63c/736x736/7fe949d49f394798be04bb43ef3ec370.jpg|https://media-resize.immowebstatic.be/classifieds/a484941b-1961-49de-b2d3-c9bf9a57c63c/736x736/afeea2e20a7de5022c6c569bf8f03711.jpg",
    "url": "https://www.immoweb.be/en/classified/21685969"
   }
  },
  {
   "type": "Feature",
   "geometry": {
    "type": "Point",
    "coordinates": [
     4.4864241,
     51.2032254
    ]
   },
   "properties": {
    "id": 21843579,
    "title": null,
    "subtype": "APARTMENT",
    "street": "Autolei 30",
    "postal_code": "2160",
    "locality": "Wommelgem",
    "place": null,
    "floor": 1,
    "bedrooms": 2,
    "surface_m2": 85,
    "rent_eur": 1090,
    "costs_eur": 60,
    "total_eur": 1150,
    "eur_per_m2": 12.8,
    "agency": "PRIVATE",
    "flag": null,
    "updated": "2026-10-05T21:31:56.550Z",
    "image": "https://media-resize.immowebstatic.be/classifieds/eebeb115-de29-48ab-b2ca-9c1fa3e8d2dd/100x100/a52e3e3a22d88652276f6a9edebb8223.jpg",
    "image_large": "https://media-resize.immowebstatic.be/classifieds/eebeb115-de29-48ab-b2ca-9c1fa3e8d2dd/736x736/a52e3e3a22d88652276f6a9edebb8223.jpg",
    "photos": "https://media-resize.immowebstatic.be/classifieds/eebeb115-de29-48ab-b2ca-9c1fa3e8d2dd/736x736/a52e3e3a22d88652276f6a9edebb8223.jpg|https://media-resize.immowebstatic.be/classifieds/eebeb115-de29-48ab-b2ca-9c1fa3e8d2dd/736x736/b25f6fb9cce265bd0d8fa347d9aa5aea.jpg|https://media-resize.immowebstatic.be/classifieds/eebeb115-de29-48ab-b2ca-9c1fa3e8d2dd/736x736/68810e2a981be05cde8552be84ebf2d7.jpg|https://media-resize.immowebstatic.be/classifieds/eebeb115-de29-48ab-b2ca-9c1fa3e8d2dd/736x736/e2d73a0a5eece39a39d4ca75e877880d.jpg",
    "url": "https://www.immoweb.be/en/classified/21843579"
   }
  },
  {
   "type": "Feature",
   "geometry": {
    "type": "Point",
    "coordinates": [
     4.4385755,
     51.2589331
    ]
   },
   "properties": {
    "id": 21374355,
    "title": null,
    "subtype": "GROUND_FLOOR",
    "street": "Laarsebaan 374",
    "postal_code": "2170",
    "locality": "Antwerpen",
    "place": null,
    "floor": 0,
    "bedrooms": 2,
    "surface_m2": 80,
    "rent_eur": 1095,
    "costs_eur": 0,
    "total_eur": 1095,
    "eur_per_m2": 13.7,
    "agency": "PRIVATE",
    "flag": null,
    "updated": "2026-09-26T11:47:47.764Z",
    "image": "https://media-resize.immowebstatic.be/classifieds/c82cfb4e-ce21-4dbe-b70a-e435160e91c7/100x100/d8e48030f881829cdbf37cd57119a91b.jpg",
    "image_large": "https://media-resize.immowebstatic.be/classifieds/c82cfb4e-ce21-4dbe-b70a-e435160e91c7/736x736/d8e48030f881829cdbf37cd57119a91b.jpg",
    "photos": "https://media-resize.immowebstatic.be/classifieds/c82cfb4e-ce21-4dbe-b70a-e435160e91c7/736x736/d8e48030f881829cdbf37cd57119a91b.jpg|https://media-resize.immowebstatic.be/classifieds/c82cfb4e-ce21-4dbe-b70a-e435160e91c7/736x736/38e0e3a8731548b50bd9ec7aab84191d.jpg|https://media-resize.immowebstatic.be/classifieds/c82cfb4e-ce21-4dbe-b70a-e435160e91c7/736x736/3cfc021d3d8b3d7f77df01775dcf5b44.jpg|https://media-resize.immowebstatic.be/classifieds/c82cfb4e-ce21-4dbe-b70a-e435160e91c7/736x736/6f8272dc87bb67521d9dc1e8a72a4d4a.jpg",
    "url": "https://www.immoweb.be/en/classified/21374355"
   }
  },
  {
   "type": "Feature",
   "geometry": {
    "type": "Point",
    "coordinates": [
     4.3973474,
     51.2030659
    ]
   },
   "properties": {
    "id": 21891362,
    "title": "Spacious Duplex Apartment in Residence Zuidervelodroom",
    "subtype": "DUPLEX",
    "street": "Sint-Laureisstraat 65 box 2.1",
    "postal_code": "2018",
    "locality": "ANTWERPEN",
    "place": null,
    "floor": 1,
    "bedrooms": 2,
    "surface_m2": 92,
    "rent_eur": 1100,
    "costs_eur": 200,
    "total_eur": 1300,
    "eur_per_m2": 12.0,
    "agency": "Quares by TREVI",
    "flag": "new",
    "updated": "2026-10-05T16:03:49.716Z",
    "image": "https://media-resize.immowebstatic.be/classifieds/3d58ad23-f537-47b5-9e05-b55a03551bf1/100x100/26cf606b44b3722149f0186999ebb63e.jpg",
    "image_large": "https://media-resize.immowebstatic.be/classifieds/3d58ad23-f537-47b5-9e05-b55a03551bf1/736x736/26cf606b44b3722149f0186999ebb63e.jpg",
    "photos": "https://media-resize.immowebstatic.be/classifieds/3d58ad23-f537-47b5-9e05-b55a03551bf1/736x736/26cf606b44b3722149f0186999ebb63e.jpg|https://media-resize.immowebstatic.be/classifieds/3d58ad23-f537-47b5-9e05-b55a03551bf1/736x736/0d51bcdde752c2625a46f2d80d783eda.jpg|https://media-resize.immowebstatic.be/classifieds/3d58ad23-f537-47b5-9e05-b55a03551bf1/736x736/1c747d3b45983202546c5d02fabee5b0.jpg|https://media-resize.immowebstatic.be/classifieds/3d58ad23-f537-47b5-9e05-b55a03551bf1/736x736/27df93a5a505ee50a5b37e64c8f3199d.jpg",
    "url": "https://www.immoweb.be/en/classified/21891362"
   }
  },
  {
   "type": "Feature",
   "geometry": {
    "type": "Point",
    "coordinates": [
     4.4630375,
     51.2023618
    ]
   },
   "properties": {
    "id": 21884579,
    "title": "Appartement",
    "subtype": "APARTMENT",
    "street": "Boekenberglei 29 box 1V",
    "postal_code": "2100",
    "locality": "DEURNE",
    "place": "",
    "floor": 1,
    "bedrooms": 2,
    "surface_m2": 99,
    "rent_eur": 1100,
    "costs_eur": 50,
    "total_eur": 1150,
    "eur_per_m2": 11.1,
    "agency": "Immovasta",
    "flag": "new",
    "updated": "2026-10-07T01:17:24.534Z",
    "image": "https://media-resize.immowebstatic.be/classifieds/567d2538-192c-46dd-923f-991835d76054/100x100/e2c99771bd12ebd05beea749001e3328.jpg",
    "image_large": "https://media-resize.immowebstatic.be/classifieds/567d2538-192c-46dd-923f-991835d76054/736x736/e2c99771bd12ebd05beea749001e3328.jpg",
    "photos": "https://media-resize.immowebstatic.be/classifieds/567d2538-192c-46dd-923f-991835d76054/736x736/e2c99771bd12ebd05beea749001e3328.jpg|https://media-resize.immowebstatic.be/classifieds/567d2538-192c-46dd-923f-991835d76054/736x736/dd30cbf4f3a04d2e1db44b3255626dfd.jpg|https://media-resize.immowebstatic.be/classifieds/567d2538-192c-46dd-923f-991835d76054/736x736/f77a2a4f9bedb318db0783257d518831.jpg|https://media-resize.immowebstatic.be/classifieds/567d2538-192c-46dd-923f-991835d76054/736x736/b45a602341178a35cddaaaebeada5cc5.jpg",
    "url": "https://www.immoweb.be/en/classified/21884579"
   }
  },
  {
   "type": "Feature",
   "geometry": {
    "type": "Point",
    "coordinates": [
     4.433179099999999,
     51.2299344
    ]
   },
   "properties": {
    "id": 21880530,
    "title": "Beautiful new 2br. apartment with balcony",
    "subtype": "APARTMENT",
    "street": "Eugène De Plynstraat 15 box 102",
    "postal_code": "2060",
    "locality": "Antwerpen",
    "place": null,
    "floor": 1,
    "bedrooms": 2,
    "surface_m2": 63,
    "rent_eur": 1100,
    "costs_eur": 200,
    "total_eur": 1300,
    "eur_per_m2": 17.5,
    "agency": "Skyline Renting Services",
    "flag": "new",
    "updated": "2026-10-01T05:52:54.499Z",
    "image": "https://media-resize.immowebstatic.be/classifieds/9eae9c59-5c63-486a-b3a4-53cb0d5d0534/100x100/56d6c8f47f4072ca8ca75c00de5d5109.jpg",
    "image_large": "https://media-resize.immowebstatic.be/classifieds/9eae9c59-5c63-486a-b3a4-53cb0d5d0534/736x736/56d6c8f47f4072ca8ca75c00de5d5109.jpg",
    "photos": "https://media-resize.immowebstatic.be/classifieds/9eae9c59-5c63-486a-b3a4-53cb0d5d0534/736x736/56d6c8f47f4072ca8ca75c00de5d5109.jpg|https://media-resize.immowebstatic.be/classifieds/9eae9c59-5c63-486a-b3a4-53cb0d5d0534/736x736/7bf52075daa728748c18c6cf2878e4f1.jpg|https://media-resize.immowebstatic.be/classifieds/9eae9c59-5c63-486a-b3a4-53cb0d5d0534/736x736/2783c56ecc7d3d132fb48090120cb265.jpg|https://media-resize.immowebstatic.be/classifieds/9eae9c59-5c63-486a-b3a4-53cb0d5d0534/736x736/eb0026c3e49f116d2f5e1ca40f80d5f2.jpg",
    "url": "https://www.immoweb.be/en/classified/21880530"
   }
  },
  {
   "type": "Feature",
   "geometry": {
    "type": "Point",
    "coordinates": [
     4.4399612,
     51.1833489
    ]
   },
   "properties": {
    "id": 21894394,
    "title": "Appartement",
    "subtype": "APARTMENT",
    "street": "Fruithoflaan 91 box 19",
    "postal_code": "2600",
    "locality": "BERCHEM",
    "place": "",
    "floor": 5,
    "bedrooms": 2,
    "surface_m2": 120,
    "rent_eur": 1100,
    "costs_eur": 110,
    "total_eur": 1210,
    "eur_per_m2": 9.2,
    "agency": "Coprimmo Immobiliën",
    "flag": "new",
    "updated": "2026-10-08T01:25:34.114Z",
    "image": "https://media-resize.immowebstatic.be/classifieds/354dedfd-1b33-4db5-b152-ce27daa66f7e/100x100/33b78972aa994c8d766d7735963f61bb.jpg",
    "image_large": "https://media-resize.immowebstatic.be/classifieds/354dedfd-1b33-4db5-b152-ce27daa66f7e/736x736/33b78972aa994c8d766d7735963f61bb.jpg",
    "photos": "https://media-resize.immowebstatic.be/classifieds/354dedfd-1b33-4db5-b152-ce27daa66f7e/736x736/33b78972aa994c8d766d7735963f61bb.jpg|https://media-resize.immowebstatic.be/classifieds/354dedfd-1b33-4db5-b152-ce27daa66f7e/736x736/7902a0d729b43e4a00edf0296ff5a207.jpg|https://media-resize.immowebstatic.be/classifieds/354dedfd-1b33-4db5-b152-ce27daa66f7e/736x736/88280ed5452bd0115e7d66593763bee0.jpg|https://media-resize.immowebstatic.be/classifieds/354dedfd-1b33-4db5-b152-ce27daa66f7e/736x736/a642466995ddf562f9d673873eae981b.jpg",
    "url": "https://www.immoweb.be/en/classified/21894394"
   }
  },
  {
   "type": "Feature",
   "geometry": {
    "type": "Point",
    "coordinates": [
     4.410279,
     51.2106964
    ]
   },
   "properties": {
    "id": 21871416,
    "title": "Apartment",
    "subtype": "APARTMENT",
    "street": "Van Breestraat 5 box 6",
    "postal_code": "2018",
    "locality": "ANTWERPEN",
    "place": "",
    "floor": 3,
    "bedrooms": 2,
    "surface_m2": 109,
    "rent_eur": 1100,
    "costs_eur": 110,
    "total_eur": 1210,
    "eur_per_m2": 10.1,
    "agency": "Bolt Immo Antwerpen",
    "flag": "new",
    "updated": "2026-09-30T11:29:48.514Z",
    "image": "https://media-resize.immowebstatic.be/classifieds/4dbd1e5d-7fb5-4456-8f11-6d1954ff966f/100x100/989a1e87ef8f6e0f81bdc1f44e233a6e.jpg",
    "image_large": "https://media-resize.immowebstatic.be/classifieds/4dbd1e5d-7fb5-4456-8f11-6d1954ff966f/736x736/989a1e87ef8f6e0f81bdc1f44e233a6e.jpg",
    "photos": "https://media-resize.immowebstatic.be/classifieds/4dbd1e5d-7fb5-4456-8f11-6d1954ff966f/736x736/989a1e87ef8f6e0f81bdc1f44e233a6e.jpg|https://media-resize.immowebstatic.be/classifieds/4dbd1e5d-7fb5-4456-8f11-6d1954ff966f/736x736/86b31754da9364dca53b9d21b6af0c0c.jpg|https://media-resize.immowebstatic.be/classifieds/4dbd1e5d-7fb5-4456-8f11-6d1954ff966f/736x736/db9f695eac87b3e841c79783cdd566d7.jpg|https://media-resize.immowebstatic.be/classifieds/4dbd1e5d-7fb5-4456-8f11-6d1954ff966f/736x736/20373671f51474c6677e33948c3d9bdb.jpg",
    "url": "https://www.immoweb.be/en/classified/21871416"
   }
  },
  {
   "type": "Feature",
   "geometry": {
    "type": "Point",
    "coordinates": [
     4.450720899999999,
     51.1708753
    ]
   },
   "properties": {
    "id": 21860325,
    "title": "Kwalitatief gerenoveerd app 5deV met 2slk in hartje Mortsel",
    "subtype": "APARTMENT",
    "street": "Statielei 25 box 9",
    "postal_code": "2640",
    "locality": "Mortsel",
    "place": "",
    "floor": 5,
    "bedrooms": 2,
    "surface_m2": 85,
    "rent_eur": 1100,
    "costs_eur": 125,
    "total_eur": 1225,
    "eur_per_m2": 12.9,
    "agency": "Leximmo",
    "flag": null,
    "updated": "2026-10-07T18:57:06.761Z",
    "image": "https://media-resize.immowebstatic.be/classifieds/f0dd52b1-2195-4a1d-b7cc-2f0741df2ef0/100x100/6bac0884243d5f761d66cac7164eb3c6.jpg",
    "image_large": "https://media-resize.immowebstatic.be/classifieds/f0dd52b1-2195-4a1d-b7cc-2f0741df2ef0/736x736/6bac0884243d5f761d66cac7164eb3c6.jpg",
    "photos": "https://media-resize.immowebstatic.be/classifieds/f0dd52b1-2195-4a1d-b7cc-2f0741df2ef0/736x736/6bac0884243d5f761d66cac7164eb3c6.jpg|https://media-resize.immowebstatic.be/classifieds/f0dd52b1-2195-4a1d-b7cc-2f0741df2ef0/736x736/0d1eac5e560ce411da6b735a8c7991a9.jpg|https://media-resize.immowebstatic.be/classifieds/f0dd52b1-2195-4a1d-b7cc-2f0741df2ef0/736x736/99ed6455a48aa84c54fc1d3bc0e71424.jpg|https://media-resize.immowebstatic.be/classifieds/f0dd52b1-2195-4a1d-b7cc-2f0741df2ef0/736x736/606a222f56525fe60528d7c00577fcd9.jpg",
    "url": "https://www.immoweb.be/en/classified/21860325"
   }
  },
  {
   "type": "Feature",
   "geometry": {
    "type": "Point",
    "coordinates": [
     4.424354,
     51.18516409999999
    ]
   },
   "properties": {
    "id": 21871948,
    "title": "Other",
    "subtype": "APARTMENT",
    "street": "Elisabethlaan 146 box 3",
    "postal_code": "2600",
    "locality": "BERCHEM",
    "place": "",
    "floor": 2,
    "bedrooms": 2,
    "surface_m2": 110,
    "rent_eur": 1100,
    "costs_eur": 80,
    "total_eur": 1180,
    "eur_per_m2": 10.0,
    "agency": "Immo Matrix-Kolum",
    "flag": "new",
    "updated": "2026-10-05T01:52:23.736Z",
    "image": "https://media-resize.immowebstatic.be/classifieds/27c814a7-445f-4a32-8789-d41d8f26fb31/100x100/6ed14099b3b843994b58be4d5163da83.jpg",
    "image_large": "https://media-resize.immowebstatic.be/classifieds/27c814a7-445f-4a32-8789-d41d8f26fb31/736x736/6ed14099b3b843994b58be4d5163da83.jpg",
    "photos": "https://media-resize.immowebstatic.be/classifieds/27c814a7-445f-4a32-8789-d41d8f26fb31/736x736/6ed14099b3b843994b58be4d5163da83.jpg|https://media-resize.immowebstatic.be/classifieds/27c814a7-445f-4a32-8789-d41d8f26fb31/736x736/9921976c36eea37012a4368b3812d70b.jpg|https://media-resize.immowebstatic.be/classifieds/27c814a7-445f-4a32-8789-d41d8f26fb31/736x736/7c059353a9e289132b4752fef21d162a.jpg|https://media-resize.immowebstatic.be/classifieds/27c814a7-445f-4a32-8789-d41d8f26fb31/736x736/eded612165d7a3858781505cb5dc1b8d.jpg",
    "url": "https://www.immoweb.be/en/classified/21871948"
   }
  },
  {
   "type": "Feature",
   "geometry": {
    "type": "Point",
    "coordinates": [
     4.4447804,
     51.17719109999999
    ]
   },
   "properties": {
    "id": 21825610,
    "title": "Gelijkvloers app.",
    "subtype": "GROUND_FLOOR",
    "street": "Septestraat 1 box glv",
    "postal_code": "2640",
    "locality": "MORTSEL",
    "place": "",
    "floor": 0,
    "bedrooms": 2,
    "surface_m2": 82,
    "rent_eur": 1100,
    "costs_eur": 50,
    "total_eur": 1150,
    "eur_per_m2": 13.4,
    "agency": "Coprimmo Immobiliën",
    "flag": null,
    "updated": "2026-10-05T16:26:56.278Z",
    "image": "https://media-resize.immowebstatic.be/classifieds/adc21051-da18-47f9-912c-4550478b1428/100x100/6c6a2146f2d2a57c61c901a214916edc.jpg",
    "image_large": "https://media-resize.immowebstatic.be/classifieds/adc21051-da18-47f9-912c-4550478b1428/736x736/6c6a2146f2d2a57c61c901a214916edc.jpg",
    "photos": "https://media-resize.immowebstatic.be/classifieds/adc21051-da18-47f9-912c-4550478b1428/736x736/6c6a2146f2d2a57c61c901a214916edc.jpg|https://media-resize.immowebstatic.be/classifieds/adc21051-da18-47f9-912c-4550478b1428/736x736/8aad3626a474689d8de4cc60926782da.jpg|https://media-resize.immowebstatic.be/classifieds/adc21051-da18-47f9-912c-4550478b1428/736x736/aba13ca0b037f36f86e680fb5147eedc.jpg|https://media-resize.immowebstatic.be/classifieds/adc21051-da18-47f9-912c-4550478b1428/736x736/b62439785e9761f9d78bf248f61e91c4.jpg",
    "url": "https://www.immoweb.be/en/classified/21825610"
   }
  },
  {
   "type": "Feature",
   "geometry": {
    "type": "Point",
    "coordinates": [
     4.4885348,
     51.1615683
    ]
   },
   "properties": {
    "id": 21845838,
    "title": "Ruim en lichtrijk appartement met zonnig terras.",
    "subtype": "APARTMENT",
    "street": "Den Heuvelt 15 box 3",
    "postal_code": "2530",
    "locality": "Boechout",
    "place": "",
    "floor": 2,
    "bedrooms": 2,
    "surface_m2": 99,
    "rent_eur": 1100,
    "costs_eur": 0,
    "total_eur": 1100,
    "eur_per_m2": 11.1,
    "agency": "Onid Real Estate",
    "flag": null,
    "updated": "2026-10-07T18:04:53.868Z",
    "image": "https://media-resize.immowebstatic.be/classifieds/25283a3b-93b1-41d4-8352-5c0ed3d0ca63/100x100/8068a0c445f5e847102bf47096aec092.jpg",
    "image_large": "https://media-resize.immowebstatic.be/classifieds/25283a3b-93b1-41d4-8352-5c0ed3d0ca63/736x736/8068a0c445f5e847102bf47096aec092.jpg",
    "photos": "https://media-resize.immowebstatic.be/classifieds/25283a3b-93b1-41d4-8352-5c0ed3d0ca63/736x736/8068a0c445f5e847102bf47096aec092.jpg|https://media-resize.immowebstatic.be/classifieds/25283a3b-93b1-41d4-8352-5c0ed3d0ca63/736x736/6adc05bc845570822a81589238694364.jpg|https://media-resize.immowebstatic.be/classifieds/25283a3b-93b1-41d4-8352-5c0ed3d0ca63/736x736/e30384b363b1d3aa9ed83fde4dbf2107.jpg|https://media-resize.immowebstatic.be/classifieds/25283a3b-93b1-41d4-8352-5c0ed3d0ca63/736x736/b9ebeecd7280447817c116379418017d.jpg",
    "url": "https://www.immoweb.be/en/classified/21845838"
   }
  },
  {
   "type": "Feature",
   "geometry": {
    "type": "Point",
    "coordinates": [
     4.4117,
     51.225687
    ]
   },
   "properties": {
    "id": 21815580,
    "title": null,
    "subtype": "APARTMENT",
    "street": "Stijfselrui 26 box 31",
    "postal_code": "2000",
    "locality": "Antwerpen",
    "place": "Antwerpen Centrum",
    "floor": 3,
    "bedrooms": 2,
    "surface_m2": 85,
    "rent_eur": 1100,
    "costs_eur": 150,
    "total_eur": 1250,
    "eur_per_m2": 12.9,
    "agency": "At Home & Partners",
    "flag": null,
    "updated": "2026-09-04T12:15:28.901Z",
    "image": "https://media-resize.immowebstatic.be/classifieds/21d89f0f-584e-42f7-90d6-82339c356d59/100x100/8fd181159ee39f0083de13a95e7a57ad.jpg",
    "image_large": "https://media-resize.immowebstatic.be/classifieds/21d89f0f-584e-42f7-90d6-82339c356d59/736x736/8fd181159ee39f0083de13a95e7a57ad.jpg",
    "photos": "https://media-resize.immowebstatic.be/classifieds/21d89f0f-584e-42f7-90d6-82339c356d59/736x736/8fd181159ee39f0083de13a95e7a57ad.jpg|https://media-resize.immowebstatic.be/classifieds/21d89f0f-584e-42f7-90d6-82339c356d59/736x736/0a87b9b280df90dd4fee335a6076545b.jpg|https://media-resize.immowebstatic.be/classifieds/21d89f0f-584e-42f7-90d6-82339c356d59/736x736/914a14f32a0be68ccd3df0c73dd8a83f.jpg|https://media-resize.immowebstatic.be/classifieds/21d89f0f-584e-42f7-90d6-82339c356d59/736x736/f4af4d0f44b00d3f5dadc46739285c7c.jpg",
    "url": "https://www.immoweb.be/en/classified/21815580"
   }
  },
  {
   "type": "Feature",
   "geometry": {
    "type": "Point",
    "coordinates": [
     4.4330012,
     51.1883868
    ]
   },
   "properties": {
    "id": 21857251,
    "title": "Appartement",
    "subtype": "APARTMENT",
    "street": "Jan Moorkensstraat 97 box 0201",
    "postal_code": "2600",
    "locality": "BERCHEM",
    "place": "",
    "floor": 0,
    "bedrooms": 2,
    "surface_m2": null,
    "rent_eur": 1100,
    "costs_eur": 0,
    "total_eur": 1100,
    "eur_per_m2": null,
    "agency": "Coprimmo Immobiliën",
    "flag": null,
    "updated": "2026-10-05T16:27:16.832Z",
    "image": "https://media-resize.immowebstatic.be/classifieds/97426060-9cda-4cd7-95af-fb34f0e15979/100x100/5b0091107d4e9e51d9d31b43f2d20095.jpg",
    "image_large": "https://media-resize.immowebstatic.be/classifieds/97426060-9cda-4cd7-95af-fb34f0e15979/736x736/5b0091107d4e9e51d9d31b43f2d20095.jpg",
    "photos": "https://media-resize.immowebstatic.be/classifieds/97426060-9cda-4cd7-95af-fb34f0e15979/736x736/5b0091107d4e9e51d9d31b43f2d20095.jpg|https://media-resize.immowebstatic.be/classifieds/97426060-9cda-4cd7-95af-fb34f0e15979/736x736/8b4dda2ced2bb002a48a9884d4529c97.jpg|https://media-resize.immowebstatic.be/classifieds/97426060-9cda-4cd7-95af-fb34f0e15979/736x736/c2ec8fc4ca56adde3fd949a5834bd7fb.jpg|https://media-resize.immowebstatic.be/classifieds/97426060-9cda-4cd7-95af-fb34f0e15979/736x736/8ded6829abff1a2c0cb23e4205bd2c61.jpg",
    "url": "https://www.immoweb.be/en/classified/21857251"
   }
  },
  {
   "type": "Feature",
   "geometry": {
    "type": "Point",
    "coordinates": [
     4.4115458,
     51.20790160000001
    ]
   },
   "properties": {
    "id": 21898811,
    "title": "Appartement Korte Leemstraat",
    "subtype": "APARTMENT",
    "street": "Korte Leemstraat 31",
    "postal_code": "2018",
    "locality": "Antwerp",
    "place": null,
    "floor": 2,
    "bedrooms": 2,
    "surface_m2": 75,
    "rent_eur": 1100,
    "costs_eur": 50,
    "total_eur": 1150,
    "eur_per_m2": 14.7,
    "agency": "PRIVATE",
    "flag": "new",
    "updated": "2026-10-08T09:32:49.360Z",
    "image": "https://media-resize.immowebstatic.be/classifieds/e71f63e9-af22-4d47-a4f8-cea7fb0f37a6/100x100/3e0cd72033d3f68b230fd7200376b65b.jpg",
    "image_large": "https://media-resize.immowebstatic.be/classifieds/e71f63e9-af22-4d47-a4f8-cea7fb0f37a6/736x736/3e0cd72033d3f68b230fd7200376b65b.jpg",
    "photos": "https://media-resize.immowebstatic.be/classifieds/e71f63e9-af22-4d47-a4f8-cea7fb0f37a6/736x736/3e0cd72033d3f68b230fd7200376b65b.jpg|https://media-resize.immowebstatic.be/classifieds/e71f63e9-af22-4d47-a4f8-cea7fb0f37a6/736x736/00b71f172681eee41d81c4b218fbf0c0.jpg|https://media-resize.immowebstatic.be/classifieds/e71f63e9-af22-4d47-a4f8-cea7fb0f37a6/736x736/46bb2a9053b4c78ddd0cbf6b6b6e7db9.jpg|https://media-resize.immowebstatic.be/classifieds/e71f63e9-af22-4d47-a4f8-cea7fb0f37a6/736x736/406e82f5b376f162f29ccb539e213a74.jpg",
    "url": "https://www.immoweb.be/en/classified/21898811"
   }
  },
  {
   "type": "Feature",
   "geometry": {
    "type": "Point",
    "coordinates": [
     4.4161103,
     51.2239379
    ]
   },
   "properties": {
    "id": 21885362,
    "title": null,
    "subtype": "APARTMENT",
    "street": "Italiëlei 159 box 701",
    "postal_code": "2000",
    "locality": "Antwerpen",
    "place": null,
    "floor": 7,
    "bedrooms": 2,
    "surface_m2": 138,
    "rent_eur": 1100,
    "costs_eur": 100,
    "total_eur": 1200,
    "eur_per_m2": 8.0,
    "agency": "Walls Vastgoedmakelaars",
    "flag": "new",
    "updated": "2026-10-08T10:22:35.350Z",
    "image": "https://media-resize.immowebstatic.be/classifieds/ad92702b-27c3-48f5-b53b-6601574fc265/100x100/8a18f4a6d8e3918c202e2681d3d62c5b.jpg",
    "image_large": "https://media-resize.immowebstatic.be/classifieds/ad92702b-27c3-48f5-b53b-6601574fc265/736x736/8a18f4a6d8e3918c202e2681d3d62c5b.jpg",
    "photos": "https://media-resize.immowebstatic.be/classifieds/ad92702b-27c3-48f5-b53b-6601574fc265/736x736/8a18f4a6d8e3918c202e2681d3d62c5b.jpg|https://media-resize.immowebstatic.be/classifieds/ad92702b-27c3-48f5-b53b-6601574fc265/736x736/9ed621d81f817282b4a549fb2a332723.jpg|https://media-resize.immowebstatic.be/classifieds/ad92702b-27c3-48f5-b53b-6601574fc265/736x736/96fbaac9780b569051bddb0abdbffa8d.jpg|https://media-resize.immowebstatic.be/classifieds/ad92702b-27c3-48f5-b53b-6601574fc265/736x736/3302044e35c911768c15edd64147252c.jpg",
    "url": "https://www.immoweb.be/en/classified/21885362"
   }
  },
  {
   "type": "Feature",
   "geometry": {
    "type": "Point",
    "coordinates": [
     4.432138699999999,
     51.230106
    ]
   },
   "properties": {
    "id": 21893126,
    "title": null,
    "subtype": "APARTMENT",
    "street": "Eugène De Plynstraat 29",
    "postal_code": "2060",
    "locality": "Antwerpen",
    "place": null,
    "floor": 3,
    "bedrooms": 2,
    "surface_m2": 77,
    "rent_eur": 1100,
    "costs_eur": 70,
    "total_eur": 1170,
    "eur_per_m2": 14.3,
    "agency": "PRIVATE",
    "flag": "new",
    "updated": "2026-10-06T12:38:54.556Z",
    "image": "https://media-resize.immowebstatic.be/classifieds/93c5c6b6-37b9-424d-ba3e-db2ab926a563/100x100/d1d7a2a4cd7f82e7c254092d65289329.jpg",
    "image_large": "https://media-resize.immowebstatic.be/classifieds/93c5c6b6-37b9-424d-ba3e-db2ab926a563/736x736/d1d7a2a4cd7f82e7c254092d65289329.jpg",
    "photos": "https://media-resize.immowebstatic.be/classifieds/93c5c6b6-37b9-424d-ba3e-db2ab926a563/736x736/d1d7a2a4cd7f82e7c254092d65289329.jpg|https://media-resize.immowebstatic.be/classifieds/93c5c6b6-37b9-424d-ba3e-db2ab926a563/736x736/6413d39a4c41ccc3676f53013bb94586.jpg|https://media-resize.immowebstatic.be/classifieds/93c5c6b6-37b9-424d-ba3e-db2ab926a563/736x736/7e43c4dc33e70d327047c353a562c340.jpg|https://media-resize.immowebstatic.be/classifieds/93c5c6b6-37b9-424d-ba3e-db2ab926a563/736x736/adc860a69bee691243002b5e3074aa2b.jpg",
    "url": "https://www.immoweb.be/en/classified/21893126"
   }
  },
  {
   "type": "Feature",
   "geometry": {
    "type": "Point",
    "coordinates": [
     4.4277818,
     51.1854216
    ]
   },
   "properties": {
    "id": 21865235,
    "title": "Twee slaapkamer app te huur in de gegeerde Pulhofwijk",
    "subtype": "APARTMENT",
    "street": "Leopold De Vriesstraat 35",
    "postal_code": "2600",
    "locality": "Antwerp",
    "place": null,
    "floor": 3,
    "bedrooms": 2,
    "surface_m2": 100,
    "rent_eur": 1100,
    "costs_eur": 150,
    "total_eur": 1250,
    "eur_per_m2": 11.0,
    "agency": "PRIVATE",
    "flag": "new",
    "updated": "2026-09-24T13:26:10.026Z",
    "image": "https://media-resize.immowebstatic.be/classifieds/0c86c612-aa40-4229-b937-024bc14f07ff/100x100/106731159a960fa8d0ba31dcf2e96785.jpg",
    "image_large": "https://media-resize.immowebstatic.be/classifieds/0c86c612-aa40-4229-b937-024bc14f07ff/736x736/106731159a960fa8d0ba31dcf2e96785.jpg",
    "photos": "https://media-resize.immowebstatic.be/classifieds/0c86c612-aa40-4229-b937-024bc14f07ff/736x736/106731159a960fa8d0ba31dcf2e96785.jpg|https://media-resize.immowebstatic.be/classifieds/0c86c612-aa40-4229-b937-024bc14f07ff/736x736/554c4c6c385f35ef18d20fa1e3bcbd32.jpg|https://media-resize.immowebstatic.be/classifieds/0c86c612-aa40-4229-b937-024bc14f07ff/736x736/7e9685990ef1e10f32566cbeffad76f5.jpg|https://media-resize.immowebstatic.be/classifieds/0c86c612-aa40-4229-b937-024bc14f07ff/736x736/d09ef8759e6c7341760a707501afe980.jpg",
    "url": "https://www.immoweb.be/en/classified/21865235"
   }
  },
  {
   "type": "Feature",
   "geometry": {
    "type": "Point",
    "coordinates": [
     4.4137758,
     51.2050636
    ]
   },
   "properties": {
    "id": 21891469,
    "title": null,
    "subtype": "APARTMENT",
    "street": "Sint-Vincentiusstraat 65",
    "postal_code": "2018",
    "locality": "Antwerpen",
    "place": null,
    "floor": 3,
    "bedrooms": 2,
    "surface_m2": 90,
    "rent_eur": 1100,
    "costs_eur": 250,
    "total_eur": 1350,
    "eur_per_m2": 12.2,
    "agency": "PRIVATE",
    "flag": "new",
    "updated": "2026-10-05T16:41:49.122Z",
    "image": "https://media-resize.immowebstatic.be/classifieds/d83eb1b9-8262-4d7c-aaa3-49d939b0697d/100x100/3b857f8b1eedc2fb1c2e2a5cd1045eca.jpg",
    "image_large": "https://media-resize.immowebstatic.be/classifieds/d83eb1b9-8262-4d7c-aaa3-49d939b0697d/736x736/3b857f8b1eedc2fb1c2e2a5cd1045eca.jpg",
    "photos": "https://media-resize.immowebstatic.be/classifieds/d83eb1b9-8262-4d7c-aaa3-49d939b0697d/736x736/3b857f8b1eedc2fb1c2e2a5cd1045eca.jpg|https://media-resize.immowebstatic.be/classifieds/d83eb1b9-8262-4d7c-aaa3-49d939b0697d/736x736/64d968c0fd8c3ee4915dffff4c220ad7.jpg|https://media-resize.immowebstatic.be/classifieds/d83eb1b9-8262-4d7c-aaa3-49d939b0697d/736x736/10bac7205bd213053ac6fbdd1dcdd681.jpg|https://media-resize.immowebstatic.be/classifieds/d83eb1b9-8262-4d7c-aaa3-49d939b0697d/736x736/d72399ec8b2c8e578fe3514b9b14c89c.jpg",
    "url": "https://www.immoweb.be/en/classified/21891469"
   }
  },
  {
   "type": "Feature",
   "geometry": {
    "type": "Point",
    "coordinates": [
     4.3911305,
     51.1904207
    ]
   },
   "properties": {
    "id": 21791164,
    "title": null,
    "subtype": "APARTMENT",
    "street": "Volhardingstraat 49 box 101",
    "postal_code": "2020",
    "locality": "Antwerpen",
    "place": null,
    "floor": 1,
    "bedrooms": 2,
    "surface_m2": 105,
    "rent_eur": 1100,
    "costs_eur": 0,
    "total_eur": 1100,
    "eur_per_m2": 10.5,
    "agency": "PRIVATE",
    "flag": null,
    "updated": "2026-09-13T12:10:08.445Z",
    "image": "https://media-resize.immowebstatic.be/classifieds/797840fe-fecd-4df6-9e48-7942d91945ad/100x100/6add2969d8c15463a0fcdd20a4556bba.jpg",
    "image_large": "https://media-resize.immowebstatic.be/classifieds/797840fe-fecd-4df6-9e48-7942d91945ad/736x736/6add2969d8c15463a0fcdd20a4556bba.jpg",
    "photos": "https://media-resize.immowebstatic.be/classifieds/797840fe-fecd-4df6-9e48-7942d91945ad/736x736/6add2969d8c15463a0fcdd20a4556bba.jpg|https://media-resize.immowebstatic.be/classifieds/797840fe-fecd-4df6-9e48-7942d91945ad/736x736/ec98e968dc17f7baccdad8269b0b8ef4.jpg|https://media-resize.immowebstatic.be/classifieds/797840fe-fecd-4df6-9e48-7942d91945ad/736x736/596f58c496568307d0b88fc7a3531e08.jpg|https://media-resize.immowebstatic.be/classifieds/797840fe-fecd-4df6-9e48-7942d91945ad/736x736/e8985e6a04908ff11c977bb28818ee9e.jpg",
    "url": "https://www.immoweb.be/en/classified/21791164"
   }
  },
  {
   "type": "Feature",
   "geometry": {
    "type": "Point",
    "coordinates": [
     4.4365705,
     51.21691060000001
    ]
   },
   "properties": {
    "id": 21836353,
    "title": null,
    "subtype": "APARTMENT",
    "street": "Generaal Eisenhowerlei 36",
    "postal_code": "2140",
    "locality": "Antwerpen",
    "place": null,
    "floor": 2,
    "bedrooms": 2,
    "surface_m2": 86,
    "rent_eur": 1100,
    "costs_eur": 50,
    "total_eur": 1150,
    "eur_per_m2": 12.8,
    "agency": "PRIVATE",
    "flag": null,
    "updated": "2026-09-12T15:09:55.924Z",
    "image": "https://media-resize.immowebstatic.be/classifieds/de1d17f6-319a-45da-a099-a1f23188e992/100x100/d0bfb46ce63a2b6b1dc5140219764595.jpg",
    "image_large": "https://media-resize.immowebstatic.be/classifieds/de1d17f6-319a-45da-a099-a1f23188e992/736x736/d0bfb46ce63a2b6b1dc5140219764595.jpg",
    "photos": "https://media-resize.immowebstatic.be/classifieds/de1d17f6-319a-45da-a099-a1f23188e992/736x736/d0bfb46ce63a2b6b1dc5140219764595.jpg|https://media-resize.immowebstatic.be/classifieds/de1d17f6-319a-45da-a099-a1f23188e992/736x736/446f3210e46d8363b3237443330ab62c.jpg|https://media-resize.immowebstatic.be/classifieds/de1d17f6-319a-45da-a099-a1f23188e992/736x736/1c1a009b90aae809a71c1f0abe0e46ba.jpg|https://media-resize.immowebstatic.be/classifieds/de1d17f6-319a-45da-a099-a1f23188e992/736x736/7f94c1ef3be22e4d34ae98080843f816.jpg",
    "url": "https://www.immoweb.be/en/classified/21836353"
   }
  },
  {
   "type": "Feature",
   "geometry": {
    "type": "Point",
    "coordinates": [
     4.404828699999999,
     51.2317372
    ]
   },
   "properties": {
    "id": 21824894,
    "title": null,
    "subtype": "APARTMENT",
    "street": "Kattendijkdok-Westkaai 29 box 202",
    "postal_code": "2000",
    "locality": "Antwerpen",
    "place": null,
    "floor": 2,
    "bedrooms": 2,
    "surface_m2": null,
    "rent_eur": 1100,
    "costs_eur": 95,
    "total_eur": 1195,
    "eur_per_m2": null,
    "agency": "PRIVATE",
    "flag": null,
    "updated": "2026-09-15T12:23:37.530Z",
    "image": "https://media-resize.immowebstatic.be/classifieds/6a2356a1-7c84-4215-8930-e96c52e387eb/100x100/852448331e2e917ddb440d11890175f0.jpg",
    "image_large": "https://media-resize.immowebstatic.be/classifieds/6a2356a1-7c84-4215-8930-e96c52e387eb/736x736/852448331e2e917ddb440d11890175f0.jpg",
    "photos": "https://media-resize.immowebstatic.be/classifieds/6a2356a1-7c84-4215-8930-e96c52e387eb/736x736/852448331e2e917ddb440d11890175f0.jpg|https://media-resize.immowebstatic.be/classifieds/6a2356a1-7c84-4215-8930-e96c52e387eb/736x736/586606481a069669e2d9ec142b05248b.jpg|https://media-resize.immowebstatic.be/classifieds/6a2356a1-7c84-4215-8930-e96c52e387eb/736x736/a71cb753a041871939270228ed072d68.jpg|https://media-resize.immowebstatic.be/classifieds/6a2356a1-7c84-4215-8930-e96c52e387eb/736x736/d6960249e8dacf982a49cc614b068d55.jpg",
    "url": "https://www.immoweb.be/en/classified/21824894"
   }
  },
  {
   "type": "Feature",
   "geometry": {
    "type": "Point",
    "coordinates": [
     4.392519699999999,
     51.2051591
    ]
   },
   "properties": {
    "id": 21383429,
    "title": null,
    "subtype": "APARTMENT",
    "street": "Montignystraat 1",
    "postal_code": "2018",
    "locality": "Antwerpen",
    "place": null,
    "floor": 6,
    "bedrooms": 2,
    "surface_m2": 100,
    "rent_eur": 1100,
    "costs_eur": 150,
    "total_eur": 1250,
    "eur_per_m2": 11.0,
    "agency": "PRIVATE",
    "flag": null,
    "updated": "2026-09-10T15:15:00.857Z",
    "image": "https://media-resize.immowebstatic.be/classifieds/cc6a2297-799a-4f2d-b2a0-9ca8fa72f961/100x100/4154410a80a68de676fbc75cd999c3d0.jpg",
    "image_large": "https://media-resize.immowebstatic.be/classifieds/cc6a2297-799a-4f2d-b2a0-9ca8fa72f961/736x736/4154410a80a68de676fbc75cd999c3d0.jpg",
    "photos": "https://media-resize.immowebstatic.be/classifieds/cc6a2297-799a-4f2d-b2a0-9ca8fa72f961/736x736/4154410a80a68de676fbc75cd999c3d0.jpg|https://media-resize.immowebstatic.be/classifieds/cc6a2297-799a-4f2d-b2a0-9ca8fa72f961/736x736/e5ac2bb80d3bdc1c052e5c6b39eb1484.jpg|https://media-resize.immowebstatic.be/classifieds/cc6a2297-799a-4f2d-b2a0-9ca8fa72f961/736x736/7aa70bde079324cccb8fbc93a6d11263.jpg|https://media-resize.immowebstatic.be/classifieds/cc6a2297-799a-4f2d-b2a0-9ca8fa72f961/736x736/333389e626626c4c7f8d3df684c7b927.jpg",
    "url": "https://www.immoweb.be/en/classified/21383429"
   }
  },
  {
   "type": "Feature",
   "geometry": {
    "type": "Point",
    "coordinates": [
     4.4491267,
     51.1998778
    ]
   },
   "properties": {
    "id": 21890725,
    "title": "Moderne 2-slaapkamer appartement te huur in Borgerhout, r...",
    "subtype": "APARTMENT",
    "street": "Gitschotellei 277 box A",
    "postal_code": "2140",
    "locality": "Borgerhout",
    "place": "",
    "floor": 1,
    "bedrooms": 2,
    "surface_m2": 80,
    "rent_eur": 1100,
    "costs_eur": 0,
    "total_eur": 1100,
    "eur_per_m2": 13.8,
    "agency": "VBN Vastgoed",
    "flag": "new",
    "updated": "2026-10-07T19:39:13.134Z",
    "image": "https://media-resize.immowebstatic.be/classifieds/a1198ec0-9e40-4e1c-82a0-7f2ad8ebf2e8/100x100/50b82ec36263627f6895a166e74e00ab.jpg",
    "image_large": "https://media-resize.immowebstatic.be/classifieds/a1198ec0-9e40-4e1c-82a0-7f2ad8ebf2e8/736x736/50b82ec36263627f6895a166e74e00ab.jpg",
    "photos": "https://media-resize.immowebstatic.be/classifieds/a1198ec0-9e40-4e1c-82a0-7f2ad8ebf2e8/736x736/50b82ec36263627f6895a166e74e00ab.jpg|https://media-resize.immowebstatic.be/classifieds/a1198ec0-9e40-4e1c-82a0-7f2ad8ebf2e8/736x736/d32f8468d14c1acf8eddad479c69c96b.jpg|https://media-resize.immowebstatic.be/classifieds/a1198ec0-9e40-4e1c-82a0-7f2ad8ebf2e8/736x736/bbbc606062676e6ecd9ad0b3a87200f3.jpg|https://media-resize.immowebstatic.be/classifieds/a1198ec0-9e40-4e1c-82a0-7f2ad8ebf2e8/736x736/099a0b2cac7a53159e21aa275253dd9c.jpg",
    "url": "https://www.immoweb.be/en/classified/21890725"
   }
  },
  {
   "type": "Feature",
   "geometry": {
    "type": "Point",
    "coordinates": [
     4.3761905,
     51.2198293
    ]
   },
   "properties": {
    "id": 21887489,
    "title": "Twee volledig gerenoveerde 2-slaapkamerappartement met te...",
    "subtype": "GROUND_FLOOR",
    "street": "Blancefloerlaan 161 box 001",
    "postal_code": "2050",
    "locality": "Antwerpen (2050)",
    "place": "",
    "floor": 0,
    "bedrooms": 2,
    "surface_m2": 94,
    "rent_eur": 1100,
    "costs_eur": 0,
    "total_eur": 1100,
    "eur_per_m2": 11.7,
    "agency": "Kega Vastgoed",
    "flag": "new",
    "updated": "2026-10-07T18:23:56.841Z",
    "image": "https://media-resize.immowebstatic.be/classifieds/1a316d5f-8943-4f23-8508-a5e3e1a8ef37/100x100/0b7a1bae07d6c47400c18bf7cbe42837.jpg",
    "image_large": "https://media-resize.immowebstatic.be/classifieds/1a316d5f-8943-4f23-8508-a5e3e1a8ef37/736x736/0b7a1bae07d6c47400c18bf7cbe42837.jpg",
    "photos": "https://media-resize.immowebstatic.be/classifieds/1a316d5f-8943-4f23-8508-a5e3e1a8ef37/736x736/0b7a1bae07d6c47400c18bf7cbe42837.jpg|https://media-resize.immowebstatic.be/classifieds/1a316d5f-8943-4f23-8508-a5e3e1a8ef37/736x736/11b1d473dba469f10e9480ff4cce7251.jpg|https://media-resize.immowebstatic.be/classifieds/1a316d5f-8943-4f23-8508-a5e3e1a8ef37/736x736/3f9c69972134b54bdd94a0ac3471db5b.jpg|https://media-resize.immowebstatic.be/classifieds/1a316d5f-8943-4f23-8508-a5e3e1a8ef37/736x736/d187eb4feb90cc5831637e49b17e058a.jpg",
    "url": "https://www.immoweb.be/en/classified/21887489"
   }
  },
  {
   "type": "Feature",
   "geometry": {
    "type": "Point",
    "coordinates": [
     4.446705199999999,
     51.1791165
    ]
   },
   "properties": {
    "id": 21830726,
    "title": "Apartment",
    "subtype": "APARTMENT",
    "street": "Deurnestraat 164 box 16",
    "postal_code": "2640",
    "locality": "MORTSEL",
    "place": "",
    "floor": 7,
    "bedrooms": 2,
    "surface_m2": 90,
    "rent_eur": 1100,
    "costs_eur": 250,
    "total_eur": 1350,
    "eur_per_m2": 12.2,
    "agency": "Goetstouwers Immobiliën",
    "flag": null,
    "updated": "2026-10-08T03:40:48.004Z",
    "image": "https://media-resize.immowebstatic.be/classifieds/9be933a1-47bf-4349-929c-308db745a20a/100x100/a93def8853bcfd6c0ff1566858f332d2.jpg",
    "image_large": "https://media-resize.immowebstatic.be/classifieds/9be933a1-47bf-4349-929c-308db745a20a/736x736/a93def8853bcfd6c0ff1566858f332d2.jpg",
    "photos": "https://media-resize.immowebstatic.be/classifieds/9be933a1-47bf-4349-929c-308db745a20a/736x736/a93def8853bcfd6c0ff1566858f332d2.jpg|https://media-resize.immowebstatic.be/classifieds/9be933a1-47bf-4349-929c-308db745a20a/736x736/5951084e70fbb61a31deecada72ee9a2.jpg|https://media-resize.immowebstatic.be/classifieds/9be933a1-47bf-4349-929c-308db745a20a/736x736/2ad227f5df22c0ac99536ab45f8489d3.jpg|https://media-resize.immowebstatic.be/classifieds/9be933a1-47bf-4349-929c-308db745a20a/736x736/bd1441dda11e237efc36240b3c36f33a.jpg",
    "url": "https://www.immoweb.be/en/classified/21830726"
   }
  },
  {
   "type": "Feature",
   "geometry": {
    "type": "Point",
    "coordinates": [
     4.406332799999999,
     51.2265555
    ]
   },
   "properties": {
    "id": 21857622,
    "title": "Johan Westerlundplein",
    "subtype": "APARTMENT",
    "street": "Johan Westerlundplein 3 box 302",
    "postal_code": "2000",
    "locality": "Antwerpen (2000)",
    "place": "",
    "floor": 3,
    "bedrooms": 2,
    "surface_m2": 72,
    "rent_eur": 1100,
    "costs_eur": 0,
    "total_eur": 1100,
    "eur_per_m2": 15.3,
    "agency": "Metropool Vastgoed Centrum",
    "flag": null,
    "updated": "2026-10-08T08:00:21.975Z",
    "image": "https://media-resize.immowebstatic.be/classifieds/d3d4e3a8-7837-45f7-aedc-bc5856272ef2/100x100/914bd516c038fe0af44c074f5df3208d.jpg",
    "image_large": "https://media-resize.immowebstatic.be/classifieds/d3d4e3a8-7837-45f7-aedc-bc5856272ef2/736x736/914bd516c038fe0af44c074f5df3208d.jpg",
    "photos": "https://media-resize.immowebstatic.be/classifieds/d3d4e3a8-7837-45f7-aedc-bc5856272ef2/736x736/914bd516c038fe0af44c074f5df3208d.jpg|https://media-resize.immowebstatic.be/classifieds/d3d4e3a8-7837-45f7-aedc-bc5856272ef2/736x736/29e6e138792efede20f4eb3844720768.jpg|https://media-resize.immowebstatic.be/classifieds/d3d4e3a8-7837-45f7-aedc-bc5856272ef2/736x736/06d08db3604678c1d9789cd46b7d8c33.jpg|https://media-resize.immowebstatic.be/classifieds/d3d4e3a8-7837-45f7-aedc-bc5856272ef2/736x736/c6b0ec192542781138bfe225a8e1c5af.jpg",
    "url": "https://www.immoweb.be/en/classified/21857622"
   }
  },
  {
   "type": "Feature",
   "geometry": {
    "type": "Point",
    "coordinates": [
     4.397363299999999,
     51.1912102
    ]
   },
   "properties": {
    "id": 21647183,
    "title": "Jan Van Rijswijcklaan ∣ Fully renovated flat + P",
    "subtype": "APARTMENT",
    "street": "Jan Van Rijswijcklaan 166b box 6c",
    "postal_code": "2020",
    "locality": "ANTWERPEN",
    "place": "",
    "floor": 6,
    "bedrooms": 2,
    "surface_m2": 113,
    "rent_eur": 1100,
    "costs_eur": 0,
    "total_eur": 1100,
    "eur_per_m2": 9.7,
    "agency": "Las Immobilien",
    "flag": null,
    "updated": "2026-10-07T01:20:45.375Z",
    "image": "https://media-resize.immowebstatic.be/classifieds/d2266068-c156-47ba-a3ee-a904255e2847/100x100/cff1f0878a6cef148afdd91582dacc47.jpg",
    "image_large": "https://media-resize.immowebstatic.be/classifieds/d2266068-c156-47ba-a3ee-a904255e2847/736x736/cff1f0878a6cef148afdd91582dacc47.jpg",
    "photos": "https://media-resize.immowebstatic.be/classifieds/d2266068-c156-47ba-a3ee-a904255e2847/736x736/cff1f0878a6cef148afdd91582dacc47.jpg|https://media-resize.immowebstatic.be/classifieds/d2266068-c156-47ba-a3ee-a904255e2847/736x736/6a807cc0520c5d08c7fce4a6097455b2.jpg|https://media-resize.immowebstatic.be/classifieds/d2266068-c156-47ba-a3ee-a904255e2847/736x736/e3c8e1b6b9ebe92dc7f77f8126f4fa2a.jpg|https://media-resize.immowebstatic.be/classifieds/d2266068-c156-47ba-a3ee-a904255e2847/736x736/fb97caa314d633de020268279ad43699.jpg",
    "url": "https://www.immoweb.be/en/classified/21647183"
   }
  },
  {
   "type": "Feature",
   "geometry": {
    "type": "Point",
    "coordinates": [
     4.4669694,
     51.221142
    ]
   },
   "properties": {
    "id": 21694359,
    "title": "Apartment",
    "subtype": "APARTMENT",
    "street": "Plankenbergstraat 100 box 2",
    "postal_code": "2100",
    "locality": "DEURNE",
    "place": "",
    "floor": 1,
    "bedrooms": 2,
    "surface_m2": 72,
    "rent_eur": 1100,
    "costs_eur": 50,
    "total_eur": 1150,
    "eur_per_m2": 15.3,
    "agency": "Immo Matrix-Kolum",
    "flag": null,
    "updated": "2026-08-27T01:32:08.419Z",
    "image": "https://media-resize.immowebstatic.be/classifieds/8c7ddd6d-2af6-491d-a7e2-51c739d52123/100x100/0cbf10caa8499768ec9d2dc89afb3e65.jpg",
    "image_large": "https://media-resize.immowebstatic.be/classifieds/8c7ddd6d-2af6-491d-a7e2-51c739d52123/736x736/0cbf10caa8499768ec9d2dc89afb3e65.jpg",
    "photos": "https://media-resize.immowebstatic.be/classifieds/8c7ddd6d-2af6-491d-a7e2-51c739d52123/736x736/0cbf10caa8499768ec9d2dc89afb3e65.jpg|https://media-resize.immowebstatic.be/classifieds/8c7ddd6d-2af6-491d-a7e2-51c739d52123/736x736/5b26c4790639cd2e66c3ff02787bf279.jpg|https://media-resize.immowebstatic.be/classifieds/8c7ddd6d-2af6-491d-a7e2-51c739d52123/736x736/fb88c5e95b2ab23c0e7aaf5c93c78faf.jpg|https://media-resize.immowebstatic.be/classifieds/8c7ddd6d-2af6-491d-a7e2-51c739d52123/736x736/c778e645a69899485088d403954ab39f.jpg",
    "url": "https://www.immoweb.be/en/classified/21694359"
   }
  },
  {
   "type": "Feature",
   "geometry": {
    "type": "Point",
    "coordinates": [
     4.439089099999999,
     51.201367
    ]
   },
   "properties": {
    "id": 21757856,
    "title": null,
    "subtype": "APARTMENT",
    "street": "Herculusstraat 2 box 9",
    "postal_code": "2600",
    "locality": "Antwerpen",
    "place": null,
    "floor": 2,
    "bedrooms": 2,
    "surface_m2": 96,
    "rent_eur": 1100,
    "costs_eur": 45,
    "total_eur": 1145,
    "eur_per_m2": 11.5,
    "agency": "PRIVATE",
    "flag": null,
    "updated": "2026-09-16T10:17:02.510Z",
    "image": "https://media-resize.immowebstatic.be/classifieds/410603cb-3f09-46c2-bcb3-72da6e93129a/100x100/b464c6ca9041fc3a3c000f4b4c8b7b49.jpg",
    "image_large": "https://media-resize.immowebstatic.be/classifieds/410603cb-3f09-46c2-bcb3-72da6e93129a/736x736/b464c6ca9041fc3a3c000f4b4c8b7b49.jpg",
    "photos": "https://media-resize.immowebstatic.be/classifieds/410603cb-3f09-46c2-bcb3-72da6e93129a/736x736/b464c6ca9041fc3a3c000f4b4c8b7b49.jpg|https://media-resize.immowebstatic.be/classifieds/410603cb-3f09-46c2-bcb3-72da6e93129a/736x736/bba814c26beefd0c598d70c5d69f2de6.jpg|https://media-resize.immowebstatic.be/classifieds/410603cb-3f09-46c2-bcb3-72da6e93129a/736x736/3decedca28c735acde19fff16799a911.jpg|https://media-resize.immowebstatic.be/classifieds/410603cb-3f09-46c2-bcb3-72da6e93129a/736x736/877e168b4e51d5a55da9348d67ee87d0.jpg",
    "url": "https://www.immoweb.be/en/classified/21757856"
   }
  },
  {
   "type": "Feature",
   "geometry": {
    "type": "Point",
    "coordinates": [
     4.3503266,
     51.1776735
    ]
   },
   "properties": {
    "id": 21810853,
    "title": null,
    "subtype": "APARTMENT",
    "street": "Antwerpsesteenweg 5",
    "postal_code": "2660",
    "locality": "Anvers",
    "place": null,
    "floor": 1,
    "bedrooms": 2,
    "surface_m2": 90,
    "rent_eur": 1100,
    "costs_eur": 30,
    "total_eur": 1130,
    "eur_per_m2": 12.2,
    "agency": "PRIVATE",
    "flag": null,
    "updated": "2026-09-02T20:30:07.408Z",
    "image": "https://media-resize.immowebstatic.be/classifieds/44302e0c-4b19-4d1a-bd47-bd54fa0ac813/100x100/770576359eac0a14ca75f8ba4c22495a.jpg",
    "image_large": "https://media-resize.immowebstatic.be/classifieds/44302e0c-4b19-4d1a-bd47-bd54fa0ac813/736x736/770576359eac0a14ca75f8ba4c22495a.jpg",
    "photos": "https://media-resize.immowebstatic.be/classifieds/44302e0c-4b19-4d1a-bd47-bd54fa0ac813/736x736/770576359eac0a14ca75f8ba4c22495a.jpg|https://media-resize.immowebstatic.be/classifieds/44302e0c-4b19-4d1a-bd47-bd54fa0ac813/736x736/aac73243a24e472240a9179fc03c383c.jpg|https://media-resize.immowebstatic.be/classifieds/44302e0c-4b19-4d1a-bd47-bd54fa0ac813/736x736/78bbbc541b0dacaca32d79ae38f8e7ce.jpg|https://media-resize.immowebstatic.be/classifieds/44302e0c-4b19-4d1a-bd47-bd54fa0ac813/736x736/79c591e4e21e254814fc52fab13a84cb.jpg",
    "url": "https://www.immoweb.be/en/classified/21810853"
   }
  },
  {
   "type": "Feature",
   "geometry": {
    "type": "Point",
    "coordinates": [
     4.467765,
     51.1732703
    ]
   },
   "properties": {
    "id": 21871421,
    "title": null,
    "subtype": "APARTMENT",
    "street": "Zaaldenrode 3",
    "postal_code": "2640",
    "locality": "Mortsel",
    "place": null,
    "floor": 1,
    "bedrooms": 2,
    "surface_m2": 88,
    "rent_eur": 1100,
    "costs_eur": 0,
    "total_eur": 1100,
    "eur_per_m2": 12.5,
    "agency": "PRIVATE",
    "flag": "under_option",
    "updated": "2026-10-04T19:16:22.919Z",
    "image": "https://media-resize.immowebstatic.be/classifieds/e2d7b9d2-d984-41d5-8cdf-7da4571e52c0/100x100/a223548fe4148edc11c949b81cf34516.jpg",
    "image_large": "https://media-resize.immowebstatic.be/classifieds/e2d7b9d2-d984-41d5-8cdf-7da4571e52c0/736x736/a223548fe4148edc11c949b81cf34516.jpg",
    "photos": "https://media-resize.immowebstatic.be/classifieds/e2d7b9d2-d984-41d5-8cdf-7da4571e52c0/736x736/a223548fe4148edc11c949b81cf34516.jpg|https://media-resize.immowebstatic.be/classifieds/e2d7b9d2-d984-41d5-8cdf-7da4571e52c0/736x736/e259a22ff347f4effa8d21f942108e29.jpg|https://media-resize.immowebstatic.be/classifieds/e2d7b9d2-d984-41d5-8cdf-7da4571e52c0/736x736/29cef837013827fe82422da7f437dd56.jpg|https://media-resize.immowebstatic.be/classifieds/e2d7b9d2-d984-41d5-8cdf-7da4571e52c0/736x736/4e8c9cbaec7dd404abdf34cb10ddfd15.jpg",
    "url": "https://www.immoweb.be/en/classified/21871421"
   }
  },
  {
   "type": "Feature",
   "geometry": {
    "type": "Point",
    "coordinates": [
     4.395766099999999,
     51.2173702
    ]
   },
   "properties": {
    "id": 21891847,
    "title": null,
    "subtype": "APARTMENT",
    "street": "Kloosterstraat 6",
    "postal_code": "2660",
    "locality": "Antwerpen",
    "place": null,
    "floor": 3,
    "bedrooms": 2,
    "surface_m2": null,
    "rent_eur": 1100,
    "costs_eur": 0,
    "total_eur": 1100,
    "eur_per_m2": null,
    "agency": "PRIVATE",
    "flag": "new",
    "updated": "2026-10-05T19:18:35.217Z",
    "image": "https://media-resize.immowebstatic.be/classifieds/b96a247a-7859-4d9f-97f8-dbb84378ff05/100x100/4ef420351965f77867c98e5ff68a37a0.jpg",
    "image_large": "https://media-resize.immowebstatic.be/classifieds/b96a247a-7859-4d9f-97f8-dbb84378ff05/736x736/4ef420351965f77867c98e5ff68a37a0.jpg",
    "photos": "https://media-resize.immowebstatic.be/classifieds/b96a247a-7859-4d9f-97f8-dbb84378ff05/736x736/4ef420351965f77867c98e5ff68a37a0.jpg|https://media-resize.immowebstatic.be/classifieds/b96a247a-7859-4d9f-97f8-dbb84378ff05/736x736/44893d640b624062c58c3cfcc2ca1f1a.jpg|https://media-resize.immowebstatic.be/classifieds/b96a247a-7859-4d9f-97f8-dbb84378ff05/736x736/c1df3909c4824bd4d5db83df785d6530.jpg|https://media-resize.immowebstatic.be/classifieds/b96a247a-7859-4d9f-97f8-dbb84378ff05/736x736/86dbb1a50a9e44091ec30be5ec47b74a.jpg",
    "url": "https://www.immoweb.be/en/classified/21891847"
   }
  }
 ]
}