{
"type": "FeatureCollection",
"name": "bridges_scene",
"crs": { "type": "name", "properties": { "name": "urn:ogc:def:crs:EPSG::3857" } },
"xy_coordinate_resolution": 0.01,
"features": [
{ "type": "Feature", "properties": { }, "geometry": { "type": "Polygon", "coordinates": [ [ [ 538359.25, 6860515.06 ], [ 538360.78, 6860515.81 ], [ 538365.72, 6860505.41 ], [ 538364.05, 6860504.58 ], [ 538359.25, 6860515.06 ] ] ] } },
{ "type": "Feature", "properties": { }, "geometry": { "type": "Polygon", "coordinates": [ [ [ 537878.81, 6861355.43 ], [ 537876.51, 6861361.73 ], [ 537878.9, 6861362.63 ], [ 537881.21, 6861356.32 ], [ 537878.81, 6861355.43 ] ] ] } },
{ "type": "Feature", "properties": { }, "geometry": { "type": "Polygon", "coordinates": [ [ [ 538156.24, 6862842.25 ], [ 538156.67, 6862820.59 ], [ 538137.93, 6862820.25 ], [ 538137.5, 6862841.9 ], [ 538156.24, 6862842.25 ] ] ] } },
{ "type": "Feature", "properties": { }, "geometry": { "type": "Polygon", "coordinates": [ [ [ 538171.16, 6862820.86 ], [ 538161.76, 6862820.68 ], [ 538161.36, 6862842.34 ], [ 538170.6, 6862842.51 ], [ 538171.16, 6862820.86 ] ] ] } },
{ "type": "Feature", "properties": { }, "geometry": { "type": "Polygon", "coordinates": [ [ [ 538189.95, 6862821.2 ], [ 538180.52, 6862821.03 ], [ 538180.19, 6862842.69 ], [ 538189.52, 6862842.86 ], [ 538189.95, 6862821.2 ] ] ] } },
{ "type": "Feature", "properties": { }, "geometry": { "type": "Polygon", "coordinates": [ [ [ 538225.03, 6863120.62 ], [ 538225.17, 6863090.42 ], [ 538219.15, 6863090.31 ], [ 538219.05, 6863120.52 ], [ 538225.03, 6863120.62 ] ] ] } },
{ "type": "Feature", "properties": { }, "geometry": { "type": "Polygon", "coordinates": [ [ [ 537990.64, 6863130.61 ], [ 537986.04, 6863137.59 ], [ 537961.77, 6863136.78 ], [ 537959.97, 6863129.48 ], [ 537956.61, 6863146.55 ], [ 537960.87, 6863141.36 ], [ 537985.14, 6863142.17 ], [ 537987.31, 6863147.63 ], [ 537990.64, 6863130.61 ] ] ] } },
{ "type": "Feature", "properties": { }, "geometry": { "type": "Polygon", "coordinates": [ [ [ 538070.1, 6863903.14 ], [ 538063.46, 6863903.02 ], [ 538062.31, 6863958.07 ], [ 538068.9, 6863958.19 ], [ 538070.1, 6863903.14 ] ] ] } },
{ "type": "Feature", "properties": { }, "geometry": { "type": "Polygon", "coordinates": [ [ [ 538210.4, 6863960.73 ], [ 538211.38, 6863905.76 ], [ 538204.93, 6863905.63 ], [ 538203.88, 6863960.62 ], [ 538210.4, 6863960.73 ] ] ] } },
{ "type": "Feature", "properties": { }, "geometry": { "type": "Polygon", "coordinates": [ [ [ 538116.26, 6864024.72 ], [ 538116.17, 6864030.08 ], [ 538118.86, 6864028.31 ], [ 538120.18, 6864025.71 ], [ 538130.79, 6864025.9 ], [ 538131.17, 6864032.82 ], [ 538134.76, 6864036.25 ], [ 538134.96, 6864025.06 ], [ 538136.76, 6864025.09 ], [ 538136.85, 6864020.01 ], [ 538135.05, 6864019.98 ], [ 538135.6, 6863989.12 ], [ 538137.4, 6863989.15 ], [ 538137.49, 6863984.07 ], [ 538135.69, 6863984.04 ], [ 538135.89, 6863972.65 ], [ 538117.15, 6863973.09 ], [ 538116.97, 6863983.7 ], [ 538115.05, 6863983.67 ], [ 538114.96, 6863988.75 ], [ 538116.88, 6863988.78 ], [ 538116.35, 6864019.64 ], [ 538114.41, 6864019.61 ], [ 538114.32, 6864024.69 ], [ 538116.26, 6864024.72 ] ] ] } },
{ "type": "Feature", "properties": { }, "geometry": { "type": "Polygon", "coordinates": [ [ [ 538168.78, 6863989.25 ], [ 538170.3, 6863986.46 ], [ 538168.85, 6863985.2 ], [ 538169.33, 6863956.19 ], [ 538164.0, 6863957.21 ], [ 538159.85, 6863959.93 ], [ 538159.46, 6863984.97 ], [ 538158.58, 6863984.95 ], [ 538158.69, 6863978.85 ], [ 538150.84, 6863978.69 ], [ 538150.73, 6863984.8 ], [ 538149.85, 6863984.78 ], [ 538150.11, 6863970.74 ], [ 538145.88, 6863969.25 ], [ 538140.9, 6863970.8 ], [ 538140.65, 6863984.62 ], [ 538138.84, 6863986.62 ], [ 538140.58, 6863988.68 ], [ 538140.02, 6864020.05 ], [ 538138.2, 6864022.09 ], [ 538139.95, 6864024.16 ], [ 538139.73, 6864036.65 ], [ 538148.9, 6864036.82 ], [ 538149.13, 6864024.34 ], [ 538150.04, 6864024.35 ], [ 538149.93, 6864030.84 ], [ 538157.75, 6864030.99 ], [ 538157.87, 6864024.49 ], [ 538158.73, 6864024.5 ], [ 538158.49, 6864037.0 ], [ 538167.98, 6864037.17 ], [ 538168.19, 6864024.61 ], [ 538169.81, 6864022.64 ], [ 538168.26, 6864020.6 ], [ 538168.78, 6863989.25 ] ], [ [ 538149.21, 6864020.2 ], [ 538149.78, 6863988.9 ], [ 538150.66, 6863988.91 ], [ 538150.11, 6864020.21 ], [ 538149.21, 6864020.2 ] ], [ [ 538159.4, 6863989.1 ], [ 538158.81, 6864020.38 ], [ 538157.94, 6864020.36 ], [ 538158.5, 6863989.08 ], [ 538159.4, 6863989.1 ] ] ] } },
{ "type": "Feature", "properties": { }, "geometry": { "type": "Polygon", "coordinates": [ [ [ 537906.86, 6863975.9 ], [ 537905.98, 6864020.9 ], [ 537934.85, 6864021.63 ], [ 537936.03, 6863976.43 ], [ 537906.86, 6863975.9 ] ] ] } },
{ "type": "Feature", "properties": { }, "geometry": { "type": "Polygon", "coordinates": [ [ [ 538363.6, 6864762.12 ], [ 538318.82, 6864761.35 ], [ 538318.7, 6864766.23 ], [ 538363.52, 6864767.11 ], [ 538363.6, 6864762.12 ] ] ] } },
{ "type": "Feature", "properties": { }, "geometry": { "type": "Polygon", "coordinates": [ [ [ 538047.37, 6864782.5 ], [ 538046.7, 6864818.65 ], [ 538052.39, 6864818.77 ], [ 538053.21, 6864782.56 ], [ 538047.37, 6864782.5 ] ] ] } },
{ "type": "Feature", "properties": { }, "geometry": { "type": "Polygon", "coordinates": [ [ [ 538194.35, 6864822.18 ], [ 538195.07, 6864784.35 ], [ 538189.37, 6864784.21 ], [ 538188.65, 6864822.07 ], [ 538194.35, 6864822.18 ] ] ] } },
{ "type": "Feature", "properties": { }, "geometry": { "type": "Polygon", "coordinates": [ [ [ 538035.54, 6865158.5 ], [ 538051.31, 6865158.79 ], [ 538045.97, 6865153.29 ], [ 538047.95, 6865037.64 ], [ 538053.48, 6865032.34 ], [ 538037.78, 6865032.03 ], [ 538043.02, 6865037.54 ], [ 538041.04, 6865153.19 ], [ 538035.54, 6865158.5 ] ] ] } },
{ "type": "Feature", "properties": { }, "geometry": { "type": "Polygon", "coordinates": [ [ [ 538173.21, 6865155.09 ], [ 538141.76, 6865154.49 ], [ 538140.65, 6865177.42 ], [ 538167.71, 6865178.02 ], [ 538171.4, 6865184.27 ], [ 538172.33, 6865169.94 ], [ 538172.22, 6865180.0 ], [ 538181.54, 6865180.11 ], [ 538181.59, 6865161.24 ], [ 538193.35, 6865161.46 ], [ 538188.04, 6865155.96 ], [ 538190.02, 6865034.82 ], [ 538185.08, 6865034.74 ], [ 538183.09, 6865155.86 ], [ 538177.63, 6865160.35 ], [ 538177.61, 6865161.17 ], [ 538179.7, 6865161.21 ], [ 538172.87, 6865161.08 ], [ 538173.21, 6865155.09 ] ] ] } },
{ "type": "Feature", "properties": { }, "geometry": { "type": "Polygon", "coordinates": [ [ [ 538116.96, 6865179.75 ], [ 538127.3, 6865179.93 ], [ 538132.32, 6865177.24 ], [ 538136.5, 6865177.33 ], [ 538137.64, 6865154.42 ], [ 538102.76, 6865153.76 ], [ 538102.35, 6865176.58 ], [ 538111.88, 6865176.79 ], [ 538116.96, 6865179.75 ] ] ] } },
{ "type": "Feature", "properties": { }, "geometry": { "type": "Polygon", "coordinates": [ [ [ 538071.79, 6865174.83 ], [ 538080.4, 6865175.13 ], [ 538080.71, 6865159.35 ], [ 538072.05, 6865159.18 ], [ 538071.79, 6865174.83 ] ] ] } },
{ "type": "Feature", "properties": { }, "geometry": { "type": "Polygon", "coordinates": [ [ [ 538036.76, 6865362.39 ], [ 538042.49, 6865362.46 ], [ 538043.02, 6865332.85 ], [ 538037.24, 6865332.76 ], [ 538036.76, 6865362.39 ] ] ] } },
{ "type": "Feature", "properties": { }, "geometry": { "type": "Polygon", "coordinates": [ [ [ 538185.17, 6865364.72 ], [ 538185.7, 6865335.27 ], [ 538179.98, 6865335.17 ], [ 538179.45, 6865364.63 ], [ 538185.17, 6865364.72 ] ] ] } },
{ "type": "Feature", "properties": { }, "geometry": { "type": "Polygon", "coordinates": [ [ [ 538164.26, 6865807.27 ], [ 538190.72, 6865825.69 ], [ 538193.24, 6865822.05 ], [ 538164.35, 6865802.87 ], [ 538164.26, 6865807.27 ] ] ] } },
{ "type": "Feature", "properties": { }, "geometry": { "type": "Polygon", "coordinates": [ [ [ 538222.81, 6865841.68 ], [ 538202.31, 6865828.07 ], [ 538201.49, 6865829.25 ], [ 538201.28, 6865833.04 ], [ 538220.23, 6865846.24 ], [ 538222.81, 6865841.68 ] ] ] } },
{ "type": "Feature", "properties": { }, "geometry": { "type": "Polygon", "coordinates": [ [ [ 538030.61, 6865997.78 ], [ 538031.15, 6865967.97 ], [ 538025.6, 6865967.87 ], [ 538025.06, 6865997.68 ], [ 538030.61, 6865997.78 ] ] ] } },
{ "type": "Feature", "properties": { }, "geometry": { "type": "Polygon", "coordinates": [ [ [ 538167.43, 6866000.31 ], [ 538173.01, 6866000.42 ], [ 538173.54, 6865970.56 ], [ 538167.97, 6865970.46 ], [ 538167.43, 6866000.31 ] ] ] } },
{ "type": "Feature", "properties": { }, "geometry": { "type": "Polygon", "coordinates": [ [ [ 538169.31, 6866193.66 ], [ 538163.29, 6866193.55 ], [ 538162.56, 6866248.47 ], [ 538168.6, 6866248.57 ], [ 538169.31, 6866193.66 ] ] ] } },
{ "type": "Feature", "properties": { }, "geometry": { "type": "Polygon", "coordinates": [ [ [ 538175.99, 6866458.9 ], [ 538176.8, 6866445.01 ], [ 538164.65, 6866472.59 ], [ 538175.28, 6866502.55 ], [ 538175.24, 6866488.22 ], [ 538169.08, 6866472.78 ], [ 538175.99, 6866458.9 ] ] ] } },
{ "type": "Feature", "properties": { }, "geometry": { "type": "Polygon", "coordinates": [ [ [ 537957.17, 6866660.5 ], [ 537961.09, 6866660.57 ], [ 537961.45, 6866642.56 ], [ 537957.5, 6866642.49 ], [ 537957.17, 6866660.5 ] ] ] } },
{ "type": "Feature", "properties": { }, "geometry": { "type": "Polygon", "coordinates": [ [ [ 537957.16, 6866735.27 ], [ 537955.72, 6866748.17 ], [ 537959.84, 6866748.92 ], [ 537961.11, 6866736.3 ], [ 537957.16, 6866735.27 ] ] ] } },
{ "type": "Feature", "properties": { }, "geometry": { "type": "Polygon", "coordinates": [ [ [ 538216.15, 6867215.9 ], [ 538213.64, 6867192.69 ], [ 538205.6, 6867170.26 ], [ 538209.63, 6867154.23 ], [ 538207.95, 6867140.46 ], [ 538201.46, 6867170.47 ], [ 538216.15, 6867215.9 ] ] ] } },
{ "type": "Feature", "properties": { }, "geometry": { "type": "Polygon", "coordinates": [ [ [ 537728.77, 6867250.63 ], [ 537697.01, 6867263.0 ], [ 537697.01, 6867284.1 ], [ 537737.68, 6867268.25 ], [ 537728.77, 6867250.63 ] ] ] } },
{ "type": "Feature", "properties": { }, "geometry": { "type": "Polygon", "coordinates": [ [ [ 538037.34, 6867306.65 ], [ 538037.67, 6867312.14 ], [ 538060.44, 6867307.16 ], [ 538059.82, 6867301.82 ], [ 538037.34, 6867306.65 ] ] ] } },
{ "type": "Feature", "properties": { }, "geometry": { "type": "Polygon", "coordinates": [ [ [ 538215.16, 6867335.89 ], [ 538207.06, 6867282.74 ], [ 538201.32, 6867284.1 ], [ 538209.42, 6867337.23 ], [ 538215.16, 6867335.89 ] ] ] } },
{ "type": "Feature", "properties": { }, "geometry": { "type": "Polygon", "coordinates": [ [ [ 538166.63, 6867383.98 ], [ 538184.24, 6867379.79 ], [ 538181.71, 6867358.01 ], [ 538164.08, 6867362.11 ], [ 538166.63, 6867383.98 ] ] ] } },
{ "type": "Feature", "properties": { }, "geometry": { "type": "Polygon", "coordinates": [ [ [ 538163.15, 6867384.81 ], [ 538160.64, 6867362.91 ], [ 538142.25, 6867367.19 ], [ 538144.74, 6867389.19 ], [ 538163.15, 6867384.81 ] ] ] } },
{ "type": "Feature", "properties": { }, "geometry": { "type": "Polygon", "coordinates": [ [ [ 537929.4, 6867404.39 ], [ 537911.3, 6867354.97 ], [ 537891.96, 6867359.42 ], [ 537910.06, 6867408.84 ], [ 537929.4, 6867404.39 ] ] ] } },
{ "type": "Feature", "properties": { }, "geometry": { "type": "Polygon", "coordinates": [ [ [ 538115.47, 6867379.56 ], [ 538109.93, 6867380.86 ], [ 538112.2, 6867390.77 ], [ 538117.78, 6867389.45 ], [ 538115.47, 6867379.56 ] ] ] } },
{ "type": "Feature", "properties": { }, "geometry": { "type": "Polygon", "coordinates": [ [ [ 537962.0, 6867443.91 ], [ 537960.77, 6867439.02 ], [ 537957.22, 6867439.86 ], [ 537958.46, 6867444.8 ], [ 537962.0, 6867443.91 ] ] ] } },
{ "type": "Feature", "properties": { }, "geometry": { "type": "Polygon", "coordinates": [ [ [ 538035.14, 6867887.44 ], [ 538059.6, 6867983.24 ], [ 538078.6, 6867978.36 ], [ 538054.14, 6867882.57 ], [ 538035.14, 6867887.44 ] ] ] } },
{ "type": "Feature", "properties": { }, "geometry": { "type": "Polygon", "coordinates": [ [ [ 538143.86, 6868310.64 ], [ 538158.2, 6868306.94 ], [ 538155.7, 6868307.16 ], [ 538154.47, 6868302.34 ], [ 538156.85, 6868301.72 ], [ 538154.3, 6868301.69 ], [ 538153.56, 6868298.8 ], [ 538155.82, 6868297.79 ], [ 538141.52, 6868301.5 ], [ 538143.86, 6868310.64 ] ] ] } },
{ "type": "Feature", "properties": { }, "geometry": { "type": "Polygon", "coordinates": [ [ [ 538384.19, 6868439.63 ], [ 538372.83, 6868442.55 ], [ 538385.85, 6868501.72 ], [ 538398.03, 6868498.59 ], [ 538384.19, 6868439.63 ] ] ] } },
{ "type": "Feature", "properties": { }, "geometry": { "type": "Polygon", "coordinates": [ [ [ 537823.88, 6868637.08 ], [ 537813.16, 6868595.32 ], [ 537785.44, 6868602.47 ], [ 537796.16, 6868644.2 ], [ 537823.88, 6868637.08 ] ] ] } },
{ "type": "Feature", "properties": { }, "geometry": { "type": "Polygon", "coordinates": [ [ [ 538362.91, 6868674.67 ], [ 538362.94, 6868687.7 ], [ 538364.58, 6868687.7 ], [ 538364.55, 6868674.67 ], [ 538362.91, 6868674.67 ] ] ] } },
{ "type": "Feature", "properties": { }, "geometry": { "type": "Polygon", "coordinates": [ [ [ 538218.0, 6868714.86 ], [ 538216.64, 6868717.14 ], [ 538214.4, 6868717.68 ], [ 538211.53, 6868716.51 ], [ 538216.3, 6868735.21 ], [ 538220.54, 6868732.66 ], [ 538223.39, 6868733.55 ], [ 538218.0, 6868714.86 ] ] ] } },
{ "type": "Feature", "properties": { }, "geometry": { "type": "Polygon", "coordinates": [ [ [ 537868.56, 6868817.9 ], [ 537870.91, 6868819.52 ], [ 537868.27, 6868809.12 ], [ 537866.99, 6868811.61 ], [ 537842.1, 6868817.86 ], [ 537839.77, 6868816.43 ], [ 537842.39, 6868826.77 ], [ 537843.68, 6868824.28 ], [ 537868.56, 6868817.9 ] ] ] } },
{ "type": "Feature", "properties": { }, "geometry": { "type": "Polygon", "coordinates": [ [ [ 538154.98, 6870053.54 ], [ 538156.47, 6870010.93 ], [ 538146.13, 6870010.63 ], [ 538145.19, 6870053.21 ], [ 538154.98, 6870053.54 ] ] ] } },
{ "type": "Feature", "properties": { }, "geometry": { "type": "Polygon", "coordinates": [ [ [ 538172.13, 6870050.55 ], [ 538210.55, 6870051.63 ], [ 538207.65, 6870035.38 ], [ 538209.57, 6870027.6 ], [ 538215.49, 6870019.58 ], [ 538220.57, 6870016.04 ], [ 538220.3, 6870015.26 ], [ 538159.26, 6870012.79 ], [ 538172.13, 6870050.55 ] ] ] } },
{ "type": "Feature", "properties": { }, "geometry": { "type": "Polygon", "coordinates": [ [ [ 538236.73, 6870055.92 ], [ 538238.06, 6870017.0 ], [ 538228.28, 6870016.66 ], [ 538226.96, 6870055.6 ], [ 538236.73, 6870055.92 ] ] ] } },
{ "type": "Feature", "properties": { }, "geometry": { "type": "Polygon", "coordinates": [ [ [ 537913.22, 6870152.28 ], [ 537919.02, 6870152.35 ], [ 537919.1, 6870145.4 ], [ 537913.29, 6870145.32 ], [ 537913.22, 6870152.28 ] ] ] } },
{ "type": "Feature", "properties": { }, "geometry": { "type": "Polygon", "coordinates": [ [ [ 537931.65, 6870179.21 ], [ 537929.75, 6870177.17 ], [ 537929.66, 6870185.3 ], [ 537931.61, 6870183.31 ], [ 537936.5, 6870183.36 ], [ 537936.52, 6870179.27 ], [ 537931.65, 6870179.21 ] ] ] } },
{ "type": "Feature", "properties": { }, "geometry": { "type": "Polygon", "coordinates": [ [ [ 538279.35, 6870475.24 ], [ 538276.05, 6870477.95 ], [ 538273.67, 6870475.11 ], [ 538271.3, 6870475.06 ], [ 538271.25, 6870483.38 ], [ 538281.63, 6870483.45 ], [ 538281.76, 6870475.26 ], [ 538279.35, 6870475.24 ] ] ] } },
{ "type": "Feature", "properties": { }, "geometry": { "type": "Polygon", "coordinates": [ [ [ 538202.13, 6873920.06 ], [ 538214.72, 6873911.17 ], [ 538216.12, 6873912.23 ], [ 538215.44, 6873910.66 ], [ 538227.71, 6873902.0 ], [ 538216.88, 6873886.51 ], [ 538191.14, 6873904.48 ], [ 538202.13, 6873920.06 ] ] ] } },
{ "type": "Feature", "properties": { }, "geometry": { "type": "Polygon", "coordinates": [ [ [ 538235.56, 6873940.36 ], [ 538230.43, 6873931.08 ], [ 538246.69, 6873919.57 ], [ 538236.77, 6873905.48 ], [ 538203.45, 6873928.65 ], [ 538213.57, 6873943.02 ], [ 538228.77, 6873932.26 ], [ 538235.56, 6873940.36 ] ] ] } },
{ "type": "Feature", "properties": { }, "geometry": { "type": "Polygon", "coordinates": [ [ [ 538337.54, 6874045.78 ], [ 538303.5, 6874070.68 ], [ 538307.89, 6874076.61 ], [ 538341.88, 6874051.74 ], [ 538337.54, 6874045.78 ] ] ] } },
{ "type": "Feature", "properties": { }, "geometry": { "type": "Polygon", "coordinates": [ [ [ 538345.07, 6874065.23 ], [ 538319.42, 6874084.07 ], [ 538323.07, 6874089.1 ], [ 538348.81, 6874070.32 ], [ 538345.07, 6874065.23 ] ] ] } },
{ "type": "Feature", "properties": { }, "geometry": { "type": "Polygon", "coordinates": [ [ [ 538362.87, 6874089.66 ], [ 538353.04, 6874076.47 ], [ 538327.48, 6874095.17 ], [ 538337.24, 6874108.47 ], [ 538362.87, 6874089.66 ] ] ] } },
{ "type": "Feature", "properties": { }, "geometry": { "type": "Polygon", "coordinates": [ [ [ 538342.44, 6874115.57 ], [ 538368.43, 6874097.15 ], [ 538364.58, 6874091.97 ], [ 538338.96, 6874110.82 ], [ 538342.44, 6874115.57 ] ] ] } },
{ "type": "Feature", "properties": { }, "geometry": { "type": "Polygon", "coordinates": [ [ [ 538370.22, 6874112.68 ], [ 538369.77, 6874111.87 ], [ 538379.96, 6874104.37 ], [ 538377.32, 6874100.83 ], [ 538367.08, 6874108.24 ], [ 538365.8, 6874107.47 ], [ 538366.15, 6874108.91 ], [ 538354.58, 6874117.28 ], [ 538353.36, 6874116.62 ], [ 538353.62, 6874117.97 ], [ 538343.72, 6874125.13 ], [ 538346.55, 6874128.96 ], [ 538356.38, 6874121.73 ], [ 538357.53, 6874122.34 ], [ 538357.31, 6874121.04 ], [ 538368.84, 6874112.56 ], [ 538370.22, 6874112.68 ] ] ] } },
{ "type": "Feature", "properties": { }, "geometry": { "type": "Polygon", "coordinates": [ [ [ 538290.31, 6874082.21 ], [ 538287.0, 6874083.36 ], [ 538169.28, 6874169.07 ], [ 538166.83, 6874173.52 ], [ 538168.76, 6874178.58 ], [ 538295.98, 6874085.33 ], [ 538293.18, 6874082.83 ], [ 538290.31, 6874082.21 ] ] ] } },
{ "type": "Feature", "properties": { }, "geometry": { "type": "Polygon", "coordinates": [ [ [ 538153.34, 6874183.11 ], [ 538148.83, 6874184.19 ], [ 537994.99, 6874296.54 ], [ 537992.62, 6874300.38 ], [ 537993.94, 6874305.25 ], [ 537994.63, 6874306.07 ], [ 538157.93, 6874186.51 ], [ 538153.34, 6874183.11 ] ] ] } },
{ "type": "Feature", "properties": { }, "geometry": { "type": "Polygon", "coordinates": [ [ [ 537988.73, 6874304.58 ], [ 537983.02, 6874305.32 ], [ 537891.81, 6874371.71 ], [ 537889.38, 6874376.09 ], [ 537891.44, 6874381.45 ], [ 537992.11, 6874307.92 ], [ 537988.73, 6874304.58 ] ] ] } },
{ "type": "Feature", "properties": { }, "geometry": { "type": "Polygon", "coordinates": [ [ [ 537884.51, 6874380.46 ], [ 537878.87, 6874381.25 ], [ 537697.01, 6874514.77 ], [ 537697.01, 6874523.7 ], [ 537888.09, 6874383.9 ], [ 537884.51, 6874380.46 ] ] ] } },
{ "type": "Feature", "properties": { }, "geometry": { "type": "Polygon", "coordinates": [ [ [ 538327.72, 6874994.33 ], [ 538328.42, 6874995.3 ], [ 538339.12, 6874987.5 ], [ 538338.41, 6874986.52 ], [ 538327.72, 6874994.33 ] ] ] } },
{ "type": "Feature", "properties": { }, "geometry": { "type": "Polygon", "coordinates": [ [ [ 538321.63, 6875017.81 ], [ 538313.36, 6875006.46 ], [ 538312.43, 6875007.14 ], [ 538321.63, 6875019.7 ], [ 538325.19, 6875017.09 ], [ 538324.28, 6875015.86 ], [ 538321.63, 6875017.81 ] ] ] } },
{ "type": "Feature", "properties": { }, "geometry": { "type": "Polygon", "coordinates": [ [ [ 538306.79, 6875011.32 ], [ 538305.84, 6875012.02 ], [ 538315.01, 6875024.55 ], [ 538315.93, 6875023.87 ], [ 538306.79, 6875011.32 ] ] ] } },
{ "type": "Feature", "properties": { }, "geometry": { "type": "Polygon", "coordinates": [ [ [ 538300.12, 6875016.11 ], [ 538299.26, 6875016.8 ], [ 538308.07, 6875028.84 ], [ 538308.99, 6875028.12 ], [ 538300.12, 6875016.11 ] ] ] } },
{ "type": "Feature", "properties": { }, "geometry": { "type": "Polygon", "coordinates": [ [ [ 538293.55, 6875021.0 ], [ 538292.57, 6875021.64 ], [ 538301.43, 6875033.67 ], [ 538302.34, 6875032.95 ], [ 538293.55, 6875021.0 ] ] ] } },
{ "type": "Feature", "properties": { }, "geometry": { "type": "Polygon", "coordinates": [ [ [ 538381.86, 6876730.82 ], [ 538379.55, 6876731.35 ], [ 538381.94, 6876739.68 ], [ 538384.0, 6876739.06 ], [ 538381.86, 6876730.82 ] ] ] } },
{ "type": "Feature", "properties": { }, "geometry": { "type": "Polygon", "coordinates": [ [ [ 538580.75, 6861036.03 ], [ 538581.31, 6861031.09 ], [ 538576.09, 6861028.15 ], [ 538575.75, 6861033.22 ], [ 538580.75, 6861036.03 ] ] ] } },
{ "type": "Feature", "properties": { }, "geometry": { "type": "Polygon", "coordinates": [ [ [ 538573.19, 6861207.3 ], [ 538574.01, 6861202.02 ], [ 538569.01, 6861201.74 ], [ 538568.72, 6861207.06 ], [ 538573.19, 6861207.3 ] ] ] } },
{ "type": "Feature", "properties": { }, "geometry": { "type": "Polygon", "coordinates": [ [ [ 538772.05, 6861289.05 ], [ 538774.76, 6861297.82 ], [ 538773.78, 6861294.29 ], [ 538779.73, 6861292.7 ], [ 538779.56, 6861291.65 ], [ 538780.75, 6861296.28 ], [ 538779.68, 6861291.43 ], [ 538778.26, 6861287.27 ], [ 538772.05, 6861289.05 ] ] ] } },
{ "type": "Feature", "properties": { }, "geometry": { "type": "Polygon", "coordinates": [ [ [ 538407.56, 6864060.76 ], [ 538408.43, 6863976.4 ], [ 538398.44, 6863975.78 ], [ 538397.32, 6864060.64 ], [ 538407.56, 6864060.76 ] ] ] } },
{ "type": "Feature", "properties": { }, "geometry": { "type": "Polygon", "coordinates": [ [ [ 538862.92, 6864029.5 ], [ 538861.97, 6864041.87 ], [ 538893.04, 6864042.13 ], [ 538893.12, 6864029.79 ], [ 538862.92, 6864029.5 ] ] ] } },
{ "type": "Feature", "properties": { }, "geometry": { "type": "Polygon", "coordinates": [ [ [ 538843.29, 6864775.54 ], [ 538889.19, 6864776.38 ], [ 538889.26, 6864771.36 ], [ 538843.38, 6864770.58 ], [ 538843.29, 6864775.54 ] ] ] } },
{ "type": "Feature", "properties": { }, "geometry": { "type": "Polygon", "coordinates": [ [ [ 538999.75, 6864767.52 ], [ 538985.68, 6864767.04 ], [ 538985.34, 6864784.03 ], [ 538999.44, 6864784.3 ], [ 538999.75, 6864767.52 ] ] ] } },
{ "type": "Feature", "properties": { }, "geometry": { "type": "Polygon", "coordinates": [ [ [ 539034.49, 6864762.71 ], [ 539016.56, 6864762.25 ], [ 539013.68, 6864791.21 ], [ 539031.6, 6864791.54 ], [ 539034.49, 6864762.71 ] ] ] } },
{ "type": "Feature", "properties": { }, "geometry": { "type": "Polygon", "coordinates": [ [ [ 539040.7, 6864762.86 ], [ 539040.17, 6864791.7 ], [ 539098.58, 6864792.79 ], [ 539099.03, 6864764.34 ], [ 539040.7, 6864762.86 ] ] ] } },
{ "type": "Feature", "properties": { }, "geometry": { "type": "Polygon", "coordinates": [ [ [ 538995.73, 6867242.05 ], [ 538996.29, 6867213.71 ], [ 538977.57, 6867213.39 ], [ 538976.97, 6867241.74 ], [ 538995.73, 6867242.05 ] ] ] } },
{ "type": "Feature", "properties": { }, "geometry": { "type": "Polygon", "coordinates": [ [ [ 538996.83, 6867242.07 ], [ 539024.05, 6867242.53 ], [ 539024.56, 6867214.19 ], [ 538997.35, 6867213.73 ], [ 538996.83, 6867242.07 ] ] ] } },
{ "type": "Feature", "properties": { }, "geometry": { "type": "Polygon", "coordinates": [ [ [ 539026.4, 6867242.57 ], [ 539053.68, 6867243.03 ], [ 539054.18, 6867214.69 ], [ 539026.89, 6867214.23 ], [ 539026.4, 6867242.57 ] ] ] } },
{ "type": "Feature", "properties": { }, "geometry": { "type": "Polygon", "coordinates": [ [ [ 539055.22, 6867214.71 ], [ 539054.71, 6867243.05 ], [ 539071.28, 6867243.32 ], [ 539071.81, 6867214.99 ], [ 539055.22, 6867214.71 ] ] ] } },
{ "type": "Feature", "properties": { }, "geometry": { "type": "Polygon", "coordinates": [ [ [ 538527.72, 6867293.58 ], [ 538526.7, 6867284.77 ], [ 538528.18, 6867278.49 ], [ 538474.61, 6867291.97 ], [ 538478.24, 6867306.24 ], [ 538527.72, 6867293.58 ] ] ] } },
{ "type": "Feature", "properties": { }, "geometry": { "type": "Polygon", "coordinates": [ [ [ 538938.2, 6868086.58 ], [ 538920.56, 6868088.27 ], [ 538922.63, 6868108.46 ], [ 538940.22, 6868106.73 ], [ 538938.2, 6868086.58 ] ] ] } },
{ "type": "Feature", "properties": { }, "geometry": { "type": "Polygon", "coordinates": [ [ [ 538722.49, 6868108.12 ], [ 538724.57, 6868128.26 ], [ 538728.88, 6868127.82 ], [ 538726.84, 6868107.69 ], [ 538722.49, 6868108.12 ] ] ] } },
{ "type": "Feature", "properties": { }, "geometry": { "type": "Polygon", "coordinates": [ [ [ 538439.61, 6868136.44 ], [ 538441.62, 6868156.76 ], [ 538465.66, 6868154.34 ], [ 538463.76, 6868133.98 ], [ 538439.61, 6868136.44 ] ] ] } },
{ "type": "Feature", "properties": { }, "geometry": { "type": "Polygon", "coordinates": [ [ [ 539080.37, 6868269.84 ], [ 539079.37, 6868269.36 ], [ 539077.71, 6868262.69 ], [ 539057.34, 6868267.89 ], [ 539072.13, 6868325.95 ], [ 539092.55, 6868320.72 ], [ 539091.01, 6868311.37 ], [ 539090.01, 6868310.89 ], [ 539080.14, 6868272.5 ], [ 539080.37, 6868269.84 ] ] ] } },
{ "type": "Feature", "properties": { }, "geometry": { "type": "Polygon", "coordinates": [ [ [ 538914.72, 6868303.13 ], [ 538905.24, 6868305.57 ], [ 538920.42, 6868364.8 ], [ 538929.89, 6868362.37 ], [ 538914.72, 6868303.13 ] ] ] } },
{ "type": "Feature", "properties": { }, "geometry": { "type": "Polygon", "coordinates": [ [ [ 538477.32, 6868422.36 ], [ 538489.05, 6868468.17 ], [ 538506.62, 6868463.71 ], [ 538494.88, 6868417.84 ], [ 538477.32, 6868422.36 ] ] ] } },
{ "type": "Feature", "properties": { }, "geometry": { "type": "Polygon", "coordinates": [ [ [ 538422.54, 6868477.5 ], [ 538423.38, 6868477.29 ], [ 538422.56, 6868474.11 ], [ 538421.48, 6868474.39 ], [ 538415.24, 6868449.81 ], [ 538416.28, 6868449.54 ], [ 538415.47, 6868446.37 ], [ 538414.43, 6868446.64 ], [ 538410.91, 6868432.75 ], [ 538387.19, 6868438.86 ], [ 538402.13, 6868497.53 ], [ 538425.81, 6868491.45 ], [ 538422.54, 6868477.5 ] ] ] } },
{ "type": "Feature", "properties": { }, "geometry": { "type": "Polygon", "coordinates": [ [ [ 538412.28, 6868432.4 ], [ 538428.04, 6868490.87 ], [ 538442.81, 6868487.07 ], [ 538427.96, 6868428.37 ], [ 538412.28, 6868432.4 ] ] ] } },
{ "type": "Feature", "properties": { }, "geometry": { "type": "Polygon", "coordinates": [ [ [ 538514.32, 6869944.38 ], [ 538507.53, 6869944.3 ], [ 538507.22, 6869969.01 ], [ 538513.93, 6869969.2 ], [ 538514.32, 6869944.38 ] ] ] } },
{ "type": "Feature", "properties": { }, "geometry": { "type": "Polygon", "coordinates": [ [ [ 538737.36, 6870058.97 ], [ 538743.02, 6870029.44 ], [ 538740.21, 6870031.9 ], [ 538727.1, 6870031.7 ], [ 538724.59, 6870029.37 ], [ 538724.58, 6870035.79 ], [ 538719.82, 6870060.49 ], [ 538723.76, 6870059.22 ], [ 538737.36, 6870058.97 ] ] ] } },
{ "type": "Feature", "properties": { }, "geometry": { "type": "Polygon", "coordinates": [ [ [ 538685.16, 6870030.17 ], [ 538677.93, 6870071.09 ], [ 538697.67, 6870071.81 ], [ 538705.1, 6870030.9 ], [ 538702.64, 6870033.27 ], [ 538687.56, 6870033.14 ], [ 538685.16, 6870030.17 ] ] ] } },
{ "type": "Feature", "properties": { }, "geometry": { "type": "Polygon", "coordinates": [ [ [ 538513.75, 6870024.8 ], [ 538506.73, 6870024.7 ], [ 538506.71, 6870048.97 ], [ 538513.54, 6870048.98 ], [ 538513.75, 6870024.8 ] ] ] } },
{ "type": "Feature", "properties": { }, "geometry": { "type": "Polygon", "coordinates": [ [ [ 538661.01, 6870063.69 ], [ 538668.63, 6870023.08 ], [ 538662.92, 6870024.67 ], [ 538660.99, 6870030.09 ], [ 538659.11, 6870030.02 ], [ 538658.77, 6870026.62 ], [ 538657.1, 6870024.2 ], [ 538653.29, 6870022.73 ], [ 538648.11, 6870023.94 ], [ 538646.32, 6870026.19 ], [ 538645.73, 6870029.5 ], [ 538643.79, 6870029.42 ], [ 538642.94, 6870025.24 ], [ 538639.2, 6870022.54 ], [ 538631.14, 6870060.81 ], [ 538639.34, 6870062.36 ], [ 538661.01, 6870063.69 ] ] ] } },
{ "type": "Feature", "properties": { }, "geometry": { "type": "Polygon", "coordinates": [ [ [ 538786.61, 6870038.48 ], [ 538770.55, 6870038.24 ], [ 538779.13, 6870052.83 ], [ 538791.63, 6870053.39 ], [ 538786.61, 6870038.48 ] ] ] } },
{ "type": "Feature", "properties": { }, "geometry": { "type": "Polygon", "coordinates": [ [ [ 538842.84, 6870039.1 ], [ 538822.97, 6870038.46 ], [ 538791.63, 6870038.58 ], [ 538798.21, 6870053.68 ], [ 538835.31, 6870055.46 ], [ 538842.84, 6870039.1 ] ] ] } },
{ "type": "Feature", "properties": { }, "geometry": { "type": "Polygon", "coordinates": [ [ [ 538841.66, 6870055.69 ], [ 538853.19, 6870056.14 ], [ 538863.57, 6870039.42 ], [ 538847.64, 6870039.09 ], [ 538841.66, 6870055.69 ] ] ] } },
{ "type": "Feature", "properties": { }, "geometry": { "type": "Polygon", "coordinates": [ [ [ 538512.07, 6870051.62 ], [ 538486.15, 6870052.08 ], [ 538486.14, 6870054.55 ], [ 538527.46, 6870054.37 ], [ 538527.32, 6870057.75 ], [ 538531.83, 6870057.94 ], [ 538531.95, 6870054.57 ], [ 538550.09, 6870055.6 ], [ 538550.09, 6870053.12 ], [ 538512.07, 6870051.62 ] ] ] } },
{ "type": "Feature", "properties": { }, "geometry": { "type": "Polygon", "coordinates": [ [ [ 539075.64, 6870068.35 ], [ 539075.69, 6870043.83 ], [ 539062.36, 6870043.79 ], [ 539062.41, 6870068.2 ], [ 539075.64, 6870068.35 ] ] ] } },
{ "type": "Feature", "properties": { }, "geometry": { "type": "Polygon", "coordinates": [ [ [ 539015.57, 6870067.87 ], [ 538975.7, 6870067.29 ], [ 538975.67, 6870069.74 ], [ 539015.53, 6870070.32 ], [ 539015.57, 6870067.87 ] ] ] } },
{ "type": "Feature", "properties": { }, "geometry": { "type": "Polygon", "coordinates": [ [ [ 538999.68, 6871842.23 ], [ 539044.26, 6871931.43 ], [ 539076.92, 6871956.88 ], [ 539120.72, 6871994.59 ], [ 539170.97, 6872044.35 ], [ 539172.48, 6872038.65 ], [ 539172.51, 6872008.9 ], [ 539143.22, 6871980.51 ], [ 539145.01, 6871978.42 ], [ 539172.51, 6872001.78 ], [ 539172.55, 6871963.53 ], [ 539133.21, 6871931.77 ], [ 539063.16, 6871879.92 ], [ 539000.51, 6871837.28 ], [ 538999.68, 6871842.23 ] ] ] } },
{ "type": "Feature", "properties": { }, "geometry": { "type": "Polygon", "coordinates": [ [ [ 539092.77, 6873566.54 ], [ 539069.44, 6873534.97 ], [ 539055.94, 6873544.79 ], [ 539079.23, 6873576.6 ], [ 539092.77, 6873566.54 ] ] ] } },
{ "type": "Feature", "properties": { }, "geometry": { "type": "Polygon", "coordinates": [ [ [ 539056.86, 6873626.72 ], [ 539074.46, 6873651.56 ], [ 539079.52, 6873647.8 ], [ 539062.0, 6873623.01 ], [ 539056.86, 6873626.72 ] ] ] } },
{ "type": "Feature", "properties": { }, "geometry": { "type": "Polygon", "coordinates": [ [ [ 538997.88, 6873707.67 ], [ 538984.97, 6873717.25 ], [ 538986.8, 6873719.54 ], [ 538999.58, 6873710.28 ], [ 538997.88, 6873707.67 ] ] ] } },
{ "type": "Feature", "properties": { }, "geometry": { "type": "Polygon", "coordinates": [ [ [ 539027.76, 6873744.43 ], [ 539011.4, 6873756.53 ], [ 539014.18, 6873760.17 ], [ 539030.77, 6873748.05 ], [ 539027.76, 6873744.43 ] ] ] } },
{ "type": "Feature", "properties": { }, "geometry": { "type": "Polygon", "coordinates": [ [ [ 539041.15, 6873761.22 ], [ 539023.08, 6873774.31 ], [ 539024.77, 6873776.66 ], [ 539042.84, 6873763.57 ], [ 539041.15, 6873761.22 ] ] ] } },
{ "type": "Feature", "properties": { }, "geometry": { "type": "Polygon", "coordinates": [ [ [ 538731.34, 6873857.7 ], [ 538725.33, 6873862.1 ], [ 538750.37, 6873896.47 ], [ 538756.38, 6873892.07 ], [ 538731.34, 6873857.7 ] ] ] } },
{ "type": "Feature", "properties": { }, "geometry": { "type": "Polygon", "coordinates": [ [ [ 538650.28, 6873816.94 ], [ 538355.62, 6874032.55 ], [ 538354.02, 6874037.05 ], [ 538355.97, 6874041.43 ], [ 538657.15, 6873821.06 ], [ 538653.97, 6873817.69 ], [ 538650.28, 6873816.94 ] ] ] } },
{ "type": "Feature", "properties": { }, "geometry": { "type": "Polygon", "coordinates": [ [ [ 539612.55, 6860385.3 ], [ 539598.89, 6860404.3 ], [ 539601.98, 6860407.99 ], [ 539616.39, 6860387.94 ], [ 539612.55, 6860385.3 ] ] ] } },
{ "type": "Feature", "properties": { }, "geometry": { "type": "Polygon", "coordinates": [ [ [ 539557.3, 6861343.81 ], [ 539562.59, 6861344.24 ], [ 539562.73, 6861342.74 ], [ 539632.78, 6861348.51 ], [ 539632.73, 6861350.0 ], [ 539637.89, 6861350.33 ], [ 539637.99, 6861349.1 ], [ 539653.71, 6861350.44 ], [ 539654.46, 6861352.92 ], [ 539656.71, 6861354.08 ], [ 539659.1, 6861353.28 ], [ 539660.22, 6861351.0 ], [ 539687.83, 6861353.36 ], [ 539690.9, 6861318.77 ], [ 539663.43, 6861316.4 ], [ 539662.66, 6861314.12 ], [ 539660.51, 6861312.98 ], [ 539658.17, 6861313.66 ], [ 539656.93, 6861315.84 ], [ 539640.99, 6861314.46 ], [ 539641.05, 6861313.12 ], [ 539636.16, 6861312.84 ], [ 539636.16, 6861314.08 ], [ 539565.6, 6861308.06 ], [ 539565.77, 6861306.35 ], [ 539560.43, 6861305.87 ], [ 539557.3, 6861343.81 ] ] ] } },
{ "type": "Feature", "properties": { }, "geometry": { "type": "Polygon", "coordinates": [ [ [ 539583.02, 6861404.18 ], [ 539682.54, 6861412.81 ], [ 539684.34, 6861392.49 ], [ 539599.91, 6861385.18 ], [ 539600.03, 6861383.68 ], [ 539593.36, 6861383.08 ], [ 539593.25, 6861384.62 ], [ 539584.77, 6861383.8 ], [ 539584.67, 6861385.04 ], [ 539554.18, 6861381.6 ], [ 539552.55, 6861401.32 ], [ 539583.08, 6861403.29 ], [ 539583.02, 6861404.18 ] ] ] } },
{ "type": "Feature", "properties": { }, "geometry": { "type": "Polygon", "coordinates": [ [ [ 539645.6, 6861413.23 ], [ 539592.14, 6861408.61 ], [ 539592.27, 6861407.15 ], [ 539585.63, 6861406.54 ], [ 539585.51, 6861408.04 ], [ 539580.71, 6861407.62 ], [ 539580.84, 6861406.01 ], [ 539552.37, 6861403.59 ], [ 539550.55, 6861425.56 ], [ 539579.13, 6861427.96 ], [ 539579.25, 6861426.43 ], [ 539643.95, 6861432.11 ], [ 539643.75, 6861434.4 ], [ 539654.83, 6861435.37 ], [ 539655.03, 6861433.08 ], [ 539680.53, 6861435.32 ], [ 539682.22, 6861416.39 ], [ 539656.68, 6861414.19 ], [ 539656.89, 6861411.79 ], [ 539645.81, 6861410.83 ], [ 539645.6, 6861413.23 ] ] ] } },
{ "type": "Feature", "properties": { }, "geometry": { "type": "Polygon", "coordinates": [ [ [ 539577.84, 6861455.56 ], [ 539577.96, 6861453.98 ], [ 539678.53, 6861462.77 ], [ 539679.63, 6861447.75 ], [ 539589.77, 6861439.82 ], [ 539589.89, 6861438.03 ], [ 539583.29, 6861437.52 ], [ 539583.18, 6861439.24 ], [ 539579.13, 6861438.89 ], [ 539579.24, 6861437.54 ], [ 539555.82, 6861435.49 ], [ 539555.96, 6861433.68 ], [ 539549.93, 6861433.15 ], [ 539548.16, 6861454.59 ], [ 539554.26, 6861455.11 ], [ 539554.37, 6861453.62 ], [ 539577.84, 6861455.56 ] ] ] } },
{ "type": "Feature", "properties": { }, "geometry": { "type": "Polygon", "coordinates": [ [ [ 539639.0, 6861509.04 ], [ 539641.83, 6861511.92 ], [ 539644.1, 6861511.37 ], [ 539645.44, 6861509.35 ], [ 539674.85, 6861513.01 ], [ 539677.41, 6861478.01 ], [ 539649.28, 6861474.61 ], [ 539648.65, 6861472.18 ], [ 539646.43, 6861470.9 ], [ 539643.97, 6861471.62 ], [ 539642.79, 6861473.82 ], [ 539628.49, 6861472.09 ], [ 539628.43, 6861470.89 ], [ 539623.82, 6861470.2 ], [ 539623.6, 6861471.46 ], [ 539552.97, 6861462.78 ], [ 539553.11, 6861461.13 ], [ 539547.67, 6861460.47 ], [ 539544.68, 6861498.31 ], [ 539548.5, 6861498.78 ], [ 539548.83, 6861497.18 ], [ 539617.94, 6861505.98 ], [ 539619.39, 6861507.4 ], [ 539623.42, 6861507.91 ], [ 539625.3, 6861506.85 ], [ 539639.0, 6861509.04 ] ] ] } },
{ "type": "Feature", "properties": { }, "geometry": { "type": "Polygon", "coordinates": [ [ [ 539582.2, 6861523.07 ], [ 539586.98, 6861523.94 ], [ 539587.38, 6861519.08 ], [ 539578.99, 6861518.38 ], [ 539582.2, 6861523.07 ] ] ] } },
{ "type": "Feature", "properties": { }, "geometry": { "type": "Polygon", "coordinates": [ [ [ 539550.83, 6861516.01 ], [ 539550.08, 6861524.84 ], [ 539575.65, 6861527.1 ], [ 539576.39, 6861518.16 ], [ 539550.83, 6861516.01 ] ] ] } },
{ "type": "Feature", "properties": { }, "geometry": { "type": "Polygon", "coordinates": [ [ [ 539533.71, 6861723.37 ], [ 539532.99, 6861732.16 ], [ 539558.56, 6861734.43 ], [ 539559.3, 6861725.45 ], [ 539533.71, 6861723.37 ] ] ] } },
{ "type": "Feature", "properties": { }, "geometry": { "type": "Polygon", "coordinates": [ [ [ 539565.07, 6861730.49 ], [ 539561.12, 6861734.65 ], [ 539569.43, 6861735.37 ], [ 539569.88, 6861730.43 ], [ 539565.07, 6861730.49 ] ] ] } },
{ "type": "Feature", "properties": { }, "geometry": { "type": "Polygon", "coordinates": [ [ [ 539522.55, 6862255.55 ], [ 539520.44, 6862255.6 ], [ 539518.61, 6862250.1 ], [ 539505.52, 6862254.55 ], [ 539507.29, 6862259.94 ], [ 539505.56, 6862261.17 ], [ 539506.81, 6862265.02 ], [ 539511.39, 6862264.36 ], [ 539516.5, 6862279.92 ], [ 539514.42, 6862281.64 ], [ 539517.59, 6862291.3 ], [ 539530.71, 6862286.92 ], [ 539527.46, 6862277.21 ], [ 539524.88, 6862277.07 ], [ 539519.77, 6862261.51 ], [ 539523.77, 6862259.24 ], [ 539522.55, 6862255.55 ] ] ] } },
{ "type": "Feature", "properties": { }, "geometry": { "type": "Polygon", "coordinates": [ [ [ 539477.52, 6862293.44 ], [ 539493.78, 6862288.14 ], [ 539488.45, 6862271.9 ], [ 539472.23, 6862277.16 ], [ 539477.52, 6862293.44 ] ] ] } },
{ "type": "Feature", "properties": { }, "geometry": { "type": "Polygon", "coordinates": [ [ [ 539418.02, 6863578.4 ], [ 539419.06, 6863577.5 ], [ 539432.36, 6863577.65 ], [ 539432.4, 6863574.42 ], [ 539419.09, 6863574.3 ], [ 539419.1, 6863573.38 ], [ 539418.07, 6863574.29 ], [ 539398.42, 6863574.11 ], [ 539398.43, 6863573.19 ], [ 539397.24, 6863574.1 ], [ 539383.62, 6863573.97 ], [ 539383.6, 6863577.12 ], [ 539397.21, 6863577.27 ], [ 539397.2, 6863578.19 ], [ 539398.39, 6863577.28 ], [ 539418.03, 6863577.49 ], [ 539418.02, 6863578.4 ] ] ] } },
{ "type": "Feature", "properties": { }, "geometry": { "type": "Polygon", "coordinates": [ [ [ 539423.21, 6863925.93 ], [ 539428.83, 6863925.99 ], [ 539428.85, 6863923.95 ], [ 539373.98, 6863923.5 ], [ 539373.5, 6863970.01 ], [ 539428.47, 6863970.66 ], [ 539428.49, 6863968.58 ], [ 539422.87, 6863968.51 ], [ 539423.21, 6863925.93 ] ] ] } },
{ "type": "Feature", "properties": { }, "geometry": { "type": "Polygon", "coordinates": [ [ [ 539040.21, 6864068.01 ], [ 539120.16, 6864068.79 ], [ 539119.29, 6864068.65 ], [ 539116.56, 6864008.41 ], [ 539117.67, 6864007.66 ], [ 539036.15, 6864006.79 ], [ 539036.21, 6864007.78 ], [ 539037.74, 6864007.74 ], [ 539040.21, 6864068.01 ] ] ] } },
{ "type": "Feature", "properties": { }, "geometry": { "type": "Polygon", "coordinates": [ [ [ 539636.97, 6864652.17 ], [ 539636.82, 6864668.6 ], [ 539634.44, 6864669.18 ], [ 539634.43, 6864670.53 ], [ 539636.79, 6864671.05 ], [ 539637.05, 6864682.7 ], [ 539667.2, 6864683.12 ], [ 539667.7, 6864671.28 ], [ 539670.21, 6864670.73 ], [ 539670.24, 6864669.59 ], [ 539667.72, 6864668.85 ], [ 539667.87, 6864652.33 ], [ 539670.36, 6864651.92 ], [ 539669.78, 6864649.92 ], [ 539667.89, 6864649.9 ], [ 539667.99, 6864638.47 ], [ 539637.1, 6864638.18 ], [ 539636.99, 6864649.73 ], [ 539634.61, 6864650.31 ], [ 539635.13, 6864652.16 ], [ 539636.97, 6864652.17 ] ] ] } },
{ "type": "Feature", "properties": { }, "geometry": { "type": "Polygon", "coordinates": [ [ [ 539286.13, 6864733.26 ], [ 539285.11, 6864717.66 ], [ 539272.63, 6864717.59 ], [ 539271.41, 6864733.13 ], [ 539272.55, 6864749.01 ], [ 539284.7, 6864748.97 ], [ 539286.13, 6864733.26 ] ] ] } },
{ "type": "Feature", "properties": { }, "geometry": { "type": "Polygon", "coordinates": [ [ [ 539630.48, 6864767.86 ], [ 539627.57, 6864755.93 ], [ 539612.45, 6864760.47 ], [ 539596.73, 6864762.9 ], [ 539600.05, 6864775.85 ], [ 539614.96, 6864770.77 ], [ 539630.48, 6864767.86 ] ] ] } },
{ "type": "Feature", "properties": { }, "geometry": { "type": "Polygon", "coordinates": [ [ [ 539104.45, 6864792.9 ], [ 539126.4, 6864793.31 ], [ 539124.09, 6864764.97 ], [ 539103.01, 6864764.44 ], [ 539104.45, 6864792.9 ] ] ] } },
{ "type": "Feature", "properties": { }, "geometry": { "type": "Polygon", "coordinates": [ [ [ 539160.46, 6864792.07 ], [ 539172.51, 6864792.31 ], [ 539177.61, 6864766.43 ], [ 539165.68, 6864766.14 ], [ 539160.46, 6864792.07 ] ] ] } },
{ "type": "Feature", "properties": { }, "geometry": { "type": "Polygon", "coordinates": [ [ [ 539665.79, 6865070.25 ], [ 539664.84, 6865173.04 ], [ 539666.45, 6865173.04 ], [ 539666.44, 6865174.05 ], [ 539704.09, 6865174.49 ], [ 539704.14, 6865168.48 ], [ 539691.84, 6865168.34 ], [ 539692.82, 6865069.55 ], [ 539667.57, 6865069.29 ], [ 539667.53, 6865070.28 ], [ 539665.79, 6865070.25 ] ] ] } },
{ "type": "Feature", "properties": { }, "geometry": { "type": "Polygon", "coordinates": [ [ [ 539745.47, 6865085.72 ], [ 539744.58, 6865163.19 ], [ 539805.56, 6865163.82 ], [ 539806.39, 6865086.42 ], [ 539745.47, 6865085.72 ] ] ] } },
{ "type": "Feature", "properties": { }, "geometry": { "type": "Polygon", "coordinates": [ [ [ 539662.05, 6865241.3 ], [ 539664.09, 6865237.69 ], [ 539647.28, 6865222.17 ], [ 539644.92, 6865225.48 ], [ 539662.05, 6865241.3 ] ] ] } },
{ "type": "Feature", "properties": { }, "geometry": { "type": "Polygon", "coordinates": [ [ [ 539557.71, 6865376.51 ], [ 539545.15, 6865378.93 ], [ 539545.87, 6865380.39 ], [ 539558.59, 6865377.89 ], [ 539557.71, 6865376.51 ] ] ] } },
{ "type": "Feature", "properties": { }, "geometry": { "type": "Polygon", "coordinates": [ [ [ 539762.14, 6865425.26 ], [ 539760.72, 6865423.32 ], [ 539759.52, 6865425.22 ], [ 539750.21, 6865425.07 ], [ 539750.02, 6865434.66 ], [ 539759.34, 6865434.84 ], [ 539760.58, 6865436.81 ], [ 539761.95, 6865434.89 ], [ 539787.47, 6865435.39 ], [ 539788.72, 6865437.36 ], [ 539790.08, 6865435.44 ], [ 539799.46, 6865435.62 ], [ 539799.65, 6865425.84 ], [ 539790.27, 6865425.7 ], [ 539789.02, 6865423.87 ], [ 539787.66, 6865425.66 ], [ 539762.14, 6865425.26 ] ] ] } },
{ "type": "Feature", "properties": { }, "geometry": { "type": "Polygon", "coordinates": [ [ [ 539428.63, 6865496.61 ], [ 539417.58, 6865499.99 ], [ 539421.23, 6865511.94 ], [ 539432.25, 6865508.7 ], [ 539428.63, 6865496.61 ] ] ] } },
{ "type": "Feature", "properties": { }, "geometry": { "type": "Polygon", "coordinates": [ [ [ 539540.51, 6865572.4 ], [ 539517.91, 6865574.88 ], [ 539519.08, 6865585.54 ], [ 539541.68, 6865583.06 ], [ 539540.51, 6865572.4 ] ] ] } },
{ "type": "Feature", "properties": { }, "geometry": { "type": "Polygon", "coordinates": [ [ [ 539524.55, 6865762.11 ], [ 539527.44, 6865759.21 ], [ 539511.39, 6865743.48 ], [ 539508.51, 6865746.37 ], [ 539524.55, 6865762.11 ] ] ] } },
{ "type": "Feature", "properties": { }, "geometry": { "type": "Polygon", "coordinates": [ [ [ 539829.99, 6865813.66 ], [ 539828.42, 6865811.96 ], [ 539827.78, 6865813.61 ], [ 539817.46, 6865813.39 ], [ 539817.28, 6865818.36 ], [ 539827.68, 6865818.56 ], [ 539828.73, 6865820.54 ], [ 539829.89, 6865818.6 ], [ 539855.59, 6865819.08 ], [ 539856.64, 6865821.07 ], [ 539857.8, 6865819.12 ], [ 539867.85, 6865819.31 ], [ 539868.02, 6865814.47 ], [ 539857.9, 6865814.25 ], [ 539856.99, 6865812.39 ], [ 539855.69, 6865814.21 ], [ 539829.99, 6865813.66 ] ] ] } },
{ "type": "Feature", "properties": { }, "geometry": { "type": "Polygon", "coordinates": [ [ [ 539824.05, 6866041.22 ], [ 539822.98, 6866043.14 ], [ 539813.49, 6866042.95 ], [ 539813.25, 6866052.72 ], [ 539822.82, 6866052.94 ], [ 539824.08, 6866055.0 ], [ 539825.44, 6866053.0 ], [ 539850.71, 6866053.57 ], [ 539851.98, 6866055.61 ], [ 539853.33, 6866053.63 ], [ 539862.61, 6866053.84 ], [ 539862.92, 6866043.95 ], [ 539853.6, 6866043.76 ], [ 539852.33, 6866041.76 ], [ 539850.98, 6866043.7 ], [ 539825.6, 6866043.19 ], [ 539824.05, 6866041.22 ] ] ] } },
{ "type": "Feature", "properties": { }, "geometry": { "type": "Polygon", "coordinates": [ [ [ 539589.33, 6866121.02 ], [ 539588.05, 6866110.31 ], [ 539565.95, 6866112.97 ], [ 539567.23, 6866123.68 ], [ 539589.33, 6866121.02 ] ] ] } },
{ "type": "Feature", "properties": { }, "geometry": { "type": "Polygon", "coordinates": [ [ [ 539605.51, 6866219.94 ], [ 539604.52, 6866274.73 ], [ 539624.53, 6866275.27 ], [ 539625.67, 6866220.23 ], [ 539605.51, 6866219.94 ] ] ] } },
{ "type": "Feature", "properties": { }, "geometry": { "type": "Polygon", "coordinates": [ [ [ 539617.72, 6866435.25 ], [ 539617.28, 6866457.22 ], [ 539628.08, 6866457.41 ], [ 539628.43, 6866435.45 ], [ 539617.72, 6866435.25 ] ] ] } },
{ "type": "Feature", "properties": { }, "geometry": { "type": "Polygon", "coordinates": [ [ [ 539684.56, 6866606.99 ], [ 539693.55, 6866600.55 ], [ 539681.31, 6866583.6 ], [ 539672.03, 6866590.28 ], [ 539684.56, 6866606.99 ] ] ] } },
{ "type": "Feature", "properties": { }, "geometry": { "type": "Polygon", "coordinates": [ [ [ 539653.73, 6866797.65 ], [ 539639.65, 6866814.72 ], [ 539642.46, 6866817.04 ], [ 539656.47, 6866799.92 ], [ 539653.73, 6866797.65 ] ] ] } },
{ "type": "Feature", "properties": { }, "geometry": { "type": "Polygon", "coordinates": [ [ [ 539636.95, 6866957.16 ], [ 539658.76, 6866962.6 ], [ 539660.9, 6866954.15 ], [ 539638.94, 6866949.23 ], [ 539636.95, 6866957.16 ] ] ] } },
{ "type": "Feature", "properties": { }, "geometry": { "type": "Polygon", "coordinates": [ [ [ 539656.81, 6867260.37 ], [ 539670.56, 6867211.26 ], [ 539646.03, 6867204.38 ], [ 539632.23, 6867253.45 ], [ 539656.81, 6867260.37 ] ] ] } },
{ "type": "Feature", "properties": { }, "geometry": { "type": "Polygon", "coordinates": [ [ [ 539341.61, 6867242.31 ], [ 539362.67, 6867243.24 ], [ 539363.34, 6867226.78 ], [ 539342.29, 6867225.85 ], [ 539341.61, 6867242.31 ] ] ] } },
{ "type": "Feature", "properties": { }, "geometry": { "type": "Polygon", "coordinates": [ [ [ 539160.09, 6868292.83 ], [ 539159.53, 6868293.69 ], [ 539162.6, 6868302.78 ], [ 539183.14, 6868297.52 ], [ 539168.3, 6868239.56 ], [ 539147.83, 6868244.79 ], [ 539160.09, 6868292.83 ] ] ] } },
{ "type": "Feature", "properties": { }, "geometry": { "type": "Polygon", "coordinates": [ [ [ 539096.59, 6868319.68 ], [ 539158.67, 6868303.79 ], [ 539143.85, 6868245.8 ], [ 539081.83, 6868261.64 ], [ 539096.59, 6868319.68 ] ] ] } },
{ "type": "Feature", "properties": { }, "geometry": { "type": "Polygon", "coordinates": [ [ [ 539638.03, 6868302.09 ], [ 539641.2, 6868301.47 ], [ 539638.71, 6868298.97 ], [ 539641.1, 6868291.71 ], [ 539593.61, 6868275.98 ], [ 539591.21, 6868283.24 ], [ 539587.73, 6868283.77 ], [ 539590.21, 6868286.28 ], [ 539585.05, 6868301.92 ], [ 539581.57, 6868302.46 ], [ 539584.05, 6868304.97 ], [ 539581.66, 6868312.23 ], [ 539629.16, 6868327.97 ], [ 539631.55, 6868320.7 ], [ 539635.04, 6868320.18 ], [ 539632.55, 6868317.66 ], [ 539638.03, 6868302.09 ] ] ] } },
{ "type": "Feature", "properties": { }, "geometry": { "type": "Polygon", "coordinates": [ [ [ 539075.24, 6869764.02 ], [ 539092.66, 6869764.8 ], [ 539092.77, 6869762.26 ], [ 539074.87, 6869761.46 ], [ 539075.24, 6869764.02 ] ] ] } },
{ "type": "Feature", "properties": { }, "geometry": { "type": "Polygon", "coordinates": [ [ [ 539260.71, 6870069.23 ], [ 539331.57, 6870071.68 ], [ 539332.62, 6870047.48 ], [ 539261.53, 6870044.95 ], [ 539260.71, 6870069.23 ] ] ] } },
{ "type": "Feature", "properties": { }, "geometry": { "type": "Polygon", "coordinates": [ [ [ 539376.67, 6870064.73 ], [ 539371.28, 6870064.44 ], [ 539370.96, 6870070.34 ], [ 539376.35, 6870070.63 ], [ 539376.67, 6870064.73 ] ] ] } },
{ "type": "Feature", "properties": { }, "geometry": { "type": "Polygon", "coordinates": [ [ [ 539657.27, 6870065.67 ], [ 539649.7, 6870065.48 ], [ 539582.35, 6870063.74 ], [ 539584.86, 6870073.67 ], [ 539654.39, 6870075.56 ], [ 539657.27, 6870065.67 ] ] ] } },
{ "type": "Feature", "properties": { }, "geometry": { "type": "Polygon", "coordinates": [ [ [ 539842.98, 6870337.57 ], [ 539839.51, 6870334.45 ], [ 539837.22, 6870337.89 ], [ 539840.33, 6870340.69 ], [ 539842.98, 6870337.57 ] ] ] } },
{ "type": "Feature", "properties": { }, "geometry": { "type": "Polygon", "coordinates": [ [ [ 539668.53, 6870351.47 ], [ 539671.5, 6870354.29 ], [ 539674.88, 6870351.01 ], [ 539672.04, 6870348.06 ], [ 539668.53, 6870351.47 ] ] ] } },
{ "type": "Feature", "properties": { }, "geometry": { "type": "Polygon", "coordinates": [ [ [ 539835.13, 6870357.29 ], [ 539833.14, 6870355.34 ], [ 539829.98, 6870358.4 ], [ 539831.98, 6870360.34 ], [ 539835.13, 6870357.29 ] ] ] } },
{ "type": "Feature", "properties": { }, "geometry": { "type": "Polygon", "coordinates": [ [ [ 539762.58, 6870413.78 ], [ 539765.57, 6870410.97 ], [ 539762.61, 6870408.18 ], [ 539759.63, 6870410.99 ], [ 539762.58, 6870413.78 ] ] ] } },
{ "type": "Feature", "properties": { }, "geometry": { "type": "Polygon", "coordinates": [ [ [ 539809.0, 6870460.54 ], [ 539813.01, 6870458.78 ], [ 539810.58, 6870456.31 ], [ 539806.8, 6870458.3 ], [ 539809.0, 6870460.54 ] ] ] } },
{ "type": "Feature", "properties": { }, "geometry": { "type": "Polygon", "coordinates": [ [ [ 539695.6, 6870483.62 ], [ 539698.93, 6870480.01 ], [ 539695.32, 6870476.32 ], [ 539691.91, 6870479.86 ], [ 539695.6, 6870483.62 ] ] ] } },
{ "type": "Feature", "properties": { }, "geometry": { "type": "Polygon", "coordinates": [ [ [ 539736.37, 6870525.16 ], [ 539739.98, 6870521.82 ], [ 539736.11, 6870517.88 ], [ 539732.53, 6870521.24 ], [ 539736.37, 6870525.16 ] ] ] } },
{ "type": "Feature", "properties": { }, "geometry": { "type": "Polygon", "coordinates": [ [ [ 539802.99, 6870593.03 ], [ 539806.46, 6870589.55 ], [ 539803.23, 6870586.25 ], [ 539799.77, 6870589.75 ], [ 539802.99, 6870593.03 ] ] ] } },
{ "type": "Feature", "properties": { }, "geometry": { "type": "Polygon", "coordinates": [ [ [ 539659.14, 6870597.03 ], [ 539656.02, 6870594.04 ], [ 539652.72, 6870597.23 ], [ 539655.79, 6870600.17 ], [ 539659.14, 6870597.03 ] ] ] } },
{ "type": "Feature", "properties": { }, "geometry": { "type": "Polygon", "coordinates": [ [ [ 539714.47, 6872892.5 ], [ 539708.57, 6872895.38 ], [ 539691.79, 6872907.66 ], [ 539702.4, 6872922.1 ], [ 539725.17, 6872908.09 ], [ 539727.47, 6872905.49 ], [ 539727.95, 6872902.05 ], [ 539725.47, 6872895.48 ], [ 539718.71, 6872892.18 ], [ 539714.47, 6872892.5 ] ] ] } },
{ "type": "Feature", "properties": { }, "geometry": { "type": "Polygon", "coordinates": [ [ [ 539770.45, 6872942.9 ], [ 539806.26, 6872916.89 ], [ 539862.02, 6872885.07 ], [ 539872.52, 6872877.4 ], [ 539855.37, 6872854.15 ], [ 539775.65, 6872908.5 ], [ 539723.89, 6872951.24 ], [ 539739.22, 6872972.02 ], [ 539770.45, 6872942.9 ] ] ] } },
{ "type": "Feature", "properties": { }, "geometry": { "type": "Polygon", "coordinates": [ [ [ 539720.07, 6872983.96 ], [ 539709.33, 6872969.99 ], [ 539703.23, 6872974.82 ], [ 539713.57, 6872989.06 ], [ 539720.07, 6872983.96 ] ] ] } },
{ "type": "Feature", "properties": { }, "geometry": { "type": "Polygon", "coordinates": [ [ [ 539609.36, 6873065.32 ], [ 539615.23, 6873060.9 ], [ 539604.15, 6873046.18 ], [ 539598.36, 6873050.05 ], [ 539609.36, 6873065.32 ] ] ] } },
{ "type": "Feature", "properties": { }, "geometry": { "type": "Polygon", "coordinates": [ [ [ 539098.66, 6873569.23 ], [ 539082.11, 6873581.27 ], [ 539086.7, 6873588.87 ], [ 539104.12, 6873576.65 ], [ 539098.66, 6873569.23 ] ] ] } },
{ "type": "Feature", "properties": { }, "geometry": { "type": "Polygon", "coordinates": [ [ [ 539234.6, 6874010.0 ], [ 539227.08, 6873998.62 ], [ 539227.88, 6873997.99 ], [ 539227.03, 6873996.82 ], [ 539211.52, 6874008.18 ], [ 539212.43, 6874009.42 ], [ 539213.3, 6874008.81 ], [ 539221.99, 6874019.33 ], [ 539234.6, 6874010.0 ] ] ] } },
{ "type": "Feature", "properties": { }, "geometry": { "type": "Polygon", "coordinates": [ [ [ 540329.08, 6860158.2 ], [ 540311.59, 6860158.2 ], [ 540325.64, 6860165.04 ], [ 540329.08, 6860158.2 ] ] ] } },
{ "type": "Feature", "properties": { }, "geometry": { "type": "Polygon", "coordinates": [ [ [ 540562.36, 6860166.09 ], [ 540560.34, 6860175.68 ], [ 540559.49, 6860175.73 ], [ 540558.4, 6860184.89 ], [ 540570.07, 6860184.14 ], [ 540575.4, 6860162.79 ], [ 540574.55, 6860162.85 ], [ 540575.53, 6860158.2 ], [ 540564.02, 6860158.2 ], [ 540561.51, 6860166.14 ], [ 540562.36, 6860166.09 ] ] ] } },
{ "type": "Feature", "properties": { }, "geometry": { "type": "Polygon", "coordinates": [ [ [ 540560.8, 6860158.2 ], [ 540552.04, 6860158.2 ], [ 540545.04, 6860191.45 ], [ 540553.88, 6860191.08 ], [ 540560.8, 6860158.2 ] ] ] } },
{ "type": "Feature", "properties": { }, "geometry": { "type": "Polygon", "coordinates": [ [ [ 540618.66, 6860352.21 ], [ 540641.8, 6860352.44 ], [ 540641.86, 6860345.39 ], [ 540618.82, 6860345.2 ], [ 540618.66, 6860352.21 ] ] ] } },
{ "type": "Feature", "properties": { }, "geometry": { "type": "Polygon", "coordinates": [ [ [ 540314.41, 6860375.33 ], [ 540314.41, 6860371.73 ], [ 540302.87, 6860371.73 ], [ 540302.87, 6860375.34 ], [ 540314.41, 6860375.33 ] ] ] } },
{ "type": "Feature", "properties": { }, "geometry": { "type": "Polygon", "coordinates": [ [ [ 540585.1, 6860483.61 ], [ 540585.04, 6860491.44 ], [ 540609.09, 6860491.68 ], [ 540609.29, 6860483.84 ], [ 540585.1, 6860483.61 ] ] ] } },
{ "type": "Feature", "properties": { }, "geometry": { "type": "Polygon", "coordinates": [ [ [ 540303.72, 6860490.52 ], [ 540297.4, 6860490.79 ], [ 540297.53, 6860522.22 ], [ 540303.9, 6860522.17 ], [ 540303.72, 6860490.52 ] ] ] } },
{ "type": "Feature", "properties": { }, "geometry": { "type": "Polygon", "coordinates": [ [ [ 540984.68, 6860545.96 ], [ 540959.98, 6860548.65 ], [ 540959.98, 6860550.63 ], [ 540984.68, 6860547.94 ], [ 540984.68, 6860545.96 ] ] ] } },
{ "type": "Feature", "properties": { }, "geometry": { "type": "Polygon", "coordinates": [ [ [ 541023.13, 6860543.64 ], [ 541023.26, 6860572.05 ], [ 541026.38, 6860571.58 ], [ 541026.33, 6860543.68 ], [ 541023.13, 6860543.64 ] ] ] } },
{ "type": "Feature", "properties": { }, "geometry": { "type": "Polygon", "coordinates": [ [ [ 540553.97, 6860636.03 ], [ 540577.1, 6860636.27 ], [ 540577.34, 6860628.47 ], [ 540554.19, 6860628.22 ], [ 540553.97, 6860636.03 ] ] ] } },
{ "type": "Feature", "properties": { }, "geometry": { "type": "Polygon", "coordinates": [ [ [ 540456.29, 6860669.42 ], [ 540458.01, 6860670.11 ], [ 540456.33, 6860677.89 ], [ 540454.24, 6860679.12 ], [ 540461.88, 6860678.42 ], [ 540460.44, 6860677.52 ], [ 540462.15, 6860669.78 ], [ 540464.2, 6860668.56 ], [ 540456.29, 6860669.42 ] ] ] } },
{ "type": "Feature", "properties": { }, "geometry": { "type": "Polygon", "coordinates": [ [ [ 540454.23, 6860666.67 ], [ 540444.45, 6860667.87 ], [ 540441.3, 6860682.55 ], [ 540450.91, 6860682.16 ], [ 540454.23, 6860666.67 ] ] ] } },
{ "type": "Feature", "properties": { }, "geometry": { "type": "Polygon", "coordinates": [ [ [ 540403.52, 6860733.38 ], [ 540382.45, 6860720.84 ], [ 540380.34, 6860724.34 ], [ 540401.37, 6860736.86 ], [ 540403.52, 6860733.38 ] ] ] } },
{ "type": "Feature", "properties": { }, "geometry": { "type": "Polygon", "coordinates": [ [ [ 540014.0, 6860982.25 ], [ 540013.34, 6860992.61 ], [ 540018.0, 6860993.22 ], [ 540018.71, 6860981.9 ], [ 540014.0, 6860982.25 ] ] ] } },
{ "type": "Feature", "properties": { }, "geometry": { "type": "Polygon", "coordinates": [ [ [ 540137.39, 6861013.13 ], [ 540136.37, 6861026.08 ], [ 540177.11, 6861029.29 ], [ 540178.12, 6861016.29 ], [ 540137.39, 6861013.13 ] ] ] } },
{ "type": "Feature", "properties": { }, "geometry": { "type": "Polygon", "coordinates": [ [ [ 540211.43, 6861032.14 ], [ 540268.4, 6861036.76 ], [ 540269.49, 6861023.78 ], [ 540212.53, 6861019.17 ], [ 540211.43, 6861032.14 ] ] ] } },
{ "type": "Feature", "properties": { }, "geometry": { "type": "Polygon", "coordinates": [ [ [ 540860.69, 6861224.49 ], [ 540854.89, 6861218.32 ], [ 540851.58, 6861210.07 ], [ 540835.98, 6861215.3 ], [ 540838.31, 6861222.28 ], [ 540842.07, 6861228.7 ], [ 540874.07, 6861228.87 ], [ 540867.04, 6861227.73 ], [ 540860.69, 6861224.49 ] ] ] } },
{ "type": "Feature", "properties": { }, "geometry": { "type": "Polygon", "coordinates": [ [ [ 540927.07, 6861229.09 ], [ 540927.04, 6861247.09 ], [ 540929.57, 6861247.1 ], [ 540929.6, 6861229.1 ], [ 540927.07, 6861229.09 ] ] ] } },
{ "type": "Feature", "properties": { }, "geometry": { "type": "Polygon", "coordinates": [ [ [ 540027.54, 6861282.12 ], [ 540024.09, 6861287.85 ], [ 540020.02, 6861297.91 ], [ 540024.7, 6861299.14 ], [ 540028.95, 6861290.23 ], [ 540030.79, 6861291.11 ], [ 540031.75, 6861289.15 ], [ 540033.57, 6861284.98 ], [ 540032.83, 6861284.63 ], [ 540030.88, 6861288.71 ], [ 540029.21, 6861289.7 ], [ 540031.85, 6861284.16 ], [ 540027.54, 6861282.12 ] ] ] } },
{ "type": "Feature", "properties": { }, "geometry": { "type": "Polygon", "coordinates": [ [ [ 540026.0, 6861957.46 ], [ 540012.96, 6861955.74 ], [ 540010.42, 6861977.25 ], [ 540023.17, 6861978.9 ], [ 540026.0, 6861957.46 ] ] ] } },
{ "type": "Feature", "properties": { }, "geometry": { "type": "Polygon", "coordinates": [ [ [ 540291.36, 6862186.08 ], [ 540292.72, 6862170.3 ], [ 540302.49, 6862126.0 ], [ 540299.36, 6862125.31 ], [ 540298.06, 6862131.17 ], [ 540287.82, 6862128.9 ], [ 540289.12, 6862123.04 ], [ 540285.69, 6862122.28 ], [ 540278.23, 6862137.51 ], [ 540277.16, 6862160.34 ], [ 540269.89, 6862193.89 ], [ 540273.29, 6862194.64 ], [ 540277.24, 6862176.79 ], [ 540287.49, 6862179.07 ], [ 540286.19, 6862184.93 ], [ 540291.36, 6862186.08 ] ] ] } },
{ "type": "Feature", "properties": { }, "geometry": { "type": "Polygon", "coordinates": [ [ [ 540761.21, 6862237.2 ], [ 540715.82, 6862226.55 ], [ 540706.58, 6862268.16 ], [ 540752.14, 6862278.22 ], [ 540761.21, 6862237.2 ] ] ] } },
{ "type": "Feature", "properties": { }, "geometry": { "type": "Polygon", "coordinates": [ [ [ 541067.63, 6862319.27 ], [ 541067.41, 6862274.35 ], [ 541059.08, 6862274.61 ], [ 541060.13, 6862323.48 ], [ 541068.43, 6862323.28 ], [ 541068.55, 6862319.26 ], [ 541067.63, 6862319.27 ] ] ] } },
{ "type": "Feature", "properties": { }, "geometry": { "type": "Polygon", "coordinates": [ [ [ 541604.58, 6862470.54 ], [ 541628.53, 6862421.59 ], [ 541623.26, 6862419.0 ], [ 541599.3, 6862467.94 ], [ 541604.58, 6862470.54 ] ] ] } },
{ "type": "Feature", "properties": { }, "geometry": { "type": "Polygon", "coordinates": [ [ [ 540047.3, 6862461.19 ], [ 540063.22, 6862410.97 ], [ 540054.66, 6862408.38 ], [ 540038.19, 6862460.5 ], [ 540041.13, 6862459.01 ], [ 540047.3, 6862461.19 ] ] ] } },
{ "type": "Feature", "properties": { }, "geometry": { "type": "Polygon", "coordinates": [ [ [ 540059.99, 6862448.43 ], [ 540065.91, 6862430.82 ], [ 540059.63, 6862428.8 ], [ 540053.94, 6862446.38 ], [ 540059.99, 6862448.43 ] ] ] } },
{ "type": "Feature", "properties": { }, "geometry": { "type": "Polygon", "coordinates": [ [ [ 540025.05, 6862484.11 ], [ 540026.08, 6862481.09 ], [ 539990.9, 6862470.1 ], [ 539990.0, 6862473.18 ], [ 540025.05, 6862484.11 ] ] ] } },
{ "type": "Feature", "properties": { }, "geometry": { "type": "Polygon", "coordinates": [ [ [ 539959.74, 6862629.44 ], [ 539958.24, 6862634.23 ], [ 539987.2, 6862641.68 ], [ 539988.46, 6862634.78 ], [ 539959.74, 6862629.44 ] ] ] } },
{ "type": "Feature", "properties": { }, "geometry": { "type": "Polygon", "coordinates": [ [ [ 540023.94, 6862650.64 ], [ 540118.46, 6862671.32 ], [ 540120.95, 6862660.27 ], [ 540024.79, 6862641.8 ], [ 540023.94, 6862650.64 ] ] ] } },
{ "type": "Feature", "properties": { }, "geometry": { "type": "Polygon", "coordinates": [ [ [ 540007.81, 6862741.06 ], [ 540007.22, 6862721.7 ], [ 540000.35, 6862723.81 ], [ 540002.22, 6862740.4 ], [ 540007.81, 6862741.06 ] ] ] } },
{ "type": "Feature", "properties": { }, "geometry": { "type": "Polygon", "coordinates": [ [ [ 539989.78, 6862713.85 ], [ 539992.54, 6862754.71 ], [ 540001.47, 6862753.07 ], [ 539999.01, 6862717.02 ], [ 539989.78, 6862713.85 ] ] ] } },
{ "type": "Feature", "properties": { }, "geometry": { "type": "Polygon", "coordinates": [ [ [ 541005.28, 6863421.39 ], [ 540998.42, 6863426.21 ], [ 541021.97, 6863460.23 ], [ 541028.88, 6863455.39 ], [ 541031.37, 6863456.17 ], [ 541031.05, 6863453.87 ], [ 541047.75, 6863442.16 ], [ 541050.25, 6863442.94 ], [ 541049.92, 6863440.64 ], [ 541056.57, 6863435.97 ], [ 541033.02, 6863401.95 ], [ 541026.32, 6863406.65 ], [ 541023.83, 6863405.87 ], [ 541024.15, 6863408.17 ], [ 541007.45, 6863419.88 ], [ 541004.96, 6863419.09 ], [ 541005.28, 6863421.39 ] ] ] } },
{ "type": "Feature", "properties": { }, "geometry": { "type": "Polygon", "coordinates": [ [ [ 541621.05, 6863784.88 ], [ 541622.81, 6863783.85 ], [ 541621.93, 6863781.76 ], [ 541625.68, 6863772.95 ], [ 541595.58, 6863760.15 ], [ 541591.76, 6863768.84 ], [ 541589.62, 6863769.66 ], [ 541590.44, 6863771.84 ], [ 541582.55, 6863789.83 ], [ 541580.38, 6863790.69 ], [ 541581.23, 6863792.83 ], [ 541577.46, 6863801.42 ], [ 541607.92, 6863814.66 ], [ 541611.67, 6863805.86 ], [ 541613.81, 6863805.01 ], [ 541612.95, 6863802.84 ], [ 541621.05, 6863784.88 ] ] ] } },
{ "type": "Feature", "properties": { }, "geometry": { "type": "Polygon", "coordinates": [ [ [ 540168.92, 6863809.94 ], [ 540149.84, 6863813.74 ], [ 540157.64, 6863852.98 ], [ 540176.83, 6863849.13 ], [ 540168.92, 6863809.94 ] ] ] } },
{ "type": "Feature", "properties": { }, "geometry": { "type": "Polygon", "coordinates": [ [ [ 540872.08, 6864370.77 ], [ 540854.06, 6864377.43 ], [ 540860.48, 6864394.65 ], [ 540878.73, 6864387.73 ], [ 540872.08, 6864370.77 ] ] ] } },
{ "type": "Feature", "properties": { }, "geometry": { "type": "Polygon", "coordinates": [ [ [ 540302.66, 6864520.31 ], [ 540283.02, 6864523.54 ], [ 540281.52, 6864521.56 ], [ 540280.07, 6864521.8 ], [ 540279.28, 6864524.16 ], [ 540269.11, 6864525.88 ], [ 540271.68, 6864540.41 ], [ 540281.78, 6864538.7 ], [ 540282.08, 6864540.58 ], [ 540284.84, 6864541.29 ], [ 540285.49, 6864538.1 ], [ 540305.16, 6864534.85 ], [ 540306.26, 6864541.33 ], [ 540308.31, 6864542.86 ], [ 540310.79, 6864542.44 ], [ 540312.22, 6864540.31 ], [ 540311.22, 6864534.42 ], [ 540318.85, 6864533.15 ], [ 540316.24, 6864517.4 ], [ 540308.73, 6864518.65 ], [ 540308.25, 6864515.98 ], [ 540306.08, 6864514.52 ], [ 540303.64, 6864514.95 ], [ 540302.12, 6864517.06 ], [ 540302.66, 6864520.31 ] ] ] } },
{ "type": "Feature", "properties": { }, "geometry": { "type": "Polygon", "coordinates": [ [ [ 541205.17, 6864680.15 ], [ 541197.98, 6864696.74 ], [ 541217.86, 6864705.0 ], [ 541225.0, 6864688.38 ], [ 541205.17, 6864680.15 ] ] ] } },
{ "type": "Feature", "properties": { }, "geometry": { "type": "Polygon", "coordinates": [ [ [ 540949.11, 6864864.4 ], [ 540951.72, 6864854.21 ], [ 540947.22, 6864853.03 ], [ 540944.69, 6864863.07 ], [ 540949.11, 6864864.4 ] ] ] } },
{ "type": "Feature", "properties": { }, "geometry": { "type": "Polygon", "coordinates": [ [ [ 541328.95, 6864907.92 ], [ 541327.54, 6864913.47 ], [ 541337.56, 6864915.76 ], [ 541338.88, 6864910.19 ], [ 541328.95, 6864907.92 ] ] ] } },
{ "type": "Feature", "properties": { }, "geometry": { "type": "Polygon", "coordinates": [ [ [ 540421.97, 6865075.54 ], [ 540424.0, 6865080.86 ], [ 540421.05, 6865082.28 ], [ 540434.45, 6865109.24 ], [ 540437.44, 6865107.75 ], [ 540439.94, 6865112.82 ], [ 540457.89, 6865103.9 ], [ 540439.5, 6865066.78 ], [ 540421.97, 6865075.54 ] ] ] } },
{ "type": "Feature", "properties": { }, "geometry": { "type": "Polygon", "coordinates": [ [ [ 541036.58, 6865873.74 ], [ 541021.75, 6865867.95 ], [ 541015.06, 6865884.62 ], [ 541029.93, 6865890.68 ], [ 541036.58, 6865873.74 ] ] ] } },
{ "type": "Feature", "properties": { }, "geometry": { "type": "Polygon", "coordinates": [ [ [ 541415.1, 6866041.95 ], [ 541445.62, 6866054.6 ], [ 541451.24, 6866040.92 ], [ 541420.66, 6866028.24 ], [ 541415.1, 6866041.95 ] ] ] } },
{ "type": "Feature", "properties": { }, "geometry": { "type": "Polygon", "coordinates": [ [ [ 540277.95, 6866117.77 ], [ 540231.78, 6866109.01 ], [ 540230.17, 6866143.74 ], [ 540277.22, 6866152.83 ], [ 540277.95, 6866117.77 ] ] ] } },
{ "type": "Feature", "properties": { }, "geometry": { "type": "Polygon", "coordinates": [ [ [ 541774.46, 6866166.89 ], [ 541751.18, 6866156.8 ], [ 541743.99, 6866173.66 ], [ 541767.58, 6866183.03 ], [ 541774.46, 6866166.89 ] ] ] } },
{ "type": "Feature", "properties": { }, "geometry": { "type": "Polygon", "coordinates": [ [ [ 540790.63, 6866263.17 ], [ 540794.48, 6866239.44 ], [ 540765.29, 6866245.01 ], [ 540762.72, 6866266.06 ], [ 540790.63, 6866263.17 ] ] ] } },
{ "type": "Feature", "properties": { }, "geometry": { "type": "Polygon", "coordinates": [ [ [ 541001.93, 6866310.44 ], [ 541017.45, 6866339.84 ], [ 541034.72, 6866330.5 ], [ 541019.21, 6866301.18 ], [ 541001.93, 6866310.44 ] ] ] } },
{ "type": "Feature", "properties": { }, "geometry": { "type": "Polygon", "coordinates": [ [ [ 540789.08, 6866368.86 ], [ 540808.98, 6866371.17 ], [ 540814.22, 6866321.55 ], [ 540794.39, 6866319.14 ], [ 540789.08, 6866368.86 ] ] ] } },
{ "type": "Feature", "properties": { }, "geometry": { "type": "Polygon", "coordinates": [ [ [ 540740.01, 6867025.56 ], [ 540699.21, 6867017.91 ], [ 540698.24, 6867022.92 ], [ 540738.95, 6867030.55 ], [ 540740.01, 6867025.56 ] ] ] } },
{ "type": "Feature", "properties": { }, "geometry": { "type": "Polygon", "coordinates": [ [ [ 541570.54, 6867308.11 ], [ 541553.69, 6867317.87 ], [ 541572.79, 6867351.22 ], [ 541589.74, 6867341.39 ], [ 541570.54, 6867308.11 ] ] ] } },
{ "type": "Feature", "properties": { }, "geometry": { "type": "Polygon", "coordinates": [ [ [ 540622.46, 6867481.35 ], [ 540613.29, 6867530.47 ], [ 540635.4, 6867536.6 ], [ 540644.24, 6867487.45 ], [ 540622.46, 6867481.35 ] ] ] } },
{ "type": "Feature", "properties": { }, "geometry": { "type": "Polygon", "coordinates": [ [ [ 540164.35, 6867960.42 ], [ 540152.64, 6867956.61 ], [ 540149.68, 6867967.15 ], [ 540161.45, 6867970.51 ], [ 540164.35, 6867960.42 ] ] ] } },
{ "type": "Feature", "properties": { }, "geometry": { "type": "Polygon", "coordinates": [ [ [ 539854.21, 6868050.4 ], [ 539883.3, 6868058.66 ], [ 539883.22, 6868054.89 ], [ 539855.34, 6868046.97 ], [ 539854.21, 6868050.4 ] ] ] } },
{ "type": "Feature", "properties": { }, "geometry": { "type": "Polygon", "coordinates": [ [ [ 540513.63, 6868073.23 ], [ 540503.55, 6868121.79 ], [ 540524.3, 6868125.6 ], [ 540523.59, 6868124.52 ], [ 540532.68, 6868076.77 ], [ 540533.71, 6868076.01 ], [ 540512.93, 6868072.15 ], [ 540513.63, 6868073.23 ] ] ] } },
{ "type": "Feature", "properties": { }, "geometry": { "type": "Polygon", "coordinates": [ [ [ 541518.95, 6868272.57 ], [ 541517.33, 6868274.19 ], [ 541498.23, 6868269.47 ], [ 541489.65, 6868306.63 ], [ 541508.99, 6868311.06 ], [ 541509.86, 6868313.22 ], [ 541526.75, 6868317.05 ], [ 541535.97, 6868276.35 ], [ 541518.95, 6868272.57 ] ] ] } },
{ "type": "Feature", "properties": { }, "geometry": { "type": "Polygon", "coordinates": [ [ [ 540277.43, 6868386.99 ], [ 540272.26, 6868371.56 ], [ 540268.51, 6868372.59 ], [ 540273.68, 6868388.14 ], [ 540277.43, 6868386.99 ] ] ] } },
{ "type": "Feature", "properties": { }, "geometry": { "type": "Polygon", "coordinates": [ [ [ 540335.93, 6868513.15 ], [ 540343.6, 6868472.92 ], [ 540339.7, 6868472.24 ], [ 540332.04, 6868512.38 ], [ 540335.93, 6868513.15 ] ] ] } },
{ "type": "Feature", "properties": { }, "geometry": { "type": "Polygon", "coordinates": [ [ [ 541288.93, 6868677.27 ], [ 541284.54, 6868696.5 ], [ 541318.98, 6868704.34 ], [ 541323.39, 6868685.2 ], [ 541288.93, 6868677.27 ] ] ] } },
{ "type": "Feature", "properties": { }, "geometry": { "type": "Polygon", "coordinates": [ [ [ 541247.17, 6870025.79 ], [ 541246.44, 6870032.72 ], [ 541257.45, 6870032.75 ], [ 541257.63, 6870025.17 ], [ 541247.17, 6870025.79 ] ] ] } },
{ "type": "Feature", "properties": { }, "geometry": { "type": "Polygon", "coordinates": [ [ [ 541527.32, 6870109.96 ], [ 541526.66, 6870135.22 ], [ 541530.63, 6870135.33 ], [ 541531.0, 6870110.01 ], [ 541527.32, 6870109.96 ] ] ] } },
{ "type": "Feature", "properties": { }, "geometry": { "type": "Polygon", "coordinates": [ [ [ 541628.49, 6870130.47 ], [ 541628.76, 6870120.7 ], [ 541614.0, 6870120.28 ], [ 541613.66, 6870130.08 ], [ 541628.49, 6870130.47 ] ] ] } },
{ "type": "Feature", "properties": { }, "geometry": { "type": "Polygon", "coordinates": [ [ [ 540524.89, 6870228.88 ], [ 540524.88, 6870224.58 ], [ 540520.58, 6870224.86 ], [ 540519.0, 6870229.01 ], [ 540524.89, 6870228.88 ] ] ] } },
{ "type": "Feature", "properties": { }, "geometry": { "type": "Polygon", "coordinates": [ [ [ 540408.13, 6870236.34 ], [ 540404.94, 6870239.1 ], [ 540409.19, 6870243.38 ], [ 540411.55, 6870239.71 ], [ 540408.13, 6870236.34 ] ] ] } },
{ "type": "Feature", "properties": { }, "geometry": { "type": "Polygon", "coordinates": [ [ [ 540277.23, 6870256.34 ], [ 540274.09, 6870253.16 ], [ 540271.16, 6870256.31 ], [ 540274.42, 6870259.6 ], [ 540277.23, 6870256.34 ] ] ] } },
{ "type": "Feature", "properties": { }, "geometry": { "type": "Polygon", "coordinates": [ [ [ 541284.97, 6870266.69 ], [ 541281.76, 6870265.85 ], [ 541281.75, 6870269.61 ], [ 541284.91, 6870270.62 ], [ 541284.97, 6870266.69 ] ] ] } },
{ "type": "Feature", "properties": { }, "geometry": { "type": "Polygon", "coordinates": [ [ [ 540109.66, 6870290.67 ], [ 540106.09, 6870287.02 ], [ 540102.52, 6870290.39 ], [ 540106.15, 6870294.1 ], [ 540109.66, 6870290.67 ] ] ] } },
{ "type": "Feature", "properties": { }, "geometry": { "type": "Polygon", "coordinates": [ [ [ 540867.48, 6870294.2 ], [ 540864.51, 6870290.93 ], [ 540861.16, 6870294.32 ], [ 540863.81, 6870297.21 ], [ 540867.48, 6870294.2 ] ] ] } },
{ "type": "Feature", "properties": { }, "geometry": { "type": "Polygon", "coordinates": [ [ [ 541656.47, 6870294.88 ], [ 541660.09, 6870312.05 ], [ 541669.64, 6870312.9 ], [ 541666.92, 6870296.59 ], [ 541656.47, 6870294.88 ] ] ] } },
{ "type": "Feature", "properties": { }, "geometry": { "type": "Polygon", "coordinates": [ [ [ 539904.51, 6870312.82 ], [ 539903.84, 6870309.11 ], [ 539900.0, 6870309.8 ], [ 539900.76, 6870313.49 ], [ 539904.51, 6870312.82 ] ] ] } },
{ "type": "Feature", "properties": { }, "geometry": { "type": "Polygon", "coordinates": [ [ [ 540366.89, 6870347.43 ], [ 540370.71, 6870343.88 ], [ 540367.63, 6870341.03 ], [ 540363.71, 6870344.65 ], [ 540366.89, 6870347.43 ] ] ] } },
{ "type": "Feature", "properties": { }, "geometry": { "type": "Polygon", "coordinates": [ [ [ 539922.16, 6870350.38 ], [ 539918.67, 6870353.84 ], [ 539921.47, 6870356.7 ], [ 539924.99, 6870353.27 ], [ 539922.16, 6870350.38 ] ] ] } },
{ "type": "Feature", "properties": { }, "geometry": { "type": "Polygon", "coordinates": [ [ [ 540172.36, 6870361.79 ], [ 540175.85, 6870358.33 ], [ 540172.66, 6870355.07 ], [ 540169.15, 6870358.51 ], [ 540172.36, 6870361.79 ] ] ] } },
{ "type": "Feature", "properties": { }, "geometry": { "type": "Polygon", "coordinates": [ [ [ 540465.48, 6870414.31 ], [ 540467.54, 6870407.58 ], [ 540464.06, 6870404.75 ], [ 540461.27, 6870413.06 ], [ 540465.48, 6870414.31 ] ] ] } },
{ "type": "Feature", "properties": { }, "geometry": { "type": "Polygon", "coordinates": [ [ [ 539984.61, 6870414.23 ], [ 539981.43, 6870410.98 ], [ 539977.97, 6870414.46 ], [ 539981.12, 6870417.68 ], [ 539984.61, 6870414.23 ] ] ] } },
{ "type": "Feature", "properties": { }, "geometry": { "type": "Polygon", "coordinates": [ [ [ 540229.13, 6870419.82 ], [ 540232.73, 6870416.24 ], [ 540229.05, 6870412.52 ], [ 540225.61, 6870416.3 ], [ 540229.13, 6870419.82 ] ] ] } },
{ "type": "Feature", "properties": { }, "geometry": { "type": "Polygon", "coordinates": [ [ [ 539928.06, 6870453.32 ], [ 539930.69, 6870450.73 ], [ 539928.41, 6870448.38 ], [ 539925.78, 6870450.97 ], [ 539928.06, 6870453.32 ] ] ] } },
{ "type": "Feature", "properties": { }, "geometry": { "type": "Polygon", "coordinates": [ [ [ 539943.17, 6870455.4 ], [ 539939.62, 6870451.82 ], [ 539937.86, 6870453.53 ], [ 539941.41, 6870457.11 ], [ 539943.17, 6870455.4 ] ] ] } },
{ "type": "Feature", "properties": { }, "geometry": { "type": "Polygon", "coordinates": [ [ [ 540128.49, 6870454.36 ], [ 540126.76, 6870456.04 ], [ 540130.21, 6870459.54 ], [ 540131.82, 6870457.97 ], [ 540128.49, 6870454.36 ] ] ] } },
{ "type": "Feature", "properties": { }, "geometry": { "type": "Polygon", "coordinates": [ [ [ 540441.88, 6870461.02 ], [ 540443.96, 6870459.21 ], [ 540440.26, 6870455.59 ], [ 540438.61, 6870457.7 ], [ 540441.88, 6870461.02 ] ] ] } },
{ "type": "Feature", "properties": { }, "geometry": { "type": "Polygon", "coordinates": [ [ [ 541092.1, 6870464.09 ], [ 541092.79, 6870459.85 ], [ 541090.26, 6870459.19 ], [ 541089.56, 6870463.48 ], [ 541092.1, 6870464.09 ] ] ] } },
{ "type": "Feature", "properties": { }, "geometry": { "type": "Polygon", "coordinates": [ [ [ 540045.97, 6870483.97 ], [ 540049.6, 6870480.66 ], [ 540046.16, 6870477.14 ], [ 540042.49, 6870480.41 ], [ 540045.97, 6870483.97 ] ] ] } },
{ "type": "Feature", "properties": { }, "geometry": { "type": "Polygon", "coordinates": [ [ [ 540313.86, 6870498.41 ], [ 540311.2, 6870495.59 ], [ 540307.96, 6870499.56 ], [ 540310.25, 6870502.0 ], [ 540313.86, 6870498.41 ] ] ] } },
{ "type": "Feature", "properties": { }, "geometry": { "type": "Polygon", "coordinates": [ [ [ 540394.64, 6870507.27 ], [ 540396.49, 6870505.08 ], [ 540393.43, 6870501.97 ], [ 540391.5, 6870503.79 ], [ 540394.64, 6870507.27 ] ] ] } },
{ "type": "Feature", "properties": { }, "geometry": { "type": "Polygon", "coordinates": [ [ [ 539871.65, 6870524.46 ], [ 539874.61, 6870521.63 ], [ 539871.35, 6870518.31 ], [ 539868.42, 6870521.16 ], [ 539871.65, 6870524.46 ] ] ] } },
{ "type": "Feature", "properties": { }, "geometry": { "type": "Polygon", "coordinates": [ [ [ 540102.51, 6870543.35 ], [ 540099.53, 6870540.24 ], [ 540095.85, 6870543.5 ], [ 540098.99, 6870546.77 ], [ 540102.51, 6870543.35 ] ] ] } },
{ "type": "Feature", "properties": { }, "geometry": { "type": "Polygon", "coordinates": [ [ [ 540348.07, 6870553.69 ], [ 540349.8, 6870551.73 ], [ 540346.56, 6870548.4 ], [ 540344.78, 6870550.31 ], [ 540348.07, 6870553.69 ] ] ] } },
{ "type": "Feature", "properties": { }, "geometry": { "type": "Polygon", "coordinates": [ [ [ 541684.38, 6870564.49 ], [ 541677.4, 6870558.18 ], [ 541675.34, 6870560.62 ], [ 541682.49, 6870566.62 ], [ 541684.38, 6870564.49 ] ] ] } },
{ "type": "Feature", "properties": { }, "geometry": { "type": "Polygon", "coordinates": [ [ [ 539936.17, 6870590.28 ], [ 539939.48, 6870593.65 ], [ 539942.33, 6870590.72 ], [ 539939.01, 6870587.34 ], [ 539936.17, 6870590.28 ] ] ] } },
{ "type": "Feature", "properties": { }, "geometry": { "type": "Polygon", "coordinates": [ [ [ 540303.04, 6870598.42 ], [ 540299.49, 6870594.9 ], [ 540297.65, 6870596.7 ], [ 540301.25, 6870600.38 ], [ 540303.04, 6870598.42 ] ] ] } },
{ "type": "Feature", "properties": { }, "geometry": { "type": "Polygon", "coordinates": [ [ [ 540254.13, 6870646.64 ], [ 540255.84, 6870644.93 ], [ 540252.47, 6870641.43 ], [ 540250.81, 6870643.25 ], [ 540254.13, 6870646.64 ] ] ] } },
{ "type": "Feature", "properties": { }, "geometry": { "type": "Polygon", "coordinates": [ [ [ 540225.49, 6870667.99 ], [ 540221.9, 6870671.48 ], [ 540225.6, 6870675.2 ], [ 540228.93, 6870671.53 ], [ 540225.49, 6870667.99 ] ] ] } },
{ "type": "Feature", "properties": { }, "geometry": { "type": "Polygon", "coordinates": [ [ [ 541738.32, 6870698.56 ], [ 541738.4, 6870708.23 ], [ 541741.06, 6870708.21 ], [ 541740.97, 6870698.54 ], [ 541738.32, 6870698.56 ] ] ] } },
{ "type": "Feature", "properties": { }, "geometry": { "type": "Polygon", "coordinates": [ [ [ 540984.56, 6870875.39 ], [ 540986.63, 6870875.34 ], [ 540985.94, 6870878.3 ], [ 540988.68, 6870878.72 ], [ 540992.21, 6870855.84 ], [ 540987.65, 6870855.77 ], [ 540984.56, 6870875.39 ] ] ] } },
{ "type": "Feature", "properties": { }, "geometry": { "type": "Polygon", "coordinates": [ [ [ 540947.02, 6871137.41 ], [ 540946.02, 6871141.88 ], [ 540955.25, 6871144.47 ], [ 540957.85, 6871140.74 ], [ 540947.02, 6871137.41 ] ] ] } },
{ "type": "Feature", "properties": { }, "geometry": { "type": "Polygon", "coordinates": [ [ [ 541044.48, 6871170.5 ], [ 541043.08, 6871177.55 ], [ 541046.32, 6871178.41 ], [ 541047.86, 6871171.09 ], [ 541044.48, 6871170.5 ] ] ] } },
{ "type": "Feature", "properties": { }, "geometry": { "type": "Polygon", "coordinates": [ [ [ 540530.5, 6871939.04 ], [ 540505.52, 6871938.86 ], [ 540505.02, 6871957.29 ], [ 540530.12, 6871957.54 ], [ 540530.5, 6871939.04 ] ] ] } },
{ "type": "Feature", "properties": { }, "geometry": { "type": "Polygon", "coordinates": [ [ [ 540920.2, 6872091.8 ], [ 540913.67, 6872096.59 ], [ 540914.6, 6872097.89 ], [ 540921.18, 6872093.01 ], [ 540920.2, 6872091.8 ] ] ] } },
{ "type": "Feature", "properties": { }, "geometry": { "type": "Polygon", "coordinates": [ [ [ 540520.69, 6872341.27 ], [ 540514.97, 6872333.12 ], [ 540481.57, 6872358.64 ], [ 540488.52, 6872367.62 ], [ 540499.38, 6872359.7 ], [ 540502.31, 6872355.1 ], [ 540509.06, 6872349.06 ], [ 540520.69, 6872341.27 ] ] ] } },
{ "type": "Feature", "properties": { }, "geometry": { "type": "Polygon", "coordinates": [ [ [ 540503.65, 6872394.03 ], [ 540506.83, 6872404.97 ], [ 540554.43, 6872371.41 ], [ 540544.52, 6872366.79 ], [ 540503.65, 6872394.03 ] ] ] } },
{ "type": "Feature", "properties": { }, "geometry": { "type": "Polygon", "coordinates": [ [ [ 540075.46, 6872727.81 ], [ 540130.54, 6872752.44 ], [ 540143.34, 6872739.81 ], [ 540089.3, 6872716.48 ], [ 540075.46, 6872727.81 ] ] ] } },
{ "type": "Feature", "properties": { }, "geometry": { "type": "Polygon", "coordinates": [ [ [ 540142.59, 6872757.8 ], [ 540152.14, 6872762.04 ], [ 540165.38, 6872749.66 ], [ 540155.7, 6872745.35 ], [ 540142.59, 6872757.8 ] ] ] } },
{ "type": "Feature", "properties": { }, "geometry": { "type": "Polygon", "coordinates": [ [ [ 539932.6, 6872826.74 ], [ 539921.95, 6872811.61 ], [ 539916.92, 6872815.3 ], [ 539927.38, 6872830.36 ], [ 539932.6, 6872826.74 ] ] ] } },
{ "type": "Feature", "properties": { }, "geometry": { "type": "Polygon", "coordinates": [ [ [ 539891.96, 6872856.17 ], [ 539925.13, 6872832.0 ], [ 539914.35, 6872817.18 ], [ 539881.21, 6872841.44 ], [ 539891.96, 6872856.17 ] ] ] } },
{ "type": "Feature", "properties": { }, "geometry": { "type": "Polygon", "coordinates": [ [ [ 539890.96, 6872856.91 ], [ 539880.18, 6872842.19 ], [ 539876.97, 6872844.54 ], [ 539887.76, 6872859.26 ], [ 539890.96, 6872856.91 ] ] ] } },
{ "type": "Feature", "properties": { }, "geometry": { "type": "Polygon", "coordinates": [ [ [ 539876.22, 6872845.09 ], [ 539862.74, 6872855.0 ], [ 539873.44, 6872869.82 ], [ 539886.99, 6872859.83 ], [ 539876.22, 6872845.09 ] ] ] } },
{ "type": "Feature", "properties": { }, "geometry": { "type": "Polygon", "coordinates": [ [ [ 540920.03, 6876211.94 ], [ 540913.74, 6876215.92 ], [ 540918.09, 6876222.41 ], [ 540924.25, 6876218.36 ], [ 540920.03, 6876211.94 ] ] ] } },
{ "type": "Feature", "properties": { }, "geometry": { "type": "Polygon", "coordinates": [ [ [ 540625.73, 6876260.78 ], [ 540628.43, 6876256.28 ], [ 540627.36, 6876255.63 ], [ 540623.72, 6876261.7 ], [ 540628.25, 6876264.42 ], [ 540629.18, 6876262.86 ], [ 540625.73, 6876260.78 ] ] ] } },
{ "type": "Feature", "properties": { }, "geometry": { "type": "Polygon", "coordinates": [ [ [ 540641.75, 6876324.6 ], [ 540643.24, 6876325.7 ], [ 540647.77, 6876319.5 ], [ 540646.28, 6876318.4 ], [ 540641.75, 6876324.6 ] ] ] } },
{ "type": "Feature", "properties": { }, "geometry": { "type": "Polygon", "coordinates": [ [ [ 540696.76, 6876392.88 ], [ 540698.21, 6876394.41 ], [ 540708.95, 6876384.49 ], [ 540707.62, 6876383.15 ], [ 540696.76, 6876392.88 ] ] ] } },
{ "type": "Feature", "properties": { }, "geometry": { "type": "Polygon", "coordinates": [ [ [ 541953.24, 6860666.38 ], [ 541938.06, 6860666.48 ], [ 541938.01, 6860685.82 ], [ 541953.2, 6860685.78 ], [ 541953.24, 6860666.38 ] ] ] } },
{ "type": "Feature", "properties": { }, "geometry": { "type": "Polygon", "coordinates": [ [ [ 542532.02, 6861021.21 ], [ 542529.2, 6861010.5 ], [ 542528.32, 6860999.51 ], [ 542529.39, 6860988.74 ], [ 542532.43, 6860977.96 ], [ 542528.92, 6860979.95 ], [ 542489.94, 6860979.74 ], [ 542486.45, 6860977.72 ], [ 542489.37, 6860988.78 ], [ 542490.21, 6860998.64 ], [ 542489.18, 6861010.62 ], [ 542486.24, 6861021.14 ], [ 542489.67, 6861019.1 ], [ 542528.6, 6861019.29 ], [ 542532.02, 6861021.21 ] ] ] } },
{ "type": "Feature", "properties": { }, "geometry": { "type": "Polygon", "coordinates": [ [ [ 543210.31, 6862181.15 ], [ 543204.18, 6862180.63 ], [ 543167.94, 6862177.53 ], [ 543169.84, 6862190.89 ], [ 543213.37, 6862194.32 ], [ 543210.31, 6862181.15 ] ] ] } },
{ "type": "Feature", "properties": { }, "geometry": { "type": "Polygon", "coordinates": [ [ [ 543055.51, 6862300.22 ], [ 543055.96, 6862293.08 ], [ 543031.56, 6862291.5 ], [ 543031.12, 6862298.67 ], [ 543055.51, 6862300.22 ] ] ] } },
{ "type": "Feature", "properties": { }, "geometry": { "type": "Polygon", "coordinates": [ [ [ 541882.66, 6862531.74 ], [ 541881.68, 6862530.41 ], [ 541871.21, 6862577.73 ], [ 541872.85, 6862576.94 ], [ 541918.73, 6862586.96 ], [ 541919.85, 6862588.33 ], [ 541930.16, 6862541.34 ], [ 541928.77, 6862542.13 ], [ 541882.66, 6862531.74 ] ] ] } },
{ "type": "Feature", "properties": { }, "geometry": { "type": "Polygon", "coordinates": [ [ [ 543052.35, 6862626.68 ], [ 543076.79, 6862628.23 ], [ 543076.85, 6862627.26 ], [ 543078.65, 6862627.38 ], [ 543079.61, 6862612.68 ], [ 543077.77, 6862612.56 ], [ 543077.83, 6862611.55 ], [ 543053.39, 6862610.04 ], [ 543052.35, 6862626.68 ] ] ] } },
{ "type": "Feature", "properties": { }, "geometry": { "type": "Polygon", "coordinates": [ [ [ 542440.72, 6862620.2 ], [ 542427.84, 6862619.39 ], [ 542424.15, 6862679.87 ], [ 542436.84, 6862680.55 ], [ 542440.72, 6862620.2 ] ] ] } },
{ "type": "Feature", "properties": { }, "geometry": { "type": "Polygon", "coordinates": [ [ [ 542883.95, 6862702.75 ], [ 542886.91, 6862651.95 ], [ 542884.43, 6862655.38 ], [ 542839.81, 6862652.6 ], [ 542836.97, 6862650.46 ], [ 542834.66, 6862700.17 ], [ 542836.29, 6862700.28 ], [ 542836.9, 6862698.35 ], [ 542881.34, 6862701.19 ], [ 542881.71, 6862703.18 ], [ 542883.95, 6862702.75 ] ] ] } },
{ "type": "Feature", "properties": { }, "geometry": { "type": "Polygon", "coordinates": [ [ [ 543157.3, 6863859.21 ], [ 543156.98, 6863856.87 ], [ 543153.84, 6863857.45 ], [ 543151.45, 6863849.17 ], [ 543103.68, 6863863.05 ], [ 543106.08, 6863871.33 ], [ 543103.34, 6863872.19 ], [ 543102.83, 6863873.68 ], [ 543104.07, 6863874.69 ], [ 543106.84, 6863873.95 ], [ 543112.46, 6863893.4 ], [ 543109.73, 6863894.26 ], [ 543109.21, 6863895.75 ], [ 543110.45, 6863896.76 ], [ 543113.22, 6863896.02 ], [ 543115.67, 6863904.52 ], [ 543163.44, 6863890.64 ], [ 543160.98, 6863882.14 ], [ 543163.57, 6863881.37 ], [ 543164.08, 6863879.81 ], [ 543162.82, 6863878.78 ], [ 543160.22, 6863879.52 ], [ 543154.6, 6863860.07 ], [ 543157.3, 6863859.21 ] ] ] } },
{ "type": "Feature", "properties": { }, "geometry": { "type": "Polygon", "coordinates": [ [ [ 542183.12, 6864008.27 ], [ 542182.75, 6864010.41 ], [ 542171.25, 6864008.7 ], [ 542167.62, 6864030.92 ], [ 542161.4, 6864052.3 ], [ 542203.89, 6864071.85 ], [ 542207.03, 6864044.39 ], [ 542214.06, 6864015.04 ], [ 542203.89, 6864013.53 ], [ 542204.17, 6864011.86 ], [ 542183.12, 6864008.27 ] ] ] } },
{ "type": "Feature", "properties": { }, "geometry": { "type": "Polygon", "coordinates": [ [ [ 542518.06, 6864053.38 ], [ 542519.77, 6864031.21 ], [ 542476.78, 6864032.22 ], [ 542473.65, 6864059.93 ], [ 542467.42, 6864086.05 ], [ 542518.81, 6864079.74 ], [ 542518.06, 6864053.38 ] ] ] } },
{ "type": "Feature", "properties": { }, "geometry": { "type": "Polygon", "coordinates": [ [ [ 542363.98, 6865226.42 ], [ 542368.85, 6865213.3 ], [ 542365.59, 6865211.79 ], [ 542360.64, 6865225.21 ], [ 542363.98, 6865226.42 ] ] ] } },
{ "type": "Feature", "properties": { }, "geometry": { "type": "Polygon", "coordinates": [ [ [ 542306.61, 6865285.05 ], [ 542305.25, 6865283.1 ], [ 542294.3, 6865291.54 ], [ 542295.69, 6865293.63 ], [ 542306.61, 6865285.05 ] ] ] } },
{ "type": "Feature", "properties": { }, "geometry": { "type": "Polygon", "coordinates": [ [ [ 542359.5, 6865419.07 ], [ 542354.92, 6865418.25 ], [ 542352.28, 6865431.22 ], [ 542357.21, 6865432.4 ], [ 542359.5, 6865419.07 ] ] ] } },
{ "type": "Feature", "properties": { }, "geometry": { "type": "Polygon", "coordinates": [ [ [ 541784.07, 6866158.51 ], [ 541783.71, 6866160.16 ], [ 541789.77, 6866162.79 ], [ 541791.16, 6866162.2 ], [ 541784.07, 6866158.51 ] ] ] } },
{ "type": "Feature", "properties": { }, "geometry": { "type": "Polygon", "coordinates": [ [ [ 541978.65, 6866249.17 ], [ 541973.6, 6866262.18 ], [ 541979.27, 6866264.43 ], [ 541984.37, 6866251.31 ], [ 541978.65, 6866249.17 ] ] ] } },
{ "type": "Feature", "properties": { }, "geometry": { "type": "Polygon", "coordinates": [ [ [ 542329.94, 6866383.79 ], [ 542308.34, 6866426.88 ], [ 542311.32, 6866437.39 ], [ 542336.54, 6866387.08 ], [ 542329.94, 6866383.79 ] ] ] } },
{ "type": "Feature", "properties": { }, "geometry": { "type": "Polygon", "coordinates": [ [ [ 542472.42, 6866491.69 ], [ 542516.7, 6866512.48 ], [ 542524.09, 6866495.6 ], [ 542479.87, 6866474.48 ], [ 542472.42, 6866491.69 ] ] ] } },
{ "type": "Feature", "properties": { }, "geometry": { "type": "Polygon", "coordinates": [ [ [ 542309.32, 6866552.72 ], [ 542315.91, 6866537.44 ], [ 542283.46, 6866522.4 ], [ 542276.7, 6866537.92 ], [ 542309.32, 6866552.72 ] ] ] } },
{ "type": "Feature", "properties": { }, "geometry": { "type": "Polygon", "coordinates": [ [ [ 543018.04, 6866612.94 ], [ 543057.41, 6866640.43 ], [ 543069.44, 6866628.95 ], [ 543030.08, 6866601.34 ], [ 543018.04, 6866612.94 ] ] ] } },
{ "type": "Feature", "properties": { }, "geometry": { "type": "Polygon", "coordinates": [ [ [ 542589.08, 6866662.33 ], [ 542582.44, 6866677.81 ], [ 542614.83, 6866692.9 ], [ 542621.43, 6866677.5 ], [ 542589.08, 6866662.33 ] ] ] } },
{ "type": "Feature", "properties": { }, "geometry": { "type": "Polygon", "coordinates": [ [ [ 542932.4, 6866710.84 ], [ 542939.12, 6866697.02 ], [ 542906.6, 6866681.24 ], [ 542899.89, 6866695.05 ], [ 542932.4, 6866710.84 ] ] ] } },
{ "type": "Feature", "properties": { }, "geometry": { "type": "Polygon", "coordinates": [ [ [ 542213.42, 6866711.07 ], [ 542200.55, 6866741.51 ], [ 542219.68, 6866750.61 ], [ 542232.55, 6866720.08 ], [ 542213.42, 6866711.07 ] ] ] } },
{ "type": "Feature", "properties": { }, "geometry": { "type": "Polygon", "coordinates": [ [ [ 543189.06, 6866784.12 ], [ 543179.24, 6866778.95 ], [ 543174.26, 6866790.29 ], [ 543184.01, 6866795.42 ], [ 543189.06, 6866784.12 ] ] ] } },
{ "type": "Feature", "properties": { }, "geometry": { "type": "Polygon", "coordinates": [ [ [ 542519.28, 6866892.92 ], [ 542533.73, 6866862.57 ], [ 542517.61, 6866854.96 ], [ 542503.22, 6866885.24 ], [ 542519.28, 6866892.92 ] ] ] } },
{ "type": "Feature", "properties": { }, "geometry": { "type": "Polygon", "coordinates": [ [ [ 543144.85, 6866905.29 ], [ 543155.92, 6866910.15 ], [ 543160.23, 6866900.35 ], [ 543149.23, 6866895.22 ], [ 543144.85, 6866905.29 ] ] ] } },
{ "type": "Feature", "properties": { }, "geometry": { "type": "Polygon", "coordinates": [ [ [ 542891.97, 6867012.0 ], [ 542891.53, 6867009.38 ], [ 542889.69, 6867011.3 ], [ 542879.36, 6867006.92 ], [ 542860.55, 6867051.45 ], [ 542870.88, 6867055.83 ], [ 542870.85, 6867058.35 ], [ 542873.07, 6867056.76 ], [ 542883.73, 6867061.28 ], [ 542902.29, 6867016.61 ], [ 542891.97, 6867012.0 ] ] ] } },
{ "type": "Feature", "properties": { }, "geometry": { "type": "Polygon", "coordinates": [ [ [ 542092.71, 6867065.39 ], [ 542099.72, 6867048.87 ], [ 542067.13, 6867035.05 ], [ 542060.04, 6867051.54 ], [ 542092.71, 6867065.39 ] ] ] } },
{ "type": "Feature", "properties": { }, "geometry": { "type": "Polygon", "coordinates": [ [ [ 543058.79, 6867084.73 ], [ 543048.43, 6867080.37 ], [ 543038.4, 6867104.13 ], [ 543048.79, 6867108.55 ], [ 543058.79, 6867084.73 ] ] ] } },
{ "type": "Feature", "properties": { }, "geometry": { "type": "Polygon", "coordinates": [ [ [ 542383.15, 6867164.45 ], [ 542376.66, 6867179.95 ], [ 542397.68, 6867188.64 ], [ 542404.23, 6867173.09 ], [ 542383.15, 6867164.45 ] ] ] } },
{ "type": "Feature", "properties": { }, "geometry": { "type": "Polygon", "coordinates": [ [ [ 542913.05, 6867374.02 ], [ 542882.13, 6867360.63 ], [ 542875.69, 6867375.58 ], [ 542906.46, 6867388.91 ], [ 542913.05, 6867374.02 ] ] ] } },
{ "type": "Feature", "properties": { }, "geometry": { "type": "Polygon", "coordinates": [ [ [ 541935.48, 6867369.29 ], [ 541918.44, 6867409.17 ], [ 541933.68, 6867414.73 ], [ 541950.81, 6867374.91 ], [ 541935.48, 6867369.29 ] ] ] } },
{ "type": "Feature", "properties": { }, "geometry": { "type": "Polygon", "coordinates": [ [ [ 542942.47, 6867386.21 ], [ 542936.09, 6867401.66 ], [ 542937.51, 6867402.27 ], [ 542943.93, 6867386.84 ], [ 542942.47, 6867386.21 ] ] ] } },
{ "type": "Feature", "properties": { }, "geometry": { "type": "Polygon", "coordinates": [ [ [ 542944.99, 6867387.3 ], [ 542938.49, 6867402.7 ], [ 542947.26, 6867406.49 ], [ 542953.8, 6867391.49 ], [ 542944.99, 6867387.3 ] ] ] } },
{ "type": "Feature", "properties": { }, "geometry": { "type": "Polygon", "coordinates": [ [ [ 543197.63, 6867515.06 ], [ 543204.35, 6867498.84 ], [ 543206.34, 6867497.46 ], [ 543192.74, 6867491.88 ], [ 543193.11, 6867494.08 ], [ 543186.38, 6867510.25 ], [ 543184.67, 6867511.52 ], [ 543197.93, 6867517.42 ], [ 543197.63, 6867515.06 ] ] ] } },
{ "type": "Feature", "properties": { }, "geometry": { "type": "Polygon", "coordinates": [ [ [ 542357.37, 6867523.03 ], [ 542355.92, 6867522.93 ], [ 542355.6, 6867524.32 ], [ 542341.14, 6867518.95 ], [ 542360.7, 6867572.53 ], [ 542375.84, 6867578.2 ], [ 542377.22, 6867580.79 ], [ 542378.59, 6867579.23 ], [ 542393.7, 6867584.89 ], [ 542374.1, 6867531.19 ], [ 542358.34, 6867525.34 ], [ 542357.37, 6867523.03 ] ] ] } },
{ "type": "Feature", "properties": { }, "geometry": { "type": "Polygon", "coordinates": [ [ [ 541884.17, 6867622.56 ], [ 541877.0, 6867620.17 ], [ 541863.16, 6867662.21 ], [ 541870.02, 6867664.54 ], [ 541884.17, 6867622.56 ] ] ] } },
{ "type": "Feature", "properties": { }, "geometry": { "type": "Polygon", "coordinates": [ [ [ 542641.5, 6867677.5 ], [ 542652.94, 6867634.85 ], [ 542615.77, 6867621.01 ], [ 542604.36, 6867663.56 ], [ 542641.5, 6867677.5 ] ] ] } },
{ "type": "Feature", "properties": { }, "geometry": { "type": "Polygon", "coordinates": [ [ [ 542833.4, 6867755.63 ], [ 542840.83, 6867756.24 ], [ 542830.48, 6867703.53 ], [ 542815.88, 6867697.49 ], [ 542827.52, 6867756.77 ], [ 542833.4, 6867755.63 ] ] ] } },
{ "type": "Feature", "properties": { }, "geometry": { "type": "Polygon", "coordinates": [ [ [ 542307.02, 6867777.05 ], [ 542281.61, 6867768.82 ], [ 542245.55, 6867757.14 ], [ 542254.08, 6867778.33 ], [ 542315.55, 6867798.23 ], [ 542307.02, 6867777.05 ] ] ] } },
{ "type": "Feature", "properties": { }, "geometry": { "type": "Polygon", "coordinates": [ [ [ 542687.66, 6867903.57 ], [ 542666.39, 6867896.91 ], [ 542658.68, 6867894.49 ], [ 542664.53, 6867915.39 ], [ 542693.62, 6867924.83 ], [ 542687.66, 6867903.57 ] ] ] } },
{ "type": "Feature", "properties": { }, "geometry": { "type": "Polygon", "coordinates": [ [ [ 542836.41, 6867982.28 ], [ 542802.51, 6867985.32 ], [ 542804.0, 6867993.75 ], [ 542837.88, 6867990.01 ], [ 542836.41, 6867982.28 ] ] ] } },
{ "type": "Feature", "properties": { }, "geometry": { "type": "Polygon", "coordinates": [ [ [ 542917.12, 6868005.71 ], [ 542918.08, 6868003.0 ], [ 542920.64, 6868001.58 ], [ 542899.27, 6867995.1 ], [ 542902.7, 6868015.87 ], [ 542919.17, 6868019.98 ], [ 542917.12, 6868005.71 ] ] ] } },
{ "type": "Feature", "properties": { }, "geometry": { "type": "Polygon", "coordinates": [ [ [ 542902.16, 6868018.96 ], [ 542900.06, 6868020.31 ], [ 542892.59, 6868019.37 ], [ 542890.75, 6868033.04 ], [ 542900.24, 6868034.23 ], [ 542902.16, 6868018.96 ] ] ] } },
{ "type": "Feature", "properties": { }, "geometry": { "type": "Polygon", "coordinates": [ [ [ 542744.12, 6868022.34 ], [ 542727.15, 6868024.84 ], [ 542732.41, 6868074.98 ], [ 542749.48, 6868071.89 ], [ 542744.12, 6868022.34 ] ] ] } },
{ "type": "Feature", "properties": { }, "geometry": { "type": "Polygon", "coordinates": [ [ [ 543149.78, 6868104.52 ], [ 543159.24, 6868108.44 ], [ 543164.38, 6868094.64 ], [ 543154.78, 6868091.13 ], [ 543149.78, 6868104.52 ] ] ] } },
{ "type": "Feature", "properties": { }, "geometry": { "type": "Polygon", "coordinates": [ [ [ 542989.29, 6868265.27 ], [ 543001.47, 6868264.9 ], [ 542989.16, 6868239.23 ], [ 542977.2, 6868240.44 ], [ 542989.29, 6868265.27 ] ] ] } },
{ "type": "Feature", "properties": { }, "geometry": { "type": "Polygon", "coordinates": [ [ [ 542124.22, 6868302.56 ], [ 542106.69, 6868268.92 ], [ 542089.33, 6868278.09 ], [ 542106.97, 6868311.7 ], [ 542124.22, 6868302.56 ] ] ] } },
{ "type": "Feature", "properties": { }, "geometry": { "type": "Polygon", "coordinates": [ [ [ 542112.95, 6868408.97 ], [ 542078.96, 6868400.8 ], [ 542047.42, 6868369.45 ], [ 542041.55, 6868372.1 ], [ 542073.94, 6868405.38 ], [ 542107.92, 6868413.61 ], [ 542129.67, 6868434.59 ], [ 542135.96, 6868431.81 ], [ 542112.95, 6868408.97 ] ] ] } },
{ "type": "Feature", "properties": { }, "geometry": { "type": "Polygon", "coordinates": [ [ [ 543038.36, 6868452.37 ], [ 543055.33, 6868445.6 ], [ 543053.58, 6868441.12 ], [ 543036.6, 6868447.83 ], [ 543038.36, 6868452.37 ] ] ] } },
{ "type": "Feature", "properties": { }, "geometry": { "type": "Polygon", "coordinates": [ [ [ 543137.92, 6868699.51 ], [ 543147.37, 6868723.79 ], [ 543162.38, 6868717.78 ], [ 543152.85, 6868693.26 ], [ 543137.92, 6868699.51 ] ] ] } },
{ "type": "Feature", "properties": { }, "geometry": { "type": "Polygon", "coordinates": [ [ [ 543048.53, 6868827.37 ], [ 543004.82, 6868844.69 ], [ 543019.89, 6868883.53 ], [ 543063.71, 6868866.17 ], [ 543048.53, 6868827.37 ] ] ] } },
{ "type": "Feature", "properties": { }, "geometry": { "type": "Polygon", "coordinates": [ [ [ 542455.64, 6868933.3 ], [ 542438.62, 6868942.36 ], [ 542450.76, 6868966.11 ], [ 542468.07, 6868957.23 ], [ 542455.64, 6868933.3 ] ] ] } },
{ "type": "Feature", "properties": { }, "geometry": { "type": "Polygon", "coordinates": [ [ [ 542527.65, 6869320.53 ], [ 542563.13, 6869309.37 ], [ 542561.37, 6869303.77 ], [ 542525.88, 6869314.86 ], [ 542527.65, 6869320.53 ] ] ] } },
{ "type": "Feature", "properties": { }, "geometry": { "type": "Polygon", "coordinates": [ [ [ 543186.37, 6869394.05 ], [ 543231.78, 6869413.97 ], [ 543240.52, 6869393.99 ], [ 543229.46, 6869389.14 ], [ 543229.85, 6869388.24 ], [ 543227.16, 6869387.05 ], [ 543226.76, 6869387.95 ], [ 543209.27, 6869380.28 ], [ 543209.67, 6869379.38 ], [ 543206.97, 6869378.2 ], [ 543206.58, 6869379.1 ], [ 543195.21, 6869374.11 ], [ 543186.37, 6869394.05 ] ] ] } },
{ "type": "Feature", "properties": { }, "geometry": { "type": "Polygon", "coordinates": [ [ [ 543157.98, 6869462.33 ], [ 543150.9, 6869459.1 ], [ 543118.52, 6869444.31 ], [ 543114.81, 6869464.24 ], [ 543154.24, 6869482.26 ], [ 543157.98, 6869462.33 ] ] ] } },
{ "type": "Feature", "properties": { }, "geometry": { "type": "Polygon", "coordinates": [ [ [ 542921.96, 6869721.33 ], [ 542925.03, 6869722.31 ], [ 542923.84, 6869719.48 ], [ 542934.12, 6869709.57 ], [ 542910.16, 6869684.46 ], [ 542899.97, 6869694.3 ], [ 542896.98, 6869693.02 ], [ 542898.04, 6869696.19 ], [ 542889.02, 6869705.06 ], [ 542913.07, 6869730.37 ], [ 542921.96, 6869721.33 ] ] ] } },
{ "type": "Feature", "properties": { }, "geometry": { "type": "Polygon", "coordinates": [ [ [ 541914.98, 6869819.08 ], [ 541910.95, 6869840.25 ], [ 541919.15, 6869842.17 ], [ 541929.63, 6869817.81 ], [ 541918.07, 6869815.1 ], [ 541916.72, 6869816.06 ], [ 541914.98, 6869819.08 ] ] ] } },
{ "type": "Feature", "properties": { }, "geometry": { "type": "Polygon", "coordinates": [ [ [ 543057.64, 6869829.94 ], [ 543054.59, 6869826.83 ], [ 543026.76, 6869854.24 ], [ 543029.9, 6869857.25 ], [ 543057.64, 6869829.94 ] ] ] } },
{ "type": "Feature", "properties": { }, "geometry": { "type": "Polygon", "coordinates": [ [ [ 542028.16, 6869840.73 ], [ 542037.69, 6869869.79 ], [ 542050.18, 6869872.7 ], [ 542047.65, 6869845.26 ], [ 542028.16, 6869840.73 ] ] ] } },
{ "type": "Feature", "properties": { }, "geometry": { "type": "Polygon", "coordinates": [ [ [ 542067.2, 6870155.49 ], [ 542068.22, 6870121.34 ], [ 542055.5, 6870120.99 ], [ 542054.6, 6870155.1 ], [ 542067.2, 6870155.49 ] ] ] } },
{ "type": "Feature", "properties": { }, "geometry": { "type": "Polygon", "coordinates": [ [ [ 542670.11, 6870147.02 ], [ 542659.73, 6870146.8 ], [ 542659.31, 6870163.13 ], [ 542669.63, 6870163.42 ], [ 542670.11, 6870147.02 ] ] ] } },
{ "type": "Feature", "properties": { }, "geometry": { "type": "Polygon", "coordinates": [ [ [ 541834.6, 6870383.44 ], [ 541838.14, 6870364.57 ], [ 541831.02, 6870360.55 ], [ 541827.69, 6870378.77 ], [ 541834.6, 6870383.44 ] ] ] } },
{ "type": "Feature", "properties": { }, "geometry": { "type": "Polygon", "coordinates": [ [ [ 541889.81, 6870632.64 ], [ 541880.64, 6870630.07 ], [ 541879.86, 6870632.88 ], [ 541889.03, 6870635.45 ], [ 541889.81, 6870632.64 ] ] ] } },
{ "type": "Feature", "properties": { }, "geometry": { "type": "Polygon", "coordinates": [ [ [ 541840.88, 6870681.53 ], [ 541844.81, 6870682.43 ], [ 541846.88, 6870673.29 ], [ 541842.96, 6870672.39 ], [ 541840.88, 6870681.53 ] ] ] } },
{ "type": "Feature", "properties": { }, "geometry": { "type": "Polygon", "coordinates": [ [ [ 542106.41, 6870691.82 ], [ 542105.87, 6870685.3 ], [ 542101.81, 6870685.53 ], [ 542102.35, 6870692.09 ], [ 542106.41, 6870691.82 ] ] ] } },
{ "type": "Feature", "properties": { }, "geometry": { "type": "Polygon", "coordinates": [ [ [ 541803.71, 6870949.25 ], [ 541797.04, 6870942.38 ], [ 541793.93, 6870945.63 ], [ 541800.53, 6870952.3 ], [ 541803.71, 6870949.25 ] ] ] } },
{ "type": "Feature", "properties": { }, "geometry": { "type": "Polygon", "coordinates": [ [ [ 542078.01, 6871338.28 ], [ 542087.59, 6871351.56 ], [ 542098.54, 6871344.25 ], [ 542088.59, 6871330.58 ], [ 542078.01, 6871338.28 ] ] ] } },
{ "type": "Feature", "properties": { }, "geometry": { "type": "Polygon", "coordinates": [ [ [ 543058.21, 6871521.3 ], [ 543044.34, 6871540.17 ], [ 543035.34, 6871548.32 ], [ 543046.11, 6871557.47 ], [ 543052.64, 6871547.27 ], [ 543068.77, 6871530.63 ], [ 543058.21, 6871521.3 ] ] ] } },
{ "type": "Feature", "properties": { }, "geometry": { "type": "Polygon", "coordinates": [ [ [ 542990.44, 6871603.9 ], [ 542981.42, 6871612.14 ], [ 542992.17, 6871621.27 ], [ 542998.78, 6871611.02 ], [ 543014.86, 6871594.33 ], [ 543004.11, 6871585.23 ], [ 542997.58, 6871595.45 ], [ 542990.44, 6871603.9 ] ] ] } },
{ "type": "Feature", "properties": { }, "geometry": { "type": "Polygon", "coordinates": [ [ [ 543208.16, 6871651.33 ], [ 543198.85, 6871688.52 ], [ 543205.01, 6871690.28 ], [ 543208.85, 6871671.52 ], [ 543214.26, 6871653.15 ], [ 543208.16, 6871651.33 ] ] ] } },
{ "type": "Feature", "properties": { }, "geometry": { "type": "Polygon", "coordinates": [ [ [ 542928.23, 6871701.4 ], [ 542934.48, 6871689.11 ], [ 542941.59, 6871680.73 ], [ 542952.56, 6871672.58 ], [ 542939.66, 6871661.59 ], [ 542923.95, 6871680.2 ], [ 542912.98, 6871688.38 ], [ 542928.23, 6871701.4 ] ] ] } },
{ "type": "Feature", "properties": { }, "geometry": { "type": "Polygon", "coordinates": [ [ [ 543173.24, 6871776.42 ], [ 543179.37, 6871778.24 ], [ 543183.17, 6871759.59 ], [ 543188.57, 6871741.12 ], [ 543182.42, 6871739.35 ], [ 543178.64, 6871757.87 ], [ 543173.24, 6871776.42 ] ] ] } },
{ "type": "Feature", "properties": { }, "geometry": { "type": "Polygon", "coordinates": [ [ [ 543147.93, 6871885.03 ], [ 543151.55, 6871868.1 ], [ 543160.74, 6871836.65 ], [ 543154.77, 6871834.84 ], [ 543151.24, 6871851.9 ], [ 543141.99, 6871883.38 ], [ 543147.93, 6871885.03 ] ] ] } },
{ "type": "Feature", "properties": { }, "geometry": { "type": "Polygon", "coordinates": [ [ [ 542662.98, 6872201.34 ], [ 542665.22, 6872196.79 ], [ 542630.65, 6872193.65 ], [ 542628.88, 6872197.1 ], [ 542662.98, 6872201.34 ] ] ] } },
{ "type": "Feature", "properties": { }, "geometry": { "type": "Polygon", "coordinates": [ [ [ 542597.37, 6872296.89 ], [ 542595.85, 6872300.57 ], [ 542616.71, 6872309.21 ], [ 542618.06, 6872305.48 ], [ 542597.37, 6872296.89 ] ] ] } },
{ "type": "Feature", "properties": { }, "geometry": { "type": "Polygon", "coordinates": [ [ [ 543229.33, 6875418.93 ], [ 543228.27, 6875416.77 ], [ 543202.74, 6875436.44 ], [ 543209.21, 6875444.82 ], [ 543228.16, 6875430.15 ], [ 543229.33, 6875418.93 ] ] ] } },
{ "type": "Feature", "properties": { }, "geometry": { "type": "Polygon", "coordinates": [ [ [ 542796.34, 6875950.09 ], [ 542805.8, 6875943.59 ], [ 542787.78, 6875920.22 ], [ 542778.7, 6875927.22 ], [ 542796.34, 6875950.09 ] ] ] } },
{ "type": "Feature", "properties": { }, "geometry": { "type": "Polygon", "coordinates": [ [ [ 542712.8, 6875961.45 ], [ 542723.27, 6875975.06 ], [ 542737.05, 6875963.79 ], [ 542726.91, 6875950.53 ], [ 542712.8, 6875961.45 ] ] ] } },
{ "type": "Feature", "properties": { }, "geometry": { "type": "Polygon", "coordinates": [ [ [ 542711.17, 6875984.38 ], [ 542700.71, 6875970.81 ], [ 542686.85, 6875981.55 ], [ 542697.33, 6875995.05 ], [ 542711.17, 6875984.38 ] ] ] } },
{ "type": "Feature", "properties": { }, "geometry": { "type": "Polygon", "coordinates": [ [ [ 542660.11, 6875987.83 ], [ 542652.36, 6875989.17 ], [ 542670.48, 6876012.64 ], [ 542675.98, 6876008.37 ], [ 542660.11, 6875987.83 ] ] ] } },
{ "type": "Feature", "properties": { }, "geometry": { "type": "Polygon", "coordinates": [ [ [ 542789.48, 6876413.36 ], [ 542778.76, 6876399.64 ], [ 542772.1, 6876404.73 ], [ 542782.69, 6876418.58 ], [ 542789.48, 6876413.36 ] ] ] } },
{ "type": "Feature", "properties": { }, "geometry": { "type": "Polygon", "coordinates": [ [ [ 543346.7, 6860584.85 ], [ 543345.44, 6860583.53 ], [ 543345.4, 6860563.91 ], [ 543337.04, 6860563.9 ], [ 543336.99, 6860583.5 ], [ 543335.64, 6860584.3 ], [ 543336.99, 6860585.1 ], [ 543336.94, 6860604.72 ], [ 543345.48, 6860604.73 ], [ 543345.44, 6860585.13 ], [ 543346.7, 6860584.85 ] ] ] } },
{ "type": "Feature", "properties": { }, "geometry": { "type": "Polygon", "coordinates": [ [ [ 543264.14, 6861866.13 ], [ 543264.64, 6861862.83 ], [ 543260.41, 6861862.18 ], [ 543263.13, 6861844.25 ], [ 543259.67, 6861843.72 ], [ 543257.44, 6861858.42 ], [ 543253.23, 6861857.78 ], [ 543252.73, 6861861.07 ], [ 543256.97, 6861861.72 ], [ 543253.79, 6861882.64 ], [ 543257.18, 6861883.15 ], [ 543259.87, 6861865.48 ], [ 543264.14, 6861866.13 ] ] ] } },
{ "type": "Feature", "properties": { }, "geometry": { "type": "Polygon", "coordinates": [ [ [ 543593.39, 6861957.65 ], [ 543565.97, 6861971.87 ], [ 543570.72, 6861981.71 ], [ 543598.37, 6861967.37 ], [ 543593.39, 6861957.65 ] ] ] } },
{ "type": "Feature", "properties": { }, "geometry": { "type": "Polygon", "coordinates": [ [ [ 543450.3, 6862200.69 ], [ 543445.59, 6862223.91 ], [ 543453.66, 6862223.57 ], [ 543458.05, 6862201.85 ], [ 543450.3, 6862200.69 ] ] ] } },
{ "type": "Feature", "properties": { }, "geometry": { "type": "Polygon", "coordinates": [ [ [ 543568.03, 6862544.53 ], [ 543566.13, 6862518.4 ], [ 543560.97, 6862518.42 ], [ 543562.91, 6862544.96 ], [ 543568.03, 6862544.53 ] ] ] } },
{ "type": "Feature", "properties": { }, "geometry": { "type": "Polygon", "coordinates": [ [ [ 543650.49, 6862592.95 ], [ 543649.81, 6862584.69 ], [ 543642.73, 6862585.28 ], [ 543643.43, 6862593.54 ], [ 543650.49, 6862592.95 ] ] ] } },
{ "type": "Feature", "properties": { }, "geometry": { "type": "Polygon", "coordinates": [ [ [ 543424.89, 6862957.7 ], [ 543426.71, 6862957.14 ], [ 543426.6, 6862955.03 ], [ 543433.66, 6862946.32 ], [ 543394.39, 6862913.79 ], [ 543387.07, 6862922.82 ], [ 543384.96, 6862923.18 ], [ 543385.03, 6862925.34 ], [ 543372.48, 6862940.82 ], [ 543370.35, 6862941.2 ], [ 543370.44, 6862943.34 ], [ 543363.23, 6862952.24 ], [ 543402.73, 6862984.47 ], [ 543409.97, 6862975.55 ], [ 543412.08, 6862975.18 ], [ 543412.01, 6862973.03 ], [ 543424.89, 6862957.7 ] ] ] } },
{ "type": "Feature", "properties": { }, "geometry": { "type": "Polygon", "coordinates": [ [ [ 543771.93, 6863238.69 ], [ 543770.44, 6863236.28 ], [ 543776.86, 6863228.47 ], [ 543738.53, 6863197.06 ], [ 543732.08, 6863205.0 ], [ 543728.74, 6863204.06 ], [ 543730.33, 6863207.16 ], [ 543717.64, 6863222.8 ], [ 543714.29, 6863221.86 ], [ 543715.88, 6863224.95 ], [ 543709.54, 6863232.78 ], [ 543747.92, 6863264.14 ], [ 543754.24, 6863256.24 ], [ 543757.58, 6863257.17 ], [ 543755.99, 6863254.07 ], [ 543768.67, 6863238.44 ], [ 543771.06, 6863239.4 ], [ 543771.93, 6863238.69 ] ] ] } },
{ "type": "Feature", "properties": { }, "geometry": { "type": "Polygon", "coordinates": [ [ [ 543779.22, 6863552.97 ], [ 543779.62, 6863550.17 ], [ 543776.82, 6863551.26 ], [ 543769.12, 6863544.92 ], [ 543737.75, 6863583.21 ], [ 543745.45, 6863589.55 ], [ 543744.94, 6863592.51 ], [ 543747.73, 6863591.42 ], [ 543763.18, 6863604.15 ], [ 543762.66, 6863607.1 ], [ 543765.45, 6863606.02 ], [ 543773.15, 6863612.36 ], [ 543804.52, 6863574.07 ], [ 543796.82, 6863567.73 ], [ 543797.35, 6863564.77 ], [ 543794.55, 6863565.86 ], [ 543779.22, 6863552.97 ] ] ] } },
{ "type": "Feature", "properties": { }, "geometry": { "type": "Polygon", "coordinates": [ [ [ 543472.22, 6865832.21 ], [ 543453.22, 6865845.41 ], [ 543459.38, 6865843.15 ], [ 543465.69, 6865844.93 ], [ 543489.78, 6865869.78 ], [ 543500.46, 6865862.11 ], [ 543477.7, 6865838.01 ], [ 543477.04, 6865832.57 ], [ 543480.58, 6865828.33 ], [ 543472.22, 6865832.21 ] ] ] } },
{ "type": "Feature", "properties": { }, "geometry": { "type": "Polygon", "coordinates": [ [ [ 543375.95, 6866104.03 ], [ 543405.62, 6866065.5 ], [ 543380.53, 6866045.79 ], [ 543350.76, 6866084.45 ], [ 543375.95, 6866104.03 ] ] ] } },
{ "type": "Feature", "properties": { }, "geometry": { "type": "Polygon", "coordinates": [ [ [ 543332.48, 6866110.53 ], [ 543333.49, 6866109.25 ], [ 543333.02, 6866102.65 ], [ 543330.73, 6866100.85 ], [ 543326.67, 6866105.94 ], [ 543332.48, 6866110.53 ] ] ] } },
{ "type": "Feature", "properties": { }, "geometry": { "type": "Polygon", "coordinates": [ [ [ 543343.38, 6866116.54 ], [ 543342.38, 6866117.83 ], [ 543347.9, 6866122.11 ], [ 543344.48, 6866126.57 ], [ 543345.2, 6866127.15 ], [ 543352.57, 6866117.49 ], [ 543349.68, 6866115.27 ], [ 543343.38, 6866116.54 ] ] ] } },
{ "type": "Feature", "properties": { }, "geometry": { "type": "Polygon", "coordinates": [ [ [ 543741.06, 6866377.75 ], [ 543736.01, 6866371.65 ], [ 543711.08, 6866404.03 ], [ 543716.87, 6866406.74 ], [ 543731.23, 6866417.78 ], [ 543735.93, 6866423.31 ], [ 543760.63, 6866391.29 ], [ 543754.8, 6866388.37 ], [ 543741.06, 6866377.75 ] ] ] } },
{ "type": "Feature", "properties": { }, "geometry": { "type": "Polygon", "coordinates": [ [ [ 543275.88, 6866436.45 ], [ 543252.78, 6866423.13 ], [ 543246.53, 6866439.36 ], [ 543269.62, 6866452.73 ], [ 543275.88, 6866436.45 ] ] ] } },
{ "type": "Feature", "properties": { }, "geometry": { "type": "Polygon", "coordinates": [ [ [ 543339.03, 6866470.47 ], [ 543328.97, 6866487.33 ], [ 543340.97, 6866494.52 ], [ 543350.88, 6866477.92 ], [ 543339.03, 6866470.47 ] ] ] } },
{ "type": "Feature", "properties": { }, "geometry": { "type": "Polygon", "coordinates": [ [ [ 543531.91, 6866586.55 ], [ 543520.79, 6866579.9 ], [ 543512.43, 6866593.91 ], [ 543523.55, 6866600.57 ], [ 543531.91, 6866586.55 ] ] ] } },
{ "type": "Feature", "properties": { }, "geometry": { "type": "Polygon", "coordinates": [ [ [ 543583.18, 6866620.01 ], [ 543571.75, 6866613.84 ], [ 543566.08, 6866624.41 ], [ 543577.5, 6866630.58 ], [ 543583.18, 6866620.01 ] ] ] } },
{ "type": "Feature", "properties": { }, "geometry": { "type": "Polygon", "coordinates": [ [ [ 543554.37, 6866627.11 ], [ 543532.86, 6866614.28 ], [ 543527.2, 6866630.33 ], [ 543548.89, 6866643.26 ], [ 543554.37, 6866627.11 ] ] ] } },
{ "type": "Feature", "properties": { }, "geometry": { "type": "Polygon", "coordinates": [ [ [ 543248.46, 6866702.21 ], [ 543237.64, 6866696.74 ], [ 543233.89, 6866704.77 ], [ 543244.77, 6866710.17 ], [ 543248.46, 6866702.21 ] ] ] } },
{ "type": "Feature", "properties": { }, "geometry": { "type": "Polygon", "coordinates": [ [ [ 543755.95, 6866719.52 ], [ 543746.17, 6866713.62 ], [ 543740.93, 6866722.51 ], [ 543750.86, 6866728.19 ], [ 543755.95, 6866719.52 ] ] ] } },
{ "type": "Feature", "properties": { }, "geometry": { "type": "Polygon", "coordinates": [ [ [ 543783.65, 6866760.87 ], [ 543756.53, 6866744.87 ], [ 543750.22, 6866754.65 ], [ 543777.52, 6866770.83 ], [ 543783.65, 6866760.87 ] ] ] } },
{ "type": "Feature", "properties": { }, "geometry": { "type": "Polygon", "coordinates": [ [ [ 543816.26, 6866754.88 ], [ 543806.07, 6866749.01 ], [ 543800.6, 6866758.31 ], [ 543810.91, 6866764.21 ], [ 543816.26, 6866754.88 ] ] ] } },
{ "type": "Feature", "properties": { }, "geometry": { "type": "Polygon", "coordinates": [ [ [ 543492.29, 6866831.28 ], [ 543477.15, 6866823.43 ], [ 543477.74, 6866835.28 ], [ 543495.97, 6866845.75 ], [ 543495.1, 6866831.1 ], [ 543492.29, 6866831.28 ] ] ] } },
{ "type": "Feature", "properties": { }, "geometry": { "type": "Polygon", "coordinates": [ [ [ 543393.66, 6867026.52 ], [ 543385.91, 6867038.56 ], [ 543392.95, 6867042.7 ], [ 543393.53, 6867037.8 ], [ 543397.87, 6867028.63 ], [ 543402.48, 6867023.76 ], [ 543394.61, 6867020.09 ], [ 543393.66, 6867026.52 ] ] ] } },
{ "type": "Feature", "properties": { }, "geometry": { "type": "Polygon", "coordinates": [ [ [ 543505.99, 6867073.82 ], [ 543492.09, 6867074.63 ], [ 543492.61, 6867084.66 ], [ 543506.57, 6867083.85 ], [ 543505.99, 6867073.82 ] ] ] } },
{ "type": "Feature", "properties": { }, "geometry": { "type": "Polygon", "coordinates": [ [ [ 543729.98, 6867104.51 ], [ 543758.65, 6867102.91 ], [ 543757.8, 6867087.64 ], [ 543729.13, 6867089.25 ], [ 543729.98, 6867104.51 ] ] ] } },
{ "type": "Feature", "properties": { }, "geometry": { "type": "Polygon", "coordinates": [ [ [ 543515.22, 6867118.37 ], [ 543544.89, 6867116.48 ], [ 543543.86, 6867100.92 ], [ 543514.17, 6867102.58 ], [ 543515.22, 6867118.37 ] ] ] } },
{ "type": "Feature", "properties": { }, "geometry": { "type": "Polygon", "coordinates": [ [ [ 543745.28, 6867362.52 ], [ 543746.21, 6867378.26 ], [ 543777.18, 6867376.41 ], [ 543776.25, 6867360.67 ], [ 543745.28, 6867362.52 ] ] ] } },
{ "type": "Feature", "properties": { }, "geometry": { "type": "Polygon", "coordinates": [ [ [ 543552.1, 6867372.09 ], [ 543551.02, 6867372.06 ], [ 543550.49, 6867374.36 ], [ 543539.19, 6867375.12 ], [ 543537.82, 6867372.73 ], [ 543536.93, 6867375.11 ], [ 543527.09, 6867369.22 ], [ 543526.87, 6867367.76 ], [ 543527.92, 6867392.07 ], [ 543537.79, 6867391.42 ], [ 543539.07, 6867393.8 ], [ 543540.07, 6867391.27 ], [ 543551.4, 6867390.54 ], [ 543552.67, 6867392.86 ], [ 543553.66, 6867390.39 ], [ 543561.81, 6867389.86 ], [ 543560.84, 6867373.66 ], [ 543552.8, 6867374.2 ], [ 543552.1, 6867372.09 ] ] ] } },
{ "type": "Feature", "properties": { }, "geometry": { "type": "Polygon", "coordinates": [ [ [ 543535.27, 6867633.74 ], [ 543522.34, 6867634.32 ], [ 543523.29, 6867650.58 ], [ 543536.25, 6867649.87 ], [ 543535.27, 6867633.74 ] ] ] } },
{ "type": "Feature", "properties": { }, "geometry": { "type": "Polygon", "coordinates": [ [ [ 543797.59, 6867739.63 ], [ 543796.57, 6867725.57 ], [ 543766.3, 6867727.28 ], [ 543767.09, 6867741.35 ], [ 543797.59, 6867739.63 ] ] ] } },
{ "type": "Feature", "properties": { }, "geometry": { "type": "Polygon", "coordinates": [ [ [ 543555.95, 6867739.83 ], [ 543547.65, 6867738.47 ], [ 543547.81, 6867754.13 ], [ 543555.01, 6867751.73 ], [ 543580.46, 6867750.32 ], [ 543579.84, 6867738.53 ], [ 543555.95, 6867739.83 ] ] ] } },
{ "type": "Feature", "properties": { }, "geometry": { "type": "Polygon", "coordinates": [ [ [ 543572.3, 6868004.84 ], [ 543570.79, 6868005.55 ], [ 543562.79, 6868002.25 ], [ 543562.49, 6868002.98 ], [ 543564.55, 6868051.32 ], [ 543568.56, 6868051.19 ], [ 543572.58, 6868052.84 ], [ 543573.49, 6868054.68 ], [ 543574.65, 6868053.7 ], [ 543586.83, 6868058.72 ], [ 543587.73, 6868060.56 ], [ 543588.9, 6868059.58 ], [ 543597.13, 6868062.97 ], [ 543595.25, 6868014.44 ], [ 543591.68, 6868014.17 ], [ 543587.1, 6868012.28 ], [ 543586.2, 6868010.44 ], [ 543585.04, 6868011.43 ], [ 543572.86, 6868006.4 ], [ 543572.3, 6868004.84 ] ] ] } },
{ "type": "Feature", "properties": { }, "geometry": { "type": "Polygon", "coordinates": [ [ [ 543814.38, 6868054.92 ], [ 543812.07, 6868011.94 ], [ 543799.24, 6868012.63 ], [ 543798.63, 6868011.32 ], [ 543796.91, 6868012.76 ], [ 543784.03, 6868013.45 ], [ 543786.39, 6868056.42 ], [ 543799.22, 6868055.73 ], [ 543801.07, 6868056.98 ], [ 543801.54, 6868055.61 ], [ 543814.38, 6868054.92 ] ] ] } },
{ "type": "Feature", "properties": { }, "geometry": { "type": "Polygon", "coordinates": [ [ [ 543376.07, 6868173.76 ], [ 543366.3, 6868170.16 ], [ 543361.35, 6868183.68 ], [ 543371.12, 6868187.25 ], [ 543376.07, 6868173.76 ] ] ] } },
{ "type": "Feature", "properties": { }, "geometry": { "type": "Polygon", "coordinates": [ [ [ 543612.32, 6868250.67 ], [ 543604.98, 6868251.69 ], [ 543593.24, 6868253.34 ], [ 543598.65, 6868262.86 ], [ 543617.63, 6868260.21 ], [ 543612.32, 6868250.67 ] ] ] } },
{ "type": "Feature", "properties": { }, "geometry": { "type": "Polygon", "coordinates": [ [ [ 543309.11, 6868355.99 ], [ 543298.62, 6868352.21 ], [ 543293.07, 6868366.79 ], [ 543303.69, 6868370.49 ], [ 543309.11, 6868355.99 ] ] ] } },
{ "type": "Feature", "properties": { }, "geometry": { "type": "Polygon", "coordinates": [ [ [ 543738.41, 6868383.7 ], [ 543748.74, 6868378.15 ], [ 543744.15, 6868369.94 ], [ 543733.93, 6868375.69 ], [ 543738.41, 6868383.7 ] ] ] } },
{ "type": "Feature", "properties": { }, "geometry": { "type": "Polygon", "coordinates": [ [ [ 543738.64, 6868407.48 ], [ 543732.61, 6868396.6 ], [ 543706.69, 6868410.48 ], [ 543712.97, 6868421.81 ], [ 543738.64, 6868407.48 ] ] ] } },
{ "type": "Feature", "properties": { }, "geometry": { "type": "Polygon", "coordinates": [ [ [ 543517.55, 6868429.74 ], [ 543506.76, 6868425.96 ], [ 543501.24, 6868440.43 ], [ 543511.99, 6868444.27 ], [ 543517.55, 6868429.74 ] ] ] } },
{ "type": "Feature", "properties": { }, "geometry": { "type": "Polygon", "coordinates": [ [ [ 543747.15, 6868495.87 ], [ 543732.88, 6868502.47 ], [ 543740.17, 6868515.82 ], [ 543754.19, 6868510.05 ], [ 543747.15, 6868495.87 ] ] ] } },
{ "type": "Feature", "properties": { }, "geometry": { "type": "Polygon", "coordinates": [ [ [ 543373.85, 6869279.07 ], [ 543367.84, 6869263.39 ], [ 543357.84, 6869267.26 ], [ 543363.86, 6869282.93 ], [ 543373.85, 6869279.07 ] ] ] } },
{ "type": "Feature", "properties": { }, "geometry": { "type": "Polygon", "coordinates": [ [ [ 543777.83, 6869598.22 ], [ 543785.08, 6869605.9 ], [ 543794.52, 6869597.28 ], [ 543787.74, 6869589.22 ], [ 543785.47, 6869591.29 ], [ 543776.71, 6869581.64 ], [ 543778.83, 6869579.56 ], [ 543777.13, 6869578.3 ], [ 543774.42, 6869570.33 ], [ 543762.6, 6869581.09 ], [ 543769.19, 6869588.97 ], [ 543771.01, 6869587.13 ], [ 543779.69, 6869596.53 ], [ 543777.83, 6869598.22 ] ] ] } },
{ "type": "Feature", "properties": { }, "geometry": { "type": "Polygon", "coordinates": [ [ [ 543525.6, 6869850.58 ], [ 543541.94, 6869839.37 ], [ 543532.38, 6869825.32 ], [ 543516.05, 6869836.47 ], [ 543525.6, 6869850.58 ] ] ] } },
{ "type": "Feature", "properties": { }, "geometry": { "type": "Polygon", "coordinates": [ [ [ 543492.58, 6870035.22 ], [ 543480.4, 6870004.46 ], [ 543462.31, 6870011.62 ], [ 543474.43, 6870042.37 ], [ 543492.58, 6870035.22 ] ] ] } },
{ "type": "Feature", "properties": { }, "geometry": { "type": "Polygon", "coordinates": [ [ [ 543262.62, 6870047.06 ], [ 543242.67, 6870055.44 ], [ 543295.3, 6870104.37 ], [ 543316.15, 6870096.51 ], [ 543262.62, 6870047.06 ] ] ] } },
{ "type": "Feature", "properties": { }, "geometry": { "type": "Polygon", "coordinates": [ [ [ 543386.09, 6870175.36 ], [ 543432.98, 6870165.15 ], [ 543429.44, 6870149.14 ], [ 543382.66, 6870159.36 ], [ 543386.09, 6870175.36 ] ] ] } },
{ "type": "Feature", "properties": { }, "geometry": { "type": "Polygon", "coordinates": [ [ [ 543579.42, 6870184.84 ], [ 543577.91, 6870182.23 ], [ 543572.64, 6870185.29 ], [ 543574.15, 6870187.9 ], [ 543579.42, 6870184.84 ] ] ] } },
{ "type": "Feature", "properties": { }, "geometry": { "type": "Polygon", "coordinates": [ [ [ 543544.41, 6870204.57 ], [ 543574.32, 6870256.01 ], [ 543579.04, 6870253.3 ], [ 543578.26, 6870251.92 ], [ 543578.7, 6870251.66 ], [ 543579.7, 6870251.05 ], [ 543579.78, 6870251.01 ], [ 543579.11, 6870249.69 ], [ 543626.37, 6870223.67 ], [ 543623.97, 6870221.49 ], [ 543620.54, 6870220.92 ], [ 543604.24, 6870229.73 ], [ 543601.98, 6870227.9 ], [ 543582.17, 6870193.34 ], [ 543581.73, 6870190.44 ], [ 543590.74, 6870184.68 ], [ 543593.74, 6870176.73 ], [ 543551.74, 6870202.39 ], [ 543551.01, 6870201.09 ], [ 543544.41, 6870204.57 ] ] ] } },
{ "type": "Feature", "properties": { }, "geometry": { "type": "Polygon", "coordinates": [ [ [ 543685.3, 6870682.95 ], [ 543711.39, 6870675.42 ], [ 543705.43, 6870655.63 ], [ 543679.51, 6870663.29 ], [ 543685.3, 6870682.95 ] ] ] } },
{ "type": "Feature", "properties": { }, "geometry": { "type": "Polygon", "coordinates": [ [ [ 543434.47, 6870717.44 ], [ 543438.95, 6870738.79 ], [ 543443.47, 6870737.84 ], [ 543439.01, 6870716.54 ], [ 543434.47, 6870717.44 ] ] ] } },
{ "type": "Feature", "properties": { }, "geometry": { "type": "Polygon", "coordinates": [ [ [ 543392.97, 6870791.97 ], [ 543362.1, 6870798.47 ], [ 543363.6, 6870804.61 ], [ 543379.78, 6870802.45 ], [ 543394.42, 6870798.95 ], [ 543392.97, 6870791.97 ] ] ] } },
{ "type": "Feature", "properties": { }, "geometry": { "type": "Polygon", "coordinates": [ [ [ 543752.8, 6870814.51 ], [ 543727.21, 6870822.26 ], [ 543733.06, 6870841.96 ], [ 543758.77, 6870834.32 ], [ 543752.8, 6870814.51 ] ] ] } },
{ "type": "Feature", "properties": { }, "geometry": { "type": "Polygon", "coordinates": [ [ [ 543462.92, 6870885.92 ], [ 543444.53, 6870889.74 ], [ 543446.7, 6870900.24 ], [ 543465.09, 6870896.43 ], [ 543462.92, 6870885.92 ] ] ] } },
{ "type": "Feature", "properties": { }, "geometry": { "type": "Polygon", "coordinates": [ [ [ 543816.73, 6871111.87 ], [ 543818.18, 6871117.96 ], [ 543823.77, 6871116.45 ], [ 543822.05, 6871110.35 ], [ 543816.73, 6871111.87 ] ] ] } },
{ "type": "Feature", "properties": { }, "geometry": { "type": "Polygon", "coordinates": [ [ [ 543773.64, 6871268.63 ], [ 543775.8, 6871263.3 ], [ 543772.1, 6871261.95 ], [ 543769.73, 6871264.16 ], [ 543770.7, 6871268.76 ], [ 543731.43, 6871279.72 ], [ 543729.63, 6871275.03 ], [ 543725.82, 6871275.18 ], [ 543723.91, 6871280.71 ], [ 543728.96, 6871281.08 ], [ 543734.16, 6871299.94 ], [ 543730.39, 6871302.75 ], [ 543731.35, 6871304.13 ], [ 543734.4, 6871306.48 ], [ 543736.16, 6871306.38 ], [ 543738.03, 6871304.11 ], [ 543736.98, 6871299.8 ], [ 543776.29, 6871288.88 ], [ 543778.09, 6871293.44 ], [ 543781.99, 6871293.28 ], [ 543783.59, 6871287.94 ], [ 543778.88, 6871287.48 ], [ 543773.64, 6871268.63 ] ] ] } },
{ "type": "Feature", "properties": { }, "geometry": { "type": "Polygon", "coordinates": [ [ [ 543609.16, 6871335.75 ], [ 543602.25, 6871343.87 ], [ 543593.25, 6871349.92 ], [ 543602.08, 6871356.93 ], [ 543600.86, 6871358.53 ], [ 543605.45, 6871362.43 ], [ 543610.59, 6871351.02 ], [ 543617.78, 6871342.61 ], [ 543628.17, 6871335.56 ], [ 543614.57, 6871323.99 ], [ 543609.16, 6871335.75 ] ] ] } },
{ "type": "Feature", "properties": { }, "geometry": { "type": "Polygon", "coordinates": [ [ [ 543295.73, 6871373.49 ], [ 543301.15, 6871355.12 ], [ 543294.98, 6871353.31 ], [ 543291.14, 6871372.2 ], [ 543285.73, 6871390.48 ], [ 543291.83, 6871392.29 ], [ 543295.73, 6871373.49 ] ] ] } },
{ "type": "Feature", "properties": { }, "geometry": { "type": "Polygon", "coordinates": [ [ [ 543569.45, 6871395.43 ], [ 543565.6, 6871399.71 ], [ 543562.31, 6871398.46 ], [ 543558.92, 6871399.26 ], [ 543554.9, 6871403.82 ], [ 543554.04, 6871407.75 ], [ 543555.55, 6871411.0 ], [ 543546.13, 6871421.59 ], [ 543551.49, 6871426.16 ], [ 543556.72, 6871414.78 ], [ 543563.85, 6871406.29 ], [ 543574.24, 6871399.36 ], [ 543569.45, 6871395.43 ] ] ] } },
{ "type": "Feature", "properties": { }, "geometry": { "type": "Polygon", "coordinates": [ [ [ 543263.32, 6871461.83 ], [ 543259.5, 6871480.57 ], [ 543254.1, 6871499.11 ], [ 543260.2, 6871500.9 ], [ 543269.42, 6871463.6 ], [ 543263.32, 6871461.83 ] ] ] } },
{ "type": "Feature", "properties": { }, "geometry": { "type": "Polygon", "coordinates": [ [ [ 543455.26, 6871517.66 ], [ 543444.84, 6871524.7 ], [ 543458.49, 6871536.27 ], [ 543463.62, 6871524.81 ], [ 543470.71, 6871516.34 ], [ 543481.18, 6871509.39 ], [ 543467.6, 6871497.81 ], [ 543462.44, 6871509.19 ], [ 543455.26, 6871517.66 ] ] ] } },
{ "type": "Feature", "properties": { }, "geometry": { "type": "Polygon", "coordinates": [ [ [ 543414.52, 6871588.1 ], [ 543400.93, 6871576.54 ], [ 543395.78, 6871588.03 ], [ 543388.63, 6871596.4 ], [ 543378.22, 6871603.41 ], [ 543391.75, 6871615.02 ], [ 543396.9, 6871603.58 ], [ 543404.04, 6871595.15 ], [ 543414.52, 6871588.1 ] ] ] } },
{ "type": "Feature", "properties": { }, "geometry": { "type": "Polygon", "coordinates": [ [ [ 543287.76, 6871732.65 ], [ 543298.06, 6871725.59 ], [ 543284.64, 6871714.16 ], [ 543279.42, 6871725.5 ], [ 543272.28, 6871733.95 ], [ 543261.83, 6871740.97 ], [ 543275.32, 6871752.44 ], [ 543280.57, 6871741.07 ], [ 543287.76, 6871732.65 ] ] ] } },
{ "type": "Feature", "properties": { }, "geometry": { "type": "Polygon", "coordinates": [ [ [ 543230.59, 6871777.87 ], [ 543225.46, 6871789.3 ], [ 543218.34, 6871797.71 ], [ 543207.78, 6871804.7 ], [ 543221.29, 6871816.15 ], [ 543226.67, 6871804.8 ], [ 543233.72, 6871796.4 ], [ 543243.83, 6871789.17 ], [ 543230.59, 6871777.87 ] ] ] } },
{ "type": "Feature", "properties": { }, "geometry": { "type": "Polygon", "coordinates": [ [ [ 543764.09, 6872366.74 ], [ 543763.84, 6872359.19 ], [ 543761.62, 6872359.39 ], [ 543762.45, 6872366.85 ], [ 543764.09, 6872366.74 ] ] ] } },
{ "type": "Feature", "properties": { }, "geometry": { "type": "Polygon", "coordinates": [ [ [ 543616.03, 6872563.71 ], [ 543618.47, 6872560.65 ], [ 543614.32, 6872557.24 ], [ 543611.88, 6872560.31 ], [ 543616.03, 6872563.71 ] ] ] } },
{ "type": "Feature", "properties": { }, "geometry": { "type": "Polygon", "coordinates": [ [ [ 543828.24, 6874818.85 ], [ 543835.69, 6874813.2 ], [ 543825.64, 6874800.18 ], [ 543818.2, 6874805.85 ], [ 543828.24, 6874818.85 ] ] ] } },
{ "type": "Feature", "properties": { }, "geometry": { "type": "Polygon", "coordinates": [ [ [ 543552.19, 6875032.27 ], [ 543541.94, 6875019.43 ], [ 543536.51, 6875023.79 ], [ 543546.68, 6875036.54 ], [ 543552.19, 6875032.27 ] ] ] } },
{ "type": "Feature", "properties": { }, "geometry": { "type": "Polygon", "coordinates": [ [ [ 543418.33, 6875681.21 ], [ 543401.4, 6875694.32 ], [ 543404.31, 6875698.12 ], [ 543421.27, 6875685.01 ], [ 543418.33, 6875681.21 ] ] ] } },
{ "type": "Feature", "properties": { }, "geometry": { "type": "Polygon", "coordinates": [ [ [ 543519.96, 6875812.47 ], [ 543502.17, 6875825.54 ], [ 543504.96, 6875829.18 ], [ 543521.61, 6875816.25 ], [ 543519.96, 6875812.47 ] ] ] } },
{ "type": "Feature", "properties": { }, "geometry": { "type": "Polygon", "coordinates": [ [ [ 543833.92, 6875814.92 ], [ 543810.78, 6875849.31 ], [ 543811.49, 6875849.79 ], [ 543814.87, 6875844.84 ], [ 543817.59, 6875846.7 ], [ 543814.21, 6875851.66 ], [ 543814.91, 6875852.14 ], [ 543821.55, 6875842.42 ], [ 543822.23, 6875842.85 ], [ 543822.3, 6875841.31 ], [ 543832.21, 6875828.17 ], [ 543831.57, 6875827.74 ], [ 543838.28, 6875817.93 ], [ 543837.58, 6875817.44 ], [ 543834.2, 6875822.39 ], [ 543831.48, 6875820.52 ], [ 543834.86, 6875815.57 ], [ 543833.92, 6875814.92 ] ] ] } },
{ "type": "Feature", "properties": { }, "geometry": { "type": "Polygon", "coordinates": [ [ [ 543471.23, 6875998.01 ], [ 543458.24, 6875981.46 ], [ 543454.78, 6875983.49 ], [ 543467.93, 6876000.27 ], [ 543471.23, 6875998.01 ] ] ] } },
{ "type": "Feature", "properties": { }, "geometry": { "type": "Polygon", "coordinates": [ [ [ 543279.87, 6876152.9 ], [ 543274.21, 6876144.69 ], [ 543270.43, 6876148.67 ], [ 543276.37, 6876156.26 ], [ 543279.87, 6876152.9 ] ] ] } },
{ "type": "Feature", "properties": { }, "geometry": { "type": "Polygon", "coordinates": [ [ [ 543915.54, 6860569.28 ], [ 543915.46, 6860601.83 ], [ 543922.7, 6860601.84 ], [ 543922.77, 6860569.3 ], [ 543915.54, 6860569.28 ] ] ] } },
{ "type": "Feature", "properties": { }, "geometry": { "type": "Polygon", "coordinates": [ [ [ 544147.9, 6860925.27 ], [ 544150.01, 6860905.14 ], [ 544147.71, 6860903.66 ], [ 544148.88, 6860900.71 ], [ 544138.22, 6860900.68 ], [ 544139.6, 6860925.34 ], [ 544147.9, 6860925.27 ] ] ] } },
{ "type": "Feature", "properties": { }, "geometry": { "type": "Polygon", "coordinates": [ [ [ 544261.57, 6861114.54 ], [ 544261.59, 6861017.55 ], [ 544248.45, 6861017.57 ], [ 544248.51, 6861114.48 ], [ 544261.57, 6861114.54 ] ], [ [ 544259.47, 6861062.59 ], [ 544258.69, 6861061.75 ], [ 544259.49, 6861061.78 ], [ 544259.47, 6861062.59 ] ], [ [ 544259.47, 6861088.21 ], [ 544258.69, 6861087.37 ], [ 544259.5, 6861087.4 ], [ 544259.47, 6861088.21 ] ] ] } },
{ "type": "Feature", "properties": { }, "geometry": { "type": "Polygon", "coordinates": [ [ [ 544269.94, 6861178.36 ], [ 544267.3, 6861170.28 ], [ 544266.99, 6861163.74 ], [ 544254.02, 6861147.95 ], [ 544250.89, 6861158.74 ], [ 544250.48, 6861169.14 ], [ 544252.59, 6861179.57 ], [ 544257.32, 6861189.77 ], [ 544269.94, 6861178.36 ] ] ] } },
{ "type": "Feature", "properties": { }, "geometry": { "type": "Polygon", "coordinates": [ [ [ 543828.73, 6862309.78 ], [ 543869.36, 6862306.26 ], [ 543869.77, 6862301.27 ], [ 543828.2, 6862304.23 ], [ 543828.73, 6862309.78 ] ] ] } },
{ "type": "Feature", "properties": { }, "geometry": { "type": "Polygon", "coordinates": [ [ [ 543875.69, 6862631.71 ], [ 543874.48, 6862633.52 ], [ 543861.45, 6862634.6 ], [ 543865.3, 6862681.15 ], [ 543878.32, 6862680.07 ], [ 543879.81, 6862681.65 ], [ 543881.02, 6862679.85 ], [ 543894.05, 6862678.76 ], [ 543890.2, 6862632.22 ], [ 543877.18, 6862633.3 ], [ 543875.69, 6862631.71 ] ] ] } },
{ "type": "Feature", "properties": { }, "geometry": { "type": "Polygon", "coordinates": [ [ [ 543924.22, 6863211.91 ], [ 543925.1, 6863209.06 ], [ 543938.12, 6863207.94 ], [ 543934.08, 6863158.59 ], [ 543921.06, 6863159.7 ], [ 543919.4, 6863156.89 ], [ 543918.21, 6863159.94 ], [ 543905.19, 6863161.07 ], [ 543909.23, 6863210.43 ], [ 543922.25, 6863209.31 ], [ 543924.22, 6863211.91 ] ] ] } },
{ "type": "Feature", "properties": { }, "geometry": { "type": "Polygon", "coordinates": [ [ [ 543957.65, 6863640.4 ], [ 543959.03, 6863640.55 ], [ 543959.41, 6863637.71 ], [ 543973.72, 6863638.2 ], [ 543971.15, 6863593.32 ], [ 543957.02, 6863596.18 ], [ 543955.81, 6863593.29 ], [ 543954.8, 6863596.31 ], [ 543940.27, 6863595.81 ], [ 543942.85, 6863640.67 ], [ 543957.16, 6863637.84 ], [ 543957.65, 6863640.4 ] ] ] } },
{ "type": "Feature", "properties": { }, "geometry": { "type": "Polygon", "coordinates": [ [ [ 543969.47, 6864094.62 ], [ 543968.27, 6864044.04 ], [ 543951.13, 6864044.36 ], [ 543952.31, 6864095.08 ], [ 543969.47, 6864094.62 ] ] ] } },
{ "type": "Feature", "properties": { }, "geometry": { "type": "Polygon", "coordinates": [ [ [ 543984.43, 6864294.27 ], [ 543997.62, 6864297.64 ], [ 543997.05, 6864281.69 ], [ 543984.28, 6864278.32 ], [ 543984.43, 6864294.27 ] ] ] } },
{ "type": "Feature", "properties": { }, "geometry": { "type": "Polygon", "coordinates": [ [ [ 543999.09, 6864487.7 ], [ 543984.2, 6864487.04 ], [ 543983.32, 6864513.95 ], [ 543998.26, 6864514.48 ], [ 543999.09, 6864487.7 ] ] ] } },
{ "type": "Feature", "properties": { }, "geometry": { "type": "Polygon", "coordinates": [ [ [ 543970.81, 6865053.91 ], [ 543984.39, 6865052.64 ], [ 543983.46, 6865037.07 ], [ 543969.87, 6865038.34 ], [ 543970.81, 6865053.91 ] ] ] } },
{ "type": "Feature", "properties": { }, "geometry": { "type": "Polygon", "coordinates": [ [ [ 544046.93, 6865496.07 ], [ 544018.91, 6865463.31 ], [ 544007.96, 6865472.4 ], [ 544036.07, 6865505.26 ], [ 544046.93, 6865496.07 ] ] ] } },
{ "type": "Feature", "properties": { }, "geometry": { "type": "Polygon", "coordinates": [ [ [ 544161.57, 6865580.68 ], [ 544136.87, 6865549.89 ], [ 544129.38, 6865555.5 ], [ 544154.13, 6865586.35 ], [ 544161.57, 6865580.68 ] ] ] } },
{ "type": "Feature", "properties": { }, "geometry": { "type": "Polygon", "coordinates": [ [ [ 543946.5, 6865608.76 ], [ 543944.26, 6865608.61 ], [ 543934.76, 6865596.8 ], [ 543915.33, 6865613.04 ], [ 543924.56, 6865624.53 ], [ 543923.93, 6865626.49 ], [ 543925.99, 6865626.32 ], [ 543934.9, 6865637.42 ], [ 543934.29, 6865639.37 ], [ 543936.34, 6865639.21 ], [ 543945.83, 6865651.03 ], [ 543965.55, 6865635.1 ], [ 543956.05, 6865623.29 ], [ 543956.67, 6865621.31 ], [ 543954.62, 6865621.5 ], [ 543945.7, 6865610.4 ], [ 543946.5, 6865608.76 ] ] ] } },
{ "type": "Feature", "properties": { }, "geometry": { "type": "Polygon", "coordinates": [ [ [ 544174.1, 6865618.23 ], [ 544165.78, 6865624.71 ], [ 544184.8, 6865648.82 ], [ 544193.12, 6865642.34 ], [ 544174.1, 6865618.23 ] ] ] } },
{ "type": "Feature", "properties": { }, "geometry": { "type": "Polygon", "coordinates": [ [ [ 544005.97, 6865759.7 ], [ 544013.42, 6865774.04 ], [ 544027.08, 6865763.71 ], [ 544019.7, 6865749.48 ], [ 544005.97, 6865759.7 ] ] ] } },
{ "type": "Feature", "properties": { }, "geometry": { "type": "Polygon", "coordinates": [ [ [ 544012.72, 6865810.06 ], [ 544020.98, 6865803.96 ], [ 544014.74, 6865793.22 ], [ 544006.74, 6865799.78 ], [ 544012.72, 6865810.06 ] ] ] } },
{ "type": "Feature", "properties": { }, "geometry": { "type": "Polygon", "coordinates": [ [ [ 544109.37, 6865963.18 ], [ 544100.63, 6865947.13 ], [ 544092.56, 6865955.72 ], [ 544101.3, 6865971.77 ], [ 544109.37, 6865963.18 ] ] ] } },
{ "type": "Feature", "properties": { }, "geometry": { "type": "Polygon", "coordinates": [ [ [ 544117.73, 6865961.89 ], [ 544133.42, 6865990.27 ], [ 544147.86, 6865982.78 ], [ 544132.28, 6865954.33 ], [ 544117.73, 6865961.89 ] ] ] } },
{ "type": "Feature", "properties": { }, "geometry": { "type": "Polygon", "coordinates": [ [ [ 544274.58, 6866249.2 ], [ 544289.82, 6866277.03 ], [ 544304.44, 6866268.98 ], [ 544289.05, 6866241.23 ], [ 544274.58, 6866249.2 ] ] ] } },
{ "type": "Feature", "properties": { }, "geometry": { "type": "Polygon", "coordinates": [ [ [ 543982.61, 6866565.04 ], [ 543959.01, 6866546.63 ], [ 543930.76, 6866572.62 ], [ 543954.79, 6866591.19 ], [ 543982.61, 6866565.04 ] ] ] } },
{ "type": "Feature", "properties": { }, "geometry": { "type": "Polygon", "coordinates": [ [ [ 544153.96, 6866733.54 ], [ 544158.66, 6866739.01 ], [ 544189.78, 6866709.72 ], [ 544166.63, 6866697.85 ], [ 544161.59, 6866693.93 ], [ 544161.37, 6866692.52 ], [ 544130.75, 6866721.53 ], [ 544153.96, 6866733.54 ] ] ] } },
{ "type": "Feature", "properties": { }, "geometry": { "type": "Polygon", "coordinates": [ [ [ 544289.03, 6866864.19 ], [ 544289.92, 6866864.91 ], [ 544296.9, 6866856.35 ], [ 544296.29, 6866855.52 ], [ 544338.92, 6866806.08 ], [ 544330.05, 6866796.81 ], [ 544311.82, 6866820.89 ], [ 544279.98, 6866856.27 ], [ 544283.03, 6866856.11 ], [ 544289.44, 6866861.68 ], [ 544289.03, 6866864.19 ] ] ] } },
{ "type": "Feature", "properties": { }, "geometry": { "type": "Polygon", "coordinates": [ [ [ 543959.8, 6866851.63 ], [ 543952.27, 6866855.91 ], [ 543966.68, 6866865.5 ], [ 543971.45, 6866857.65 ], [ 543979.47, 6866850.09 ], [ 543988.48, 6866845.15 ], [ 543972.85, 6866836.82 ], [ 543968.8, 6866843.59 ], [ 543959.8, 6866851.63 ] ] ] } },
{ "type": "Feature", "properties": { }, "geometry": { "type": "Polygon", "coordinates": [ [ [ 544022.84, 6866963.91 ], [ 544007.23, 6866956.19 ], [ 544007.66, 6866967.82 ], [ 544010.94, 6866966.5 ], [ 544023.42, 6866973.98 ], [ 544022.84, 6866963.91 ] ] ] } },
{ "type": "Feature", "properties": { }, "geometry": { "type": "Polygon", "coordinates": [ [ [ 544118.85, 6867014.41 ], [ 544113.1, 6867014.74 ], [ 544103.98, 6867009.1 ], [ 544102.6, 6867005.93 ], [ 544093.03, 6867016.6 ], [ 544099.12, 6867015.66 ], [ 544107.88, 6867020.75 ], [ 544108.61, 6867025.53 ], [ 544118.85, 6867014.41 ] ] ] } },
{ "type": "Feature", "properties": { }, "geometry": { "type": "Polygon", "coordinates": [ [ [ 544097.67, 6867070.93 ], [ 544094.59, 6867069.72 ], [ 544092.12, 6867085.29 ], [ 544124.85, 6867087.66 ], [ 544127.12, 6867073.33 ], [ 544097.67, 6867070.93 ] ] ] } },
{ "type": "Feature", "properties": { }, "geometry": { "type": "Polygon", "coordinates": [ [ [ 544006.9, 6867074.24 ], [ 543975.33, 6867075.9 ], [ 543976.18, 6867091.41 ], [ 544007.74, 6867089.72 ], [ 544006.9, 6867074.24 ] ] ] } },
{ "type": "Feature", "properties": { }, "geometry": { "type": "Polygon", "coordinates": [ [ [ 544125.78, 6867349.34 ], [ 544157.6, 6867345.36 ], [ 544155.44, 6867329.56 ], [ 544123.83, 6867333.51 ], [ 544125.78, 6867349.34 ] ] ] } },
{ "type": "Feature", "properties": { }, "geometry": { "type": "Polygon", "coordinates": [ [ [ 543991.06, 6867362.3 ], [ 544021.85, 6867359.2 ], [ 544021.26, 6867345.72 ], [ 543990.43, 6867347.93 ], [ 543991.06, 6867362.3 ] ] ] } },
{ "type": "Feature", "properties": { }, "geometry": { "type": "Polygon", "coordinates": [ [ [ 544166.16, 6867715.76 ], [ 544199.72, 6867712.41 ], [ 544197.83, 6867693.33 ], [ 544164.3, 6867696.97 ], [ 544166.16, 6867715.76 ] ] ] } },
{ "type": "Feature", "properties": { }, "geometry": { "type": "Polygon", "coordinates": [ [ [ 544016.26, 6867724.02 ], [ 544040.6, 6867722.09 ], [ 544039.78, 6867711.76 ], [ 544015.44, 6867713.7 ], [ 544016.26, 6867724.02 ] ] ] } },
{ "type": "Feature", "properties": { }, "geometry": { "type": "Polygon", "coordinates": [ [ [ 544211.89, 6867921.54 ], [ 544245.32, 6867919.09 ], [ 544237.27, 6867876.36 ], [ 544227.8, 6867876.24 ], [ 544227.02, 6867877.12 ], [ 544213.99, 6867878.08 ], [ 544213.03, 6867877.32 ], [ 544212.27, 6867878.21 ], [ 544203.7, 6867878.84 ], [ 544211.89, 6867921.54 ] ] ] } },
{ "type": "Feature", "properties": { }, "geometry": { "type": "Polygon", "coordinates": [ [ [ 544050.99, 6867901.09 ], [ 544025.86, 6867905.45 ], [ 544029.02, 6867948.52 ], [ 544034.97, 6867947.47 ], [ 544035.84, 6867948.18 ], [ 544036.59, 6867947.21 ], [ 544046.7, 6867945.4 ], [ 544047.58, 6867946.12 ], [ 544054.16, 6867944.08 ], [ 544050.99, 6867901.09 ] ] ] } },
{ "type": "Feature", "properties": { }, "geometry": { "type": "Polygon", "coordinates": [ [ [ 544293.83, 6868182.65 ], [ 544318.46, 6868164.15 ], [ 544287.85, 6868111.25 ], [ 544259.56, 6868123.42 ], [ 544293.83, 6868182.65 ] ] ] } },
{ "type": "Feature", "properties": { }, "geometry": { "type": "Polygon", "coordinates": [ [ [ 544077.92, 6868175.51 ], [ 544082.24, 6868176.87 ], [ 544089.58, 6868190.03 ], [ 544089.64, 6868192.86 ], [ 544087.44, 6868195.36 ], [ 544103.64, 6868186.32 ], [ 544092.93, 6868166.98 ], [ 544077.92, 6868175.51 ] ] ] } },
{ "type": "Feature", "properties": { }, "geometry": { "type": "Polygon", "coordinates": [ [ [ 544139.32, 6868175.39 ], [ 544109.48, 6868189.3 ], [ 544117.23, 6868206.74 ], [ 544117.27, 6868203.55 ], [ 544119.28, 6868201.05 ], [ 544146.11, 6868188.2 ], [ 544139.32, 6868175.39 ] ] ] } },
{ "type": "Feature", "properties": { }, "geometry": { "type": "Polygon", "coordinates": [ [ [ 543934.84, 6868263.16 ], [ 543921.08, 6868270.86 ], [ 543925.71, 6868279.18 ], [ 543939.47, 6868271.48 ], [ 543934.84, 6868263.16 ] ] ] } },
{ "type": "Feature", "properties": { }, "geometry": { "type": "Polygon", "coordinates": [ [ [ 543902.58, 6868315.92 ], [ 543929.25, 6868300.95 ], [ 543921.57, 6868287.19 ], [ 543894.89, 6868302.16 ], [ 543902.58, 6868315.92 ] ] ] } },
{ "type": "Feature", "properties": { }, "geometry": { "type": "Polygon", "coordinates": [ [ [ 543879.42, 6868293.39 ], [ 543865.78, 6868301.15 ], [ 543870.94, 6868310.28 ], [ 543884.74, 6868302.79 ], [ 543879.42, 6868293.39 ] ] ] } },
{ "type": "Feature", "properties": { }, "geometry": { "type": "Polygon", "coordinates": [ [ [ 544320.81, 6868567.65 ], [ 544324.22, 6868563.62 ], [ 544347.57, 6868548.83 ], [ 544352.82, 6868547.98 ], [ 544343.29, 6868531.79 ], [ 544340.03, 6868535.41 ], [ 544316.77, 6868550.15 ], [ 544311.06, 6868550.84 ], [ 544320.81, 6868567.65 ] ] ] } },
{ "type": "Feature", "properties": { }, "geometry": { "type": "Polygon", "coordinates": [ [ [ 544137.25, 6868672.7 ], [ 544129.49, 6868659.09 ], [ 544102.48, 6868674.55 ], [ 544110.11, 6868687.95 ], [ 544137.25, 6868672.7 ] ] ] } },
{ "type": "Feature", "properties": { }, "geometry": { "type": "Polygon", "coordinates": [ [ [ 543911.75, 6868780.23 ], [ 543919.57, 6868794.75 ], [ 543946.31, 6868779.63 ], [ 543938.55, 6868765.14 ], [ 543911.75, 6868780.23 ] ] ] } },
{ "type": "Feature", "properties": { }, "geometry": { "type": "Polygon", "coordinates": [ [ [ 544320.26, 6869046.57 ], [ 544311.49, 6869048.46 ], [ 544321.45, 6869064.32 ], [ 544349.09, 6869046.78 ], [ 544338.36, 6869030.16 ], [ 544331.56, 6869039.24 ], [ 544320.26, 6869046.57 ] ] ] } },
{ "type": "Feature", "properties": { }, "geometry": { "type": "Polygon", "coordinates": [ [ [ 544146.75, 6869201.88 ], [ 544153.76, 6869212.56 ], [ 544177.66, 6869190.46 ], [ 544170.86, 6869179.55 ], [ 544146.75, 6869201.88 ] ] ] } },
{ "type": "Feature", "properties": { }, "geometry": { "type": "Polygon", "coordinates": [ [ [ 544203.13, 6869193.4 ], [ 544193.93, 6869201.64 ], [ 544198.65, 6869209.85 ], [ 544207.77, 6869201.69 ], [ 544203.13, 6869193.4 ] ] ] } },
{ "type": "Feature", "properties": { }, "geometry": { "type": "Polygon", "coordinates": [ [ [ 544298.94, 6869395.21 ], [ 544285.11, 6869371.35 ], [ 544280.3, 6869375.91 ], [ 544289.05, 6869390.4 ], [ 544292.45, 6869398.79 ], [ 544298.94, 6869395.21 ] ] ] } },
{ "type": "Feature", "properties": { }, "geometry": { "type": "Polygon", "coordinates": [ [ [ 544266.61, 6869395.25 ], [ 544267.3, 6869394.86 ], [ 544277.79, 6869412.21 ], [ 544285.88, 6869404.55 ], [ 544276.4, 6869388.86 ], [ 544276.92, 6869386.07 ], [ 544274.21, 6869381.55 ], [ 544264.19, 6869391.01 ], [ 544266.61, 6869395.25 ] ] ] } },
{ "type": "Feature", "properties": { }, "geometry": { "type": "Polygon", "coordinates": [ [ [ 543941.38, 6869448.8 ], [ 543943.9, 6869450.93 ], [ 543945.58, 6869449.37 ], [ 543950.01, 6869454.17 ], [ 543959.18, 6869445.74 ], [ 543954.72, 6869440.9 ], [ 543956.4, 6869439.34 ], [ 543954.18, 6869436.94 ], [ 543952.5, 6869438.49 ], [ 543943.97, 6869429.24 ], [ 543945.23, 6869428.08 ], [ 543943.62, 6869426.33 ], [ 543942.36, 6869427.5 ], [ 543939.61, 6869418.6 ], [ 543927.47, 6869429.73 ], [ 543933.22, 6869435.97 ], [ 543931.96, 6869437.14 ], [ 543933.57, 6869438.88 ], [ 543934.83, 6869437.71 ], [ 543943.36, 6869446.96 ], [ 543941.38, 6869448.8 ] ] ] } },
{ "type": "Feature", "properties": { }, "geometry": { "type": "Polygon", "coordinates": [ [ [ 544367.21, 6869508.1 ], [ 544347.55, 6869524.22 ], [ 544346.52, 6869522.77 ], [ 544344.75, 6869523.14 ], [ 544344.0, 6869524.79 ], [ 544345.03, 6869526.25 ], [ 544325.28, 6869541.84 ], [ 544341.66, 6869565.71 ], [ 544279.95, 6869609.66 ], [ 544276.03, 6869615.95 ], [ 544276.17, 6869619.45 ], [ 544365.46, 6869555.11 ], [ 544366.4, 6869556.44 ], [ 544368.18, 6869556.13 ], [ 544368.98, 6869554.5 ], [ 544368.03, 6869553.16 ], [ 544387.99, 6869537.9 ], [ 544367.21, 6869508.1 ] ] ] } },
{ "type": "Feature", "properties": { }, "geometry": { "type": "Polygon", "coordinates": [ [ [ 544344.36, 6869584.23 ], [ 544285.39, 6869626.36 ], [ 544284.91, 6869625.56 ], [ 544282.75, 6869626.9 ], [ 544283.29, 6869627.81 ], [ 544280.2, 6869629.95 ], [ 544308.65, 6869675.93 ], [ 544313.6, 6869678.77 ], [ 544351.23, 6869658.5 ], [ 544379.31, 6869645.04 ], [ 544380.9, 6869649.96 ], [ 544381.47, 6869659.03 ], [ 544379.47, 6869669.04 ], [ 544387.72, 6869671.7 ], [ 544389.94, 6869659.77 ], [ 544389.21, 6869648.21 ], [ 544387.09, 6869641.62 ], [ 544453.47, 6869616.92 ], [ 544442.76, 6869608.91 ], [ 544438.85, 6869608.09 ], [ 544436.12, 6869606.1 ], [ 544432.67, 6869605.92 ], [ 544428.15, 6869608.28 ], [ 544395.51, 6869554.0 ], [ 544395.97, 6869550.18 ], [ 544393.61, 6869545.95 ], [ 544351.6, 6869578.81 ], [ 544346.07, 6869569.4 ], [ 544339.02, 6869574.59 ], [ 544344.36, 6869584.23 ] ] ] } },
{ "type": "Feature", "properties": { }, "geometry": { "type": "Polygon", "coordinates": [ [ [ 543854.15, 6870058.56 ], [ 543854.4, 6870062.95 ], [ 544133.12, 6869808.0 ], [ 544128.98, 6869806.07 ], [ 544124.65, 6869807.64 ], [ 543856.08, 6870053.79 ], [ 543854.15, 6870058.56 ] ] ] } },
{ "type": "Feature", "properties": { }, "geometry": { "type": "Polygon", "coordinates": [ [ [ 544189.28, 6870130.62 ], [ 544138.19, 6870136.02 ], [ 544139.62, 6870149.86 ], [ 544190.72, 6870144.54 ], [ 544189.28, 6870130.62 ] ] ] } },
{ "type": "Feature", "properties": { }, "geometry": { "type": "Polygon", "coordinates": [ [ [ 543934.86, 6870154.48 ], [ 543925.62, 6870156.74 ], [ 543906.4, 6870157.57 ], [ 543906.47, 6870159.07 ], [ 543888.13, 6870160.44 ], [ 543887.98, 6870158.94 ], [ 543868.85, 6870160.97 ], [ 543859.84, 6870160.31 ], [ 543860.45, 6870170.28 ], [ 543869.18, 6870168.34 ], [ 543888.59, 6870167.47 ], [ 543888.48, 6870166.0 ], [ 543906.94, 6870164.62 ], [ 543907.05, 6870166.1 ], [ 543926.38, 6870164.08 ], [ 543935.71, 6870164.68 ], [ 543934.86, 6870154.48 ] ] ] } },
{ "type": "Feature", "properties": { }, "geometry": { "type": "Polygon", "coordinates": [ [ [ 544044.64, 6870398.81 ], [ 544042.34, 6870408.06 ], [ 544048.32, 6870408.65 ], [ 544047.74, 6870399.11 ], [ 544049.47, 6870380.25 ], [ 544051.77, 6870370.86 ], [ 544045.72, 6870370.36 ], [ 544046.31, 6870379.94 ], [ 544044.64, 6870398.81 ] ] ] } },
{ "type": "Feature", "properties": { }, "geometry": { "type": "Polygon", "coordinates": [ [ [ 544345.87, 6870407.49 ], [ 544338.19, 6870408.23 ], [ 544340.17, 6870427.8 ], [ 544347.83, 6870427.1 ], [ 544345.87, 6870407.49 ] ] ] } },
{ "type": "Feature", "properties": { }, "geometry": { "type": "Polygon", "coordinates": [ [ [ 543864.83, 6870630.33 ], [ 543892.97, 6870624.65 ], [ 543889.0, 6870605.6 ], [ 543861.13, 6870610.84 ], [ 543864.83, 6870630.33 ] ] ] } },
{ "type": "Feature", "properties": { }, "geometry": { "type": "Polygon", "coordinates": [ [ [ 543848.51, 6871059.94 ], [ 543870.38, 6871053.4 ], [ 543857.61, 6871010.92 ], [ 543835.83, 6871017.47 ], [ 543848.51, 6871059.94 ] ] ] } },
{ "type": "Feature", "properties": { }, "geometry": { "type": "Polygon", "coordinates": [ [ [ 544104.56, 6871968.72 ], [ 544104.27, 6871961.23 ], [ 544102.07, 6871961.37 ], [ 544102.85, 6871968.84 ], [ 544104.56, 6871968.72 ] ] ] } },
{ "type": "Feature", "properties": { }, "geometry": { "type": "Polygon", "coordinates": [ [ [ 543998.12, 6872093.12 ], [ 543997.83, 6872085.63 ], [ 543995.62, 6872085.78 ], [ 543996.4, 6872093.25 ], [ 543998.12, 6872093.12 ] ] ] } },
{ "type": "Feature", "properties": { }, "geometry": { "type": "Polygon", "coordinates": [ [ [ 543868.01, 6872234.85 ], [ 543868.79, 6872242.32 ], [ 543870.51, 6872242.2 ], [ 543870.22, 6872234.71 ], [ 543868.01, 6872234.85 ] ] ] } },
{ "type": "Feature", "properties": { }, "geometry": { "type": "Polygon", "coordinates": [ [ [ 544281.36, 6873275.54 ], [ 544314.14, 6873250.22 ], [ 544310.59, 6873245.57 ], [ 544277.82, 6873270.91 ], [ 544281.36, 6873275.54 ] ] ] } },
{ "type": "Feature", "properties": { }, "geometry": { "type": "Polygon", "coordinates": [ [ [ 543877.0, 6873348.91 ], [ 543920.39, 6873405.99 ], [ 543947.49, 6873385.27 ], [ 543904.08, 6873328.22 ], [ 543902.02, 6873329.74 ], [ 543894.95, 6873320.51 ], [ 543871.88, 6873338.12 ], [ 543878.91, 6873347.46 ], [ 543877.0, 6873348.91 ] ] ] } },
{ "type": "Feature", "properties": { }, "geometry": { "type": "Polygon", "coordinates": [ [ [ 543889.18, 6873439.46 ], [ 543919.34, 6873417.0 ], [ 543916.57, 6873413.38 ], [ 543886.7, 6873436.16 ], [ 543889.18, 6873439.46 ] ] ] } },
{ "type": "Feature", "properties": { }, "geometry": { "type": "Polygon", "coordinates": [ [ [ 544197.68, 6873841.24 ], [ 544227.32, 6873818.41 ], [ 544224.54, 6873814.8 ], [ 544195.09, 6873838.02 ], [ 544197.68, 6873841.24 ] ] ] } },
{ "type": "Feature", "properties": { }, "geometry": { "type": "Polygon", "coordinates": [ [ [ 544169.56, 6874482.4 ], [ 544164.3, 6874498.0 ], [ 544169.72, 6874500.05 ], [ 544175.0, 6874484.26 ], [ 544169.56, 6874482.4 ] ] ] } },
{ "type": "Feature", "properties": { }, "geometry": { "type": "Polygon", "coordinates": [ [ [ 544149.74, 6874569.97 ], [ 544140.22, 6874556.56 ], [ 544134.6, 6874560.97 ], [ 544144.62, 6874573.99 ], [ 544149.74, 6874569.97 ] ] ] } },
{ "type": "Feature", "properties": { }, "geometry": { "type": "Polygon", "coordinates": [ [ [ 543932.45, 6874678.27 ], [ 543932.29, 6874673.01 ], [ 543915.94, 6874673.53 ], [ 543915.95, 6874679.45 ], [ 543932.45, 6874678.27 ] ] ] } },
{ "type": "Feature", "properties": { }, "geometry": { "type": "Polygon", "coordinates": [ [ [ 544996.65, 6860390.06 ], [ 544996.51, 6860421.11 ], [ 545002.89, 6860421.14 ], [ 545003.03, 6860390.09 ], [ 544996.65, 6860390.06 ] ] ] } },
{ "type": "Feature", "properties": { }, "geometry": { "type": "Polygon", "coordinates": [ [ [ 544462.77, 6860430.06 ], [ 544464.21, 6860430.35 ], [ 544464.33, 6860427.44 ], [ 544479.19, 6860427.49 ], [ 544479.23, 6860414.08 ], [ 544464.37, 6860414.03 ], [ 544463.61, 6860411.03 ], [ 544462.81, 6860414.03 ], [ 544447.43, 6860413.98 ], [ 544447.39, 6860427.39 ], [ 544462.77, 6860427.44 ], [ 544462.77, 6860430.06 ] ] ] } },
{ "type": "Feature", "properties": { }, "geometry": { "type": "Polygon", "coordinates": [ [ [ 544546.35, 6860545.36 ], [ 544542.18, 6860555.5 ], [ 544543.98, 6860556.26 ], [ 544548.21, 6860546.15 ], [ 544546.35, 6860545.36 ] ] ] } },
{ "type": "Feature", "properties": { }, "geometry": { "type": "Polygon", "coordinates": [ [ [ 544697.14, 6860596.13 ], [ 544708.34, 6860608.57 ], [ 544717.09, 6860592.59 ], [ 544705.93, 6860580.2 ], [ 544706.74, 6860578.72 ], [ 544705.37, 6860579.58 ], [ 544693.85, 6860566.78 ], [ 544685.22, 6860582.89 ], [ 544696.59, 6860595.52 ], [ 544695.8, 6860596.94 ], [ 544697.14, 6860596.13 ] ] ] } },
{ "type": "Feature", "properties": { }, "geometry": { "type": "Polygon", "coordinates": [ [ [ 544922.26, 6863309.04 ], [ 544920.91, 6863310.58 ], [ 544922.5, 6863311.98 ], [ 544923.16, 6863319.97 ], [ 544956.39, 6863317.8 ], [ 544955.74, 6863309.8 ], [ 544957.11, 6863308.23 ], [ 544955.5, 6863306.86 ], [ 544953.8, 6863286.12 ], [ 544955.15, 6863284.53 ], [ 544953.56, 6863283.18 ], [ 544952.82, 6863274.2 ], [ 544919.63, 6863276.94 ], [ 544920.37, 6863285.92 ], [ 544919.02, 6863287.5 ], [ 544920.61, 6863288.85 ], [ 544922.26, 6863309.04 ] ] ] } },
{ "type": "Feature", "properties": { }, "geometry": { "type": "Polygon", "coordinates": [ [ [ 544518.1, 6863321.95 ], [ 544469.0, 6863325.98 ], [ 544470.6, 6863345.6 ], [ 544519.7, 6863341.53 ], [ 544518.1, 6863321.95 ] ] ] } },
{ "type": "Feature", "properties": { }, "geometry": { "type": "Polygon", "coordinates": [ [ [ 544977.91, 6864366.03 ], [ 544973.25, 6864364.29 ], [ 544968.94, 6864375.42 ], [ 544973.64, 6864377.1 ], [ 544977.91, 6864366.03 ] ] ] } },
{ "type": "Feature", "properties": { }, "geometry": { "type": "Polygon", "coordinates": [ [ [ 544416.36, 6865168.61 ], [ 544417.2, 6865187.17 ], [ 544413.64, 6865187.52 ], [ 544417.33, 6865190.2 ], [ 544418.69, 6865210.44 ], [ 544399.34, 6865215.96 ], [ 544418.7, 6865210.61 ], [ 544493.61, 6865200.39 ], [ 544478.39, 6865201.7 ], [ 544477.95, 6865184.29 ], [ 544481.39, 6865180.9 ], [ 544477.81, 6865181.25 ], [ 544477.02, 6865163.64 ], [ 544416.36, 6865168.61 ] ] ] } },
{ "type": "Feature", "properties": { }, "geometry": { "type": "Polygon", "coordinates": [ [ [ 544420.05, 6865470.02 ], [ 544426.39, 6865499.87 ], [ 544437.9, 6865497.42 ], [ 544439.07, 6865494.07 ], [ 544488.5, 6865489.07 ], [ 544486.83, 6865472.77 ], [ 544437.43, 6865477.77 ], [ 544436.35, 6865472.63 ], [ 544432.68, 6865468.31 ], [ 544420.05, 6865470.02 ] ] ] } },
{ "type": "Feature", "properties": { }, "geometry": { "type": "Polygon", "coordinates": [ [ [ 544572.41, 6865888.03 ], [ 544565.77, 6865856.71 ], [ 544523.91, 6865865.99 ], [ 544503.46, 6865865.98 ], [ 544512.01, 6865906.04 ], [ 544530.56, 6865897.3 ], [ 544572.41, 6865888.03 ] ] ] } },
{ "type": "Feature", "properties": { }, "geometry": { "type": "Polygon", "coordinates": [ [ [ 545022.89, 6866071.94 ], [ 545023.56, 6866058.81 ], [ 545012.56, 6866058.3 ], [ 545012.13, 6866071.52 ], [ 545022.89, 6866071.94 ] ] ] } },
{ "type": "Feature", "properties": { }, "geometry": { "type": "Polygon", "coordinates": [ [ [ 545020.41, 6866139.12 ], [ 545021.06, 6866125.97 ], [ 545009.8, 6866125.46 ], [ 545008.95, 6866138.61 ], [ 545020.41, 6866139.12 ] ] ] } },
{ "type": "Feature", "properties": { }, "geometry": { "type": "Polygon", "coordinates": [ [ [ 544638.59, 6866195.92 ], [ 544632.0, 6866165.25 ], [ 544590.18, 6866173.62 ], [ 544596.85, 6866204.91 ], [ 544638.59, 6866195.92 ] ] ] } },
{ "type": "Feature", "properties": { }, "geometry": { "type": "Polygon", "coordinates": [ [ [ 545001.53, 6866331.61 ], [ 545007.41, 6866331.77 ], [ 545011.64, 6866333.53 ], [ 545012.65, 6866314.75 ], [ 545001.94, 6866314.58 ], [ 545001.53, 6866331.61 ] ] ] } },
{ "type": "Feature", "properties": { }, "geometry": { "type": "Polygon", "coordinates": [ [ [ 544689.64, 6866436.69 ], [ 544682.91, 6866405.44 ], [ 544641.38, 6866414.37 ], [ 544647.99, 6866445.58 ], [ 544689.64, 6866436.69 ] ] ] } },
{ "type": "Feature", "properties": { }, "geometry": { "type": "Polygon", "coordinates": [ [ [ 544776.94, 6866819.31 ], [ 544790.44, 6866801.42 ], [ 544778.29, 6866801.23 ], [ 544722.22, 6866741.93 ], [ 544703.75, 6866730.07 ], [ 544701.52, 6866751.28 ], [ 544720.86, 6866754.97 ], [ 544769.92, 6866806.86 ], [ 544776.94, 6866819.31 ] ] ] } },
{ "type": "Feature", "properties": { }, "geometry": { "type": "Polygon", "coordinates": [ [ [ 544992.27, 6866810.32 ], [ 544994.33, 6866815.13 ], [ 545007.12, 6866874.33 ], [ 545027.82, 6866868.87 ], [ 545014.74, 6866808.55 ], [ 545019.72, 6866788.62 ], [ 544983.0, 6866796.79 ], [ 544992.27, 6866810.32 ] ] ] } },
{ "type": "Feature", "properties": { }, "geometry": { "type": "Polygon", "coordinates": [ [ [ 544757.53, 6866861.49 ], [ 544780.79, 6866879.05 ], [ 544794.77, 6866860.37 ], [ 544789.56, 6866856.45 ], [ 544789.24, 6866854.83 ], [ 544787.7, 6866855.06 ], [ 544778.5, 6866848.14 ], [ 544778.23, 6866846.63 ], [ 544776.63, 6866846.73 ], [ 544771.21, 6866842.66 ], [ 544757.53, 6866861.49 ] ] ] } },
{ "type": "Feature", "properties": { }, "geometry": { "type": "Polygon", "coordinates": [ [ [ 544642.29, 6867145.11 ], [ 544659.4, 6867146.9 ], [ 544660.06, 6867139.61 ], [ 544643.14, 6867136.16 ], [ 544642.29, 6867145.11 ] ] ] } },
{ "type": "Feature", "properties": { }, "geometry": { "type": "Polygon", "coordinates": [ [ [ 544894.25, 6867164.23 ], [ 544886.95, 6867173.03 ], [ 544895.81, 6867188.27 ], [ 544905.01, 6867183.77 ], [ 544894.25, 6867164.23 ] ] ] } },
{ "type": "Feature", "properties": { }, "geometry": { "type": "Polygon", "coordinates": [ [ [ 544843.47, 6867176.34 ], [ 544813.81, 6867176.7 ], [ 544817.38, 6867195.85 ], [ 544824.65, 6867191.22 ], [ 544838.2, 6867191.07 ], [ 544847.01, 6867195.23 ], [ 544843.47, 6867176.34 ] ] ] } },
{ "type": "Feature", "properties": { }, "geometry": { "type": "Polygon", "coordinates": [ [ [ 544874.49, 6867326.09 ], [ 544840.57, 6867332.41 ], [ 544841.11, 6867335.31 ], [ 544875.04, 6867328.98 ], [ 544874.49, 6867326.09 ] ] ] } },
{ "type": "Feature", "properties": { }, "geometry": { "type": "Polygon", "coordinates": [ [ [ 544985.59, 6867349.74 ], [ 544995.51, 6867367.18 ], [ 545002.03, 6867362.36 ], [ 544992.12, 6867344.94 ], [ 544985.59, 6867349.74 ] ] ] } },
{ "type": "Feature", "properties": { }, "geometry": { "type": "Polygon", "coordinates": [ [ [ 544897.03, 6867440.79 ], [ 544896.12, 6867436.09 ], [ 544864.24, 6867441.34 ], [ 544865.12, 6867446.11 ], [ 544897.03, 6867440.79 ] ] ] } },
{ "type": "Feature", "properties": { }, "geometry": { "type": "Polygon", "coordinates": [ [ [ 545014.83, 6867648.6 ], [ 545024.01, 6867646.73 ], [ 545005.12, 6867621.27 ], [ 544999.91, 6867626.55 ], [ 544990.49, 6867631.86 ], [ 544983.31, 6867632.78 ], [ 545001.79, 6867657.69 ], [ 545006.42, 6867653.34 ], [ 545014.83, 6867648.6 ] ] ] } },
{ "type": "Feature", "properties": { }, "geometry": { "type": "Polygon", "coordinates": [ [ [ 544509.13, 6868450.52 ], [ 544514.07, 6868449.66 ], [ 544518.98, 6868450.6 ], [ 544504.65, 6868428.89 ], [ 544502.91, 6868433.79 ], [ 544499.21, 6868437.32 ], [ 544471.33, 6868448.5 ], [ 544480.22, 6868461.97 ], [ 544509.13, 6868450.52 ] ] ] } },
{ "type": "Feature", "properties": { }, "geometry": { "type": "Polygon", "coordinates": [ [ [ 544473.8, 6868468.44 ], [ 544460.73, 6868476.98 ], [ 544466.18, 6868485.04 ], [ 544479.25, 6868476.5 ], [ 544473.8, 6868468.44 ] ] ] } },
{ "type": "Feature", "properties": { }, "geometry": { "type": "Polygon", "coordinates": [ [ [ 544367.98, 6868538.85 ], [ 544354.73, 6868547.67 ], [ 544359.29, 6868555.98 ], [ 544372.55, 6868547.14 ], [ 544367.98, 6868538.85 ] ] ] } },
{ "type": "Feature", "properties": { }, "geometry": { "type": "Polygon", "coordinates": [ [ [ 544572.3, 6868603.56 ], [ 544580.23, 6868598.13 ], [ 544607.78, 6868587.86 ], [ 544596.89, 6868572.18 ], [ 544589.29, 6868577.03 ], [ 544560.81, 6868587.78 ], [ 544572.3, 6868603.56 ] ] ] } },
{ "type": "Feature", "properties": { }, "geometry": { "type": "Polygon", "coordinates": [ [ [ 544770.6, 6868913.6 ], [ 544758.23, 6868922.17 ], [ 544765.44, 6868932.87 ], [ 544777.81, 6868924.3 ], [ 544770.6, 6868913.6 ] ] ] } },
{ "type": "Feature", "properties": { }, "geometry": { "type": "Polygon", "coordinates": [ [ [ 544839.02, 6868947.16 ], [ 544831.41, 6868955.46 ], [ 544848.7, 6868974.07 ], [ 544857.01, 6868966.29 ], [ 544839.02, 6868947.16 ] ] ] } },
{ "type": "Feature", "properties": { }, "geometry": { "type": "Polygon", "coordinates": [ [ [ 544553.11, 6869003.27 ], [ 544544.33, 6868975.62 ], [ 544529.08, 6868981.26 ], [ 544532.9, 6868986.31 ], [ 544540.81, 6869007.9 ], [ 544541.24, 6869014.23 ], [ 544557.04, 6869008.07 ], [ 544553.11, 6869003.27 ] ] ] } },
{ "type": "Feature", "properties": { }, "geometry": { "type": "Polygon", "coordinates": [ [ [ 544604.8, 6868972.9 ], [ 544600.53, 6868974.45 ], [ 544607.79, 6868994.57 ], [ 544612.08, 6868993.07 ], [ 544604.8, 6868972.9 ] ] ] } },
{ "type": "Feature", "properties": { }, "geometry": { "type": "Polygon", "coordinates": [ [ [ 544910.08, 6869010.05 ], [ 544890.25, 6869027.36 ], [ 544924.1, 6869065.91 ], [ 544943.75, 6869048.6 ], [ 544910.08, 6869010.05 ] ] ] } },
{ "type": "Feature", "properties": { }, "geometry": { "type": "Polygon", "coordinates": [ [ [ 544385.22, 6869068.36 ], [ 544371.47, 6869040.75 ], [ 544359.56, 6869046.84 ], [ 544373.53, 6869074.33 ], [ 544385.22, 6869068.36 ] ] ] } },
{ "type": "Feature", "properties": { }, "geometry": { "type": "Polygon", "coordinates": [ [ [ 545027.64, 6869088.19 ], [ 545033.13, 6869081.14 ], [ 544990.66, 6869032.51 ], [ 544983.64, 6869038.72 ], [ 545027.64, 6869088.19 ] ] ] } },
{ "type": "Feature", "properties": { }, "geometry": { "type": "Polygon", "coordinates": [ [ [ 544618.86, 6869643.41 ], [ 544617.0, 6869652.75 ], [ 544633.59, 6869656.17 ], [ 544635.4, 6869647.02 ], [ 544634.36, 6869646.21 ], [ 544634.85, 6869643.98 ], [ 544631.05, 6869645.3 ], [ 544628.88, 6869649.07 ], [ 544624.04, 6869648.07 ], [ 544623.39, 6869644.24 ], [ 544621.03, 6869641.87 ], [ 544620.68, 6869643.47 ], [ 544618.86, 6869643.41 ] ] ] } },
{ "type": "Feature", "properties": { }, "geometry": { "type": "Polygon", "coordinates": [ [ [ 544482.9, 6869672.19 ], [ 544483.59, 6869673.54 ], [ 544495.43, 6869674.85 ], [ 544497.09, 6869697.71 ], [ 544490.88, 6869699.67 ], [ 544497.26, 6869700.04 ], [ 544498.77, 6869721.34 ], [ 544507.5, 6869720.69 ], [ 544505.95, 6869699.29 ], [ 544518.83, 6869698.98 ], [ 544505.78, 6869696.98 ], [ 544504.14, 6869674.14 ], [ 544510.31, 6869672.38 ], [ 544503.98, 6869671.96 ], [ 544501.39, 6869636.37 ], [ 544492.67, 6869636.99 ], [ 544495.26, 6869672.5 ], [ 544482.9, 6869672.19 ] ] ] } },
{ "type": "Feature", "properties": { }, "geometry": { "type": "Polygon", "coordinates": [ [ [ 544692.74, 6869698.41 ], [ 544728.69, 6869707.97 ], [ 544734.59, 6869685.69 ], [ 544698.58, 6869676.09 ], [ 544692.74, 6869698.41 ] ] ] } },
{ "type": "Feature", "properties": { }, "geometry": { "type": "Polygon", "coordinates": [ [ [ 544659.65, 6869698.32 ], [ 544657.85, 6869697.85 ], [ 544656.41, 6869703.45 ], [ 544658.17, 6869703.91 ], [ 544659.65, 6869698.32 ] ] ] } },
{ "type": "Feature", "properties": { }, "geometry": { "type": "Polygon", "coordinates": [ [ [ 544606.07, 6869708.39 ], [ 544604.89, 6869714.51 ], [ 544616.89, 6869716.77 ], [ 544621.31, 6869716.46 ], [ 544622.05, 6869711.96 ], [ 544606.07, 6869708.39 ] ] ] } },
{ "type": "Feature", "properties": { }, "geometry": { "type": "Polygon", "coordinates": [ [ [ 544892.06, 6869798.01 ], [ 544725.03, 6869753.44 ], [ 544723.19, 6869760.43 ], [ 544887.44, 6869803.45 ], [ 544889.21, 6869803.3 ], [ 544892.06, 6869798.01 ] ] ] } },
{ "type": "Feature", "properties": { }, "geometry": { "type": "Polygon", "coordinates": [ [ [ 544369.35, 6870647.17 ], [ 544361.64, 6870647.78 ], [ 544363.18, 6870666.86 ], [ 544370.91, 6870666.31 ], [ 544369.35, 6870647.17 ] ] ] } },
{ "type": "Feature", "properties": { }, "geometry": { "type": "Polygon", "coordinates": [ [ [ 545002.25, 6873947.79 ], [ 544999.79, 6873949.28 ], [ 545007.21, 6873954.57 ], [ 545009.11, 6873952.14 ], [ 545002.25, 6873947.79 ] ] ] } },
{ "type": "Feature", "properties": { }, "geometry": { "type": "Polygon", "coordinates": [ [ [ 544442.45, 6874360.44 ], [ 544453.17, 6874352.18 ], [ 544451.03, 6874349.6 ], [ 544440.37, 6874357.8 ], [ 544442.45, 6874360.44 ] ] ] } },
{ "type": "Feature", "properties": { }, "geometry": { "type": "Polygon", "coordinates": [ [ [ 544930.32, 6875834.87 ], [ 544925.38, 6875834.45 ], [ 544924.4, 6875839.36 ], [ 544929.33, 6875839.78 ], [ 544930.32, 6875834.87 ] ] ] } },
{ "type": "Feature", "properties": { }, "geometry": { "type": "Polygon", "coordinates": [ [ [ 545244.61, 6860218.32 ], [ 545246.76, 6860208.95 ], [ 545234.35, 6860206.15 ], [ 545232.41, 6860214.59 ], [ 545244.61, 6860218.32 ] ] ] } },
{ "type": "Feature", "properties": { }, "geometry": { "type": "Polygon", "coordinates": [ [ [ 545230.41, 6860268.26 ], [ 545227.5, 6860267.64 ], [ 545225.87, 6860272.42 ], [ 545228.8, 6860273.14 ], [ 545230.41, 6860268.26 ] ] ] } },
{ "type": "Feature", "properties": { }, "geometry": { "type": "Polygon", "coordinates": [ [ [ 545213.75, 6860487.33 ], [ 545226.53, 6860514.83 ], [ 545235.09, 6860525.84 ], [ 545377.15, 6860412.34 ], [ 545373.42, 6860395.86 ], [ 545370.47, 6860372.52 ], [ 545370.36, 6860361.95 ], [ 545213.75, 6860487.33 ] ] ] } },
{ "type": "Feature", "properties": { }, "geometry": { "type": "Polygon", "coordinates": [ [ [ 545386.48, 6860437.97 ], [ 545378.6, 6860417.34 ], [ 545238.3, 6860529.89 ], [ 545251.36, 6860546.35 ], [ 545386.48, 6860437.97 ] ] ] } },
{ "type": "Feature", "properties": { }, "geometry": { "type": "Polygon", "coordinates": [ [ [ 545155.62, 6860511.55 ], [ 545157.46, 6860510.71 ], [ 545155.84, 6860508.23 ], [ 545167.89, 6860498.3 ], [ 545160.62, 6860489.33 ], [ 545148.54, 6860499.22 ], [ 545147.0, 6860497.43 ], [ 545145.68, 6860497.53 ], [ 545146.77, 6860500.67 ], [ 545135.95, 6860509.52 ], [ 545142.67, 6860519.1 ], [ 545154.08, 6860509.69 ], [ 545155.62, 6860511.55 ] ] ] } },
{ "type": "Feature", "properties": { }, "geometry": { "type": "Polygon", "coordinates": [ [ [ 545257.38, 6860553.94 ], [ 545268.36, 6860567.79 ], [ 545383.12, 6860476.15 ], [ 545398.03, 6860464.03 ], [ 545390.48, 6860447.52 ], [ 545257.38, 6860553.94 ] ] ] } },
{ "type": "Feature", "properties": { }, "geometry": { "type": "Polygon", "coordinates": [ [ [ 545279.9, 6860582.33 ], [ 545408.39, 6860479.39 ], [ 545399.55, 6860466.35 ], [ 545270.13, 6860570.02 ], [ 545279.9, 6860582.33 ] ] ] } },
{ "type": "Feature", "properties": { }, "geometry": { "type": "Polygon", "coordinates": [ [ [ 545212.97, 6860543.59 ], [ 545185.67, 6860509.92 ], [ 545150.06, 6860538.43 ], [ 545177.41, 6860572.08 ], [ 545212.97, 6860543.59 ] ] ] } },
{ "type": "Feature", "properties": { }, "geometry": { "type": "Polygon", "coordinates": [ [ [ 545216.63, 6860548.1 ], [ 545180.69, 6860576.12 ], [ 545193.9, 6860592.37 ], [ 545229.44, 6860563.9 ], [ 545216.63, 6860548.1 ] ] ] } },
{ "type": "Feature", "properties": { }, "geometry": { "type": "Polygon", "coordinates": [ [ [ 545235.53, 6860571.41 ], [ 545200.03, 6860599.92 ], [ 545211.17, 6860613.64 ], [ 545246.69, 6860585.16 ], [ 545235.53, 6860571.41 ] ] ] } },
{ "type": "Feature", "properties": { }, "geometry": { "type": "Polygon", "coordinates": [ [ [ 545212.95, 6860615.82 ], [ 545222.87, 6860628.03 ], [ 545258.38, 6860599.58 ], [ 545248.47, 6860587.37 ], [ 545212.95, 6860615.82 ] ] ] } },
{ "type": "Feature", "properties": { }, "geometry": { "type": "Polygon", "coordinates": [ [ [ 545269.51, 6860685.42 ], [ 545303.85, 6860655.65 ], [ 545281.76, 6860628.41 ], [ 545247.43, 6860658.26 ], [ 545269.51, 6860685.42 ] ] ] } },
{ "type": "Feature", "properties": { }, "geometry": { "type": "Polygon", "coordinates": [ [ [ 545289.1, 6860699.96 ], [ 545298.62, 6860711.61 ], [ 545311.21, 6860701.27 ], [ 545312.81, 6860703.26 ], [ 545313.98, 6860703.1 ], [ 545312.3, 6860700.38 ], [ 545324.54, 6860690.33 ], [ 545315.37, 6860678.38 ], [ 545302.76, 6860688.74 ], [ 545300.05, 6860686.9 ], [ 545301.62, 6860689.68 ], [ 545289.1, 6860699.96 ] ] ] } },
{ "type": "Feature", "properties": { }, "geometry": { "type": "Polygon", "coordinates": [ [ [ 545183.34, 6861405.26 ], [ 545182.82, 6861402.88 ], [ 545151.28, 6861405.23 ], [ 545151.57, 6861408.06 ], [ 545183.34, 6861405.26 ] ] ] } },
{ "type": "Feature", "properties": { }, "geometry": { "type": "Polygon", "coordinates": [ [ [ 545212.68, 6861500.81 ], [ 545211.97, 6861489.78 ], [ 545203.84, 6861490.43 ], [ 545204.69, 6861501.4 ], [ 545212.68, 6861500.81 ] ] ] } },
{ "type": "Feature", "properties": { }, "geometry": { "type": "Polygon", "coordinates": [ [ [ 545140.22, 6864497.35 ], [ 545137.68, 6864493.68 ], [ 545128.25, 6864500.28 ], [ 545130.85, 6864503.91 ], [ 545140.22, 6864497.35 ] ] ] } },
{ "type": "Feature", "properties": { }, "geometry": { "type": "Polygon", "coordinates": [ [ [ 545228.28, 6864592.57 ], [ 545218.3, 6864585.37 ], [ 545214.05, 6864591.15 ], [ 545223.93, 6864598.54 ], [ 545228.28, 6864592.57 ] ] ] } },
{ "type": "Feature", "properties": { }, "geometry": { "type": "Polygon", "coordinates": [ [ [ 545038.63, 6865458.83 ], [ 545047.71, 6865457.89 ], [ 545046.56, 6865445.54 ], [ 545037.55, 6865446.49 ], [ 545038.63, 6865458.83 ] ] ] } },
{ "type": "Feature", "properties": { }, "geometry": { "type": "Polygon", "coordinates": [ [ [ 545037.25, 6865739.35 ], [ 545026.87, 6865738.56 ], [ 545026.11, 6865751.11 ], [ 545036.99, 6865751.98 ], [ 545037.25, 6865739.35 ] ] ] } },
{ "type": "Feature", "properties": { }, "geometry": { "type": "Polygon", "coordinates": [ [ [ 545044.1, 6865789.36 ], [ 545043.29, 6865793.91 ], [ 545057.91, 6865795.5 ], [ 545056.57, 6865790.85 ], [ 545056.26, 6865770.9 ], [ 545057.19, 6865767.84 ], [ 545059.45, 6865765.5 ], [ 545042.87, 6865763.08 ], [ 545044.1, 6865789.36 ] ] ] } },
{ "type": "Feature", "properties": { }, "geometry": { "type": "Polygon", "coordinates": [ [ [ 545021.06, 6865811.03 ], [ 545032.14, 6865811.92 ], [ 545032.95, 6865799.4 ], [ 545021.75, 6865798.56 ], [ 545021.06, 6865811.03 ] ] ] } },
{ "type": "Feature", "properties": { }, "geometry": { "type": "Polygon", "coordinates": [ [ [ 545369.68, 6865866.76 ], [ 545333.63, 6865856.24 ], [ 545330.95, 6865867.12 ], [ 545366.92, 6865877.83 ], [ 545369.68, 6865866.76 ] ] ] } },
{ "type": "Feature", "properties": { }, "geometry": { "type": "Polygon", "coordinates": [ [ [ 545029.31, 6865928.73 ], [ 545029.76, 6865917.27 ], [ 545018.6, 6865916.95 ], [ 545018.27, 6865928.41 ], [ 545029.31, 6865928.73 ] ] ] } },
{ "type": "Feature", "properties": { }, "geometry": { "type": "Polygon", "coordinates": [ [ [ 545044.35, 6866117.55 ], [ 545045.74, 6866087.05 ], [ 545028.55, 6866085.75 ], [ 545027.14, 6866116.54 ], [ 545044.35, 6866117.55 ] ] ] } },
{ "type": "Feature", "properties": { }, "geometry": { "type": "Polygon", "coordinates": [ [ [ 545263.27, 6866166.04 ], [ 545261.04, 6866161.83 ], [ 545257.2, 6866177.44 ], [ 545293.23, 6866187.54 ], [ 545296.05, 6866175.79 ], [ 545263.27, 6866166.04 ] ] ] } },
{ "type": "Feature", "properties": { }, "geometry": { "type": "Polygon", "coordinates": [ [ [ 545033.08, 6866351.66 ], [ 545020.38, 6866347.44 ], [ 545019.85, 6866358.35 ], [ 545032.41, 6866362.73 ], [ 545033.08, 6866351.66 ] ] ] } },
{ "type": "Feature", "properties": { }, "geometry": { "type": "Polygon", "coordinates": [ [ [ 545204.04, 6866402.17 ], [ 545199.48, 6866420.35 ], [ 545202.7, 6866418.22 ], [ 545205.21, 6866418.61 ], [ 545205.23, 6866419.43 ], [ 545236.48, 6866428.46 ], [ 545238.84, 6866417.51 ], [ 545205.97, 6866406.89 ], [ 545204.04, 6866402.17 ] ] ] } },
{ "type": "Feature", "properties": { }, "geometry": { "type": "Polygon", "coordinates": [ [ [ 545334.27, 6866957.31 ], [ 545342.16, 6866969.31 ], [ 545375.49, 6866958.19 ], [ 545383.54, 6866957.12 ], [ 545373.96, 6866942.58 ], [ 545367.8, 6866946.75 ], [ 545334.27, 6866957.31 ] ] ] } },
{ "type": "Feature", "properties": { }, "geometry": { "type": "Polygon", "coordinates": [ [ [ 545202.34, 6866987.6 ], [ 545212.28, 6866986.58 ], [ 545211.53, 6866979.56 ], [ 545201.79, 6866980.53 ], [ 545202.34, 6866987.6 ] ] ] } },
{ "type": "Feature", "properties": { }, "geometry": { "type": "Polygon", "coordinates": [ [ [ 545060.23, 6867011.7 ], [ 545053.1, 6866998.63 ], [ 545042.13, 6867004.71 ], [ 545049.5, 6867017.91 ], [ 545060.23, 6867011.7 ] ] ] } },
{ "type": "Feature", "properties": { }, "geometry": { "type": "Polygon", "coordinates": [ [ [ 545350.76, 6867248.57 ], [ 545361.95, 6867245.32 ], [ 545357.37, 6867237.06 ], [ 545346.25, 6867240.29 ], [ 545350.76, 6867248.57 ] ] ] } },
{ "type": "Feature", "properties": { }, "geometry": { "type": "Polygon", "coordinates": [ [ [ 545221.54, 6867276.32 ], [ 545191.88, 6867282.16 ], [ 545181.53, 6867282.74 ], [ 545191.31, 6867299.06 ], [ 545194.95, 6867291.9 ], [ 545234.24, 6867284.21 ], [ 545225.31, 6867269.12 ], [ 545221.54, 6867276.32 ] ] ] } },
{ "type": "Feature", "properties": { }, "geometry": { "type": "Polygon", "coordinates": [ [ [ 545252.98, 6867284.34 ], [ 545253.4, 6867281.64 ], [ 545255.4, 6867279.71 ], [ 545248.96, 6867281.76 ], [ 545238.86, 6867287.34 ], [ 545250.41, 6867307.98 ], [ 545267.57, 6867298.16 ], [ 545263.74, 6867299.07 ], [ 545260.34, 6867297.55 ], [ 545252.98, 6867284.34 ] ] ] } },
{ "type": "Feature", "properties": { }, "geometry": { "type": "Polygon", "coordinates": [ [ [ 545333.64, 6867490.33 ], [ 545327.79, 6867477.39 ], [ 545319.59, 6867481.11 ], [ 545325.45, 6867494.05 ], [ 545333.64, 6867490.33 ] ] ] } },
{ "type": "Feature", "properties": { }, "geometry": { "type": "Polygon", "coordinates": [ [ [ 545110.13, 6867572.35 ], [ 545116.74, 6867582.89 ], [ 545116.19, 6867585.34 ], [ 545119.9, 6867591.49 ], [ 545130.63, 6867584.79 ], [ 545127.06, 6867578.71 ], [ 545124.35, 6867578.09 ], [ 545117.74, 6867567.56 ], [ 545110.13, 6867572.35 ] ] ] } },
{ "type": "Feature", "properties": { }, "geometry": { "type": "Polygon", "coordinates": [ [ [ 545214.76, 6867738.42 ], [ 545218.19, 6867742.59 ], [ 545231.16, 6867735.62 ], [ 545228.2, 6867731.04 ], [ 545214.76, 6867738.42 ] ] ] } },
{ "type": "Feature", "properties": { }, "geometry": { "type": "Polygon", "coordinates": [ [ [ 545128.95, 6867790.43 ], [ 545126.64, 6867786.18 ], [ 545103.51, 6867798.57 ], [ 545106.09, 6867803.39 ], [ 545128.95, 6867790.43 ] ] ] } },
{ "type": "Feature", "properties": { }, "geometry": { "type": "Polygon", "coordinates": [ [ [ 545285.57, 6868029.01 ], [ 545309.25, 6868018.9 ], [ 545302.65, 6868010.54 ], [ 545278.91, 6868020.63 ], [ 545285.57, 6868029.01 ] ] ] } },
{ "type": "Feature", "properties": { }, "geometry": { "type": "Polygon", "coordinates": [ [ [ 545328.47, 6868520.11 ], [ 545323.51, 6868517.46 ], [ 545321.46, 6868518.73 ], [ 545320.87, 6868521.08 ], [ 545361.8, 6868563.82 ], [ 545364.04, 6868564.67 ], [ 545366.03, 6868563.87 ], [ 545367.05, 6868561.7 ], [ 545366.22, 6868559.45 ], [ 545328.47, 6868520.11 ] ] ] } },
{ "type": "Feature", "properties": { }, "geometry": { "type": "Polygon", "coordinates": [ [ [ 545349.15, 6868575.88 ], [ 545353.22, 6868576.47 ], [ 545354.77, 6868572.83 ], [ 545345.56, 6868562.82 ], [ 545353.36, 6868555.29 ], [ 545323.39, 6868524.94 ], [ 545315.74, 6868532.36 ], [ 545312.55, 6868529.83 ], [ 545309.37, 6868530.68 ], [ 545308.37, 6868533.79 ], [ 545310.92, 6868537.04 ], [ 545303.16, 6868544.58 ], [ 545299.9, 6868541.99 ], [ 545296.78, 6868543.44 ], [ 545297.05, 6868546.88 ], [ 545298.01, 6868546.01 ], [ 545337.7, 6868588.37 ], [ 545341.2, 6868588.12 ], [ 545342.1, 6868584.71 ], [ 545332.94, 6868574.99 ], [ 545340.81, 6868567.4 ], [ 545349.15, 6868575.88 ] ] ] } },
{ "type": "Feature", "properties": { }, "geometry": { "type": "Polygon", "coordinates": [ [ [ 545325.61, 6868702.72 ], [ 545323.53, 6868704.91 ], [ 545348.88, 6868733.83 ], [ 545351.37, 6868731.72 ], [ 545353.88, 6868734.46 ], [ 545387.72, 6868704.58 ], [ 545358.25, 6868670.85 ], [ 545324.04, 6868700.91 ], [ 545325.61, 6868702.72 ] ] ] } },
{ "type": "Feature", "properties": { }, "geometry": { "type": "Polygon", "coordinates": [ [ [ 545226.49, 6868876.42 ], [ 545226.64, 6868874.79 ], [ 545225.0, 6868874.52 ], [ 545215.08, 6868860.94 ], [ 545180.2, 6868886.73 ], [ 545189.95, 6868900.15 ], [ 545189.73, 6868901.86 ], [ 545191.38, 6868902.1 ], [ 545201.38, 6868915.86 ], [ 545236.38, 6868890.22 ], [ 545226.49, 6868876.42 ] ] ] } },
{ "type": "Feature", "properties": { }, "geometry": { "type": "Polygon", "coordinates": [ [ [ 544987.0, 6869202.92 ], [ 545010.2, 6869240.46 ], [ 545011.03, 6869243.56 ], [ 545022.94, 6869263.62 ], [ 545031.52, 6869276.62 ], [ 545034.61, 6869278.69 ], [ 545035.42, 6869283.82 ], [ 545065.16, 6869270.74 ], [ 545068.68, 6869272.94 ], [ 545068.74, 6869269.21 ], [ 545098.7, 6869256.42 ], [ 545096.53, 6869253.25 ], [ 545093.76, 6869251.81 ], [ 545090.27, 6869245.88 ], [ 545089.84, 6869241.43 ], [ 545082.44, 6869228.4 ], [ 545027.83, 6869138.1 ], [ 545027.7, 6869136.08 ], [ 544969.49, 6869173.23 ], [ 544971.17, 6869174.01 ], [ 544987.0, 6869202.92 ] ] ] } },
{ "type": "Feature", "properties": { }, "geometry": { "type": "Polygon", "coordinates": [ [ [ 545142.25, 6869352.14 ], [ 545110.38, 6869298.1 ], [ 545078.99, 6869335.26 ], [ 545107.2, 6869382.87 ], [ 545127.52, 6869366.06 ], [ 545142.25, 6869352.14 ] ] ] } },
{ "type": "Feature", "properties": { }, "geometry": { "type": "Polygon", "coordinates": [ [ [ 545148.22, 6869362.2 ], [ 545108.88, 6869385.71 ], [ 545116.9, 6869399.3 ], [ 545156.27, 6869375.77 ], [ 545148.22, 6869362.2 ] ], [ [ 545152.46, 6869370.51 ], [ 545114.13, 6869393.49 ], [ 545112.94, 6869391.49 ], [ 545151.27, 6869368.52 ], [ 545152.46, 6869370.51 ] ] ] } },
{ "type": "Feature", "properties": { }, "geometry": { "type": "Polygon", "coordinates": [ [ [ 545243.22, 6871680.68 ], [ 545242.64, 6871679.55 ], [ 545241.38, 6871679.86 ], [ 545245.81, 6871666.63 ], [ 545219.23, 6871683.75 ], [ 545214.68, 6871696.83 ], [ 545211.86, 6871699.3 ], [ 545213.67, 6871699.73 ], [ 545206.74, 6871720.3 ], [ 545204.12, 6871721.97 ], [ 545204.4, 6871723.47 ], [ 545206.6, 6871722.71 ], [ 545199.73, 6871743.13 ], [ 545196.14, 6871745.38 ], [ 545196.42, 6871746.92 ], [ 545197.78, 6871746.69 ], [ 545190.97, 6871766.75 ], [ 545188.31, 6871768.42 ], [ 545188.62, 6871769.92 ], [ 545189.97, 6871769.72 ], [ 545185.53, 6871782.8 ], [ 545212.04, 6871765.91 ], [ 545216.65, 6871752.7 ], [ 545219.22, 6871751.11 ], [ 545218.97, 6871749.58 ], [ 545217.66, 6871749.71 ], [ 545224.5, 6871729.64 ], [ 545227.1, 6871727.94 ], [ 545226.86, 6871726.48 ], [ 545224.66, 6871727.21 ], [ 545231.57, 6871706.78 ], [ 545235.1, 6871704.54 ], [ 545234.85, 6871703.09 ], [ 545233.48, 6871703.22 ], [ 545240.38, 6871682.81 ], [ 545243.22, 6871680.68 ] ] ] } },
{ "type": "Feature", "properties": { }, "geometry": { "type": "Polygon", "coordinates": [ [ [ 545189.3, 6872466.76 ], [ 545190.68, 6872468.93 ], [ 545220.91, 6872449.38 ], [ 545219.66, 6872447.51 ], [ 545189.3, 6872466.76 ] ] ] } },
{ "type": "Feature", "properties": { }, "geometry": { "type": "Polygon", "coordinates": [ [ [ 545285.64, 6872684.58 ], [ 545254.99, 6872708.15 ], [ 545205.88, 6872738.01 ], [ 545214.46, 6872748.87 ], [ 545239.79, 6872729.31 ], [ 545239.3, 6872728.51 ], [ 545293.11, 6872694.72 ], [ 545285.64, 6872684.58 ] ] ] } },
{ "type": "Feature", "properties": { }, "geometry": { "type": "Polygon", "coordinates": [ [ [ 545323.8, 6873634.55 ], [ 545299.57, 6873653.24 ], [ 545295.68, 6873648.2 ], [ 545294.99, 6873648.73 ], [ 545308.94, 6873666.81 ], [ 545334.01, 6873647.87 ], [ 545337.47, 6873652.39 ], [ 545338.21, 6873651.82 ], [ 545320.65, 6873628.9 ], [ 545319.91, 6873629.48 ], [ 545323.8, 6873634.55 ] ] ] } },
{ "type": "Feature", "properties": { }, "geometry": { "type": "Polygon", "coordinates": [ [ [ 545116.68, 6873794.65 ], [ 545126.58, 6873807.6 ], [ 545133.83, 6873802.33 ], [ 545123.78, 6873789.16 ], [ 545116.68, 6873794.65 ] ] ] } },
{ "type": "Feature", "properties": { }, "geometry": { "type": "Polygon", "coordinates": [ [ [ 545082.86, 6875790.87 ], [ 545088.07, 6875772.13 ], [ 545080.63, 6875770.79 ], [ 545075.37, 6875789.13 ], [ 545082.86, 6875790.87 ] ] ] } },
{ "type": "Feature", "properties": { }, "geometry": { "type": "Polygon", "coordinates": [ [ [ 545278.48, 6876281.81 ], [ 545318.95, 6876285.12 ], [ 545319.83, 6876275.26 ], [ 545279.34, 6876272.03 ], [ 545278.48, 6876281.81 ] ] ] } },
{ "type": "Feature", "properties": { }, "geometry": { "type": "Polygon", "coordinates": [ [ [ 545296.89, 6876359.15 ], [ 545297.35, 6876371.57 ], [ 545303.95, 6876371.39 ], [ 545303.54, 6876360.8 ], [ 545304.39, 6876358.86 ], [ 545296.89, 6876359.15 ] ] ] } },
{ "type": "Feature", "properties": { }, "geometry": { "type": "Polygon", "coordinates": [ [ [ 545243.87, 6876543.96 ], [ 545216.48, 6876562.82 ], [ 545220.04, 6876568.2 ], [ 545247.52, 6876549.34 ], [ 545243.87, 6876543.96 ] ] ] } },
{ "type": "Feature", "properties": { }, "geometry": { "type": "Polygon", "coordinates": [ [ [ 545705.24, 6860504.5 ], [ 545702.35, 6860504.74 ], [ 545702.84, 6860511.8 ], [ 545705.62, 6860511.51 ], [ 545705.24, 6860504.5 ] ] ] } },
{ "type": "Feature", "properties": { }, "geometry": { "type": "Polygon", "coordinates": [ [ [ 545699.69, 6860504.98 ], [ 545700.23, 6860512.06 ], [ 545702.73, 6860511.8 ], [ 545702.15, 6860504.76 ], [ 545699.69, 6860504.98 ] ] ] } },
{ "type": "Feature", "properties": { }, "geometry": { "type": "Polygon", "coordinates": [ [ [ 545324.08, 6860638.01 ], [ 545452.73, 6860525.89 ], [ 545431.37, 6860507.05 ], [ 545427.03, 6860501.83 ], [ 545302.27, 6860610.53 ], [ 545324.08, 6860638.01 ] ] ] } },
{ "type": "Feature", "properties": { }, "geometry": { "type": "Polygon", "coordinates": [ [ [ 545671.07, 6860730.53 ], [ 545670.46, 6860733.64 ], [ 545677.8, 6860732.66 ], [ 545678.47, 6860730.16 ], [ 545671.07, 6860730.53 ] ] ] } },
{ "type": "Feature", "properties": { }, "geometry": { "type": "Polygon", "coordinates": [ [ [ 545631.41, 6860736.13 ], [ 545622.85, 6860737.33 ], [ 545623.23, 6860740.58 ], [ 545631.71, 6860738.5 ], [ 545631.41, 6860736.13 ] ] ] } },
{ "type": "Feature", "properties": { }, "geometry": { "type": "Polygon", "coordinates": [ [ [ 545466.65, 6860745.45 ], [ 545468.34, 6860739.97 ], [ 545463.67, 6860738.45 ], [ 545461.98, 6860743.93 ], [ 545466.65, 6860745.45 ] ] ] } },
{ "type": "Feature", "properties": { }, "geometry": { "type": "Polygon", "coordinates": [ [ [ 545564.89, 6860740.98 ], [ 545556.56, 6860741.31 ], [ 545556.63, 6860743.44 ], [ 545565.62, 6860744.23 ], [ 545564.89, 6860740.98 ] ] ] } },
{ "type": "Feature", "properties": { }, "geometry": { "type": "Polygon", "coordinates": [ [ [ 545848.24, 6860742.29 ], [ 545846.23, 6860744.11 ], [ 545852.64, 6860745.84 ], [ 545854.64, 6860743.82 ], [ 545848.24, 6860742.29 ] ] ] } },
{ "type": "Feature", "properties": { }, "geometry": { "type": "Polygon", "coordinates": [ [ [ 545427.05, 6860886.0 ], [ 545425.61, 6860890.57 ], [ 545428.7, 6860891.5 ], [ 545430.2, 6860886.65 ], [ 545427.05, 6860886.0 ] ] ] } },
{ "type": "Feature", "properties": { }, "geometry": { "type": "Polygon", "coordinates": [ [ [ 545440.27, 6863405.72 ], [ 545452.48, 6863351.51 ], [ 545447.29, 6863350.42 ], [ 545435.14, 6863404.47 ], [ 545440.27, 6863405.72 ] ] ] } },
{ "type": "Feature", "properties": { }, "geometry": { "type": "Polygon", "coordinates": [ [ [ 545414.1, 6865131.21 ], [ 545355.52, 6865112.41 ], [ 545358.18, 6865103.58 ], [ 545354.86, 6865102.68 ], [ 545342.16, 6865149.84 ], [ 545345.4, 6865150.82 ], [ 545348.45, 6865138.72 ], [ 545407.46, 6865157.67 ], [ 545405.03, 6865166.78 ], [ 545407.35, 6865167.5 ], [ 545419.17, 6865123.18 ], [ 545416.46, 6865122.23 ], [ 545414.1, 6865131.21 ] ] ] } },
{ "type": "Feature", "properties": { }, "geometry": { "type": "Polygon", "coordinates": [ [ [ 545639.03, 6865196.12 ], [ 545636.12, 6865195.19 ], [ 545625.78, 6865237.13 ], [ 545628.68, 6865238.05 ], [ 545630.41, 6865230.27 ], [ 545666.58, 6865241.44 ], [ 545664.59, 6865249.5 ], [ 545667.5, 6865250.39 ], [ 545677.85, 6865208.59 ], [ 545674.97, 6865207.61 ], [ 545672.94, 6865215.79 ], [ 545637.03, 6865204.23 ], [ 545639.03, 6865196.12 ] ] ] } },
{ "type": "Feature", "properties": { }, "geometry": { "type": "Polygon", "coordinates": [ [ [ 545843.48, 6865539.45 ], [ 545892.34, 6865555.52 ], [ 545894.36, 6865555.83 ], [ 545894.98, 6865553.88 ], [ 545908.27, 6865558.06 ], [ 545907.68, 6865560.02 ], [ 545909.47, 6865560.94 ], [ 545972.87, 6865580.08 ], [ 545981.88, 6865551.55 ], [ 545918.89, 6865530.96 ], [ 545916.81, 6865530.67 ], [ 545916.16, 6865532.74 ], [ 545902.99, 6865528.59 ], [ 545903.62, 6865526.51 ], [ 545901.78, 6865525.6 ], [ 545852.83, 6865511.02 ], [ 545843.48, 6865539.45 ] ] ] } },
{ "type": "Feature", "properties": { }, "geometry": { "type": "Polygon", "coordinates": [ [ [ 545766.37, 6865753.81 ], [ 545753.55, 6865750.56 ], [ 545750.64, 6865760.15 ], [ 545763.23, 6865763.7 ], [ 545766.37, 6865753.81 ] ] ] } },
{ "type": "Feature", "properties": { }, "geometry": { "type": "Polygon", "coordinates": [ [ [ 545693.31, 6865985.72 ], [ 545702.88, 6865954.81 ], [ 545690.8, 6865951.23 ], [ 545681.08, 6865982.13 ], [ 545693.31, 6865985.72 ] ] ] } },
{ "type": "Feature", "properties": { }, "geometry": { "type": "Polygon", "coordinates": [ [ [ 545836.7, 6866029.83 ], [ 545855.92, 6866035.63 ], [ 545866.03, 6866003.54 ], [ 545846.82, 6865997.93 ], [ 545836.7, 6866029.83 ] ] ] } },
{ "type": "Feature", "properties": { }, "geometry": { "type": "Polygon", "coordinates": [ [ [ 545669.2, 6866124.54 ], [ 545719.28, 6866139.91 ], [ 545720.5, 6866135.93 ], [ 545736.08, 6866140.71 ], [ 545734.87, 6866144.69 ], [ 545785.04, 6866160.07 ], [ 545789.79, 6866144.4 ], [ 545739.62, 6866129.03 ], [ 545738.39, 6866133.08 ], [ 545722.82, 6866128.3 ], [ 545724.05, 6866124.25 ], [ 545673.97, 6866108.86 ], [ 545669.2, 6866124.54 ] ] ] } },
{ "type": "Feature", "properties": { }, "geometry": { "type": "Polygon", "coordinates": [ [ [ 545597.58, 6866291.7 ], [ 545606.91, 6866262.45 ], [ 545594.63, 6866258.68 ], [ 545585.26, 6866288.29 ], [ 545597.58, 6866291.7 ] ] ] } },
{ "type": "Feature", "properties": { }, "geometry": { "type": "Polygon", "coordinates": [ [ [ 545757.83, 6866343.69 ], [ 545767.55, 6866311.35 ], [ 545754.95, 6866307.67 ], [ 545745.36, 6866339.87 ], [ 545757.83, 6866343.69 ] ] ] } },
{ "type": "Feature", "properties": { }, "geometry": { "type": "Polygon", "coordinates": [ [ [ 545523.25, 6866527.86 ], [ 545532.86, 6866496.37 ], [ 545520.88, 6866492.63 ], [ 545511.26, 6866524.15 ], [ 545523.25, 6866527.86 ] ] ] } },
{ "type": "Feature", "properties": { }, "geometry": { "type": "Polygon", "coordinates": [ [ [ 545690.3, 6866579.89 ], [ 545687.08, 6866571.11 ], [ 545684.19, 6866570.23 ], [ 545690.12, 6866551.64 ], [ 545693.75, 6866552.8 ], [ 545700.37, 6866546.96 ], [ 545676.27, 6866539.55 ], [ 545677.64, 6866547.64 ], [ 545680.31, 6866548.5 ], [ 545674.33, 6866567.25 ], [ 545671.72, 6866566.46 ], [ 545664.44, 6866571.6 ], [ 545690.3, 6866579.89 ] ] ] } },
{ "type": "Feature", "properties": { }, "geometry": { "type": "Polygon", "coordinates": [ [ [ 545558.93, 6866620.54 ], [ 545558.61, 6866615.76 ], [ 545556.16, 6866616.98 ], [ 545555.09, 6866619.02 ], [ 545532.92, 6866610.21 ], [ 545520.49, 6866642.13 ], [ 545542.63, 6866650.9 ], [ 545542.01, 6866653.13 ], [ 545542.97, 6866655.71 ], [ 545545.46, 6866654.48 ], [ 545546.52, 6866652.45 ], [ 545568.13, 6866661.02 ], [ 545567.51, 6866663.25 ], [ 545568.46, 6866665.82 ], [ 545570.91, 6866664.6 ], [ 545571.97, 6866662.54 ], [ 545594.14, 6866671.33 ], [ 545606.69, 6866639.52 ], [ 545584.53, 6866630.71 ], [ 545585.14, 6866628.48 ], [ 545584.18, 6866625.92 ], [ 545581.74, 6866627.13 ], [ 545580.67, 6866629.18 ], [ 545558.93, 6866620.54 ] ] ] } },
{ "type": "Feature", "properties": { }, "geometry": { "type": "Polygon", "coordinates": [ [ [ 545478.19, 6867194.79 ], [ 545469.3, 6867201.11 ], [ 545476.12, 6867209.87 ], [ 545484.94, 6867203.41 ], [ 545478.19, 6867194.79 ] ] ] } },
{ "type": "Feature", "properties": { }, "geometry": { "type": "Polygon", "coordinates": [ [ [ 545798.94, 6867215.46 ], [ 545780.28, 6867228.11 ], [ 545788.47, 6867240.28 ], [ 545807.12, 6867227.64 ], [ 545798.94, 6867215.46 ] ] ] } },
{ "type": "Feature", "properties": { }, "geometry": { "type": "Polygon", "coordinates": [ [ [ 545572.14, 6867226.67 ], [ 545613.28, 6867271.95 ], [ 545625.06, 6867264.0 ], [ 545578.11, 6867212.09 ], [ 545562.04, 6867222.85 ], [ 545566.91, 6867227.9 ], [ 545568.45, 6867226.5 ], [ 545572.14, 6867226.67 ] ] ] } },
{ "type": "Feature", "properties": { }, "geometry": { "type": "Polygon", "coordinates": [ [ [ 545611.89, 6867407.01 ], [ 545617.2, 6867395.19 ], [ 545609.05, 6867391.42 ], [ 545603.51, 6867403.13 ], [ 545611.89, 6867407.01 ] ] ] } },
{ "type": "Feature", "properties": { }, "geometry": { "type": "Polygon", "coordinates": [ [ [ 545652.72, 6867485.36 ], [ 545645.3, 6867479.04 ], [ 545640.89, 6867487.06 ], [ 545648.07, 6867493.45 ], [ 545652.72, 6867485.36 ] ] ] } },
{ "type": "Feature", "properties": { }, "geometry": { "type": "Polygon", "coordinates": [ [ [ 545715.63, 6867581.02 ], [ 545718.21, 6867589.83 ], [ 545725.51, 6867582.96 ], [ 545722.86, 6867574.12 ], [ 545715.63, 6867581.02 ] ] ] } },
{ "type": "Feature", "properties": { }, "geometry": { "type": "Polygon", "coordinates": [ [ [ 545751.2, 6867672.23 ], [ 545747.72, 6867662.19 ], [ 545740.25, 6867668.67 ], [ 545743.82, 6867678.68 ], [ 545751.2, 6867672.23 ] ] ] } },
{ "type": "Feature", "properties": { }, "geometry": { "type": "Polygon", "coordinates": [ [ [ 545781.21, 6867754.38 ], [ 545776.89, 6867747.75 ], [ 545768.35, 6867755.08 ], [ 545772.55, 6867762.03 ], [ 545781.21, 6867754.38 ] ] ] } },
{ "type": "Feature", "properties": { }, "geometry": { "type": "Polygon", "coordinates": [ [ [ 545793.7, 6867750.1 ], [ 545787.96, 6867755.32 ], [ 545794.16, 6867762.08 ], [ 545799.9, 6867756.86 ], [ 545793.7, 6867750.1 ] ] ] } },
{ "type": "Feature", "properties": { }, "geometry": { "type": "Polygon", "coordinates": [ [ [ 545677.45, 6867852.88 ], [ 545686.83, 6867863.17 ], [ 545689.82, 6867860.56 ], [ 545680.38, 6867850.2 ], [ 545677.45, 6867852.88 ] ] ] } },
{ "type": "Feature", "properties": { }, "geometry": { "type": "Polygon", "coordinates": [ [ [ 545610.58, 6867914.8 ], [ 545593.06, 6867921.81 ], [ 545597.13, 6867935.96 ], [ 545613.89, 6867926.3 ], [ 545610.58, 6867914.8 ] ] ] } },
{ "type": "Feature", "properties": { }, "geometry": { "type": "Polygon", "coordinates": [ [ [ 545825.35, 6867965.87 ], [ 545882.56, 6867992.99 ], [ 545888.15, 6867981.14 ], [ 545830.94, 6867954.02 ], [ 545825.35, 6867965.87 ] ] ] } },
{ "type": "Feature", "properties": { }, "geometry": { "type": "Polygon", "coordinates": [ [ [ 545378.4, 6867977.91 ], [ 545383.69, 6867985.69 ], [ 545391.44, 6867982.36 ], [ 545386.82, 6867974.28 ], [ 545378.4, 6867977.91 ] ] ] } },
{ "type": "Feature", "properties": { }, "geometry": { "type": "Polygon", "coordinates": [ [ [ 545626.21, 6868044.63 ], [ 545594.93, 6868062.13 ], [ 545599.49, 6868078.37 ], [ 545631.1, 6868060.91 ], [ 545626.21, 6868044.63 ] ] ] } },
{ "type": "Feature", "properties": { }, "geometry": { "type": "Polygon", "coordinates": [ [ [ 545481.47, 6868133.14 ], [ 545490.43, 6868127.75 ], [ 545484.41, 6868118.81 ], [ 545475.68, 6868124.05 ], [ 545481.47, 6868133.14 ] ] ] } },
{ "type": "Feature", "properties": { }, "geometry": { "type": "Polygon", "coordinates": [ [ [ 545382.64, 6868169.13 ], [ 545389.65, 6868180.5 ], [ 545414.35, 6868171.04 ], [ 545407.38, 6868159.74 ], [ 545382.64, 6868169.13 ] ] ] } },
{ "type": "Feature", "properties": { }, "geometry": { "type": "Polygon", "coordinates": [ [ [ 545553.33, 6868246.13 ], [ 545553.55, 6868241.82 ], [ 545538.66, 6868244.91 ], [ 545538.76, 6868249.16 ], [ 545553.33, 6868246.13 ] ] ] } },
{ "type": "Feature", "properties": { }, "geometry": { "type": "Polygon", "coordinates": [ [ [ 545472.23, 6868274.45 ], [ 545459.66, 6868282.37 ], [ 545449.57, 6868287.02 ], [ 545450.92, 6868289.08 ], [ 545453.87, 6868289.09 ], [ 545457.55, 6868294.71 ], [ 545456.4, 6868297.43 ], [ 545457.74, 6868299.48 ], [ 545466.01, 6868292.49 ], [ 545489.11, 6868277.99 ], [ 545487.62, 6868276.03 ], [ 545484.68, 6868276.23 ], [ 545481.4, 6868271.93 ], [ 545482.36, 6868269.13 ], [ 545480.86, 6868267.17 ], [ 545472.23, 6868274.45 ] ] ] } },
{ "type": "Feature", "properties": { }, "geometry": { "type": "Polygon", "coordinates": [ [ [ 545535.35, 6868373.05 ], [ 545540.15, 6868366.97 ], [ 545532.24, 6868359.41 ], [ 545527.44, 6868365.49 ], [ 545535.35, 6868373.05 ] ] ] } },
{ "type": "Feature", "properties": { }, "geometry": { "type": "Polygon", "coordinates": [ [ [ 545744.69, 6868437.75 ], [ 545740.93, 6868448.3 ], [ 545786.94, 6868482.76 ], [ 545793.23, 6868473.95 ], [ 545744.69, 6868437.75 ] ] ] } },
{ "type": "Feature", "properties": { }, "geometry": { "type": "Polygon", "coordinates": [ [ [ 545801.09, 6868472.35 ], [ 545857.33, 6868568.25 ], [ 545894.47, 6868545.84 ], [ 545829.08, 6868435.92 ], [ 545828.47, 6868436.64 ], [ 545827.75, 6868435.31 ], [ 545801.09, 6868472.35 ] ] ] } },
{ "type": "Feature", "properties": { }, "geometry": { "type": "Polygon", "coordinates": [ [ [ 545698.1, 6868499.58 ], [ 545748.49, 6868536.8 ], [ 545754.48, 6868528.41 ], [ 545704.46, 6868491.25 ], [ 545698.1, 6868499.58 ] ] ] } },
{ "type": "Feature", "properties": { }, "geometry": { "type": "Polygon", "coordinates": [ [ [ 545823.73, 6868593.14 ], [ 545832.06, 6868607.17 ], [ 545867.78, 6868585.82 ], [ 545859.4, 6868571.65 ], [ 545823.73, 6868593.14 ] ] ] } },
{ "type": "Feature", "properties": { }, "geometry": { "type": "Polygon", "coordinates": [ [ [ 545731.36, 6868628.91 ], [ 545741.25, 6868627.82 ], [ 545752.54, 6868631.44 ], [ 545771.07, 6868627.03 ], [ 545766.63, 6868613.78 ], [ 545758.58, 6868617.44 ], [ 545753.64, 6868616.78 ], [ 545740.26, 6868609.55 ], [ 545728.96, 6868595.32 ], [ 545736.91, 6868567.75 ], [ 545730.07, 6868562.87 ], [ 545727.7, 6868566.23 ], [ 545732.23, 6868569.42 ], [ 545726.44, 6868589.16 ], [ 545724.66, 6868589.9 ], [ 545725.36, 6868594.76 ], [ 545723.97, 6868597.7 ], [ 545678.32, 6868613.8 ], [ 545686.19, 6868637.22 ], [ 545728.87, 6868622.72 ], [ 545731.36, 6868628.91 ] ] ] } },
{ "type": "Feature", "properties": { }, "geometry": { "type": "Polygon", "coordinates": [ [ [ 545584.94, 6868657.73 ], [ 545593.67, 6868652.51 ], [ 545604.41, 6868650.22 ], [ 545618.27, 6868591.49 ], [ 545599.28, 6868593.23 ], [ 545595.22, 6868610.51 ], [ 545598.83, 6868612.84 ], [ 545590.73, 6868646.61 ], [ 545583.25, 6868655.92 ], [ 545584.94, 6868657.73 ] ] ] } },
{ "type": "Feature", "properties": { }, "geometry": { "type": "Polygon", "coordinates": [ [ [ 545699.3, 6869725.08 ], [ 545712.78, 6869735.02 ], [ 545745.54, 6869688.15 ], [ 545733.42, 6869679.23 ], [ 545699.3, 6869725.08 ] ] ] } },
{ "type": "Feature", "properties": { }, "geometry": { "type": "Polygon", "coordinates": [ [ [ 545823.04, 6869823.79 ], [ 545860.17, 6869773.54 ], [ 545855.44, 6869770.06 ], [ 545818.3, 6869820.39 ], [ 545823.04, 6869823.79 ] ] ] } },
{ "type": "Feature", "properties": { }, "geometry": { "type": "Polygon", "coordinates": [ [ [ 545870.01, 6871898.77 ], [ 545858.05, 6871879.69 ], [ 545851.57, 6871883.46 ], [ 545863.83, 6871903.04 ], [ 545870.01, 6871898.77 ] ] ] } },
{ "type": "Feature", "properties": { }, "geometry": { "type": "Polygon", "coordinates": [ [ [ 545833.05, 6871895.08 ], [ 545845.31, 6871914.66 ], [ 545857.48, 6871907.03 ], [ 545845.26, 6871887.42 ], [ 545833.05, 6871895.08 ] ] ] } },
{ "type": "Feature", "properties": { }, "geometry": { "type": "Polygon", "coordinates": [ [ [ 545832.49, 6871922.41 ], [ 545838.99, 6871918.65 ], [ 545826.75, 6871899.04 ], [ 545820.51, 6871903.26 ], [ 545832.49, 6871922.41 ] ] ] } },
{ "type": "Feature", "properties": { }, "geometry": { "type": "Polygon", "coordinates": [ [ [ 545734.32, 6872473.81 ], [ 545738.02, 6872479.89 ], [ 545754.57, 6872469.44 ], [ 545750.77, 6872463.36 ], [ 545734.32, 6872473.81 ] ] ] } },
{ "type": "Feature", "properties": { }, "geometry": { "type": "Polygon", "coordinates": [ [ [ 545628.97, 6872972.31 ], [ 545600.41, 6872935.79 ], [ 545498.63, 6873016.36 ], [ 545498.05, 6873015.63 ], [ 545495.87, 6873017.36 ], [ 545496.45, 6873018.09 ], [ 545453.62, 6873051.68 ], [ 545452.05, 6873049.67 ], [ 545449.11, 6873051.98 ], [ 545450.13, 6873053.28 ], [ 545446.18, 6873056.39 ], [ 545444.95, 6873054.22 ], [ 545442.04, 6873056.52 ], [ 545443.56, 6873058.46 ], [ 545416.45, 6873079.79 ], [ 545413.39, 6873081.01 ], [ 545413.09, 6873083.26 ], [ 545418.12, 6873079.3 ], [ 545436.63, 6873102.9 ], [ 545430.04, 6873108.85 ], [ 545433.02, 6873106.57 ], [ 545433.59, 6873107.3 ], [ 545438.35, 6873102.38 ], [ 545447.3, 6873113.74 ], [ 545466.47, 6873098.81 ], [ 545467.24, 6873099.81 ], [ 545481.93, 6873087.91 ], [ 545481.39, 6873087.2 ], [ 545497.09, 6873074.97 ], [ 545497.68, 6873075.74 ], [ 545502.53, 6873071.76 ], [ 545502.04, 6873071.13 ], [ 545524.1, 6873053.95 ], [ 545524.56, 6873054.56 ], [ 545628.97, 6872972.31 ] ], [ [ 545464.0, 6873074.63 ], [ 545462.43, 6873075.87 ], [ 545453.39, 6873064.34 ], [ 545454.95, 6873063.1 ], [ 545464.0, 6873074.63 ] ] ] } },
{ "type": "Feature", "properties": { }, "geometry": { "type": "Polygon", "coordinates": [ [ [ 545680.6, 6873557.85 ], [ 545690.15, 6873551.58 ], [ 545685.39, 6873544.27 ], [ 545675.91, 6873550.45 ], [ 545680.6, 6873557.85 ] ] ] } },
{ "type": "Feature", "properties": { }, "geometry": { "type": "Polygon", "coordinates": [ [ [ 545655.63, 6873561.31 ], [ 545664.47, 6873573.23 ], [ 545671.15, 6873568.26 ], [ 545662.35, 6873556.38 ], [ 545655.63, 6873561.31 ] ] ] } },
{ "type": "Feature", "properties": { }, "geometry": { "type": "Polygon", "coordinates": [ [ [ 545682.74, 6874935.81 ], [ 545680.62, 6874927.46 ], [ 545660.99, 6874932.71 ], [ 545663.37, 6874940.78 ], [ 545682.74, 6874935.81 ] ] ] } },
{ "type": "Feature", "properties": { }, "geometry": { "type": "Polygon", "coordinates": [ [ [ 545407.91, 6875678.94 ], [ 545411.64, 6875683.94 ], [ 545417.41, 6875679.89 ], [ 545412.56, 6875675.28 ], [ 545407.91, 6875678.94 ] ] ] } },
{ "type": "Feature", "properties": { }, "geometry": { "type": "Polygon", "coordinates": [ [ [ 545422.06, 6875695.84 ], [ 545427.8, 6875691.49 ], [ 545424.03, 6875686.43 ], [ 545417.85, 6875691.03 ], [ 545422.06, 6875695.84 ] ] ] } },
{ "type": "Feature", "properties": { }, "geometry": { "type": "Polygon", "coordinates": [ [ [ 545431.42, 6875706.41 ], [ 545436.22, 6875703.05 ], [ 545432.66, 6875698.17 ], [ 545427.62, 6875702.02 ], [ 545431.42, 6875706.41 ] ] ] } },
{ "type": "Feature", "properties": { }, "geometry": { "type": "Polygon", "coordinates": [ [ [ 545445.62, 6875716.65 ], [ 545442.14, 6875711.05 ], [ 545438.49, 6875714.44 ], [ 545441.62, 6875718.85 ], [ 545445.62, 6875716.65 ] ] ] } },
{ "type": "Feature", "properties": { }, "geometry": { "type": "Polygon", "coordinates": [ [ [ 545450.9, 6875731.29 ], [ 545454.89, 6875728.38 ], [ 545451.74, 6875724.74 ], [ 545447.8, 6875727.66 ], [ 545450.9, 6875731.29 ] ] ] } },
{ "type": "Feature", "properties": { }, "geometry": { "type": "Polygon", "coordinates": [ [ [ 545460.83, 6875745.84 ], [ 545465.6, 6875743.38 ], [ 545461.16, 6875737.5 ], [ 545457.67, 6875740.19 ], [ 545460.83, 6875745.84 ] ] ] } },
{ "type": "Feature", "properties": { }, "geometry": { "type": "Polygon", "coordinates": [ [ [ 545477.06, 6875759.84 ], [ 545472.54, 6875763.09 ], [ 545473.96, 6875765.19 ], [ 545478.52, 6875761.92 ], [ 545477.06, 6875759.84 ] ] ] } },
{ "type": "Feature", "properties": { }, "geometry": { "type": "Polygon", "coordinates": [ [ [ 545479.51, 6875763.34 ], [ 545475.09, 6875766.85 ], [ 545477.96, 6875771.08 ], [ 545483.16, 6875768.59 ], [ 545479.51, 6875763.34 ] ] ] } },
{ "type": "Feature", "properties": { }, "geometry": { "type": "Polygon", "coordinates": [ [ [ 545481.77, 6875777.7 ], [ 545487.86, 6875775.59 ], [ 545484.35, 6875770.3 ], [ 545479.5, 6875773.35 ], [ 545481.77, 6875777.7 ] ] ] } },
{ "type": "Feature", "properties": { }, "geometry": { "type": "Polygon", "coordinates": [ [ [ 545496.5, 6875788.34 ], [ 545492.12, 6875792.17 ], [ 545495.53, 6875796.67 ], [ 545500.62, 6875794.37 ], [ 545496.5, 6875788.34 ] ] ] } },
{ "type": "Feature", "properties": { }, "geometry": { "type": "Polygon", "coordinates": [ [ [ 545508.93, 6875817.15 ], [ 545510.76, 6875821.63 ], [ 545518.61, 6875818.18 ], [ 545516.05, 6875813.15 ], [ 545508.93, 6875817.15 ] ] ] } },
{ "type": "Feature", "properties": { }, "geometry": { "type": "Polygon", "coordinates": [ [ [ 545525.6, 6875836.07 ], [ 545518.17, 6875838.93 ], [ 545520.7, 6875845.68 ], [ 545528.14, 6875842.5 ], [ 545525.6, 6875836.07 ] ] ] } },
{ "type": "Feature", "properties": { }, "geometry": { "type": "Polygon", "coordinates": [ [ [ 545531.45, 6875854.2 ], [ 545525.54, 6875858.16 ], [ 545527.31, 6875863.28 ], [ 545533.66, 6875860.65 ], [ 545531.45, 6875854.2 ] ] ] } },
{ "type": "Feature", "properties": { }, "geometry": { "type": "Polygon", "coordinates": [ [ [ 545403.43, 6875864.62 ], [ 545397.49, 6875867.23 ], [ 545400.31, 6875873.45 ], [ 545406.12, 6875870.7 ], [ 545403.43, 6875864.62 ] ] ] } },
{ "type": "Feature", "properties": { }, "geometry": { "type": "Polygon", "coordinates": [ [ [ 545538.2, 6875874.79 ], [ 545532.0, 6875877.14 ], [ 545532.46, 6875879.19 ], [ 545538.91, 6875876.82 ], [ 545538.2, 6875874.79 ] ] ] } },
{ "type": "Feature", "properties": { }, "geometry": { "type": "Polygon", "coordinates": [ [ [ 545538.27, 6875896.24 ], [ 545545.18, 6875896.01 ], [ 545542.07, 6875887.32 ], [ 545536.67, 6875891.75 ], [ 545538.27, 6875896.24 ] ] ] } },
{ "type": "Feature", "properties": { }, "geometry": { "type": "Polygon", "coordinates": [ [ [ 545552.21, 6875916.45 ], [ 545550.47, 6875911.98 ], [ 545544.13, 6875914.77 ], [ 545546.3, 6875919.57 ], [ 545552.21, 6875916.45 ] ] ] } },
{ "type": "Feature", "properties": { }, "geometry": { "type": "Polygon", "coordinates": [ [ [ 545561.42, 6875960.59 ], [ 545559.44, 6875954.34 ], [ 545554.99, 6875956.11 ], [ 545562.31, 6875970.7 ], [ 545567.07, 6875968.86 ], [ 545561.42, 6875960.59 ] ] ] } },
{ "type": "Feature", "properties": { }, "geometry": { "type": "Polygon", "coordinates": [ [ [ 545572.54, 6875975.69 ], [ 545566.93, 6875977.91 ], [ 545569.49, 6875982.53 ], [ 545576.24, 6875979.75 ], [ 545572.54, 6875975.69 ] ] ] } },
{ "type": "Feature", "properties": { }, "geometry": { "type": "Polygon", "coordinates": [ [ [ 545571.6, 6875985.98 ], [ 545574.92, 6875990.72 ], [ 545581.38, 6875988.0 ], [ 545579.16, 6875982.95 ], [ 545571.6, 6875985.98 ] ] ] } },
{ "type": "Feature", "properties": { }, "geometry": { "type": "Polygon", "coordinates": [ [ [ 545581.94, 6876005.21 ], [ 545586.7, 6876004.37 ], [ 545584.63, 6875996.7 ], [ 545579.83, 6875999.27 ], [ 545581.94, 6876005.21 ] ] ] } },
{ "type": "Feature", "properties": { }, "geometry": { "type": "Polygon", "coordinates": [ [ [ 545497.2, 6876006.29 ], [ 545486.43, 6876010.6 ], [ 545488.44, 6876015.52 ], [ 545499.16, 6876011.15 ], [ 545497.2, 6876006.29 ] ] ] } },
{ "type": "Feature", "properties": { }, "geometry": { "type": "Polygon", "coordinates": [ [ [ 545581.93, 6876035.76 ], [ 545581.91, 6876037.75 ], [ 545589.51, 6876034.6 ], [ 545589.36, 6876032.91 ], [ 545581.93, 6876035.76 ] ] ] } },
{ "type": "Feature", "properties": { }, "geometry": { "type": "Polygon", "coordinates": [ [ [ 545590.83, 6876045.96 ], [ 545590.17, 6876041.13 ], [ 545582.78, 6876043.83 ], [ 545583.96, 6876049.03 ], [ 545590.83, 6876045.96 ] ] ] } },
{ "type": "Feature", "properties": { }, "geometry": { "type": "Polygon", "coordinates": [ [ [ 545822.14, 6876051.51 ], [ 545824.93, 6876058.83 ], [ 545826.34, 6876058.07 ], [ 545823.89, 6876050.89 ], [ 545822.14, 6876051.51 ] ] ] } },
{ "type": "Feature", "properties": { }, "geometry": { "type": "Polygon", "coordinates": [ [ [ 545593.24, 6876059.36 ], [ 545592.03, 6876054.6 ], [ 545585.36, 6876057.31 ], [ 545586.83, 6876061.82 ], [ 545593.24, 6876059.36 ] ] ] } },
{ "type": "Feature", "properties": { }, "geometry": { "type": "Polygon", "coordinates": [ [ [ 545807.57, 6876065.5 ], [ 545804.78, 6876058.1 ], [ 545797.53, 6876060.38 ], [ 545800.26, 6876067.8 ], [ 545807.57, 6876065.5 ] ] ] } },
{ "type": "Feature", "properties": { }, "geometry": { "type": "Polygon", "coordinates": [ [ [ 545786.52, 6876073.04 ], [ 545795.72, 6876069.44 ], [ 545793.92, 6876064.8 ], [ 545796.24, 6876060.87 ], [ 545781.51, 6876067.84 ], [ 545784.76, 6876069.17 ], [ 545786.52, 6876073.04 ] ] ] } },
{ "type": "Feature", "properties": { }, "geometry": { "type": "Polygon", "coordinates": [ [ [ 545592.06, 6876069.12 ], [ 545596.3, 6876072.46 ], [ 545604.48, 6876069.57 ], [ 545599.57, 6876065.81 ], [ 545592.06, 6876069.12 ] ] ] } },
{ "type": "Feature", "properties": { }, "geometry": { "type": "Polygon", "coordinates": [ [ [ 545775.98, 6876077.07 ], [ 545773.45, 6876070.35 ], [ 545768.05, 6876072.41 ], [ 545770.39, 6876078.82 ], [ 545775.98, 6876077.07 ] ] ] } },
{ "type": "Feature", "properties": { }, "geometry": { "type": "Polygon", "coordinates": [ [ [ 545604.83, 6876077.17 ], [ 545611.75, 6876078.48 ], [ 545614.36, 6876076.57 ], [ 545610.07, 6876074.09 ], [ 545604.83, 6876077.17 ] ] ] } },
{ "type": "Feature", "properties": { }, "geometry": { "type": "Polygon", "coordinates": [ [ [ 545747.57, 6876086.99 ], [ 545752.92, 6876085.53 ], [ 545750.39, 6876079.2 ], [ 545745.22, 6876081.01 ], [ 545747.57, 6876086.99 ] ] ] } },
{ "type": "Feature", "properties": { }, "geometry": { "type": "Polygon", "coordinates": [ [ [ 545624.37, 6876082.39 ], [ 545618.71, 6876087.8 ], [ 545623.06, 6876091.17 ], [ 545629.28, 6876086.18 ], [ 545624.37, 6876082.39 ] ] ] } },
{ "type": "Feature", "properties": { }, "geometry": { "type": "Polygon", "coordinates": [ [ [ 545735.04, 6876084.83 ], [ 545728.79, 6876087.63 ], [ 545731.15, 6876094.18 ], [ 545737.41, 6876090.94 ], [ 545735.04, 6876084.83 ] ] ] } },
{ "type": "Feature", "properties": { }, "geometry": { "type": "Polygon", "coordinates": [ [ [ 545705.86, 6876095.84 ], [ 545709.09, 6876103.58 ], [ 545714.55, 6876101.87 ], [ 545713.3, 6876093.71 ], [ 545705.86, 6876095.84 ] ] ] } },
{ "type": "Feature", "properties": { }, "geometry": { "type": "Polygon", "coordinates": [ [ [ 545685.88, 6876100.61 ], [ 545689.1, 6876108.38 ], [ 545694.89, 6876106.96 ], [ 545693.12, 6876098.87 ], [ 545685.88, 6876100.61 ] ] ] } },
{ "type": "Feature", "properties": { }, "geometry": { "type": "Polygon", "coordinates": [ [ [ 546256.81, 6860483.55 ], [ 546259.04, 6860477.14 ], [ 546253.95, 6860475.38 ], [ 546251.64, 6860482.0 ], [ 546256.81, 6860483.55 ] ] ] } },
{ "type": "Feature", "properties": { }, "geometry": { "type": "Polygon", "coordinates": [ [ [ 546130.56, 6860517.79 ], [ 546134.66, 6860512.8 ], [ 546126.88, 6860508.96 ], [ 546123.99, 6860514.36 ], [ 546130.56, 6860517.79 ] ] ] } },
{ "type": "Feature", "properties": { }, "geometry": { "type": "Polygon", "coordinates": [ [ [ 545914.77, 6860785.77 ], [ 545918.4, 6860783.88 ], [ 545913.65, 6860778.95 ], [ 545910.92, 6860781.77 ], [ 545914.77, 6860785.77 ] ] ] } },
{ "type": "Feature", "properties": { }, "geometry": { "type": "Polygon", "coordinates": [ [ [ 546054.89, 6861060.44 ], [ 546052.62, 6861059.95 ], [ 546059.31, 6861072.23 ], [ 546060.12, 6861070.04 ], [ 546054.89, 6861060.44 ] ] ] } },
{ "type": "Feature", "properties": { }, "geometry": { "type": "Polygon", "coordinates": [ [ [ 546046.55, 6861062.17 ], [ 546054.16, 6861076.15 ], [ 546056.6, 6861074.82 ], [ 546048.99, 6861060.84 ], [ 546046.55, 6861062.17 ] ] ] } },
{ "type": "Feature", "properties": { }, "geometry": { "type": "Polygon", "coordinates": [ [ [ 546127.18, 6861130.7 ], [ 546148.35, 6861125.09 ], [ 546150.8, 6861127.95 ], [ 546146.66, 6861111.41 ], [ 546145.87, 6861114.9 ], [ 546124.57, 6861120.4 ], [ 546122.2, 6861117.73 ], [ 546126.46, 6861134.4 ], [ 546127.18, 6861130.7 ] ] ] } },
{ "type": "Feature", "properties": { }, "geometry": { "type": "Polygon", "coordinates": [ [ [ 545908.96, 6863472.48 ], [ 545910.07, 6863474.05 ], [ 545905.53, 6863493.92 ], [ 545903.8, 6863494.68 ], [ 545904.96, 6863496.38 ], [ 545903.12, 6863504.48 ], [ 545951.37, 6863515.65 ], [ 545953.24, 6863507.51 ], [ 545955.05, 6863506.48 ], [ 545953.81, 6863505.02 ], [ 545958.35, 6863485.19 ], [ 545960.06, 6863484.25 ], [ 545958.98, 6863482.44 ], [ 545960.88, 6863474.15 ], [ 545912.59, 6863462.99 ], [ 545910.69, 6863471.34 ], [ 545908.96, 6863472.48 ] ] ] } },
{ "type": "Feature", "properties": { }, "geometry": { "type": "Polygon", "coordinates": [ [ [ 546085.82, 6864754.73 ], [ 546084.6, 6864751.97 ], [ 546082.14, 6864753.83 ], [ 546076.77, 6864751.7 ], [ 546070.06, 6864745.26 ], [ 546060.9, 6864779.36 ], [ 546073.01, 6864779.43 ], [ 546075.13, 6864779.95 ], [ 546076.35, 6864782.7 ], [ 546078.79, 6864780.92 ], [ 546094.46, 6864785.06 ], [ 546095.66, 6864787.91 ], [ 546098.12, 6864786.03 ], [ 546114.04, 6864790.31 ], [ 546113.79, 6864793.24 ], [ 546117.4, 6864798.59 ], [ 546123.2, 6864795.77 ], [ 546124.5, 6864792.92 ], [ 546146.41, 6864798.66 ], [ 546146.02, 6864801.91 ], [ 546149.61, 6864807.28 ], [ 546155.41, 6864804.5 ], [ 546156.7, 6864801.8 ], [ 546172.8, 6864806.19 ], [ 546173.99, 6864809.04 ], [ 546176.45, 6864807.18 ], [ 546192.34, 6864811.46 ], [ 546193.54, 6864814.32 ], [ 546196.0, 6864812.44 ], [ 546197.93, 6864813.02 ], [ 546208.5, 6864819.1 ], [ 546217.31, 6864787.02 ], [ 546205.02, 6864787.09 ], [ 546202.94, 6864786.56 ], [ 546201.78, 6864783.58 ], [ 546199.28, 6864785.6 ], [ 546183.4, 6864781.29 ], [ 546182.24, 6864778.31 ], [ 546179.74, 6864780.3 ], [ 546163.81, 6864775.98 ], [ 546164.17, 6864772.8 ], [ 546160.59, 6864767.39 ], [ 546154.71, 6864770.27 ], [ 546153.39, 6864773.28 ], [ 546131.3, 6864767.46 ], [ 546131.73, 6864764.05 ], [ 546128.09, 6864758.62 ], [ 546122.29, 6864761.45 ], [ 546120.99, 6864764.31 ], [ 546105.1, 6864760.02 ], [ 546103.91, 6864757.18 ], [ 546101.44, 6864759.04 ], [ 546085.82, 6864754.73 ] ] ] } },
{ "type": "Feature", "properties": { }, "geometry": { "type": "Polygon", "coordinates": [ [ [ 546079.94, 6865339.37 ], [ 546098.67, 6865284.18 ], [ 545919.53, 6865223.06 ], [ 545900.78, 6865278.26 ], [ 546079.94, 6865339.37 ] ], [ [ 545980.26, 6865296.96 ], [ 545993.71, 6865257.38 ], [ 545994.0, 6865257.47 ], [ 545980.26, 6865296.96 ] ] ] } },
{ "type": "Feature", "properties": { }, "geometry": { "type": "Polygon", "coordinates": [ [ [ 546089.87, 6865380.13 ], [ 546087.14, 6865381.13 ], [ 546088.91, 6865383.3 ], [ 546084.92, 6865396.44 ], [ 546103.06, 6865402.8 ], [ 546107.32, 6865388.8 ], [ 546109.46, 6865387.67 ], [ 546108.33, 6865385.51 ], [ 546114.34, 6865366.01 ], [ 546096.01, 6865359.89 ], [ 546089.87, 6865380.13 ] ] ] } },
{ "type": "Feature", "properties": { }, "geometry": { "type": "Polygon", "coordinates": [ [ [ 546042.54, 6865864.35 ], [ 546040.53, 6865866.2 ], [ 546048.41, 6865868.61 ], [ 546047.69, 6865865.79 ], [ 546057.15, 6865835.14 ], [ 546051.99, 6865833.49 ], [ 546042.54, 6865864.35 ] ] ] } },
{ "type": "Feature", "properties": { }, "geometry": { "type": "Polygon", "coordinates": [ [ [ 546097.06, 6865852.89 ], [ 546132.9, 6865864.29 ], [ 546135.92, 6865860.34 ], [ 546096.84, 6865847.88 ], [ 546097.06, 6865852.89 ] ] ] } },
{ "type": "Feature", "properties": { }, "geometry": { "type": "Polygon", "coordinates": [ [ [ 545981.87, 6866018.7 ], [ 545965.72, 6866013.82 ], [ 545962.25, 6866026.57 ], [ 545977.45, 6866031.12 ], [ 545981.87, 6866018.7 ] ] ] } },
{ "type": "Feature", "properties": { }, "geometry": { "type": "Polygon", "coordinates": [ [ [ 546237.11, 6866114.56 ], [ 546176.47, 6866096.59 ], [ 546165.42, 6866127.18 ], [ 546226.02, 6866145.09 ], [ 546237.11, 6866114.56 ] ] ] } },
{ "type": "Feature", "properties": { }, "geometry": { "type": "Polygon", "coordinates": [ [ [ 546123.0, 6866426.03 ], [ 546063.69, 6866407.59 ], [ 546053.84, 6866432.03 ], [ 546112.73, 6866451.33 ], [ 546123.0, 6866426.03 ] ] ] } },
{ "type": "Feature", "properties": { }, "geometry": { "type": "Polygon", "coordinates": [ [ [ 546024.66, 6866657.3 ], [ 545977.75, 6866642.5 ], [ 545972.62, 6866658.56 ], [ 546019.64, 6866673.41 ], [ 546024.66, 6866657.3 ] ] ] } },
{ "type": "Feature", "properties": { }, "geometry": { "type": "Polygon", "coordinates": [ [ [ 546167.28, 6866697.73 ], [ 546172.79, 6866691.34 ], [ 546164.76, 6866684.37 ], [ 546159.24, 6866690.76 ], [ 546167.28, 6866697.73 ] ] ] } },
{ "type": "Feature", "properties": { }, "geometry": { "type": "Polygon", "coordinates": [ [ [ 546245.69, 6866796.79 ], [ 546230.52, 6866805.42 ], [ 546266.08, 6866843.27 ], [ 546281.12, 6866834.5 ], [ 546245.69, 6866796.79 ] ] ] } },
{ "type": "Feature", "properties": { }, "geometry": { "type": "Polygon", "coordinates": [ [ [ 545911.57, 6867488.76 ], [ 545909.18, 6867489.63 ], [ 545910.46, 6867492.19 ], [ 545901.78, 6867504.11 ], [ 545902.81, 6867504.81 ], [ 545900.98, 6867503.67 ], [ 545898.95, 6867504.6 ], [ 545899.17, 6867506.44 ], [ 545900.86, 6867507.66 ], [ 545886.63, 6867527.63 ], [ 545898.18, 6867535.57 ], [ 545911.72, 6867515.12 ], [ 545913.36, 6867516.18 ], [ 545915.16, 6867515.71 ], [ 545914.58, 6867512.9 ], [ 545922.57, 6867500.5 ], [ 545925.43, 6867500.68 ], [ 545925.56, 6867498.48 ], [ 545923.82, 6867497.18 ], [ 545938.07, 6867477.19 ], [ 545926.51, 6867469.27 ], [ 545913.07, 6867489.79 ], [ 545911.57, 6867488.76 ] ], [ [ 545913.56, 6867512.19 ], [ 545914.31, 6867512.71 ], [ 545913.56, 6867512.2 ], [ 545913.56, 6867512.19 ] ] ] } },
{ "type": "Feature", "properties": { }, "geometry": { "type": "Polygon", "coordinates": [ [ [ 545974.92, 6867595.42 ], [ 545976.31, 6867595.58 ], [ 545965.54, 6867588.43 ], [ 545965.76, 6867590.43 ], [ 545953.85, 6867602.25 ], [ 545961.92, 6867608.11 ], [ 545974.92, 6867595.42 ] ] ] } },
{ "type": "Feature", "properties": { }, "geometry": { "type": "Polygon", "coordinates": [ [ [ 546098.54, 6867706.59 ], [ 546099.55, 6867707.68 ], [ 546098.64, 6867708.96 ], [ 546101.22, 6867711.2 ], [ 546103.94, 6867713.16 ], [ 546105.04, 6867711.65 ], [ 546149.52, 6867743.82 ], [ 546157.52, 6867732.6 ], [ 546149.11, 6867726.78 ], [ 546148.2, 6867728.1 ], [ 546105.26, 6867697.09 ], [ 546098.54, 6867706.59 ] ] ] } },
{ "type": "Feature", "properties": { }, "geometry": { "type": "Polygon", "coordinates": [ [ [ 545883.73, 6868302.15 ], [ 545886.11, 6868295.72 ], [ 545889.56, 6868291.95 ], [ 545893.83, 6868289.58 ], [ 545898.84, 6868288.65 ], [ 545838.43, 6868221.65 ], [ 545830.24, 6868229.09 ], [ 545883.73, 6868302.15 ] ] ] } },
{ "type": "Feature", "properties": { }, "geometry": { "type": "Polygon", "coordinates": [ [ [ 545861.91, 6868663.87 ], [ 545906.15, 6868636.81 ], [ 545905.25, 6868635.28 ], [ 545860.73, 6868661.89 ], [ 545859.42, 6868659.69 ], [ 545857.09, 6868661.1 ], [ 545917.93, 6868763.52 ], [ 545964.25, 6868735.68 ], [ 545942.79, 6868699.28 ], [ 545941.54, 6868698.74 ], [ 545939.52, 6868699.87 ], [ 545939.24, 6868702.51 ], [ 545913.89, 6868718.35 ], [ 545901.36, 6868725.71 ], [ 545900.56, 6868724.33 ], [ 545898.06, 6868725.79 ], [ 545896.77, 6868723.51 ], [ 545940.09, 6868696.43 ], [ 545940.22, 6868694.89 ], [ 545931.11, 6868679.36 ], [ 545929.81, 6868679.2 ], [ 545886.45, 6868705.71 ], [ 545883.94, 6868701.35 ], [ 545924.02, 6868676.72 ], [ 545924.41, 6868677.43 ], [ 545927.96, 6868676.13 ], [ 545928.43, 6868674.8 ], [ 545919.37, 6868659.35 ], [ 545918.52, 6868659.86 ], [ 545917.49, 6868657.93 ], [ 545915.42, 6868659.16 ], [ 545916.48, 6868660.92 ], [ 545915.36, 6868662.49 ], [ 545874.79, 6868685.91 ], [ 545872.5, 6868681.83 ], [ 545915.74, 6868655.58 ], [ 545914.56, 6868653.47 ], [ 545915.57, 6868652.87 ], [ 545906.34, 6868637.14 ], [ 545902.07, 6868639.78 ], [ 545902.63, 6868640.83 ], [ 545864.61, 6868663.69 ], [ 545863.99, 6868662.64 ], [ 545861.91, 6868663.87 ] ] ] } },
{ "type": "Feature", "properties": { }, "geometry": { "type": "Polygon", "coordinates": [ [ [ 545960.22, 6868740.15 ], [ 545924.06, 6868761.9 ], [ 545925.8, 6868764.85 ], [ 545961.97, 6868743.07 ], [ 545960.22, 6868740.15 ] ] ] } },
{ "type": "Feature", "properties": { }, "geometry": { "type": "Polygon", "coordinates": [ [ [ 545988.73, 6868786.84 ], [ 545961.84, 6868791.55 ], [ 545953.41, 6868790.67 ], [ 545938.58, 6868784.72 ], [ 545936.44, 6868785.03 ], [ 545933.79, 6868783.08 ], [ 545960.68, 6868833.16 ], [ 545969.71, 6868848.61 ], [ 545974.57, 6868853.94 ], [ 545975.72, 6868854.36 ], [ 546023.09, 6868834.88 ], [ 546018.83, 6868826.46 ], [ 545993.67, 6868787.18 ], [ 545991.18, 6868787.8 ], [ 545988.73, 6868786.84 ] ] ] } },
{ "type": "Feature", "properties": { }, "geometry": { "type": "Polygon", "coordinates": [ [ [ 545981.17, 6868863.4 ], [ 545989.75, 6868877.85 ], [ 546006.25, 6868868.04 ], [ 546038.42, 6868860.96 ], [ 546024.63, 6868837.46 ], [ 545981.17, 6868863.4 ] ], [ [ 546028.32, 6868844.82 ], [ 546028.52, 6868845.16 ], [ 546026.45, 6868845.94 ], [ 546028.32, 6868844.82 ] ] ] } },
{ "type": "Feature", "properties": { }, "geometry": { "type": "Polygon", "coordinates": [ [ [ 545989.89, 6868878.15 ], [ 545994.51, 6868885.71 ], [ 546046.25, 6868874.3 ], [ 546041.84, 6868866.7 ], [ 545989.89, 6868878.15 ] ] ] } },
{ "type": "Feature", "properties": { }, "geometry": { "type": "Polygon", "coordinates": [ [ [ 546042.32, 6869905.65 ], [ 546010.81, 6869947.3 ], [ 546004.37, 6869956.89 ], [ 546017.43, 6869961.75 ], [ 546039.51, 6869931.73 ], [ 546040.43, 6869931.8 ], [ 546040.09, 6869930.94 ], [ 546047.31, 6869921.11 ], [ 546048.26, 6869921.2 ], [ 546047.9, 6869920.32 ], [ 546053.78, 6869912.32 ], [ 546042.32, 6869905.65 ] ] ] } },
{ "type": "Feature", "properties": { }, "geometry": { "type": "Polygon", "coordinates": [ [ [ 546296.79, 6870255.56 ], [ 546293.71, 6870239.48 ], [ 546289.1, 6870224.65 ], [ 546232.88, 6870242.08 ], [ 546237.9, 6870260.8 ], [ 546240.6, 6870281.7 ], [ 546299.23, 6870279.82 ], [ 546296.79, 6870255.56 ] ], [ [ 546238.01, 6870251.93 ], [ 546288.91, 6870236.11 ], [ 546291.56, 6870245.91 ], [ 546238.3, 6870252.94 ], [ 546238.01, 6870251.93 ] ] ] } },
{ "type": "Feature", "properties": { }, "geometry": { "type": "Polygon", "coordinates": [ [ [ 546162.13, 6870764.6 ], [ 546163.68, 6870765.02 ], [ 546166.95, 6870751.47 ], [ 546115.26, 6870737.06 ], [ 546111.01, 6870751.21 ], [ 546162.13, 6870764.6 ] ] ] } },
{ "type": "Feature", "properties": { }, "geometry": { "type": "Polygon", "coordinates": [ [ [ 546244.63, 6871261.98 ], [ 546227.22, 6871276.7 ], [ 546243.65, 6871294.67 ], [ 546260.2, 6871279.03 ], [ 546244.63, 6871261.98 ] ] ] } },
{ "type": "Feature", "properties": { }, "geometry": { "type": "Polygon", "coordinates": [ [ [ 546267.45, 6871278.59 ], [ 546264.69, 6871275.57 ], [ 546261.66, 6871278.35 ], [ 546264.43, 6871281.37 ], [ 546267.45, 6871278.59 ] ] ] } },
{ "type": "Feature", "properties": { }, "geometry": { "type": "Polygon", "coordinates": [ [ [ 546181.44, 6872319.38 ], [ 546178.52, 6872314.74 ], [ 546172.79, 6872318.34 ], [ 546175.74, 6872322.99 ], [ 546181.44, 6872319.38 ] ] ] } },
{ "type": "Feature", "properties": { }, "geometry": { "type": "Polygon", "coordinates": [ [ [ 546168.43, 6872327.61 ], [ 546165.55, 6872322.9 ], [ 546162.49, 6872324.82 ], [ 546165.34, 6872329.56 ], [ 546168.43, 6872327.61 ] ] ] } },
{ "type": "Feature", "properties": { }, "geometry": { "type": "Polygon", "coordinates": [ [ [ 546220.5, 6873254.79 ], [ 546238.57, 6873284.4 ], [ 546242.44, 6873281.89 ], [ 546224.42, 6873252.66 ], [ 546220.5, 6873254.79 ] ] ] } },
{ "type": "Feature", "properties": { }, "geometry": { "type": "Polygon", "coordinates": [ [ [ 546156.46, 6873358.03 ], [ 546156.0, 6873371.6 ], [ 546157.92, 6873372.05 ], [ 546158.27, 6873357.47 ], [ 546155.09, 6873353.81 ], [ 546148.88, 6873349.66 ], [ 546145.58, 6873350.17 ], [ 546156.46, 6873358.03 ] ] ] } },
{ "type": "Feature", "properties": { }, "geometry": { "type": "Polygon", "coordinates": [ [ [ 546086.41, 6873408.69 ], [ 546083.97, 6873405.57 ], [ 546082.14, 6873402.06 ], [ 546081.25, 6873404.36 ], [ 546084.99, 6873409.95 ], [ 546090.9, 6873411.82 ], [ 546092.66, 6873410.29 ], [ 546086.41, 6873408.69 ] ] ] } },
{ "type": "Feature", "properties": { }, "geometry": { "type": "Polygon", "coordinates": [ [ [ 546166.77, 6873661.29 ], [ 546157.84, 6873653.63 ], [ 546148.13, 6873665.0 ], [ 546157.58, 6873672.93 ], [ 546166.77, 6873661.29 ] ] ] } },
{ "type": "Feature", "properties": { }, "geometry": { "type": "Polygon", "coordinates": [ [ [ 546165.03, 6873924.77 ], [ 546210.93, 6873888.63 ], [ 546204.34, 6873880.06 ], [ 546158.35, 6873916.27 ], [ 546156.58, 6873916.56 ], [ 546157.12, 6873917.24 ], [ 546133.42, 6873935.9 ], [ 546139.28, 6873945.05 ], [ 546163.79, 6873925.75 ], [ 546164.43, 6873926.56 ], [ 546165.68, 6873925.6 ], [ 546165.03, 6873924.77 ] ] ] } },
{ "type": "Feature", "properties": { }, "geometry": { "type": "Polygon", "coordinates": [ [ [ 546173.04, 6874346.63 ], [ 546289.33, 6874399.05 ], [ 546292.26, 6874390.29 ], [ 546176.82, 6874338.28 ], [ 546173.04, 6874346.63 ] ] ] } },
{ "type": "Feature", "properties": { }, "geometry": { "type": "Polygon", "coordinates": [ [ [ 546190.78, 6875654.32 ], [ 546187.42, 6875661.44 ], [ 546193.34, 6875664.08 ], [ 546196.19, 6875656.86 ], [ 546190.78, 6875654.32 ] ] ] } },
{ "type": "Feature", "properties": { }, "geometry": { "type": "Polygon", "coordinates": [ [ [ 546185.03, 6875666.93 ], [ 546182.85, 6875672.19 ], [ 546189.49, 6875674.84 ], [ 546191.14, 6875670.26 ], [ 546185.03, 6875666.93 ] ] ] } },
{ "type": "Feature", "properties": { }, "geometry": { "type": "Polygon", "coordinates": [ [ [ 546183.93, 6875690.63 ], [ 546185.84, 6875685.04 ], [ 546178.92, 6875682.16 ], [ 546176.94, 6875688.08 ], [ 546183.93, 6875690.63 ] ] ] } },
{ "type": "Feature", "properties": { }, "geometry": { "type": "Polygon", "coordinates": [ [ [ 546172.75, 6875703.02 ], [ 546179.04, 6875704.13 ], [ 546180.69, 6875699.73 ], [ 546174.08, 6875697.93 ], [ 546172.75, 6875703.02 ] ] ] } },
{ "type": "Feature", "properties": { }, "geometry": { "type": "Polygon", "coordinates": [ [ [ 546169.29, 6875716.99 ], [ 546175.04, 6875718.31 ], [ 546176.2, 6875713.01 ], [ 546170.54, 6875711.71 ], [ 546169.29, 6875716.99 ] ] ] } },
{ "type": "Feature", "properties": { }, "geometry": { "type": "Polygon", "coordinates": [ [ [ 546168.89, 6875747.97 ], [ 546169.86, 6875743.19 ], [ 546164.16, 6875742.23 ], [ 546163.32, 6875747.09 ], [ 546168.89, 6875747.97 ] ] ] } },
{ "type": "Feature", "properties": { }, "geometry": { "type": "Polygon", "coordinates": [ [ [ 546165.94, 6875762.05 ], [ 546167.1, 6875756.8 ], [ 546161.91, 6875755.98 ], [ 546161.05, 6875761.26 ], [ 546165.94, 6875762.05 ] ] ] } },
{ "type": "Feature", "properties": { }, "geometry": { "type": "Polygon", "coordinates": [ [ [ 546164.58, 6875777.61 ], [ 546164.64, 6875771.73 ], [ 546159.48, 6875770.91 ], [ 546158.53, 6875776.74 ], [ 546164.58, 6875777.61 ] ] ] } },
{ "type": "Feature", "properties": { }, "geometry": { "type": "Polygon", "coordinates": [ [ [ 546160.76, 6875814.59 ], [ 546161.57, 6875807.23 ], [ 546154.52, 6875806.47 ], [ 546153.76, 6875813.82 ], [ 546160.76, 6875814.59 ] ] ] } },
{ "type": "Feature", "properties": { }, "geometry": { "type": "Polygon", "coordinates": [ [ [ 546158.49, 6875851.6 ], [ 546158.78, 6875845.28 ], [ 546151.03, 6875844.29 ], [ 546150.44, 6875851.72 ], [ 546158.49, 6875851.6 ] ] ] } },
{ "type": "Feature", "properties": { }, "geometry": { "type": "Polygon", "coordinates": [ [ [ 546157.65, 6875863.85 ], [ 546158.35, 6875854.49 ], [ 546150.25, 6875854.11 ], [ 546149.62, 6875863.48 ], [ 546157.65, 6875863.85 ] ] ] } },
{ "type": "Feature", "properties": { }, "geometry": { "type": "Polygon", "coordinates": [ [ [ 546155.2, 6875888.96 ], [ 546155.97, 6875880.52 ], [ 546147.91, 6875882.87 ], [ 546147.03, 6875891.32 ], [ 546155.2, 6875888.96 ] ] ] } },
{ "type": "Feature", "properties": { }, "geometry": { "type": "Polygon", "coordinates": [ [ [ 546143.29, 6875949.84 ], [ 546143.14, 6875944.01 ], [ 546120.99, 6875943.14 ], [ 546126.0, 6875948.81 ], [ 546143.29, 6875949.84 ] ] ] } },
{ "type": "Feature", "properties": { }, "geometry": { "type": "Polygon", "coordinates": [ [ [ 546011.94, 6875978.5 ], [ 546013.98, 6875984.35 ], [ 546021.33, 6875981.68 ], [ 546019.34, 6875975.79 ], [ 546011.94, 6875978.5 ] ] ] } },
{ "type": "Feature", "properties": { }, "geometry": { "type": "Polygon", "coordinates": [ [ [ 545997.57, 6875984.52 ], [ 545999.16, 6875989.75 ], [ 546003.92, 6875988.02 ], [ 546002.09, 6875982.65 ], [ 545997.57, 6875984.52 ] ] ] } },
{ "type": "Feature", "properties": { }, "geometry": { "type": "Polygon", "coordinates": [ [ [ 545983.64, 6875990.42 ], [ 545985.38, 6875994.77 ], [ 545990.44, 6875992.93 ], [ 545988.6, 6875988.33 ], [ 545983.64, 6875990.42 ] ] ] } },
{ "type": "Feature", "properties": { }, "geometry": { "type": "Polygon", "coordinates": [ [ [ 545973.68, 6875994.41 ], [ 545967.59, 6875996.68 ], [ 545969.22, 6876001.32 ], [ 545975.16, 6875998.6 ], [ 545973.68, 6875994.41 ] ] ] } },
{ "type": "Feature", "properties": { }, "geometry": { "type": "Polygon", "coordinates": [ [ [ 546148.69, 6876005.07 ], [ 546154.37, 6876002.5 ], [ 546152.98, 6875995.83 ], [ 546146.94, 6875995.73 ], [ 546148.69, 6876005.07 ] ] ] } },
{ "type": "Feature", "properties": { }, "geometry": { "type": "Polygon", "coordinates": [ [ [ 545958.75, 6876005.69 ], [ 545957.32, 6876000.71 ], [ 545951.82, 6876002.85 ], [ 545954.03, 6876008.36 ], [ 545958.75, 6876005.69 ] ] ] } },
{ "type": "Feature", "properties": { }, "geometry": { "type": "Polygon", "coordinates": [ [ [ 545932.91, 6876016.79 ], [ 545937.25, 6876015.07 ], [ 545935.03, 6876009.41 ], [ 545930.06, 6876011.35 ], [ 545932.91, 6876016.79 ] ] ] } },
{ "type": "Feature", "properties": { }, "geometry": { "type": "Polygon", "coordinates": [ [ [ 545919.36, 6876015.3 ], [ 545922.39, 6876020.44 ], [ 545926.47, 6876018.43 ], [ 545925.39, 6876013.08 ], [ 545919.36, 6876015.3 ] ] ] } },
{ "type": "Feature", "properties": { }, "geometry": { "type": "Polygon", "coordinates": [ [ [ 546157.57, 6876042.77 ], [ 546164.19, 6876040.0 ], [ 546162.43, 6876033.9 ], [ 546155.35, 6876034.67 ], [ 546157.57, 6876042.77 ] ] ] } },
{ "type": "Feature", "properties": { }, "geometry": { "type": "Polygon", "coordinates": [ [ [ 546175.57, 6876077.13 ], [ 546170.4, 6876065.28 ], [ 546164.68, 6876066.98 ], [ 546168.74, 6876079.41 ], [ 546175.57, 6876077.13 ] ] ] } },
{ "type": "Feature", "properties": { }, "geometry": { "type": "Polygon", "coordinates": [ [ [ 546190.27, 6876111.68 ], [ 546188.98, 6876106.81 ], [ 546178.56, 6876110.3 ], [ 546180.43, 6876115.42 ], [ 546190.27, 6876111.68 ] ] ] } },
{ "type": "Feature", "properties": { }, "geometry": { "type": "Polygon", "coordinates": [ [ [ 546210.28, 6876161.4 ], [ 546207.76, 6876155.9 ], [ 546198.87, 6876160.27 ], [ 546202.11, 6876166.95 ], [ 546209.26, 6876164.33 ], [ 546208.62, 6876162.6 ], [ 546210.28, 6876161.4 ] ] ] } },
{ "type": "Feature", "properties": { }, "geometry": { "type": "Polygon", "coordinates": [ [ [ 546213.15, 6876189.16 ], [ 546218.99, 6876185.28 ], [ 546217.01, 6876180.39 ], [ 546210.19, 6876183.01 ], [ 546213.15, 6876189.16 ] ] ] } },
{ "type": "Feature", "properties": { }, "geometry": { "type": "Polygon", "coordinates": [ [ [ 546227.38, 6876201.57 ], [ 546225.05, 6876197.6 ], [ 546218.81, 6876200.66 ], [ 546220.84, 6876204.79 ], [ 546227.38, 6876201.57 ] ] ] } },
{ "type": "Feature", "properties": { }, "geometry": { "type": "Polygon", "coordinates": [ [ [ 546232.65, 6876213.6 ], [ 546229.88, 6876207.33 ], [ 546223.36, 6876209.65 ], [ 546226.29, 6876215.89 ], [ 546232.65, 6876213.6 ] ] ] } },
{ "type": "Feature", "properties": { }, "geometry": { "type": "Polygon", "coordinates": [ [ [ 546232.19, 6876228.74 ], [ 546238.58, 6876245.08 ], [ 546244.13, 6876241.58 ], [ 546239.54, 6876228.64 ], [ 546232.19, 6876228.74 ] ] ] } },
{ "type": "Feature", "properties": { }, "geometry": { "type": "Polygon", "coordinates": [ [ [ 546254.98, 6876289.41 ], [ 546253.9, 6876284.4 ], [ 546250.21, 6876285.19 ], [ 546251.32, 6876290.35 ], [ 546254.98, 6876289.41 ] ] ] } },
{ "type": "Feature", "properties": { }, "geometry": { "type": "Polygon", "coordinates": [ [ [ 546259.23, 6876307.28 ], [ 546257.58, 6876300.93 ], [ 546253.94, 6876301.67 ], [ 546255.54, 6876307.93 ], [ 546259.23, 6876307.28 ] ] ] } },
{ "type": "Feature", "properties": { }, "geometry": { "type": "Polygon", "coordinates": [ [ [ 546262.39, 6876318.4 ], [ 546260.02, 6876311.63 ], [ 546256.3, 6876312.1 ], [ 546258.62, 6876319.92 ], [ 546262.39, 6876318.4 ] ] ] } },
{ "type": "Feature", "properties": { }, "geometry": { "type": "Polygon", "coordinates": [ [ [ 546619.97, 6860192.38 ], [ 546632.59, 6860190.77 ], [ 546632.01, 6860186.48 ], [ 546619.13, 6860188.05 ], [ 546619.97, 6860192.38 ] ] ] } },
{ "type": "Feature", "properties": { }, "geometry": { "type": "Polygon", "coordinates": [ [ [ 546357.04, 6860459.88 ], [ 546361.92, 6860457.58 ], [ 546357.95, 6860450.26 ], [ 546353.22, 6860452.86 ], [ 546357.04, 6860459.88 ] ] ] } },
{ "type": "Feature", "properties": { }, "geometry": { "type": "Polygon", "coordinates": [ [ [ 546705.64, 6860498.97 ], [ 546710.54, 6860496.63 ], [ 546706.91, 6860489.05 ], [ 546702.14, 6860491.42 ], [ 546705.64, 6860498.97 ] ] ] } },
{ "type": "Feature", "properties": { }, "geometry": { "type": "Polygon", "coordinates": [ [ [ 546404.14, 6860545.37 ], [ 546408.57, 6860542.14 ], [ 546405.13, 6860535.67 ], [ 546400.43, 6860538.47 ], [ 546404.14, 6860545.37 ] ] ] } },
{ "type": "Feature", "properties": { }, "geometry": { "type": "Polygon", "coordinates": [ [ [ 546748.13, 6860606.75 ], [ 546753.22, 6860604.83 ], [ 546750.6, 6860597.69 ], [ 546745.65, 6860599.95 ], [ 546748.13, 6860606.75 ] ] ] } },
{ "type": "Feature", "properties": { }, "geometry": { "type": "Polygon", "coordinates": [ [ [ 546450.98, 6860632.76 ], [ 546445.93, 6860635.14 ], [ 546449.25, 6860642.64 ], [ 546454.18, 6860640.31 ], [ 546450.98, 6860632.76 ] ] ] } },
{ "type": "Feature", "properties": { }, "geometry": { "type": "Polygon", "coordinates": [ [ [ 546458.69, 6860704.77 ], [ 546466.21, 6860700.83 ], [ 546463.64, 6860696.1 ], [ 546456.25, 6860700.12 ], [ 546458.69, 6860704.77 ] ] ] } },
{ "type": "Feature", "properties": { }, "geometry": { "type": "Polygon", "coordinates": [ [ [ 546777.59, 6860722.9 ], [ 546782.39, 6860722.51 ], [ 546782.86, 6860717.82 ], [ 546778.11, 6860717.61 ], [ 546777.59, 6860722.9 ] ] ] } },
{ "type": "Feature", "properties": { }, "geometry": { "type": "Polygon", "coordinates": [ [ [ 546491.65, 6860738.64 ], [ 546496.29, 6860736.32 ], [ 546492.99, 6860729.66 ], [ 546488.3, 6860731.89 ], [ 546491.65, 6860738.64 ] ] ] } },
{ "type": "Feature", "properties": { }, "geometry": { "type": "Polygon", "coordinates": [ [ [ 546469.74, 6860746.35 ], [ 546466.51, 6860739.82 ], [ 546462.56, 6860740.97 ], [ 546466.09, 6860748.14 ], [ 546469.74, 6860746.35 ] ] ] } },
{ "type": "Feature", "properties": { }, "geometry": { "type": "Polygon", "coordinates": [ [ [ 546531.12, 6860826.46 ], [ 546530.57, 6860835.64 ], [ 546535.95, 6860835.4 ], [ 546536.44, 6860826.83 ], [ 546531.12, 6860826.46 ] ] ] } },
{ "type": "Feature", "properties": { }, "geometry": { "type": "Polygon", "coordinates": [ [ [ 546723.25, 6860999.7 ], [ 546721.1, 6861006.74 ], [ 546726.07, 6861007.57 ], [ 546728.24, 6861000.83 ], [ 546723.25, 6860999.7 ] ] ] } },
{ "type": "Feature", "properties": { }, "geometry": { "type": "Polygon", "coordinates": [ [ [ 546598.46, 6861061.16 ], [ 546595.85, 6861055.47 ], [ 546591.24, 6861057.69 ], [ 546593.93, 6861063.55 ], [ 546598.46, 6861061.16 ] ] ] } },
{ "type": "Feature", "properties": { }, "geometry": { "type": "Polygon", "coordinates": [ [ [ 546523.31, 6861559.13 ], [ 546518.36, 6861559.53 ], [ 546517.69, 6861562.17 ], [ 546520.64, 6861565.91 ], [ 546472.02, 6861636.21 ], [ 546469.2, 6861634.76 ], [ 546465.64, 6861635.76 ], [ 546465.41, 6861638.91 ], [ 546467.94, 6861642.1 ], [ 546438.81, 6861684.21 ], [ 546436.75, 6861685.0 ], [ 546437.15, 6861686.54 ], [ 546435.74, 6861688.52 ], [ 546437.73, 6861688.26 ], [ 546471.24, 6861711.56 ], [ 546471.84, 6861713.29 ], [ 546474.52, 6861710.8 ], [ 546474.68, 6861709.15 ], [ 546503.94, 6861666.85 ], [ 546507.66, 6861667.95 ], [ 546510.19, 6861666.66 ], [ 546509.99, 6861663.41 ], [ 546508.09, 6861660.82 ], [ 546556.53, 6861590.95 ], [ 546560.64, 6861591.91 ], [ 546562.78, 6861590.59 ], [ 546562.62, 6861587.43 ], [ 546560.77, 6861584.81 ], [ 546589.99, 6861542.19 ], [ 546592.45, 6861543.95 ], [ 546594.02, 6861541.79 ], [ 546591.51, 6861539.99 ], [ 546592.9, 6861537.97 ], [ 546591.12, 6861538.1 ], [ 546557.41, 6861514.76 ], [ 546557.02, 6861513.26 ], [ 546555.77, 6861515.08 ], [ 546553.12, 6861513.22 ], [ 546551.47, 6861515.51 ], [ 546554.19, 6861517.39 ], [ 546524.68, 6861560.06 ], [ 546523.31, 6861559.13 ] ] ] } },
{ "type": "Feature", "properties": { }, "geometry": { "type": "Polygon", "coordinates": [ [ [ 546836.47, 6861562.84 ], [ 546839.21, 6861565.39 ], [ 546842.19, 6861563.12 ], [ 546882.02, 6861580.03 ], [ 546881.7, 6861582.49 ], [ 546883.39, 6861584.32 ], [ 546885.79, 6861584.19 ], [ 546887.31, 6861582.28 ], [ 546912.52, 6861592.99 ], [ 546915.62, 6861585.64 ], [ 546890.41, 6861574.93 ], [ 546890.59, 6861572.64 ], [ 546889.01, 6861570.93 ], [ 546886.69, 6861570.95 ], [ 546885.12, 6861572.69 ], [ 546845.3, 6861555.75 ], [ 546845.46, 6861553.51 ], [ 546843.88, 6861551.8 ], [ 546841.56, 6861551.81 ], [ 546840.01, 6861553.5 ], [ 546814.34, 6861542.57 ], [ 546811.22, 6861549.97 ], [ 546836.9, 6861560.87 ], [ 546836.47, 6861562.84 ] ] ] } },
{ "type": "Feature", "properties": { }, "geometry": { "type": "Polygon", "coordinates": [ [ [ 546845.2, 6863142.56 ], [ 546842.51, 6863143.47 ], [ 546842.26, 6863144.58 ], [ 546825.21, 6863140.57 ], [ 546816.31, 6863179.26 ], [ 546833.38, 6863183.12 ], [ 546834.78, 6863186.15 ], [ 546837.42, 6863184.03 ], [ 546854.5, 6863187.9 ], [ 546855.71, 6863191.12 ], [ 546854.86, 6863195.58 ], [ 546861.88, 6863197.22 ], [ 546864.55, 6863201.1 ], [ 546868.5, 6863198.82 ], [ 546868.94, 6863197.03 ], [ 546866.75, 6863198.36 ], [ 546863.61, 6863197.58 ], [ 546862.29, 6863195.37 ], [ 546863.27, 6863191.39 ], [ 546861.7, 6863191.02 ], [ 546860.71, 6863187.8 ], [ 546868.45, 6863153.83 ], [ 546871.46, 6863153.35 ], [ 546873.14, 6863154.61 ], [ 546864.85, 6863190.8 ], [ 546870.53, 6863192.87 ], [ 546871.04, 6863190.83 ], [ 546889.91, 6863195.19 ], [ 546889.43, 6863197.75 ], [ 546891.62, 6863201.01 ], [ 546895.04, 6863198.97 ], [ 546895.5, 6863197.25 ], [ 546912.76, 6863201.23 ], [ 546914.06, 6863204.24 ], [ 546916.78, 6863202.15 ], [ 546933.63, 6863206.04 ], [ 546942.51, 6863167.59 ], [ 546925.44, 6863163.69 ], [ 546924.01, 6863160.54 ], [ 546921.43, 6863162.76 ], [ 546904.27, 6863158.81 ], [ 546904.56, 6863157.55 ], [ 546902.3, 6863154.18 ], [ 546899.11, 6863155.79 ], [ 546898.58, 6863158.13 ], [ 546879.45, 6863153.86 ], [ 546879.69, 6863151.59 ], [ 546873.49, 6863147.07 ], [ 546863.5, 6863148.53 ], [ 546863.28, 6863149.52 ], [ 546846.24, 6863145.52 ], [ 546845.2, 6863142.56 ] ] ] } },
{ "type": "Feature", "properties": { }, "geometry": { "type": "Polygon", "coordinates": [ [ [ 546536.91, 6863614.02 ], [ 546532.3, 6863613.85 ], [ 546532.14, 6863615.37 ], [ 546536.18, 6863616.97 ], [ 546531.31, 6863636.12 ], [ 546527.85, 6863635.43 ], [ 546526.38, 6863636.61 ], [ 546527.28, 6863638.22 ], [ 546530.58, 6863639.08 ], [ 546528.32, 6863648.01 ], [ 546568.48, 6863657.32 ], [ 546570.75, 6863648.4 ], [ 546574.14, 6863649.15 ], [ 546575.67, 6863648.06 ], [ 546574.74, 6863646.35 ], [ 546571.48, 6863645.44 ], [ 546576.35, 6863626.28 ], [ 546579.75, 6863627.04 ], [ 546581.27, 6863625.96 ], [ 546580.34, 6863624.24 ], [ 546577.08, 6863623.33 ], [ 546579.37, 6863614.34 ], [ 546539.21, 6863605.03 ], [ 546536.91, 6863614.02 ] ] ] } },
{ "type": "Feature", "properties": { }, "geometry": { "type": "Polygon", "coordinates": [ [ [ 546439.45, 6865582.14 ], [ 546358.58, 6865552.04 ], [ 546343.61, 6865592.85 ], [ 546424.87, 6865622.98 ], [ 546439.45, 6865582.14 ] ] ] } },
{ "type": "Feature", "properties": { }, "geometry": { "type": "Polygon", "coordinates": [ [ [ 546435.63, 6865639.49 ], [ 546433.75, 6865632.97 ], [ 546427.86, 6865629.26 ], [ 546426.55, 6865632.66 ], [ 546431.34, 6865635.67 ], [ 546431.51, 6865640.98 ], [ 546434.83, 6865642.55 ], [ 546435.63, 6865639.49 ] ] ] } },
{ "type": "Feature", "properties": { }, "geometry": { "type": "Polygon", "coordinates": [ [ [ 546802.21, 6865718.15 ], [ 546802.58, 6865716.83 ], [ 546798.9, 6865713.32 ], [ 546790.14, 6865699.98 ], [ 546770.94, 6865694.47 ], [ 546779.7, 6865707.8 ], [ 546779.09, 6865709.07 ], [ 546782.88, 6865712.64 ], [ 546791.38, 6865725.58 ], [ 546810.69, 6865731.28 ], [ 546802.21, 6865718.15 ] ] ] } },
{ "type": "Feature", "properties": { }, "geometry": { "type": "Polygon", "coordinates": [ [ [ 546239.0, 6865929.18 ], [ 546297.41, 6865947.52 ], [ 546309.05, 6865915.27 ], [ 546250.72, 6865896.65 ], [ 546239.0, 6865929.18 ] ] ] } },
{ "type": "Feature", "properties": { }, "geometry": { "type": "Polygon", "coordinates": [ [ [ 546646.23, 6866033.22 ], [ 546643.82, 6866030.22 ], [ 546639.35, 6866044.95 ], [ 546643.21, 6866043.91 ], [ 546660.31, 6866049.33 ], [ 546662.74, 6866052.35 ], [ 546667.28, 6866037.64 ], [ 546663.58, 6866038.71 ], [ 546646.23, 6866033.22 ] ] ] } },
{ "type": "Feature", "properties": { }, "geometry": { "type": "Polygon", "coordinates": [ [ [ 546780.48, 6866070.21 ], [ 546772.7, 6866094.63 ], [ 546769.91, 6866098.39 ], [ 546782.59, 6866102.46 ], [ 546782.43, 6866097.71 ], [ 546791.97, 6866067.74 ], [ 546794.08, 6866064.9 ], [ 546771.32, 6866057.66 ], [ 546780.48, 6866070.21 ] ] ] } },
{ "type": "Feature", "properties": { }, "geometry": { "type": "Polygon", "coordinates": [ [ [ 546665.48, 6866269.08 ], [ 546691.72, 6866277.09 ], [ 546694.4, 6866264.2 ], [ 546668.02, 6866256.28 ], [ 546665.48, 6866269.08 ] ] ] } },
{ "type": "Feature", "properties": { }, "geometry": { "type": "Polygon", "coordinates": [ [ [ 546657.88, 6866409.87 ], [ 546627.82, 6866426.93 ], [ 546639.03, 6866438.89 ], [ 546647.46, 6866453.54 ], [ 546670.79, 6866440.29 ], [ 546662.41, 6866425.6 ], [ 546657.88, 6866409.87 ] ] ] } },
{ "type": "Feature", "properties": { }, "geometry": { "type": "Polygon", "coordinates": [ [ [ 546370.87, 6866539.17 ], [ 546361.27, 6866570.66 ], [ 546372.38, 6866574.06 ], [ 546381.98, 6866542.54 ], [ 546370.87, 6866539.17 ] ] ] } },
{ "type": "Feature", "properties": { }, "geometry": { "type": "Polygon", "coordinates": [ [ [ 546280.68, 6866636.09 ], [ 546276.34, 6866639.27 ], [ 546287.42, 6866651.51 ], [ 546291.76, 6866647.45 ], [ 546280.68, 6866636.09 ] ] ] } },
{ "type": "Feature", "properties": { }, "geometry": { "type": "Polygon", "coordinates": [ [ [ 546581.78, 6867161.93 ], [ 546554.85, 6867132.83 ], [ 546540.44, 6867146.27 ], [ 546567.36, 6867175.32 ], [ 546581.78, 6867161.93 ] ] ] } },
{ "type": "Feature", "properties": { }, "geometry": { "type": "Polygon", "coordinates": [ [ [ 546753.02, 6867362.92 ], [ 546764.38, 6867375.2 ], [ 546775.82, 6867364.57 ], [ 546764.46, 6867352.29 ], [ 546753.02, 6867362.92 ] ] ] } },
{ "type": "Feature", "properties": { }, "geometry": { "type": "Polygon", "coordinates": [ [ [ 546298.35, 6867578.14 ], [ 546296.99, 6867576.39 ], [ 546294.67, 6867577.64 ], [ 546282.93, 6867568.88 ], [ 546274.26, 6867580.45 ], [ 546285.96, 6867589.31 ], [ 546285.13, 6867591.1 ], [ 546285.9, 6867592.76 ], [ 546287.96, 6867592.06 ], [ 546294.01, 6867596.61 ], [ 546303.84, 6867583.45 ], [ 546297.78, 6867578.91 ], [ 546298.35, 6867578.14 ] ] ] } },
{ "type": "Feature", "properties": { }, "geometry": { "type": "Polygon", "coordinates": [ [ [ 546322.34, 6867782.79 ], [ 546305.8, 6867798.1 ], [ 546339.73, 6867823.72 ], [ 546356.14, 6867808.59 ], [ 546322.34, 6867782.79 ] ] ] } },
{ "type": "Feature", "properties": { }, "geometry": { "type": "Polygon", "coordinates": [ [ [ 546786.96, 6868125.0 ], [ 546794.8, 6868122.54 ], [ 546794.91, 6868113.87 ], [ 546784.45, 6868117.15 ], [ 546781.31, 6868112.68 ], [ 546780.4, 6868113.73 ], [ 546781.06, 6868118.22 ], [ 546670.27, 6868153.0 ], [ 546667.39, 6868148.49 ], [ 546666.28, 6868149.72 ], [ 546666.81, 6868153.06 ], [ 546660.93, 6868150.52 ], [ 546652.83, 6868160.11 ], [ 546654.75, 6868159.34 ], [ 546656.34, 6868161.06 ], [ 546639.47, 6868176.73 ], [ 546635.8, 6868174.02 ], [ 546634.42, 6868174.2 ], [ 546634.12, 6868175.61 ], [ 546636.7, 6868179.31 ], [ 546566.02, 6868244.96 ], [ 546561.12, 6868242.0 ], [ 546563.59, 6868246.98 ], [ 546554.74, 6868239.36 ], [ 546518.96, 6868238.89 ], [ 546477.88, 6868244.51 ], [ 546459.83, 6868262.55 ], [ 546463.38, 6868266.02 ], [ 546469.17, 6868263.6 ], [ 546481.31, 6868251.44 ], [ 546519.36, 6868246.28 ], [ 546551.94, 6868246.65 ], [ 546555.54, 6868249.8 ], [ 546553.24, 6868251.08 ], [ 546555.36, 6868254.86 ], [ 546554.33, 6868255.83 ], [ 546567.15, 6868259.97 ], [ 546572.95, 6868256.6 ], [ 546572.13, 6868255.69 ], [ 546574.09, 6868255.87 ], [ 546571.53, 6868251.08 ], [ 546642.52, 6868185.14 ], [ 546647.49, 6868187.79 ], [ 546645.08, 6868182.76 ], [ 546661.93, 6868167.11 ], [ 546669.48, 6868162.04 ], [ 546672.6, 6868166.47 ], [ 546672.63, 6868160.9 ], [ 546783.52, 6868126.08 ], [ 546786.86, 6868130.79 ], [ 546786.96, 6868125.0 ] ] ] } },
{ "type": "Feature", "properties": { }, "geometry": { "type": "Polygon", "coordinates": [ [ [ 546651.05, 6868315.06 ], [ 546667.9, 6868304.93 ], [ 546666.89, 6868303.25 ], [ 546650.05, 6868313.38 ], [ 546651.05, 6868315.06 ] ] ] } },
{ "type": "Feature", "properties": { }, "geometry": { "type": "Polygon", "coordinates": [ [ [ 546665.23, 6868323.24 ], [ 546664.3, 6868321.59 ], [ 546646.16, 6868331.91 ], [ 546644.79, 6868332.87 ], [ 546645.59, 6868334.59 ], [ 546665.23, 6868323.24 ] ] ] } },
{ "type": "Feature", "properties": { }, "geometry": { "type": "Polygon", "coordinates": [ [ [ 546648.18, 6868422.24 ], [ 546653.3, 6868423.36 ], [ 546689.91, 6868444.51 ], [ 546712.15, 6868456.72 ], [ 546725.52, 6868463.96 ], [ 546731.52, 6868467.18 ], [ 546734.76, 6868468.91 ], [ 546738.21, 6868470.75 ], [ 546738.88, 6868471.09 ], [ 546740.72, 6868460.79 ], [ 546687.46, 6868430.92 ], [ 546652.04, 6868413.06 ], [ 546655.98, 6868367.55 ], [ 546653.3, 6868367.3 ], [ 546654.41, 6868380.58 ], [ 546648.18, 6868422.24 ] ], [ [ 546706.02, 6868447.02 ], [ 546705.33, 6868451.01 ], [ 546701.71, 6868449.42 ], [ 546702.08, 6868447.26 ], [ 546706.02, 6868447.02 ] ] ] } },
{ "type": "Feature", "properties": { }, "geometry": { "type": "Polygon", "coordinates": [ [ [ 546633.35, 6868522.74 ], [ 546640.12, 6868524.56 ], [ 546632.74, 6868580.84 ], [ 546673.56, 6868585.52 ], [ 546674.0, 6868588.44 ], [ 546683.96, 6868589.57 ], [ 546684.91, 6868586.88 ], [ 546717.41, 6868591.16 ], [ 546717.23, 6868593.14 ], [ 546726.36, 6868594.33 ], [ 546724.8, 6868590.06 ], [ 546720.99, 6868588.15 ], [ 546727.98, 6868532.01 ], [ 546725.24, 6868531.63 ], [ 546724.98, 6868533.44 ], [ 546692.29, 6868529.16 ], [ 546692.27, 6868525.16 ], [ 546682.25, 6868523.83 ], [ 546680.95, 6868527.67 ], [ 546631.63, 6868520.37 ], [ 546633.35, 6868522.74 ] ], [ [ 546676.3, 6868564.03 ], [ 546675.75, 6868568.36 ], [ 546639.62, 6868563.74 ], [ 546640.17, 6868559.41 ], [ 546676.3, 6868564.03 ] ], [ [ 546678.73, 6868545.01 ], [ 546678.26, 6868548.71 ], [ 546642.12, 6868544.09 ], [ 546642.65, 6868539.88 ], [ 546678.73, 6868545.01 ] ], [ [ 546720.26, 6868569.65 ], [ 546719.71, 6868573.98 ], [ 546687.1, 6868569.81 ], [ 546687.65, 6868565.48 ], [ 546720.26, 6868569.65 ] ], [ [ 546722.74, 6868550.12 ], [ 546722.21, 6868554.32 ], [ 546689.61, 6868550.16 ], [ 546690.14, 6868545.95 ], [ 546722.74, 6868550.12 ] ] ] } },
{ "type": "Feature", "properties": { }, "geometry": { "type": "Polygon", "coordinates": [ [ [ 546672.91, 6868644.49 ], [ 546670.87, 6868642.12 ], [ 546667.64, 6868641.83 ], [ 546665.03, 6868644.13 ], [ 546664.12, 6868649.65 ], [ 546647.29, 6868652.37 ], [ 546630.72, 6868650.21 ], [ 546629.71, 6868657.89 ], [ 546623.5, 6868658.59 ], [ 546616.21, 6868714.68 ], [ 546699.57, 6868697.47 ], [ 546893.51, 6868676.14 ], [ 546894.28, 6868670.88 ], [ 546891.94, 6868671.14 ], [ 546874.48, 6868660.22 ], [ 546871.17, 6868659.31 ], [ 546807.43, 6868666.85 ], [ 546805.15, 6868664.2 ], [ 546801.28, 6868663.3 ], [ 546714.43, 6868673.23 ], [ 546719.04, 6868642.84 ], [ 546672.86, 6868648.38 ], [ 546672.91, 6868644.49 ] ] ] } },
{ "type": "Feature", "properties": { }, "geometry": { "type": "Polygon", "coordinates": [ [ [ 546289.76, 6869655.21 ], [ 546287.74, 6869653.22 ], [ 546281.54, 6869660.08 ], [ 546283.68, 6869661.95 ], [ 546289.76, 6869655.21 ] ] ] } },
{ "type": "Feature", "properties": { }, "geometry": { "type": "Polygon", "coordinates": [ [ [ 546669.83, 6870026.46 ], [ 546615.7, 6870100.21 ], [ 546626.07, 6870108.21 ], [ 546680.03, 6870034.4 ], [ 546669.83, 6870026.46 ] ] ] } },
{ "type": "Feature", "properties": { }, "geometry": { "type": "Polygon", "coordinates": [ [ [ 546795.95, 6873176.73 ], [ 546776.94, 6873185.02 ], [ 546779.99, 6873191.96 ], [ 546776.61, 6873194.12 ], [ 546780.22, 6873192.5 ], [ 546783.24, 6873199.36 ], [ 546802.34, 6873191.04 ], [ 546799.19, 6873183.99 ], [ 546802.85, 6873182.35 ], [ 546798.95, 6873183.45 ], [ 546795.95, 6873176.73 ] ] ] } },
{ "type": "Feature", "properties": { }, "geometry": { "type": "Polygon", "coordinates": [ [ [ 546720.53, 6873238.19 ], [ 546760.36, 6873220.87 ], [ 546742.92, 6873188.46 ], [ 546703.1, 6873205.87 ], [ 546720.53, 6873238.19 ] ] ] } },
{ "type": "Feature", "properties": { }, "geometry": { "type": "Polygon", "coordinates": [ [ [ 546302.45, 6873287.32 ], [ 546300.73, 6873287.15 ], [ 546303.11, 6873295.4 ], [ 546304.95, 6873294.69 ], [ 546302.45, 6873287.32 ] ] ] } },
{ "type": "Feature", "properties": { }, "geometry": { "type": "Polygon", "coordinates": [ [ [ 546326.22, 6873305.26 ], [ 546327.01, 6873307.07 ], [ 546333.74, 6873302.91 ], [ 546332.71, 6873301.29 ], [ 546326.22, 6873305.26 ] ] ] } },
{ "type": "Feature", "properties": { }, "geometry": { "type": "Polygon", "coordinates": [ [ [ 546335.19, 6873351.04 ], [ 546336.98, 6873351.94 ], [ 546341.79, 6873339.35 ], [ 546341.84, 6873336.53 ], [ 546338.32, 6873332.23 ], [ 546336.56, 6873331.71 ], [ 546335.41, 6873333.43 ], [ 546337.67, 6873334.07 ], [ 546339.94, 6873337.11 ], [ 546339.83, 6873339.03 ], [ 546335.19, 6873351.04 ] ] ] } },
{ "type": "Feature", "properties": { }, "geometry": { "type": "Polygon", "coordinates": [ [ [ 546448.06, 6873914.39 ], [ 546455.36, 6873924.33 ], [ 546467.22, 6873915.55 ], [ 546460.5, 6873905.7 ], [ 546448.06, 6873914.39 ] ] ] } },
{ "type": "Feature", "properties": { }, "geometry": { "type": "Polygon", "coordinates": [ [ [ 546708.96, 6874244.05 ], [ 546697.05, 6874252.91 ], [ 546704.34, 6874262.86 ], [ 546716.29, 6874254.06 ], [ 546708.96, 6874244.05 ] ] ] } },
{ "type": "Feature", "properties": { }, "geometry": { "type": "Polygon", "coordinates": [ [ [ 546771.18, 6874392.49 ], [ 546761.31, 6874379.96 ], [ 546757.22, 6874384.03 ], [ 546766.77, 6874396.15 ], [ 546771.18, 6874392.49 ] ] ] } },
{ "type": "Feature", "properties": { }, "geometry": { "type": "Polygon", "coordinates": [ [ [ 546769.95, 6874790.7 ], [ 546753.4, 6874774.83 ], [ 546732.7, 6874796.08 ], [ 546730.86, 6874794.83 ], [ 546729.8, 6874795.59 ], [ 546730.86, 6874797.89 ], [ 546705.85, 6874823.73 ], [ 546703.94, 6874822.06 ], [ 546702.51, 6874822.39 ], [ 546702.16, 6874823.75 ], [ 546703.84, 6874825.81 ], [ 546682.72, 6874847.63 ], [ 546699.29, 6874864.16 ], [ 546720.45, 6874842.45 ], [ 546723.44, 6874843.35 ], [ 546723.77, 6874841.93 ], [ 546722.46, 6874840.39 ], [ 546747.57, 6874814.65 ], [ 546750.16, 6874815.98 ], [ 546750.92, 6874814.92 ], [ 546749.36, 6874812.81 ], [ 546769.95, 6874790.7 ] ] ] } },
{ "type": "Feature", "properties": { }, "geometry": { "type": "Polygon", "coordinates": [ [ [ 546862.25, 6874879.71 ], [ 546859.4, 6874873.79 ], [ 546856.82, 6874874.68 ], [ 546858.71, 6874881.03 ], [ 546862.25, 6874879.71 ] ] ] } },
{ "type": "Feature", "properties": { }, "geometry": { "type": "Polygon", "coordinates": [ [ [ 546397.01, 6874955.34 ], [ 546400.19, 6874959.36 ], [ 546403.03, 6874956.91 ], [ 546399.83, 6874952.99 ], [ 546397.01, 6874955.34 ] ] ] } },
{ "type": "Feature", "properties": { }, "geometry": { "type": "Polygon", "coordinates": [ [ [ 546372.83, 6874974.06 ], [ 546369.92, 6874977.62 ], [ 546374.32, 6874981.67 ], [ 546377.88, 6874978.6 ], [ 546372.83, 6874974.06 ] ] ] } },
{ "type": "Feature", "properties": { }, "geometry": { "type": "Polygon", "coordinates": [ [ [ 546361.77, 6875001.03 ], [ 546363.59, 6874996.19 ], [ 546357.96, 6874995.25 ], [ 546355.85, 6875000.14 ], [ 546361.77, 6875001.03 ] ] ] } },
{ "type": "Feature", "properties": { }, "geometry": { "type": "Polygon", "coordinates": [ [ [ 546355.45, 6875021.3 ], [ 546356.33, 6875016.57 ], [ 546351.34, 6875015.36 ], [ 546350.05, 6875020.61 ], [ 546355.45, 6875021.3 ] ] ] } },
{ "type": "Feature", "properties": { }, "geometry": { "type": "Polygon", "coordinates": [ [ [ 546347.26, 6875037.26 ], [ 546346.53, 6875044.42 ], [ 546351.84, 6875043.81 ], [ 546352.57, 6875038.96 ], [ 546347.26, 6875037.26 ] ] ] } },
{ "type": "Feature", "properties": { }, "geometry": { "type": "Polygon", "coordinates": [ [ [ 546348.34, 6875085.95 ], [ 546349.29, 6875090.78 ], [ 546355.27, 6875089.79 ], [ 546354.3, 6875084.78 ], [ 546348.34, 6875085.95 ] ] ] } },
{ "type": "Feature", "properties": { }, "geometry": { "type": "Polygon", "coordinates": [ [ [ 546357.76, 6875105.68 ], [ 546356.75, 6875100.48 ], [ 546351.37, 6875100.44 ], [ 546352.64, 6875107.23 ], [ 546357.76, 6875105.68 ] ] ] } },
{ "type": "Feature", "properties": { }, "geometry": { "type": "Polygon", "coordinates": [ [ [ 546365.63, 6875187.11 ], [ 546361.63, 6875185.82 ], [ 546362.58, 6875194.49 ], [ 546366.21, 6875192.49 ], [ 546365.63, 6875187.11 ] ] ] } },
{ "type": "Feature", "properties": { }, "geometry": { "type": "Polygon", "coordinates": [ [ [ 546640.58, 6875222.95 ], [ 546635.63, 6875224.37 ], [ 546646.77, 6875254.48 ], [ 546651.73, 6875253.15 ], [ 546640.58, 6875222.95 ] ] ] } },
{ "type": "Feature", "properties": { }, "geometry": { "type": "Polygon", "coordinates": [ [ [ 546370.23, 6875232.29 ], [ 546366.42, 6875232.7 ], [ 546366.85, 6875237.11 ], [ 546370.7, 6875236.69 ], [ 546370.23, 6875232.29 ] ] ] } },
{ "type": "Feature", "properties": { }, "geometry": { "type": "Polygon", "coordinates": [ [ [ 546834.2, 6875234.85 ], [ 546797.26, 6875243.28 ], [ 546799.6, 6875250.66 ], [ 546834.74, 6875242.45 ], [ 546834.2, 6875234.85 ] ] ] } },
{ "type": "Feature", "properties": { }, "geometry": { "type": "Polygon", "coordinates": [ [ [ 546372.56, 6875294.32 ], [ 546376.18, 6875293.51 ], [ 546375.42, 6875287.92 ], [ 546371.93, 6875287.82 ], [ 546372.56, 6875294.32 ] ] ] } },
{ "type": "Feature", "properties": { }, "geometry": { "type": "Polygon", "coordinates": [ [ [ 546377.2, 6875300.95 ], [ 546376.47, 6875295.67 ], [ 546372.68, 6875295.54 ], [ 546373.34, 6875302.01 ], [ 546377.2, 6875300.95 ] ] ] } },
{ "type": "Feature", "properties": { }, "geometry": { "type": "Polygon", "coordinates": [ [ [ 546362.47, 6875355.3 ], [ 546361.5, 6875356.97 ], [ 546358.79, 6875361.63 ], [ 546362.25, 6875362.27 ], [ 546364.53, 6875357.91 ], [ 546362.47, 6875355.3 ] ] ] } },
{ "type": "Feature", "properties": { }, "geometry": { "type": "Polygon", "coordinates": [ [ [ 546338.06, 6875409.77 ], [ 546338.58, 6875402.1 ], [ 546335.99, 6875400.82 ], [ 546332.49, 6875406.88 ], [ 546338.06, 6875409.77 ] ] ] } },
{ "type": "Feature", "properties": { }, "geometry": { "type": "Polygon", "coordinates": [ [ [ 546324.65, 6875434.78 ], [ 546325.33, 6875432.85 ], [ 546319.46, 6875429.38 ], [ 546318.39, 6875431.2 ], [ 546324.65, 6875434.78 ] ] ] } },
{ "type": "Feature", "properties": { }, "geometry": { "type": "Polygon", "coordinates": [ [ [ 546326.07, 6875605.64 ], [ 546329.63, 6875604.51 ], [ 546327.76, 6875599.9 ], [ 546324.32, 6875601.33 ], [ 546326.07, 6875605.64 ] ] ] } },
{ "type": "Feature", "properties": { }, "geometry": { "type": "Polygon", "coordinates": [ [ [ 546502.84, 6875652.03 ], [ 546505.46, 6875640.24 ], [ 546499.23, 6875631.03 ], [ 546496.64, 6875642.97 ], [ 546502.84, 6875652.03 ] ] ] } },
{ "type": "Feature", "properties": { }, "geometry": { "type": "Polygon", "coordinates": [ [ [ 546313.54, 6875646.92 ], [ 546317.03, 6875645.75 ], [ 546315.25, 6875640.91 ], [ 546311.83, 6875642.24 ], [ 546313.54, 6875646.92 ] ] ] } },
{ "type": "Feature", "properties": { }, "geometry": { "type": "Polygon", "coordinates": [ [ [ 546850.08, 6875645.61 ], [ 546824.24, 6875656.88 ], [ 546827.81, 6875664.56 ], [ 546853.32, 6875653.06 ], [ 546850.08, 6875645.61 ] ] ] } },
{ "type": "Feature", "properties": { }, "geometry": { "type": "Polygon", "coordinates": [ [ [ 546571.89, 6875778.33 ], [ 546552.55, 6875747.09 ], [ 546547.93, 6875749.33 ], [ 546567.97, 6875781.73 ], [ 546571.89, 6875778.33 ] ] ] } },
{ "type": "Feature", "properties": { }, "geometry": { "type": "Polygon", "coordinates": [ [ [ 546358.61, 6875770.26 ], [ 546360.42, 6875775.2 ], [ 546363.85, 6875773.84 ], [ 546362.07, 6875769.01 ], [ 546358.61, 6875770.26 ] ] ] } },
{ "type": "Feature", "properties": { }, "geometry": { "type": "Polygon", "coordinates": [ [ [ 546496.21, 6875768.52 ], [ 546503.22, 6875796.33 ], [ 546507.31, 6875809.27 ], [ 546511.98, 6875806.85 ], [ 546501.29, 6875767.37 ], [ 546496.21, 6875768.52 ] ] ] } },
{ "type": "Feature", "properties": { }, "geometry": { "type": "Polygon", "coordinates": [ [ [ 546740.22, 6875794.55 ], [ 546742.11, 6875799.08 ], [ 546745.58, 6875797.84 ], [ 546743.6, 6875793.13 ], [ 546740.22, 6875794.55 ] ] ] } },
{ "type": "Feature", "properties": { }, "geometry": { "type": "Polygon", "coordinates": [ [ [ 546604.94, 6875851.16 ], [ 546600.07, 6875853.24 ], [ 546601.72, 6875858.08 ], [ 546606.6, 6875855.99 ], [ 546604.94, 6875851.16 ] ] ] } },
{ "type": "Feature", "properties": { }, "geometry": { "type": "Polygon", "coordinates": [ [ [ 546405.96, 6875899.78 ], [ 546409.44, 6875898.57 ], [ 546407.83, 6875894.18 ], [ 546404.31, 6875895.32 ], [ 546405.96, 6875899.78 ] ] ] } },
{ "type": "Feature", "properties": { }, "geometry": { "type": "Polygon", "coordinates": [ [ [ 546614.9, 6875922.85 ], [ 546614.76, 6875927.52 ], [ 546620.07, 6875927.26 ], [ 546620.21, 6875922.24 ], [ 546614.9, 6875922.85 ] ] ] } },
{ "type": "Feature", "properties": { }, "geometry": { "type": "Polygon", "coordinates": [ [ [ 546292.93, 6875939.42 ], [ 546296.42, 6875938.05 ], [ 546295.55, 6875933.34 ], [ 546292.02, 6875934.49 ], [ 546292.93, 6875939.42 ] ] ] } },
{ "type": "Feature", "properties": { }, "geometry": { "type": "Polygon", "coordinates": [ [ [ 546431.25, 6875968.82 ], [ 546434.75, 6875967.59 ], [ 546433.04, 6875962.93 ], [ 546429.53, 6875964.16 ], [ 546431.25, 6875968.82 ] ] ] } },
{ "type": "Feature", "properties": { }, "geometry": { "type": "Polygon", "coordinates": [ [ [ 546304.02, 6876015.69 ], [ 546307.51, 6876014.43 ], [ 546305.74, 6876009.64 ], [ 546302.3, 6876010.99 ], [ 546304.02, 6876015.69 ] ] ] } },
{ "type": "Feature", "properties": { }, "geometry": { "type": "Polygon", "coordinates": [ [ [ 546454.13, 6876031.44 ], [ 546455.76, 6876035.91 ], [ 546459.24, 6876034.69 ], [ 546457.53, 6876030.05 ], [ 546454.13, 6876031.44 ] ] ] } },
{ "type": "Feature", "properties": { }, "geometry": { "type": "Polygon", "coordinates": [ [ [ 546340.57, 6876570.06 ], [ 546355.25, 6876559.04 ], [ 546329.78, 6876489.56 ], [ 546315.53, 6876500.25 ], [ 546340.57, 6876570.06 ] ] ] } },
{ "type": "Feature", "properties": { }, "geometry": { "type": "Polygon", "coordinates": [ [ [ 546373.48, 6876638.42 ], [ 546371.17, 6876632.3 ], [ 546367.5, 6876632.92 ], [ 546370.36, 6876640.41 ], [ 546373.48, 6876638.42 ] ] ] } },
{ "type": "Feature", "properties": { }, "geometry": { "type": "Polygon", "coordinates": [ [ [ 546378.59, 6876659.54 ], [ 546381.15, 6876665.09 ], [ 546385.3, 6876663.16 ], [ 546382.69, 6876657.64 ], [ 546378.59, 6876659.54 ] ] ] } },
{ "type": "Feature", "properties": { }, "geometry": { "type": "Polygon", "coordinates": [ [ [ 546389.49, 6876671.89 ], [ 546386.98, 6876666.25 ], [ 546382.7, 6876668.42 ], [ 546385.25, 6876673.73 ], [ 546389.49, 6876671.89 ] ] ] } },
{ "type": "Feature", "properties": { }, "geometry": { "type": "Polygon", "coordinates": [ [ [ 546392.93, 6876689.34 ], [ 546398.76, 6876686.32 ], [ 546395.85, 6876680.43 ], [ 546389.94, 6876683.42 ], [ 546392.93, 6876689.34 ] ] ] } },
{ "type": "Feature", "properties": { }, "geometry": { "type": "Polygon", "coordinates": [ [ [ 546407.63, 6876708.08 ], [ 546405.09, 6876702.38 ], [ 546399.76, 6876703.77 ], [ 546403.34, 6876711.21 ], [ 546407.63, 6876708.08 ] ] ] } },
{ "type": "Feature", "properties": { }, "geometry": { "type": "Polygon", "coordinates": [ [ [ 547354.09, 6860289.04 ], [ 547356.45, 6860290.19 ], [ 547355.74, 6860291.47 ], [ 547352.85, 6860290.06 ], [ 547350.31, 6860294.23 ], [ 547354.74, 6860296.39 ], [ 547356.22, 6860297.1 ], [ 547355.09, 6860299.27 ], [ 547349.11, 6860296.38 ], [ 547345.8, 6860302.31 ], [ 547437.37, 6860346.77 ], [ 547440.59, 6860349.24 ], [ 547441.0, 6860348.52 ], [ 547444.89, 6860350.41 ], [ 547444.16, 6860345.1 ], [ 547455.61, 6860324.74 ], [ 547460.16, 6860324.42 ], [ 547463.71, 6860320.18 ], [ 547367.99, 6860273.68 ], [ 547367.36, 6860275.01 ], [ 547365.51, 6860273.91 ], [ 547362.8, 6860278.78 ], [ 547361.02, 6860277.89 ], [ 547362.61, 6860279.19 ], [ 547357.19, 6860288.14 ], [ 547354.09, 6860289.04 ] ] ] } },
{ "type": "Feature", "properties": { }, "geometry": { "type": "Polygon", "coordinates": [ [ [ 547431.16, 6860374.25 ], [ 547430.16, 6860370.27 ], [ 547431.93, 6860367.09 ], [ 547435.59, 6860365.89 ], [ 547438.38, 6860362.01 ], [ 547389.29, 6860338.15 ], [ 547389.7, 6860337.25 ], [ 547388.39, 6860337.73 ], [ 547339.32, 6860313.89 ], [ 547337.79, 6860317.52 ], [ 547338.69, 6860321.51 ], [ 547336.73, 6860324.87 ], [ 547333.05, 6860326.08 ], [ 547330.23, 6860330.04 ], [ 547349.89, 6860339.58 ], [ 547349.46, 6860340.48 ], [ 547350.78, 6860340.01 ], [ 547408.8, 6860368.22 ], [ 547409.27, 6860369.55 ], [ 547409.7, 6860368.65 ], [ 547429.5, 6860378.23 ], [ 547431.16, 6860374.25 ] ] ] } },
{ "type": "Feature", "properties": { }, "geometry": { "type": "Polygon", "coordinates": [ [ [ 546998.69, 6861105.1 ], [ 546983.46, 6861141.23 ], [ 547084.83, 6861184.19 ], [ 547091.62, 6861168.06 ], [ 547070.62, 6861159.16 ], [ 547072.24, 6861155.24 ], [ 547093.29, 6861164.11 ], [ 547100.15, 6861147.83 ], [ 546998.69, 6861105.1 ] ] ] } },
{ "type": "Feature", "properties": { }, "geometry": { "type": "Polygon", "coordinates": [ [ [ 547013.54, 6861721.97 ], [ 547017.08, 6861716.24 ], [ 547004.67, 6861708.55 ], [ 547001.14, 6861714.17 ], [ 547013.54, 6861721.97 ] ] ] } },
{ "type": "Feature", "properties": { }, "geometry": { "type": "Polygon", "coordinates": [ [ [ 547456.84, 6861845.19 ], [ 547444.0, 6861833.8 ], [ 547441.29, 6861835.21 ], [ 547454.09, 6861846.65 ], [ 547456.84, 6861845.19 ] ] ] } },
{ "type": "Feature", "properties": { }, "geometry": { "type": "Polygon", "coordinates": [ [ [ 547414.32, 6861865.34 ], [ 547415.21, 6861863.12 ], [ 547426.74, 6861856.87 ], [ 547428.85, 6861857.12 ], [ 547430.37, 6861859.5 ], [ 547438.47, 6861855.13 ], [ 547428.78, 6861851.23 ], [ 547424.82, 6861844.17 ], [ 547417.9, 6861847.95 ], [ 547418.93, 6861850.56 ], [ 547417.4, 6861852.84 ], [ 547414.65, 6861852.9 ], [ 547412.98, 6861850.65 ], [ 547408.4, 6861853.06 ], [ 547410.98, 6861855.24 ], [ 547407.67, 6861871.8 ], [ 547415.49, 6861867.57 ], [ 547414.32, 6861865.34 ] ] ] } },
{ "type": "Feature", "properties": { }, "geometry": { "type": "Polygon", "coordinates": [ [ [ 547595.82, 6862283.67 ], [ 547588.8, 6862280.51 ], [ 547591.72, 6862270.87 ], [ 547549.93, 6862256.38 ], [ 547547.06, 6862265.97 ], [ 547540.96, 6862263.9 ], [ 547539.06, 6862265.18 ], [ 547539.98, 6862269.38 ], [ 547545.42, 6862271.53 ], [ 547540.66, 6862287.59 ], [ 547535.18, 6862286.12 ], [ 547532.05, 6862289.48 ], [ 547533.04, 6862290.94 ], [ 547539.03, 6862293.04 ], [ 547536.01, 6862302.95 ], [ 547577.91, 6862317.34 ], [ 547580.86, 6862307.57 ], [ 547587.01, 6862309.65 ], [ 547588.84, 6862308.13 ], [ 547587.71, 6862303.97 ], [ 547582.44, 6862302.11 ], [ 547587.17, 6862286.03 ], [ 547592.8, 6862287.52 ], [ 547595.28, 6862285.75 ], [ 547595.82, 6862283.67 ] ], [ [ 547584.72, 6862308.42 ], [ 547580.98, 6862307.12 ], [ 547581.35, 6862305.83 ], [ 547585.16, 6862307.13 ], [ 547584.72, 6862308.42 ] ] ] } },
{ "type": "Feature", "properties": { }, "geometry": { "type": "Polygon", "coordinates": [ [ [ 547193.53, 6862616.58 ], [ 547209.12, 6862622.81 ], [ 547217.49, 6862622.61 ], [ 547222.48, 6862621.01 ], [ 547224.64, 6862615.21 ], [ 547218.07, 6862618.43 ], [ 547211.04, 6862619.07 ], [ 547205.67, 6862617.84 ], [ 547194.94, 6862612.81 ], [ 547193.53, 6862616.58 ] ] ] } },
{ "type": "Feature", "properties": { }, "geometry": { "type": "Polygon", "coordinates": [ [ [ 547167.03, 6862687.66 ], [ 547193.88, 6862697.76 ], [ 547195.36, 6862693.69 ], [ 547168.53, 6862683.62 ], [ 547167.03, 6862687.66 ] ] ] } },
{ "type": "Feature", "properties": { }, "geometry": { "type": "Polygon", "coordinates": [ [ [ 547140.54, 6862758.55 ], [ 547154.35, 6862762.93 ], [ 547159.0, 6862766.36 ], [ 547162.48, 6862770.98 ], [ 547164.5, 6862776.41 ], [ 547166.68, 6862770.58 ], [ 547161.42, 6862763.22 ], [ 547154.51, 6862758.64 ], [ 547141.95, 6862754.78 ], [ 547140.54, 6862758.55 ] ] ] } },
{ "type": "Feature", "properties": { }, "geometry": { "type": "Polygon", "coordinates": [ [ [ 546940.12, 6863410.14 ], [ 546946.27, 6863390.41 ], [ 546904.47, 6863359.83 ], [ 546898.27, 6863379.53 ], [ 546940.12, 6863410.14 ] ] ] } },
{ "type": "Feature", "properties": { }, "geometry": { "type": "Polygon", "coordinates": [ [ [ 547128.53, 6863525.78 ], [ 547122.83, 6863541.81 ], [ 547231.39, 6863620.89 ], [ 547240.62, 6863608.36 ], [ 547128.53, 6863525.78 ] ] ] } },
{ "type": "Feature", "properties": { }, "geometry": { "type": "Polygon", "coordinates": [ [ [ 547328.28, 6863674.41 ], [ 547284.16, 6863642.46 ], [ 547275.12, 6863652.14 ], [ 547319.25, 6863684.11 ], [ 547328.28, 6863674.41 ] ] ] } },
{ "type": "Feature", "properties": { }, "geometry": { "type": "Polygon", "coordinates": [ [ [ 547398.26, 6865499.27 ], [ 547388.95, 6865487.82 ], [ 547378.71, 6865495.28 ], [ 547388.89, 6865507.88 ], [ 547398.26, 6865499.27 ] ] ] } },
{ "type": "Feature", "properties": { }, "geometry": { "type": "Polygon", "coordinates": [ [ [ 547121.91, 6865819.48 ], [ 547151.89, 6865833.71 ], [ 547166.39, 6865791.8 ], [ 547136.57, 6865777.58 ], [ 547121.91, 6865819.48 ] ] ] } },
{ "type": "Feature", "properties": { }, "geometry": { "type": "Polygon", "coordinates": [ [ [ 547011.58, 6866140.21 ], [ 547010.02, 6866133.6 ], [ 547006.09, 6866131.5 ], [ 547004.83, 6866135.44 ], [ 547005.81, 6866138.93 ], [ 546996.86, 6866167.67 ], [ 546997.12, 6866170.63 ], [ 547002.97, 6866172.61 ], [ 547003.76, 6866170.82 ], [ 547003.03, 6866168.23 ], [ 547011.58, 6866140.21 ] ] ] } },
{ "type": "Feature", "properties": { }, "geometry": { "type": "Polygon", "coordinates": [ [ [ 547545.25, 6866214.37 ], [ 547553.86, 6866200.51 ], [ 547524.83, 6866184.06 ], [ 547516.97, 6866198.27 ], [ 547545.25, 6866214.37 ] ] ] } },
{ "type": "Feature", "properties": { }, "geometry": { "type": "Polygon", "coordinates": [ [ [ 547031.28, 6866208.23 ], [ 547025.66, 6866198.86 ], [ 547021.47, 6866201.39 ], [ 547027.09, 6866210.76 ], [ 547025.83, 6866211.52 ], [ 547027.52, 6866214.35 ], [ 547028.78, 6866213.59 ], [ 547039.42, 6866231.34 ], [ 547043.61, 6866228.82 ], [ 547032.98, 6866211.06 ], [ 547034.24, 6866210.3 ], [ 547032.54, 6866207.47 ], [ 547031.28, 6866208.23 ] ] ] } },
{ "type": "Feature", "properties": { }, "geometry": { "type": "Polygon", "coordinates": [ [ [ 547044.23, 6866642.75 ], [ 547041.16, 6866637.32 ], [ 547035.74, 6866640.42 ], [ 547038.77, 6866645.78 ], [ 547044.23, 6866642.75 ] ] ] } },
{ "type": "Feature", "properties": { }, "geometry": { "type": "Polygon", "coordinates": [ [ [ 547534.55, 6866622.08 ], [ 547547.79, 6866648.07 ], [ 547559.72, 6866667.02 ], [ 547566.55, 6866664.09 ], [ 547554.88, 6866640.93 ], [ 547540.91, 6866618.45 ], [ 547534.55, 6866622.08 ] ] ] } },
{ "type": "Feature", "properties": { }, "geometry": { "type": "Polygon", "coordinates": [ [ [ 547107.83, 6866725.79 ], [ 547104.96, 6866720.61 ], [ 547099.63, 6866723.55 ], [ 547102.52, 6866728.77 ], [ 547107.83, 6866725.79 ] ] ] } },
{ "type": "Feature", "properties": { }, "geometry": { "type": "Polygon", "coordinates": [ [ [ 547559.05, 6866820.44 ], [ 547537.61, 6866832.91 ], [ 547541.65, 6866840.06 ], [ 547563.27, 6866827.52 ], [ 547559.05, 6866820.44 ] ] ] } },
{ "type": "Feature", "properties": { }, "geometry": { "type": "Polygon", "coordinates": [ [ [ 547618.33, 6866923.47 ], [ 547596.61, 6866936.37 ], [ 547600.8, 6866943.66 ], [ 547622.69, 6866930.88 ], [ 547618.33, 6866923.47 ] ] ] } },
{ "type": "Feature", "properties": { }, "geometry": { "type": "Polygon", "coordinates": [ [ [ 547000.82, 6867043.51 ], [ 546994.84, 6867047.13 ], [ 547002.85, 6867061.22 ], [ 547008.94, 6867057.81 ], [ 547000.82, 6867043.51 ] ] ] } },
{ "type": "Feature", "properties": { }, "geometry": { "type": "Polygon", "coordinates": [ [ [ 547558.57, 6867159.21 ], [ 547557.95, 6867160.85 ], [ 547558.87, 6867160.55 ], [ 547566.65, 6867174.18 ], [ 547563.28, 6867176.14 ], [ 547564.67, 6867178.92 ], [ 547568.32, 6867177.0 ], [ 547576.71, 6867191.63 ], [ 547573.22, 6867193.83 ], [ 547576.53, 6867199.52 ], [ 547580.13, 6867197.61 ], [ 547587.9, 6867211.24 ], [ 547595.29, 6867206.94 ], [ 547587.49, 6867193.48 ], [ 547591.02, 6867191.26 ], [ 547587.65, 6867185.48 ], [ 547584.04, 6867187.38 ], [ 547575.62, 6867172.69 ], [ 547579.15, 6867170.6 ], [ 547577.41, 6867167.98 ], [ 547573.68, 6867170.14 ], [ 547566.24, 6867156.31 ], [ 547566.93, 6867155.75 ], [ 547565.56, 6867155.19 ], [ 547557.77, 6867141.48 ], [ 547558.45, 6867140.92 ], [ 547557.09, 6867140.38 ], [ 547549.3, 6867126.87 ], [ 547541.94, 6867131.07 ], [ 547549.68, 6867144.62 ], [ 547549.5, 6867146.07 ], [ 547550.36, 6867145.75 ], [ 547558.57, 6867159.21 ] ], [ [ 547550.07, 6867144.39 ], [ 547550.07, 6867144.4 ], [ 547549.68, 6867144.62 ], [ 547550.07, 6867144.39 ] ] ] } },
{ "type": "Feature", "properties": { }, "geometry": { "type": "Polygon", "coordinates": [ [ [ 547039.17, 6867474.3 ], [ 547060.04, 6867488.66 ], [ 547058.35, 6867490.13 ], [ 547058.36, 6867491.73 ], [ 547068.38, 6867503.31 ], [ 547070.16, 6867503.36 ], [ 547074.99, 6867499.21 ], [ 547095.37, 6867513.5 ], [ 547094.4, 6867512.12 ], [ 547131.24, 6867480.09 ], [ 547125.48, 6867477.39 ], [ 547111.55, 6867467.55 ], [ 547113.48, 6867465.75 ], [ 547113.49, 6867464.15 ], [ 547103.25, 6867452.43 ], [ 547101.49, 6867452.44 ], [ 547096.36, 6867456.9 ], [ 547075.57, 6867442.34 ], [ 547073.83, 6867439.44 ], [ 547072.7, 6867440.43 ], [ 547051.5, 6867428.97 ], [ 547012.32, 6867462.86 ], [ 547000.69, 6867469.02 ], [ 547010.7, 6867467.79 ], [ 547020.54, 6867468.3 ], [ 547035.75, 6867472.64 ], [ 547033.42, 6867474.57 ], [ 547035.53, 6867477.13 ], [ 547039.17, 6867474.3 ] ], [ [ 547105.87, 6867464.53 ], [ 547069.73, 6867495.76 ], [ 547065.95, 6867491.34 ], [ 547101.96, 6867460.02 ], [ 547105.87, 6867464.53 ] ] ] } },
{ "type": "Feature", "properties": { }, "geometry": { "type": "Polygon", "coordinates": [ [ [ 546863.04, 6867486.11 ], [ 546897.2, 6867521.2 ], [ 546922.78, 6867507.64 ], [ 546919.37, 6867507.19 ], [ 546888.64, 6867475.55 ], [ 546888.54, 6867472.89 ], [ 546863.04, 6867486.11 ] ] ] } },
{ "type": "Feature", "properties": { }, "geometry": { "type": "Polygon", "coordinates": [ [ [ 547144.73, 6867561.95 ], [ 547140.92, 6867559.64 ], [ 547136.33, 6867568.14 ], [ 547140.66, 6867570.47 ], [ 547144.73, 6867561.95 ] ] ] } },
{ "type": "Feature", "properties": { }, "geometry": { "type": "Polygon", "coordinates": [ [ [ 547168.43, 6867634.85 ], [ 547188.73, 6867645.15 ], [ 547191.72, 6867639.45 ], [ 547167.63, 6867627.45 ], [ 547165.43, 6867631.56 ], [ 547169.12, 6867633.54 ], [ 547168.43, 6867634.85 ] ] ] } },
{ "type": "Feature", "properties": { }, "geometry": { "type": "Polygon", "coordinates": [ [ [ 547073.32, 6868360.22 ], [ 547042.5, 6868387.73 ], [ 547039.88, 6868402.95 ], [ 547038.58, 6868403.39 ], [ 547039.76, 6868403.59 ], [ 547026.12, 6868483.81 ], [ 547034.32, 6868485.21 ], [ 547050.09, 6868392.17 ], [ 547078.79, 6868366.44 ], [ 547073.32, 6868360.22 ] ] ] } },
{ "type": "Feature", "properties": { }, "geometry": { "type": "Polygon", "coordinates": [ [ [ 546922.7, 6868671.13 ], [ 546948.21, 6868729.44 ], [ 546952.47, 6868728.23 ], [ 546936.49, 6868690.31 ], [ 546929.05, 6868668.48 ], [ 546922.7, 6868671.13 ] ] ] } },
{ "type": "Feature", "properties": { }, "geometry": { "type": "Polygon", "coordinates": [ [ [ 546924.41, 6869420.88 ], [ 546915.07, 6869428.91 ], [ 546917.85, 6869432.16 ], [ 546927.22, 6869424.18 ], [ 546924.41, 6869420.88 ] ] ] } },
{ "type": "Feature", "properties": { }, "geometry": { "type": "Polygon", "coordinates": [ [ [ 547009.91, 6870391.28 ], [ 547044.13, 6870353.11 ], [ 547049.38, 6870357.64 ], [ 547053.75, 6870352.69 ], [ 547049.36, 6870347.67 ], [ 547020.45, 6870323.06 ], [ 547015.67, 6870328.58 ], [ 547017.43, 6870328.85 ], [ 546984.03, 6870367.45 ], [ 547009.91, 6870391.28 ] ] ] } },
{ "type": "Feature", "properties": { }, "geometry": { "type": "Polygon", "coordinates": [ [ [ 547506.02, 6870848.2 ], [ 547433.48, 6870892.74 ], [ 547440.96, 6870904.61 ], [ 547513.46, 6870860.12 ], [ 547514.08, 6870861.1 ], [ 547518.0, 6870857.34 ], [ 547510.55, 6870845.42 ], [ 547509.06, 6870846.34 ], [ 547508.44, 6870845.33 ], [ 547505.4, 6870847.21 ], [ 547506.02, 6870848.2 ] ] ] } },
{ "type": "Feature", "properties": { }, "geometry": { "type": "Polygon", "coordinates": [ [ [ 547510.61, 6870918.12 ], [ 547534.32, 6870906.48 ], [ 547545.13, 6870903.15 ], [ 547517.85, 6870864.09 ], [ 547507.59, 6870875.94 ], [ 547491.49, 6870889.37 ], [ 547448.01, 6870915.8 ], [ 547451.19, 6870918.29 ], [ 547454.67, 6870918.38 ], [ 547467.58, 6870910.55 ], [ 547479.82, 6870930.26 ], [ 547466.96, 6870938.61 ], [ 547465.48, 6870942.36 ], [ 547466.39, 6870945.74 ], [ 547510.61, 6870918.12 ] ] ] } },
{ "type": "Feature", "properties": { }, "geometry": { "type": "Polygon", "coordinates": [ [ [ 547525.57, 6870931.52 ], [ 547520.08, 6870934.96 ], [ 547515.41, 6870927.65 ], [ 547521.01, 6870924.05 ], [ 547518.45, 6870919.87 ], [ 547512.75, 6870923.49 ], [ 547520.08, 6870935.37 ], [ 547522.72, 6870933.79 ], [ 547523.51, 6870934.79 ], [ 547523.6, 6870933.08 ], [ 547525.57, 6870931.52 ] ] ] } },
{ "type": "Feature", "properties": { }, "geometry": { "type": "Polygon", "coordinates": [ [ [ 547423.06, 6871168.13 ], [ 547434.79, 6871175.27 ], [ 547435.68, 6871172.66 ], [ 547423.97, 6871165.44 ], [ 547423.06, 6871168.13 ] ] ] } },
{ "type": "Feature", "properties": { }, "geometry": { "type": "Polygon", "coordinates": [ [ [ 547590.48, 6872775.67 ], [ 547595.53, 6872789.4 ], [ 547598.43, 6872788.33 ], [ 547593.31, 6872774.62 ], [ 547590.48, 6872775.67 ] ] ] } },
{ "type": "Feature", "properties": { }, "geometry": { "type": "Polygon", "coordinates": [ [ [ 547333.68, 6872865.34 ], [ 547343.08, 6872889.21 ], [ 547350.27, 6872886.38 ], [ 547340.83, 6872862.56 ], [ 547333.68, 6872865.34 ] ] ] } },
{ "type": "Feature", "properties": { }, "geometry": { "type": "Polygon", "coordinates": [ [ [ 547192.98, 6872934.68 ], [ 547190.91, 6872920.45 ], [ 547188.06, 6872920.97 ], [ 547190.23, 6872935.12 ], [ 547192.98, 6872934.68 ] ] ] } },
{ "type": "Feature", "properties": { }, "geometry": { "type": "Polygon", "coordinates": [ [ [ 547424.68, 6872973.26 ], [ 547412.99, 6872946.89 ], [ 547407.29, 6872949.04 ], [ 547419.12, 6872975.72 ], [ 547424.68, 6872973.26 ] ] ] } },
{ "type": "Feature", "properties": { }, "geometry": { "type": "Polygon", "coordinates": [ [ [ 547213.83, 6873024.8 ], [ 547218.02, 6873023.68 ], [ 547214.02, 6873013.75 ], [ 547209.93, 6873014.82 ], [ 547213.83, 6873024.8 ] ] ] } },
{ "type": "Feature", "properties": { }, "geometry": { "type": "Polygon", "coordinates": [ [ [ 547529.42, 6873248.27 ], [ 547516.89, 6873226.23 ], [ 547514.07, 6873227.86 ], [ 547526.94, 6873249.03 ], [ 547529.42, 6873248.27 ] ] ] } },
{ "type": "Feature", "properties": { }, "geometry": { "type": "Polygon", "coordinates": [ [ [ 547353.32, 6873243.45 ], [ 547339.46, 6873249.63 ], [ 547342.65, 6873257.03 ], [ 547356.92, 6873250.67 ], [ 547353.32, 6873243.45 ] ] ] } },
{ "type": "Feature", "properties": { }, "geometry": { "type": "Polygon", "coordinates": [ [ [ 547540.7, 6873275.38 ], [ 547549.92, 6873296.51 ], [ 547552.87, 6873295.2 ], [ 547543.7, 6873274.08 ], [ 547540.7, 6873275.38 ] ] ] } },
{ "type": "Feature", "properties": { }, "geometry": { "type": "Polygon", "coordinates": [ [ [ 547584.42, 6873330.6 ], [ 547586.43, 6873335.21 ], [ 547600.27, 6873329.16 ], [ 547598.19, 6873324.53 ], [ 547584.42, 6873330.6 ] ] ] } },
{ "type": "Feature", "properties": { }, "geometry": { "type": "Polygon", "coordinates": [ [ [ 547269.21, 6873345.86 ], [ 547252.44, 6873353.41 ], [ 547253.65, 6873356.14 ], [ 547270.11, 6873349.05 ], [ 547269.21, 6873345.86 ] ] ] } },
{ "type": "Feature", "properties": { }, "geometry": { "type": "Polygon", "coordinates": [ [ [ 547583.6, 6873366.05 ], [ 547574.57, 6873345.92 ], [ 547572.03, 6873347.04 ], [ 547581.0, 6873367.13 ], [ 547583.6, 6873366.05 ] ] ] } },
{ "type": "Feature", "properties": { }, "geometry": { "type": "Polygon", "coordinates": [ [ [ 547530.97, 6873359.66 ], [ 547528.86, 6873355.08 ], [ 547522.27, 6873358.01 ], [ 547524.32, 6873362.61 ], [ 547530.97, 6873359.66 ] ] ] } },
{ "type": "Feature", "properties": { }, "geometry": { "type": "Polygon", "coordinates": [ [ [ 547582.47, 6873538.32 ], [ 547585.36, 6873537.02 ], [ 547578.21, 6873520.53 ], [ 547575.31, 6873521.82 ], [ 547582.47, 6873538.32 ] ] ] } },
{ "type": "Feature", "properties": { }, "geometry": { "type": "Polygon", "coordinates": [ [ [ 547496.73, 6873569.89 ], [ 547493.67, 6873562.72 ], [ 547479.33, 6873569.03 ], [ 547482.43, 6873576.2 ], [ 547496.73, 6873569.89 ] ] ] } },
{ "type": "Feature", "properties": { }, "geometry": { "type": "Polygon", "coordinates": [ [ [ 547365.15, 6873610.29 ], [ 547381.97, 6873602.75 ], [ 547380.79, 6873599.87 ], [ 547363.7, 6873606.89 ], [ 547365.15, 6873610.29 ] ] ] } },
{ "type": "Feature", "properties": { }, "geometry": { "type": "Polygon", "coordinates": [ [ [ 547599.78, 6874237.75 ], [ 547601.6, 6874239.5 ], [ 547607.65, 6874234.92 ], [ 547606.35, 6874232.83 ], [ 547599.78, 6874237.75 ] ] ] } },
{ "type": "Feature", "properties": { }, "geometry": { "type": "Polygon", "coordinates": [ [ [ 547548.92, 6874278.46 ], [ 547554.98, 6874274.05 ], [ 547553.52, 6874272.05 ], [ 547547.66, 6874276.36 ], [ 547548.92, 6874278.46 ] ] ] } },
{ "type": "Feature", "properties": { }, "geometry": { "type": "Polygon", "coordinates": [ [ [ 547488.02, 6874321.41 ], [ 547498.13, 6874313.93 ], [ 547473.85, 6874280.97 ], [ 547463.84, 6874288.4 ], [ 547488.02, 6874321.41 ] ] ] } },
{ "type": "Feature", "properties": { }, "geometry": { "type": "Polygon", "coordinates": [ [ [ 547184.55, 6874502.34 ], [ 547185.85, 6874501.54 ], [ 547202.06, 6874524.36 ], [ 547201.22, 6874525.05 ], [ 547201.92, 6874526.15 ], [ 547203.11, 6874525.4 ], [ 547206.21, 6874529.57 ], [ 547227.93, 6874513.52 ], [ 547224.69, 6874509.08 ], [ 547225.57, 6874508.41 ], [ 547224.74, 6874507.5 ], [ 547224.09, 6874508.22 ], [ 547207.4, 6874485.53 ], [ 547208.25, 6874484.84 ], [ 547207.49, 6874483.77 ], [ 547206.26, 6874484.42 ], [ 547203.31, 6874480.39 ], [ 547181.54, 6874496.36 ], [ 547184.63, 6874500.61 ], [ 547183.77, 6874501.28 ], [ 547184.55, 6874502.34 ] ] ] } },
{ "type": "Feature", "properties": { }, "geometry": { "type": "Polygon", "coordinates": [ [ [ 547189.2, 6874542.13 ], [ 547195.6, 6874537.4 ], [ 547171.13, 6874504.04 ], [ 547164.73, 6874508.82 ], [ 547189.2, 6874542.13 ] ] ] } },
{ "type": "Feature", "properties": { }, "geometry": { "type": "Polygon", "coordinates": [ [ [ 546870.09, 6874899.34 ], [ 546866.77, 6874891.01 ], [ 546863.52, 6874892.55 ], [ 546867.84, 6874902.07 ], [ 546870.09, 6874899.34 ] ] ] } },
{ "type": "Feature", "properties": { }, "geometry": { "type": "Polygon", "coordinates": [ [ [ 547372.66, 6874946.21 ], [ 547374.42, 6874944.58 ], [ 547370.12, 6874938.66 ], [ 547368.28, 6874940.17 ], [ 547372.66, 6874946.21 ] ] ] } },
{ "type": "Feature", "properties": { }, "geometry": { "type": "Polygon", "coordinates": [ [ [ 547232.83, 6874943.85 ], [ 547208.65, 6874961.74 ], [ 547213.4, 6874968.22 ], [ 547237.56, 6874950.35 ], [ 547232.83, 6874943.85 ] ] ] } },
{ "type": "Feature", "properties": { }, "geometry": { "type": "Polygon", "coordinates": [ [ [ 547137.61, 6875014.24 ], [ 547142.16, 6875020.91 ], [ 547171.28, 6874999.33 ], [ 547166.54, 6874992.8 ], [ 547137.61, 6875014.24 ] ] ] } },
{ "type": "Feature", "properties": { }, "geometry": { "type": "Polygon", "coordinates": [ [ [ 547222.49, 6875025.65 ], [ 547234.69, 6875016.88 ], [ 547231.34, 6875012.22 ], [ 547219.09, 6875021.02 ], [ 547222.49, 6875025.65 ] ] ] } },
{ "type": "Feature", "properties": { }, "geometry": { "type": "Polygon", "coordinates": [ [ [ 546995.92, 6875105.77 ], [ 547007.55, 6875120.47 ], [ 547019.16, 6875113.83 ], [ 547006.2, 6875097.44 ], [ 546995.92, 6875105.77 ] ] ] } },
{ "type": "Feature", "properties": { }, "geometry": { "type": "Polygon", "coordinates": [ [ [ 547106.24, 6875134.85 ], [ 547100.8, 6875138.89 ], [ 547101.96, 6875142.1 ], [ 547107.57, 6875137.94 ], [ 547106.24, 6875134.85 ] ] ] } },
{ "type": "Feature", "properties": { }, "geometry": { "type": "Polygon", "coordinates": [ [ [ 547501.26, 6875277.77 ], [ 547506.66, 6875284.47 ], [ 547508.4, 6875282.99 ], [ 547503.0, 6875276.29 ], [ 547501.26, 6875277.77 ] ] ] } },
{ "type": "Feature", "properties": { }, "geometry": { "type": "Polygon", "coordinates": [ [ [ 547450.62, 6875291.16 ], [ 547452.58, 6875293.86 ], [ 547476.67, 6875276.68 ], [ 547474.61, 6875273.69 ], [ 547450.62, 6875291.16 ] ] ] } },
{ "type": "Feature", "properties": { }, "geometry": { "type": "Polygon", "coordinates": [ [ [ 547408.84, 6875321.96 ], [ 547378.78, 6875344.34 ], [ 547379.88, 6875347.86 ], [ 547410.64, 6875325.05 ], [ 547408.84, 6875321.96 ] ] ] } },
{ "type": "Feature", "properties": { }, "geometry": { "type": "Polygon", "coordinates": [ [ [ 547614.98, 6875458.39 ], [ 547587.29, 6875479.63 ], [ 547591.65, 6875485.48 ], [ 547619.38, 6875464.28 ], [ 547614.98, 6875458.39 ] ] ] } },
{ "type": "Feature", "properties": { }, "geometry": { "type": "Polygon", "coordinates": [ [ [ 547149.83, 6875509.98 ], [ 547137.53, 6875478.65 ], [ 547134.79, 6875479.88 ], [ 547147.2, 6875511.09 ], [ 547149.83, 6875509.98 ] ] ] } },
{ "type": "Feature", "properties": { }, "geometry": { "type": "Polygon", "coordinates": [ [ [ 547018.78, 6876094.17 ], [ 547019.01, 6876099.28 ], [ 547059.99, 6876075.58 ], [ 547058.65, 6876074.08 ], [ 547040.82, 6876003.19 ], [ 547000.19, 6876026.65 ], [ 547018.78, 6876094.17 ] ] ] } },
{ "type": "Feature", "properties": { }, "geometry": { "type": "Polygon", "coordinates": [ [ [ 547150.0, 6876482.52 ], [ 547195.13, 6876461.45 ], [ 547192.36, 6876455.02 ], [ 547148.33, 6876475.5 ], [ 547150.0, 6876482.52 ] ] ] } },
{ "type": "Feature", "properties": { }, "geometry": { "type": "Polygon", "coordinates": [ [ [ 548232.86, 6861218.8 ], [ 548221.08, 6861212.39 ], [ 548219.92, 6861213.82 ], [ 548232.77, 6861220.8 ], [ 548232.86, 6861218.8 ] ] ] } },
{ "type": "Feature", "properties": { }, "geometry": { "type": "Polygon", "coordinates": [ [ [ 548044.09, 6861576.24 ], [ 548020.24, 6861562.66 ], [ 548004.34, 6861591.96 ], [ 548028.41, 6861605.15 ], [ 548027.77, 6861604.23 ], [ 548034.53, 6861591.27 ], [ 548043.21, 6861575.75 ], [ 548044.09, 6861576.24 ] ], [ [ 548016.73, 6861570.15 ], [ 548017.72, 6861568.34 ], [ 548040.07, 6861580.56 ], [ 548039.1, 6861582.33 ], [ 548016.73, 6861570.15 ] ], [ [ 548007.73, 6861586.76 ], [ 548008.69, 6861584.95 ], [ 548031.07, 6861597.14 ], [ 548030.07, 6861598.96 ], [ 548007.73, 6861586.76 ] ] ] } },
{ "type": "Feature", "properties": { }, "geometry": { "type": "Polygon", "coordinates": [ [ [ 548281.07, 6861986.98 ], [ 548293.08, 6861977.87 ], [ 548264.72, 6861939.39 ], [ 548251.88, 6861949.09 ], [ 548281.07, 6861986.98 ] ] ] } },
{ "type": "Feature", "properties": { }, "geometry": { "type": "Polygon", "coordinates": [ [ [ 547962.55, 6862152.67 ], [ 547974.35, 6862143.83 ], [ 547972.2, 6862141.1 ], [ 547960.52, 6862149.92 ], [ 547962.55, 6862152.67 ] ] ] } },
{ "type": "Feature", "properties": { }, "geometry": { "type": "Polygon", "coordinates": [ [ [ 547614.11, 6862277.82 ], [ 547598.62, 6862331.19 ], [ 547602.66, 6862330.76 ], [ 547615.1, 6862334.26 ], [ 547618.47, 6862337.87 ], [ 547634.21, 6862283.48 ], [ 547614.11, 6862277.82 ] ] ] } },
{ "type": "Feature", "properties": { }, "geometry": { "type": "Polygon", "coordinates": [ [ [ 547646.99, 6862286.88 ], [ 547644.23, 6862288.52 ], [ 547645.75, 6862291.62 ], [ 547631.39, 6862333.41 ], [ 547628.5, 6862332.98 ], [ 547626.95, 6862335.14 ], [ 547628.63, 6862337.61 ], [ 547627.88, 6862339.73 ], [ 547630.25, 6862338.53 ], [ 547642.46, 6862343.25 ], [ 547644.18, 6862347.51 ], [ 547645.47, 6862343.97 ], [ 547648.01, 6862342.37 ], [ 547647.3, 6862339.65 ], [ 547662.72, 6862297.69 ], [ 547664.57, 6862297.1 ], [ 547665.41, 6862295.37 ], [ 547663.99, 6862293.02 ], [ 547663.47, 6862294.17 ], [ 547646.94, 6862288.18 ], [ 547646.99, 6862286.88 ] ] ] } },
{ "type": "Feature", "properties": { }, "geometry": { "type": "Polygon", "coordinates": [ [ [ 548026.95, 6862486.73 ], [ 548034.36, 6862479.1 ], [ 548018.46, 6862463.6 ], [ 548010.92, 6862471.37 ], [ 548026.95, 6862486.73 ] ] ] } },
{ "type": "Feature", "properties": { }, "geometry": { "type": "Polygon", "coordinates": [ [ [ 548172.69, 6862617.46 ], [ 548156.77, 6862601.93 ], [ 548152.21, 6862606.63 ], [ 548168.13, 6862622.16 ], [ 548172.69, 6862617.46 ] ] ] } },
{ "type": "Feature", "properties": { }, "geometry": { "type": "Polygon", "coordinates": [ [ [ 548380.53, 6862821.27 ], [ 548361.17, 6862802.46 ], [ 548356.85, 6862806.81 ], [ 548376.2, 6862825.62 ], [ 548380.53, 6862821.27 ] ] ] } },
{ "type": "Feature", "properties": { }, "geometry": { "type": "Polygon", "coordinates": [ [ [ 548390.58, 6862958.8 ], [ 548407.55, 6862917.6 ], [ 548402.51, 6862915.42 ], [ 548385.43, 6862956.89 ], [ 548390.58, 6862958.8 ] ] ] } },
{ "type": "Feature", "properties": { }, "geometry": { "type": "Polygon", "coordinates": [ [ [ 548346.84, 6863079.69 ], [ 548347.45, 6863085.13 ], [ 548359.64, 6863083.74 ], [ 548359.03, 6863078.3 ], [ 548346.84, 6863079.69 ] ] ] } },
{ "type": "Feature", "properties": { }, "geometry": { "type": "Polygon", "coordinates": [ [ [ 548285.39, 6863086.77 ], [ 548267.64, 6863088.88 ], [ 548268.28, 6863094.31 ], [ 548286.04, 6863092.2 ], [ 548285.39, 6863086.77 ] ] ] } },
{ "type": "Feature", "properties": { }, "geometry": { "type": "Polygon", "coordinates": [ [ [ 548292.25, 6863611.05 ], [ 548319.25, 6863638.88 ], [ 548325.12, 6863633.17 ], [ 548298.14, 6863605.33 ], [ 548292.25, 6863611.05 ] ] ] } },
{ "type": "Feature", "properties": { }, "geometry": { "type": "Polygon", "coordinates": [ [ [ 547900.22, 6864075.87 ], [ 547870.9, 6864054.32 ], [ 547847.36, 6864086.09 ], [ 547876.61, 6864107.9 ], [ 547900.22, 6864075.87 ] ] ] } },
{ "type": "Feature", "properties": { }, "geometry": { "type": "Polygon", "coordinates": [ [ [ 547683.58, 6865492.67 ], [ 547679.24, 6865491.25 ], [ 547677.73, 6865507.49 ], [ 547682.02, 6865508.55 ], [ 547683.58, 6865492.67 ] ] ] } },
{ "type": "Feature", "properties": { }, "geometry": { "type": "Polygon", "coordinates": [ [ [ 548046.58, 6865728.77 ], [ 548018.83, 6865725.42 ], [ 548018.11, 6865732.51 ], [ 548045.77, 6865736.08 ], [ 548046.58, 6865728.77 ] ] ] } },
{ "type": "Feature", "properties": { }, "geometry": { "type": "Polygon", "coordinates": [ [ [ 547667.35, 6866080.18 ], [ 547695.0, 6866098.24 ], [ 547714.28, 6866068.69 ], [ 547686.57, 6866050.6 ], [ 547667.35, 6866080.18 ] ] ] } },
{ "type": "Feature", "properties": { }, "geometry": { "type": "Polygon", "coordinates": [ [ [ 548099.91, 6866354.89 ], [ 548138.38, 6866316.49 ], [ 548135.87, 6866314.0 ], [ 548097.37, 6866352.37 ], [ 548099.91, 6866354.89 ] ] ] } },
{ "type": "Feature", "properties": { }, "geometry": { "type": "Polygon", "coordinates": [ [ [ 547850.78, 6866543.46 ], [ 547850.3, 6866544.56 ], [ 547852.68, 6866544.53 ], [ 547853.16, 6866543.43 ], [ 547867.19, 6866543.22 ], [ 547871.35, 6866533.74 ], [ 547857.3, 6866534.0 ], [ 547858.88, 6866530.42 ], [ 547856.49, 6866530.46 ], [ 547854.92, 6866534.05 ], [ 547841.11, 6866534.3 ], [ 547836.85, 6866543.66 ], [ 547850.78, 6866543.46 ] ] ] } },
{ "type": "Feature", "properties": { }, "geometry": { "type": "Polygon", "coordinates": [ [ [ 548447.37, 6866593.3 ], [ 548419.36, 6866574.4 ], [ 548409.3, 6866587.87 ], [ 548407.34, 6866588.2 ], [ 548407.44, 6866590.1 ], [ 548395.72, 6866601.69 ], [ 548393.53, 6866601.77 ], [ 548393.41, 6866603.92 ], [ 548381.09, 6866616.15 ], [ 548372.51, 6866620.33 ], [ 548376.35, 6866624.24 ], [ 548380.2, 6866623.71 ], [ 548397.83, 6866641.68 ], [ 548397.05, 6866645.33 ], [ 548401.16, 6866649.52 ], [ 548405.6, 6866640.87 ], [ 548417.77, 6866628.91 ], [ 548419.99, 6866628.88 ], [ 548420.06, 6866626.65 ], [ 548431.87, 6866615.05 ], [ 548434.01, 6866615.08 ], [ 548434.04, 6866612.91 ], [ 548446.33, 6866600.83 ], [ 548454.63, 6866596.69 ], [ 548447.37, 6866593.3 ] ] ] } },
{ "type": "Feature", "properties": { }, "geometry": { "type": "Polygon", "coordinates": [ [ [ 548458.93, 6866693.64 ], [ 548450.4, 6866714.63 ], [ 548472.51, 6866723.62 ], [ 548481.02, 6866702.7 ], [ 548458.93, 6866693.64 ] ] ] } },
{ "type": "Feature", "properties": { }, "geometry": { "type": "Polygon", "coordinates": [ [ [ 548314.9, 6866804.91 ], [ 548289.93, 6866773.05 ], [ 548247.46, 6866790.37 ], [ 548272.5, 6866822.22 ], [ 548314.9, 6866804.91 ] ] ] } },
{ "type": "Feature", "properties": { }, "geometry": { "type": "Polygon", "coordinates": [ [ [ 547883.42, 6866913.75 ], [ 547881.17, 6866915.06 ], [ 547883.57, 6866919.17 ], [ 547885.85, 6866917.87 ], [ 547883.42, 6866913.75 ] ] ] } },
{ "type": "Feature", "properties": { }, "geometry": { "type": "Polygon", "coordinates": [ [ [ 548440.59, 6867299.06 ], [ 548476.6, 6867263.38 ], [ 548471.44, 6867258.22 ], [ 548459.72, 6867269.85 ], [ 548458.59, 6867269.64 ], [ 548458.79, 6867270.78 ], [ 548448.11, 6867281.36 ], [ 548447.0, 6867281.15 ], [ 548447.2, 6867282.26 ], [ 548435.52, 6867293.85 ], [ 548440.59, 6867299.06 ] ] ] } },
{ "type": "Feature", "properties": { }, "geometry": { "type": "Polygon", "coordinates": [ [ [ 547980.64, 6867338.2 ], [ 547996.6, 6867322.35 ], [ 547990.67, 6867316.25 ], [ 547983.2, 6867323.63 ], [ 547982.01, 6867323.61 ], [ 547982.08, 6867324.83 ], [ 547974.66, 6867332.16 ], [ 547973.17, 6867331.06 ], [ 547971.67, 6867331.54 ], [ 547971.31, 6867333.21 ], [ 547972.8, 6867334.94 ], [ 547958.94, 6867348.73 ], [ 547957.14, 6867347.22 ], [ 547955.5, 6867347.59 ], [ 547955.03, 6867349.08 ], [ 547956.11, 6867350.58 ], [ 547948.68, 6867357.98 ], [ 547947.46, 6867357.9 ], [ 547947.52, 6867359.09 ], [ 547940.08, 6867366.5 ], [ 547946.01, 6867372.56 ], [ 547953.53, 6867365.14 ], [ 547954.72, 6867365.21 ], [ 547954.65, 6867363.99 ], [ 547962.07, 6867356.61 ], [ 547965.03, 6867357.25 ], [ 547965.42, 6867355.59 ], [ 547963.9, 6867353.79 ], [ 547977.85, 6867340.03 ], [ 547979.58, 6867341.52 ], [ 547981.22, 6867341.15 ], [ 547981.7, 6867339.68 ], [ 547980.64, 6867338.2 ] ] ] } },
{ "type": "Feature", "properties": { }, "geometry": { "type": "Polygon", "coordinates": [ [ [ 548268.4, 6867362.59 ], [ 548259.86, 6867352.77 ], [ 548254.06, 6867358.35 ], [ 548262.98, 6867367.88 ], [ 548268.4, 6867362.59 ] ] ] } },
{ "type": "Feature", "properties": { }, "geometry": { "type": "Polygon", "coordinates": [ [ [ 547640.7, 6867612.87 ], [ 547637.17, 6867609.2 ], [ 547628.02, 6867618.05 ], [ 547631.63, 6867621.81 ], [ 547640.7, 6867612.87 ] ] ] } },
{ "type": "Feature", "properties": { }, "geometry": { "type": "Polygon", "coordinates": [ [ [ 547853.98, 6867809.68 ], [ 547859.46, 6867815.27 ], [ 547885.77, 6867789.34 ], [ 547880.22, 6867783.73 ], [ 547853.98, 6867809.68 ] ] ] } },
{ "type": "Feature", "properties": { }, "geometry": { "type": "Polygon", "coordinates": [ [ [ 548038.46, 6867999.15 ], [ 548067.55, 6867970.5 ], [ 548063.57, 6867966.34 ], [ 548034.93, 6867995.56 ], [ 548038.46, 6867999.15 ] ] ] } },
{ "type": "Feature", "properties": { }, "geometry": { "type": "Polygon", "coordinates": [ [ [ 547837.42, 6868209.9 ], [ 547833.97, 6868208.35 ], [ 547830.51, 6868194.02 ], [ 547804.01, 6868200.44 ], [ 547807.47, 6868214.78 ], [ 547805.13, 6868217.85 ], [ 547809.61, 6868236.44 ], [ 547812.73, 6868236.23 ], [ 547821.19, 6868271.28 ], [ 547817.77, 6868272.65 ], [ 547816.94, 6868275.63 ], [ 547819.06, 6868278.01 ], [ 547822.59, 6868277.69 ], [ 547823.69, 6868282.19 ], [ 547810.29, 6868290.86 ], [ 547770.03, 6868304.26 ], [ 547744.91, 6868317.62 ], [ 547745.69, 6868321.1 ], [ 547802.99, 6868314.83 ], [ 547814.61, 6868310.98 ], [ 547820.59, 6868311.88 ], [ 547856.97, 6868303.19 ], [ 547849.22, 6868271.23 ], [ 547852.48, 6868269.91 ], [ 547853.32, 6868266.94 ], [ 547851.22, 6868264.55 ], [ 547847.53, 6868264.9 ], [ 547839.07, 6868229.84 ], [ 547841.97, 6868228.67 ], [ 547837.42, 6868209.9 ] ], [ [ 547832.25, 6868214.95 ], [ 547834.59, 6868224.68 ], [ 547814.49, 6868229.61 ], [ 547811.9, 6868219.92 ], [ 547832.25, 6868214.95 ] ], [ [ 547822.28, 6868276.5 ], [ 547819.54, 6868276.87 ], [ 547819.9, 6868275.68 ], [ 547821.98, 6868275.24 ], [ 547822.28, 6868276.5 ] ] ] } },
{ "type": "Feature", "properties": { }, "geometry": { "type": "Polygon", "coordinates": [ [ [ 547952.0, 6868759.07 ], [ 547949.01, 6868759.95 ], [ 547950.76, 6868765.82 ], [ 547953.73, 6868764.93 ], [ 547961.78, 6868792.18 ], [ 547958.22, 6868793.3 ], [ 547960.18, 6868799.02 ], [ 547963.49, 6868797.99 ], [ 547976.52, 6868837.63 ], [ 547979.95, 6868851.33 ], [ 547976.42, 6868852.39 ], [ 547978.18, 6868858.21 ], [ 547981.44, 6868857.24 ], [ 547996.68, 6868917.42 ], [ 548006.92, 6868946.3 ], [ 548010.38, 6868945.28 ], [ 548012.27, 6868950.47 ], [ 548042.82, 6868941.68 ], [ 548041.52, 6868936.43 ], [ 548045.65, 6868935.27 ], [ 548045.07, 6868931.46 ], [ 548038.1, 6868905.29 ], [ 548019.12, 6868846.12 ], [ 548021.49, 6868845.43 ], [ 548019.72, 6868839.55 ], [ 548017.23, 6868840.29 ], [ 548005.92, 6868805.0 ], [ 548001.24, 6868786.88 ], [ 548004.57, 6868785.85 ], [ 548002.86, 6868780.02 ], [ 547999.52, 6868781.06 ], [ 547991.4, 6868753.87 ], [ 547994.48, 6868752.96 ], [ 547992.7, 6868747.09 ], [ 547989.75, 6868747.98 ], [ 547972.23, 6868694.79 ], [ 547975.99, 6868693.66 ], [ 547974.29, 6868687.8 ], [ 547970.32, 6868688.98 ], [ 547969.51, 6868686.52 ], [ 547954.85, 6868629.14 ], [ 547943.7, 6868598.47 ], [ 547940.51, 6868599.39 ], [ 547938.57, 6868594.3 ], [ 547914.1, 6868601.26 ], [ 547915.22, 6868606.08 ], [ 547910.01, 6868607.62 ], [ 547912.72, 6868619.96 ], [ 547936.27, 6868699.27 ], [ 547932.45, 6868700.49 ], [ 547934.29, 6868706.31 ], [ 547937.83, 6868705.18 ], [ 547952.0, 6868759.07 ] ] ] } },
{ "type": "Feature", "properties": { }, "geometry": { "type": "Polygon", "coordinates": [ [ [ 547788.41, 6868641.1 ], [ 547771.03, 6868646.07 ], [ 547771.44, 6868647.61 ], [ 547788.89, 6868642.65 ], [ 547788.41, 6868641.1 ] ] ] } },
{ "type": "Feature", "properties": { }, "geometry": { "type": "Polygon", "coordinates": [ [ [ 548243.12, 6868891.39 ], [ 548255.69, 6868887.72 ], [ 548254.81, 6868884.57 ], [ 548242.25, 6868888.22 ], [ 548243.12, 6868891.39 ] ] ] } },
{ "type": "Feature", "properties": { }, "geometry": { "type": "Polygon", "coordinates": [ [ [ 548276.85, 6869009.79 ], [ 548289.36, 6869006.2 ], [ 548287.79, 6869000.67 ], [ 548275.27, 6869004.25 ], [ 548276.85, 6869009.79 ] ] ] } },
{ "type": "Feature", "properties": { }, "geometry": { "type": "Polygon", "coordinates": [ [ [ 548306.04, 6869074.87 ], [ 548300.95, 6869056.91 ], [ 548294.05, 6869058.9 ], [ 548298.61, 6869077.03 ], [ 548306.04, 6869074.87 ] ] ] } },
{ "type": "Feature", "properties": { }, "geometry": { "type": "Polygon", "coordinates": [ [ [ 547856.15, 6871714.27 ], [ 547796.04, 6871777.7 ], [ 547798.82, 6871786.45 ], [ 547858.87, 6871722.98 ], [ 547856.15, 6871714.27 ] ] ] } },
{ "type": "Feature", "properties": { }, "geometry": { "type": "Polygon", "coordinates": [ [ [ 548018.01, 6872175.65 ], [ 548026.01, 6872180.17 ], [ 548027.91, 6872176.4 ], [ 548019.83, 6872171.91 ], [ 548018.01, 6872175.65 ] ] ] } },
{ "type": "Feature", "properties": { }, "geometry": { "type": "Polygon", "coordinates": [ [ [ 548097.05, 6872267.74 ], [ 548097.91, 6872264.69 ], [ 548087.53, 6872261.65 ], [ 548086.66, 6872264.7 ], [ 548097.05, 6872267.74 ] ] ] } },
{ "type": "Feature", "properties": { }, "geometry": { "type": "Polygon", "coordinates": [ [ [ 548449.78, 6872297.58 ], [ 548401.61, 6872326.55 ], [ 548413.22, 6872343.62 ], [ 548461.15, 6872314.32 ], [ 548449.78, 6872297.58 ] ] ] } },
{ "type": "Feature", "properties": { }, "geometry": { "type": "Polygon", "coordinates": [ [ [ 547904.03, 6872482.12 ], [ 547898.05, 6872476.45 ], [ 547896.47, 6872478.11 ], [ 547902.73, 6872484.05 ], [ 547904.03, 6872482.12 ] ] ] } },
{ "type": "Feature", "properties": { }, "geometry": { "type": "Polygon", "coordinates": [ [ [ 547987.23, 6872534.0 ], [ 547999.39, 6872541.51 ], [ 548003.37, 6872529.53 ], [ 547998.54, 6872528.78 ], [ 547991.78, 6872525.29 ], [ 547987.23, 6872534.0 ] ] ] } },
{ "type": "Feature", "properties": { }, "geometry": { "type": "Polygon", "coordinates": [ [ [ 548399.45, 6872542.91 ], [ 548412.5, 6872565.32 ], [ 548415.56, 6872563.37 ], [ 548402.62, 6872541.21 ], [ 548399.45, 6872542.91 ] ] ] } },
{ "type": "Feature", "properties": { }, "geometry": { "type": "Polygon", "coordinates": [ [ [ 548387.62, 6872549.27 ], [ 548401.13, 6872572.4 ], [ 548407.56, 6872568.46 ], [ 548394.27, 6872545.7 ], [ 548387.62, 6872549.27 ] ] ] } },
{ "type": "Feature", "properties": { }, "geometry": { "type": "Polygon", "coordinates": [ [ [ 548377.51, 6872554.71 ], [ 548391.39, 6872578.45 ], [ 548397.88, 6872574.59 ], [ 548384.15, 6872551.14 ], [ 548377.51, 6872554.71 ] ] ] } },
{ "type": "Feature", "properties": { }, "geometry": { "type": "Polygon", "coordinates": [ [ [ 548366.99, 6872560.37 ], [ 548381.31, 6872584.83 ], [ 548387.85, 6872580.68 ], [ 548373.81, 6872556.7 ], [ 548366.99, 6872560.37 ] ] ] } },
{ "type": "Feature", "properties": { }, "geometry": { "type": "Polygon", "coordinates": [ [ [ 548361.59, 6872563.27 ], [ 548376.16, 6872588.09 ], [ 548379.23, 6872586.15 ], [ 548364.81, 6872561.54 ], [ 548361.59, 6872563.27 ] ] ] } },
{ "type": "Feature", "properties": { }, "geometry": { "type": "Polygon", "coordinates": [ [ [ 547853.69, 6872616.92 ], [ 547860.21, 6872620.48 ], [ 547872.52, 6872597.62 ], [ 547865.97, 6872594.08 ], [ 547853.69, 6872616.92 ] ] ] } },
{ "type": "Feature", "properties": { }, "geometry": { "type": "Polygon", "coordinates": [ [ [ 547791.14, 6873332.01 ], [ 547805.72, 6873329.95 ], [ 547804.63, 6873321.92 ], [ 547790.06, 6873323.96 ], [ 547791.14, 6873332.01 ] ] ] } },
{ "type": "Feature", "properties": { }, "geometry": { "type": "Polygon", "coordinates": [ [ [ 547864.25, 6873470.98 ], [ 547850.96, 6873476.96 ], [ 547854.12, 6873484.27 ], [ 547867.52, 6873478.5 ], [ 547864.25, 6873470.98 ] ] ] } },
{ "type": "Feature", "properties": { }, "geometry": { "type": "Polygon", "coordinates": [ [ [ 547720.16, 6873529.12 ], [ 547727.8, 6873546.36 ], [ 547731.48, 6873544.72 ], [ 547723.76, 6873527.49 ], [ 547720.16, 6873529.12 ] ] ] } },
{ "type": "Feature", "properties": { }, "geometry": { "type": "Polygon", "coordinates": [ [ [ 548242.74, 6873646.45 ], [ 548242.21, 6873641.02 ], [ 548236.85, 6873639.5 ], [ 548233.21, 6873642.17 ], [ 548234.84, 6873650.68 ], [ 548215.72, 6873660.93 ], [ 548211.54, 6873658.06 ], [ 548211.62, 6873660.48 ], [ 548209.67, 6873661.44 ], [ 548209.88, 6873664.01 ], [ 548207.6, 6873665.24 ], [ 548211.18, 6873697.32 ], [ 548213.75, 6873695.96 ], [ 548213.99, 6873699.12 ], [ 548217.31, 6873699.0 ], [ 548219.29, 6873697.34 ], [ 548219.36, 6873694.08 ], [ 548238.69, 6873683.6 ], [ 548239.19, 6873690.06 ], [ 548244.27, 6873691.44 ], [ 548247.51, 6873689.04 ], [ 548246.29, 6873679.33 ], [ 548269.87, 6873666.59 ], [ 548270.44, 6873671.72 ], [ 548274.81, 6873674.89 ], [ 548278.91, 6873670.2 ], [ 548278.49, 6873662.48 ], [ 548296.74, 6873652.68 ], [ 548299.08, 6873655.53 ], [ 548299.98, 6873654.93 ], [ 548299.02, 6873653.69 ], [ 548301.97, 6873651.6 ], [ 548301.62, 6873649.33 ], [ 548303.04, 6873648.58 ], [ 548300.26, 6873620.95 ], [ 548301.89, 6873614.61 ], [ 548298.43, 6873616.47 ], [ 548298.15, 6873613.62 ], [ 548295.99, 6873614.67 ], [ 548296.32, 6873613.17 ], [ 548294.3, 6873614.31 ], [ 548292.06, 6873619.83 ], [ 548274.41, 6873629.01 ], [ 548272.66, 6873620.82 ], [ 548268.73, 6873619.68 ], [ 548264.94, 6873621.4 ], [ 548266.51, 6873633.67 ], [ 548242.74, 6873646.45 ] ] ] } },
{ "type": "Feature", "properties": { }, "geometry": { "type": "Polygon", "coordinates": [ [ [ 547929.1, 6873994.45 ], [ 547905.14, 6873961.73 ], [ 547899.11, 6873966.16 ], [ 547923.2, 6873998.82 ], [ 547929.1, 6873994.45 ] ] ] } },
{ "type": "Feature", "properties": { }, "geometry": { "type": "Polygon", "coordinates": [ [ [ 547886.0, 6874018.68 ], [ 547884.82, 6874019.56 ], [ 547868.11, 6873997.08 ], [ 547869.22, 6873996.26 ], [ 547868.36, 6873995.1 ], [ 547867.32, 6873995.88 ], [ 547864.23, 6873991.73 ], [ 547842.45, 6874007.87 ], [ 547845.5, 6874012.14 ], [ 547844.59, 6874012.82 ], [ 547845.36, 6874013.86 ], [ 547846.31, 6874013.15 ], [ 547863.04, 6874035.73 ], [ 547862.06, 6874036.46 ], [ 547862.9, 6874037.59 ], [ 547863.96, 6874036.8 ], [ 547866.79, 6874040.61 ], [ 547888.42, 6874024.58 ], [ 547885.61, 6874020.7 ], [ 547886.83, 6874019.79 ], [ 547886.0, 6874018.68 ] ] ] } },
{ "type": "Feature", "properties": { }, "geometry": { "type": "Polygon", "coordinates": [ [ [ 548271.77, 6874142.56 ], [ 548268.03, 6874145.46 ], [ 548272.49, 6874150.82 ], [ 548275.78, 6874147.16 ], [ 548271.77, 6874142.56 ] ] ] } },
{ "type": "Feature", "properties": { }, "geometry": { "type": "Polygon", "coordinates": [ [ [ 548277.97, 6874185.68 ], [ 548275.06, 6874177.2 ], [ 548256.36, 6874182.6 ], [ 548258.58, 6874191.29 ], [ 548277.97, 6874185.68 ] ] ] } },
{ "type": "Feature", "properties": { }, "geometry": { "type": "Polygon", "coordinates": [ [ [ 547638.71, 6874437.07 ], [ 547640.9, 6874439.98 ], [ 547656.48, 6874428.19 ], [ 547654.29, 6874425.28 ], [ 547638.71, 6874437.07 ] ] ] } },
{ "type": "Feature", "properties": { }, "geometry": { "type": "Polygon", "coordinates": [ [ [ 547656.27, 6874724.92 ], [ 547661.38, 6874730.36 ], [ 547662.78, 6874728.97 ], [ 547657.72, 6874723.7 ], [ 547656.27, 6874724.92 ] ] ] } },
{ "type": "Feature", "properties": { }, "geometry": { "type": "Polygon", "coordinates": [ [ [ 548136.4, 6875222.01 ], [ 548139.39, 6875219.75 ], [ 548120.44, 6875195.24 ], [ 548117.46, 6875197.46 ], [ 548136.4, 6875222.01 ] ] ] } },
{ "type": "Feature", "properties": { }, "geometry": { "type": "Polygon", "coordinates": [ [ [ 548274.29, 6875405.48 ], [ 548247.53, 6875367.82 ], [ 548244.5, 6875369.87 ], [ 548271.35, 6875407.45 ], [ 548274.29, 6875405.48 ] ] ] } },
{ "type": "Feature", "properties": { }, "geometry": { "type": "Polygon", "coordinates": [ [ [ 548104.89, 6875606.96 ], [ 548051.59, 6875635.65 ], [ 548053.11, 6875638.71 ], [ 548106.88, 6875610.52 ], [ 548104.89, 6875606.96 ] ] ] } },
{ "type": "Feature", "properties": { }, "geometry": { "type": "Polygon", "coordinates": [ [ [ 548284.68, 6876134.8 ], [ 548272.52, 6876111.13 ], [ 548270.07, 6876106.3 ], [ 548266.98, 6876108.25 ], [ 548281.5, 6876136.49 ], [ 548284.68, 6876134.8 ] ] ] } },
{ "type": "Feature", "properties": { }, "geometry": { "type": "Polygon", "coordinates": [ [ [ 549158.77, 6860597.41 ], [ 549145.71, 6860621.34 ], [ 549155.31, 6860626.6 ], [ 549168.35, 6860602.7 ], [ 549158.77, 6860597.41 ] ] ] } },
{ "type": "Feature", "properties": { }, "geometry": { "type": "Polygon", "coordinates": [ [ [ 549055.36, 6860777.62 ], [ 549067.07, 6860784.19 ], [ 549076.66, 6860767.51 ], [ 549065.06, 6860760.91 ], [ 549055.36, 6860777.62 ] ] ] } },
{ "type": "Feature", "properties": { }, "geometry": { "type": "Polygon", "coordinates": [ [ [ 548957.0, 6860832.01 ], [ 548938.95, 6860864.04 ], [ 548958.3, 6860874.97 ], [ 548976.68, 6860843.1 ], [ 548957.0, 6860832.01 ] ] ] } },
{ "type": "Feature", "properties": { }, "geometry": { "type": "Polygon", "coordinates": [ [ [ 548694.85, 6861278.26 ], [ 548697.87, 6861288.19 ], [ 548726.57, 6861279.44 ], [ 548723.44, 6861268.91 ], [ 548694.85, 6861278.26 ] ] ] } },
{ "type": "Feature", "properties": { }, "geometry": { "type": "Polygon", "coordinates": [ [ [ 548722.61, 6861978.57 ], [ 548724.61, 6861980.53 ], [ 548739.66, 6861966.09 ], [ 548737.73, 6861964.07 ], [ 548722.61, 6861978.57 ] ] ] } },
{ "type": "Feature", "properties": { }, "geometry": { "type": "Polygon", "coordinates": [ [ [ 548785.9, 6862130.36 ], [ 548784.58, 6862129.05 ], [ 548774.93, 6862139.0 ], [ 548776.31, 6862140.33 ], [ 548785.9, 6862130.36 ] ] ] } },
{ "type": "Feature", "properties": { }, "geometry": { "type": "Polygon", "coordinates": [ [ [ 548955.16, 6862226.32 ], [ 548953.68, 6862224.89 ], [ 548941.89, 6862237.04 ], [ 548943.33, 6862238.45 ], [ 548955.16, 6862226.32 ] ] ] } },
{ "type": "Feature", "properties": { }, "geometry": { "type": "Polygon", "coordinates": [ [ [ 548536.57, 6862249.39 ], [ 548532.63, 6862245.5 ], [ 548527.99, 6862250.23 ], [ 548531.93, 6862254.12 ], [ 548536.57, 6862249.39 ] ] ] } },
{ "type": "Feature", "properties": { }, "geometry": { "type": "Polygon", "coordinates": [ [ [ 548725.43, 6862435.34 ], [ 548721.08, 6862439.76 ], [ 548737.27, 6862455.58 ], [ 548741.58, 6862451.14 ], [ 548725.43, 6862435.34 ] ] ] } },
{ "type": "Feature", "properties": { }, "geometry": { "type": "Polygon", "coordinates": [ [ [ 549220.62, 6862525.51 ], [ 549202.29, 6862544.24 ], [ 549206.0, 6862547.93 ], [ 549224.35, 6862529.19 ], [ 549220.62, 6862525.51 ] ] ] } },
{ "type": "Feature", "properties": { }, "geometry": { "type": "Polygon", "coordinates": [ [ [ 548838.72, 6862543.05 ], [ 548831.46, 6862550.44 ], [ 548835.1, 6862553.95 ], [ 548842.27, 6862546.68 ], [ 548838.72, 6862543.05 ] ] ] } },
{ "type": "Feature", "properties": { }, "geometry": { "type": "Polygon", "coordinates": [ [ [ 549133.26, 6862558.6 ], [ 549137.96, 6862563.21 ], [ 549152.08, 6862548.88 ], [ 549147.34, 6862544.2 ], [ 549133.26, 6862558.6 ] ] ] } },
{ "type": "Feature", "properties": { }, "geometry": { "type": "Polygon", "coordinates": [ [ [ 548563.14, 6862848.77 ], [ 548558.91, 6862851.47 ], [ 548565.08, 6862861.17 ], [ 548569.27, 6862858.49 ], [ 548563.14, 6862848.77 ] ] ] } },
{ "type": "Feature", "properties": { }, "geometry": { "type": "Polygon", "coordinates": [ [ [ 548663.79, 6863025.84 ], [ 548659.14, 6863021.38 ], [ 548653.16, 6863028.03 ], [ 548657.63, 6863032.7 ], [ 548663.79, 6863025.84 ] ] ] } },
{ "type": "Feature", "properties": { }, "geometry": { "type": "Polygon", "coordinates": [ [ [ 548520.94, 6863079.69 ], [ 548481.45, 6863044.11 ], [ 548458.75, 6863069.34 ], [ 548498.17, 6863105.01 ], [ 548520.94, 6863079.69 ] ] ] } },
{ "type": "Feature", "properties": { }, "geometry": { "type": "Polygon", "coordinates": [ [ [ 548684.43, 6863283.15 ], [ 548657.4, 6863255.22 ], [ 548653.76, 6863258.8 ], [ 548680.77, 6863286.75 ], [ 548684.43, 6863283.15 ] ] ] } },
{ "type": "Feature", "properties": { }, "geometry": { "type": "Polygon", "coordinates": [ [ [ 548604.55, 6863413.54 ], [ 548597.54, 6863406.78 ], [ 548592.79, 6863411.75 ], [ 548599.81, 6863418.45 ], [ 548604.55, 6863413.54 ] ] ] } },
{ "type": "Feature", "properties": { }, "geometry": { "type": "Polygon", "coordinates": [ [ [ 548988.11, 6863499.32 ], [ 548893.95, 6863595.51 ], [ 548897.13, 6863598.35 ], [ 548991.2, 6863502.26 ], [ 548988.11, 6863499.32 ] ] ] } },
{ "type": "Feature", "properties": { }, "geometry": { "type": "Polygon", "coordinates": [ [ [ 548819.25, 6863620.81 ], [ 548792.87, 6863595.11 ], [ 548789.1, 6863599.71 ], [ 548815.25, 6863624.9 ], [ 548819.25, 6863620.81 ] ] ] } },
{ "type": "Feature", "properties": { }, "geometry": { "type": "Polygon", "coordinates": [ [ [ 548547.29, 6863659.67 ], [ 548550.15, 6863656.68 ], [ 548545.78, 6863652.32 ], [ 548542.92, 6863655.24 ], [ 548547.29, 6863659.67 ] ] ] } },
{ "type": "Feature", "properties": { }, "geometry": { "type": "Polygon", "coordinates": [ [ [ 549058.07, 6863695.04 ], [ 549056.67, 6863697.4 ], [ 549065.18, 6863702.46 ], [ 549066.54, 6863700.14 ], [ 549058.07, 6863695.04 ] ] ] } },
{ "type": "Feature", "properties": { }, "geometry": { "type": "Polygon", "coordinates": [ [ [ 549122.35, 6863706.67 ], [ 549114.56, 6863712.73 ], [ 549116.12, 6863714.74 ], [ 549123.95, 6863708.76 ], [ 549122.35, 6863706.67 ] ] ] } },
{ "type": "Feature", "properties": { }, "geometry": { "type": "Polygon", "coordinates": [ [ [ 548744.17, 6863705.65 ], [ 548735.53, 6863714.6 ], [ 548738.5, 6863717.48 ], [ 548747.14, 6863708.53 ], [ 548744.17, 6863705.65 ] ] ] } },
{ "type": "Feature", "properties": { }, "geometry": { "type": "Polygon", "coordinates": [ [ [ 549134.39, 6863730.11 ], [ 549127.34, 6863734.89 ], [ 549128.12, 6863737.04 ], [ 549134.56, 6863733.37 ], [ 549144.16, 6863742.43 ], [ 549156.11, 6863729.89 ], [ 549153.87, 6863728.98 ], [ 549144.07, 6863739.22 ], [ 549134.39, 6863730.11 ] ] ] } },
{ "type": "Feature", "properties": { }, "geometry": { "type": "Polygon", "coordinates": [ [ [ 548682.8, 6863770.96 ], [ 548692.56, 6863776.79 ], [ 548693.57, 6863775.09 ], [ 548683.8, 6863769.26 ], [ 548682.8, 6863770.96 ] ] ] } },
{ "type": "Feature", "properties": { }, "geometry": { "type": "Polygon", "coordinates": [ [ [ 549119.52, 6863790.66 ], [ 549109.37, 6863780.51 ], [ 549104.74, 6863785.12 ], [ 549114.84, 6863795.29 ], [ 549119.52, 6863790.66 ] ], [ [ 549119.39, 6863790.62 ], [ 549118.16, 6863790.62 ], [ 549118.79, 6863789.98 ], [ 549119.39, 6863790.62 ] ], [ [ 549114.82, 6863795.21 ], [ 549114.86, 6863793.91 ], [ 549115.49, 6863794.57 ], [ 549114.82, 6863795.21 ] ] ] } },
{ "type": "Feature", "properties": { }, "geometry": { "type": "Polygon", "coordinates": [ [ [ 548997.78, 6863791.23 ], [ 548993.64, 6863795.54 ], [ 549003.64, 6863805.25 ], [ 549007.78, 6863800.93 ], [ 548997.78, 6863791.23 ] ] ] } },
{ "type": "Feature", "properties": { }, "geometry": { "type": "Polygon", "coordinates": [ [ [ 548707.12, 6863824.26 ], [ 548702.61, 6863829.2 ], [ 548704.89, 6863831.45 ], [ 548709.28, 6863826.45 ], [ 548707.12, 6863824.26 ] ] ] } },
{ "type": "Feature", "properties": { }, "geometry": { "type": "Polygon", "coordinates": [ [ [ 549262.31, 6863825.37 ], [ 549252.32, 6863835.5 ], [ 549255.57, 6863838.69 ], [ 549265.5, 6863828.56 ], [ 549262.31, 6863825.37 ] ] ] } },
{ "type": "Feature", "properties": { }, "geometry": { "type": "Polygon", "coordinates": [ [ [ 548583.48, 6863862.76 ], [ 548586.03, 6863859.6 ], [ 548557.17, 6863830.66 ], [ 548554.35, 6863833.51 ], [ 548583.48, 6863862.76 ] ] ] } },
{ "type": "Feature", "properties": { }, "geometry": { "type": "Polygon", "coordinates": [ [ [ 548954.59, 6863866.74 ], [ 548954.11, 6863869.12 ], [ 548962.1, 6863870.73 ], [ 548962.54, 6863868.29 ], [ 548954.59, 6863866.74 ] ] ] } },
{ "type": "Feature", "properties": { }, "geometry": { "type": "Polygon", "coordinates": [ [ [ 548954.01, 6863869.68 ], [ 548953.58, 6863872.02 ], [ 548961.57, 6863873.55 ], [ 548962.01, 6863871.25 ], [ 548954.01, 6863869.68 ] ] ] } },
{ "type": "Feature", "properties": { }, "geometry": { "type": "Polygon", "coordinates": [ [ [ 548906.5, 6863917.58 ], [ 548905.82, 6863914.88 ], [ 548896.31, 6863917.25 ], [ 548896.99, 6863919.94 ], [ 548906.5, 6863917.58 ] ] ] } },
{ "type": "Feature", "properties": { }, "geometry": { "type": "Polygon", "coordinates": [ [ [ 549158.74, 6863935.27 ], [ 549163.06, 6863939.53 ], [ 549167.64, 6863934.94 ], [ 549163.31, 6863930.64 ], [ 549158.74, 6863935.27 ] ] ] } },
{ "type": "Feature", "properties": { }, "geometry": { "type": "Polygon", "coordinates": [ [ [ 548672.76, 6863968.65 ], [ 548668.81, 6863964.49 ], [ 548628.38, 6864010.3 ], [ 548632.64, 6864014.12 ], [ 548672.76, 6863968.65 ] ] ] } },
{ "type": "Feature", "properties": { }, "geometry": { "type": "Polygon", "coordinates": [ [ [ 548986.92, 6864044.1 ], [ 548997.91, 6864033.15 ], [ 548993.67, 6864028.86 ], [ 548983.0, 6864039.48 ], [ 548986.92, 6864044.1 ] ] ] } },
{ "type": "Feature", "properties": { }, "geometry": { "type": "Polygon", "coordinates": [ [ [ 548931.88, 6864214.58 ], [ 548898.36, 6864167.45 ], [ 548895.04, 6864170.43 ], [ 548928.89, 6864217.63 ], [ 548931.88, 6864214.58 ] ] ] } },
{ "type": "Feature", "properties": { }, "geometry": { "type": "Polygon", "coordinates": [ [ [ 548621.78, 6864650.9 ], [ 548627.41, 6864638.01 ], [ 548594.02, 6864611.31 ], [ 548587.93, 6864623.84 ], [ 548621.78, 6864650.9 ] ] ] } },
{ "type": "Feature", "properties": { }, "geometry": { "type": "Polygon", "coordinates": [ [ [ 548884.68, 6864782.64 ], [ 548880.69, 6864781.23 ], [ 548869.8, 6864812.4 ], [ 548873.91, 6864813.83 ], [ 548884.68, 6864782.64 ] ] ] } },
{ "type": "Feature", "properties": { }, "geometry": { "type": "Polygon", "coordinates": [ [ [ 549170.1, 6864890.93 ], [ 549170.44, 6864890.02 ], [ 549166.37, 6864888.58 ], [ 549168.38, 6864882.77 ], [ 549158.33, 6864879.1 ], [ 549156.26, 6864885.02 ], [ 549151.58, 6864883.63 ], [ 549155.92, 6864886.01 ], [ 549152.5, 6864895.77 ], [ 549147.67, 6864894.62 ], [ 549152.17, 6864896.7 ], [ 549148.71, 6864906.6 ], [ 549143.9, 6864905.45 ], [ 549148.39, 6864907.54 ], [ 549146.53, 6864912.83 ], [ 549156.76, 6864916.35 ], [ 549158.56, 6864911.16 ], [ 549162.93, 6864912.46 ], [ 549158.88, 6864910.23 ], [ 549162.31, 6864900.32 ], [ 549166.9, 6864901.38 ], [ 549162.64, 6864899.37 ], [ 549166.03, 6864889.54 ], [ 549170.1, 6864890.93 ] ] ] } },
{ "type": "Feature", "properties": { }, "geometry": { "type": "Polygon", "coordinates": [ [ [ 549063.87, 6866634.08 ], [ 549059.4, 6866634.19 ], [ 549058.42, 6866710.65 ], [ 549062.89, 6866710.71 ], [ 549063.87, 6866634.08 ] ] ] } },
{ "type": "Feature", "properties": { }, "geometry": { "type": "Polygon", "coordinates": [ [ [ 549026.82, 6866650.12 ], [ 548971.0, 6866650.1 ], [ 548995.53, 6866717.39 ], [ 548997.67, 6866716.15 ], [ 549029.31, 6866716.53 ], [ 549027.62, 6866711.89 ], [ 549049.3, 6866711.94 ], [ 549026.82, 6866650.12 ] ], [ [ 549008.5, 6866651.57 ], [ 549030.45, 6866710.54 ], [ 549027.1, 6866710.5 ], [ 549005.08, 6866651.52 ], [ 549008.5, 6866651.57 ] ] ] } },
{ "type": "Feature", "properties": { }, "geometry": { "type": "Polygon", "coordinates": [ [ [ 549208.94, 6866718.04 ], [ 549209.81, 6866718.98 ], [ 549253.49, 6866719.62 ], [ 549254.88, 6866718.63 ], [ 549255.19, 6866695.26 ], [ 549254.32, 6866694.76 ], [ 549255.22, 6866693.19 ], [ 549255.54, 6866669.13 ], [ 549254.68, 6866667.54 ], [ 549255.57, 6866667.04 ], [ 549255.87, 6866643.74 ], [ 549255.01, 6866642.7 ], [ 549210.92, 6866642.15 ], [ 549210.03, 6866643.13 ], [ 549209.69, 6866666.47 ], [ 549210.55, 6866667.99 ], [ 549209.66, 6866668.55 ], [ 549209.31, 6866692.63 ], [ 549210.18, 6866693.19 ], [ 549209.28, 6866694.73 ], [ 549208.94, 6866718.04 ] ] ] } },
{ "type": "Feature", "properties": { }, "geometry": { "type": "Polygon", "coordinates": [ [ [ 549037.84, 6866832.34 ], [ 549075.25, 6866832.42 ], [ 549075.54, 6866833.23 ], [ 549094.13, 6866834.36 ], [ 549093.66, 6866833.09 ], [ 549097.53, 6866833.15 ], [ 549075.64, 6866773.13 ], [ 549071.34, 6866773.07 ], [ 549069.74, 6866768.52 ], [ 549066.94, 6866769.69 ], [ 549068.15, 6866773.02 ], [ 549056.48, 6866772.85 ], [ 549055.96, 6866771.44 ], [ 549053.4, 6866772.81 ], [ 549049.61, 6866772.75 ], [ 549048.0, 6866768.51 ], [ 549045.7, 6866769.36 ], [ 549046.93, 6866772.71 ], [ 549041.68, 6866772.63 ], [ 549039.11, 6866768.87 ], [ 549038.02, 6866769.23 ], [ 549039.26, 6866772.6 ], [ 549034.57, 6866772.53 ], [ 549034.0, 6866770.98 ], [ 549032.67, 6866771.47 ], [ 549031.68, 6866768.79 ], [ 549030.35, 6866769.29 ], [ 549031.52, 6866772.48 ], [ 549026.74, 6866772.41 ], [ 549024.3, 6866768.85 ], [ 549023.4, 6866769.19 ], [ 549024.58, 6866772.38 ], [ 549019.27, 6866772.3 ], [ 549018.8, 6866770.97 ], [ 549016.51, 6866771.81 ], [ 549016.03, 6866773.19 ], [ 549037.84, 6866832.34 ] ], [ [ 549069.95, 6866827.36 ], [ 549050.1, 6866774.07 ], [ 549053.78, 6866774.12 ], [ 549073.4, 6866827.41 ], [ 549069.95, 6866827.36 ] ] ] } },
{ "type": "Feature", "properties": { }, "geometry": { "type": "Polygon", "coordinates": [ [ [ 549208.41, 6866829.19 ], [ 549252.55, 6866829.96 ], [ 549253.45, 6866828.93 ], [ 549253.61, 6866817.69 ], [ 549252.75, 6866816.1 ], [ 549253.64, 6866815.59 ], [ 549253.98, 6866791.48 ], [ 549253.12, 6866789.85 ], [ 549254.01, 6866789.34 ], [ 549254.17, 6866777.99 ], [ 549253.3, 6866776.97 ], [ 549209.15, 6866776.35 ], [ 549208.25, 6866777.35 ], [ 549208.09, 6866788.69 ], [ 549208.97, 6866789.23 ], [ 549208.06, 6866790.78 ], [ 549207.73, 6866814.96 ], [ 549208.6, 6866815.4 ], [ 549207.7, 6866816.95 ], [ 549207.54, 6866828.27 ], [ 549208.41, 6866829.19 ] ] ] } },
{ "type": "Feature", "properties": { }, "geometry": { "type": "Polygon", "coordinates": [ [ [ 549271.54, 6867020.55 ], [ 549255.75, 6867015.13 ], [ 549254.24, 6867034.63 ], [ 549272.12, 6867040.76 ], [ 549271.54, 6867020.55 ] ] ] } },
{ "type": "Feature", "properties": { }, "geometry": { "type": "Polygon", "coordinates": [ [ [ 549271.09, 6867082.19 ], [ 549253.88, 6867069.14 ], [ 549253.83, 6867075.97 ], [ 549270.89, 6867088.9 ], [ 549271.09, 6867082.19 ] ] ] } },
{ "type": "Feature", "properties": { }, "geometry": { "type": "Polygon", "coordinates": [ [ [ 548526.96, 6867838.99 ], [ 548538.73, 6867850.32 ], [ 548541.11, 6867847.83 ], [ 548529.33, 6867836.51 ], [ 548526.96, 6867838.99 ] ] ] } },
{ "type": "Feature", "properties": { }, "geometry": { "type": "Polygon", "coordinates": [ [ [ 549095.5, 6868645.05 ], [ 549088.21, 6868645.53 ], [ 549089.08, 6868648.72 ], [ 549095.76, 6868648.43 ], [ 549101.68, 6868645.16 ], [ 549100.78, 6868641.9 ], [ 549095.5, 6868645.05 ] ] ] } },
{ "type": "Feature", "properties": { }, "geometry": { "type": "Polygon", "coordinates": [ [ [ 548776.93, 6868738.77 ], [ 548776.04, 6868735.6 ], [ 548763.43, 6868739.11 ], [ 548764.3, 6868742.27 ], [ 548776.93, 6868738.77 ] ] ] } },
{ "type": "Feature", "properties": { }, "geometry": { "type": "Polygon", "coordinates": [ [ [ 549137.16, 6868769.73 ], [ 549124.52, 6868773.31 ], [ 549126.0, 6868778.84 ], [ 549138.61, 6868775.23 ], [ 549137.16, 6868769.73 ] ] ] } },
{ "type": "Feature", "properties": { }, "geometry": { "type": "Polygon", "coordinates": [ [ [ 548792.3, 6868796.25 ], [ 548781.39, 6868799.32 ], [ 548781.98, 6868801.35 ], [ 548792.89, 6868798.28 ], [ 548792.3, 6868796.25 ] ] ] } },
{ "type": "Feature", "properties": { }, "geometry": { "type": "Polygon", "coordinates": [ [ [ 548488.72, 6868817.06 ], [ 548484.88, 6868819.83 ], [ 548481.26, 6868819.88 ], [ 548482.2, 6868823.09 ], [ 548486.14, 6868822.8 ], [ 548491.26, 6868819.44 ], [ 548494.76, 6868819.46 ], [ 548493.85, 6868816.28 ], [ 548488.72, 6868817.06 ] ] ] } },
{ "type": "Feature", "properties": { }, "geometry": { "type": "Polygon", "coordinates": [ [ [ 549153.73, 6868838.77 ], [ 549148.55, 6868820.1 ], [ 549141.69, 6868822.4 ], [ 549147.11, 6868841.06 ], [ 549153.73, 6868838.77 ] ] ] } },
{ "type": "Feature", "properties": { }, "geometry": { "type": "Polygon", "coordinates": [ [ [ 548801.91, 6868874.79 ], [ 548814.49, 6868871.21 ], [ 548812.92, 6868865.66 ], [ 548800.32, 6868869.24 ], [ 548801.91, 6868874.79 ] ] ] } },
{ "type": "Feature", "properties": { }, "geometry": { "type": "Polygon", "coordinates": [ [ [ 548829.86, 6868935.39 ], [ 548824.51, 6868915.99 ], [ 548817.33, 6868917.82 ], [ 548822.57, 6868937.34 ], [ 548829.86, 6868935.39 ] ] ] } },
{ "type": "Feature", "properties": { }, "geometry": { "type": "Polygon", "coordinates": [ [ [ 548515.84, 6868940.92 ], [ 548528.47, 6868937.36 ], [ 548526.9, 6868931.8 ], [ 548514.27, 6868935.39 ], [ 548515.84, 6868940.92 ] ] ] } },
{ "type": "Feature", "properties": { }, "geometry": { "type": "Polygon", "coordinates": [ [ [ 548539.53, 6868988.7 ], [ 548533.34, 6868990.42 ], [ 548537.8, 6869008.72 ], [ 548545.28, 6869006.56 ], [ 548539.53, 6868988.7 ] ] ] } },
{ "type": "Feature", "properties": { }, "geometry": { "type": "Polygon", "coordinates": [ [ [ 548855.29, 6870753.21 ], [ 548853.28, 6870754.06 ], [ 548854.57, 6870760.1 ], [ 548857.32, 6870759.53 ], [ 548855.29, 6870753.21 ] ] ] } },
{ "type": "Feature", "properties": { }, "geometry": { "type": "Polygon", "coordinates": [ [ [ 549210.15, 6870975.54 ], [ 549205.23, 6870975.53 ], [ 549204.71, 6870981.3 ], [ 549209.81, 6870980.42 ], [ 549210.15, 6870975.54 ] ] ] } },
{ "type": "Feature", "properties": { }, "geometry": { "type": "Polygon", "coordinates": [ [ [ 549093.99, 6870996.8 ], [ 549092.87, 6870990.75 ], [ 549090.52, 6870991.08 ], [ 549091.55, 6870997.05 ], [ 549093.99, 6870996.8 ] ] ] } },
{ "type": "Feature", "properties": { }, "geometry": { "type": "Polygon", "coordinates": [ [ [ 549170.16, 6871097.94 ], [ 549172.67, 6871095.72 ], [ 549166.86, 6871088.91 ], [ 549164.3, 6871091.17 ], [ 549170.16, 6871097.94 ] ] ] } },
{ "type": "Feature", "properties": { }, "geometry": { "type": "Polygon", "coordinates": [ [ [ 549186.89, 6871516.88 ], [ 549214.78, 6871505.48 ], [ 549205.6, 6871498.46 ], [ 549177.47, 6871509.96 ], [ 549186.89, 6871516.88 ] ] ] } },
{ "type": "Feature", "properties": { }, "geometry": { "type": "Polygon", "coordinates": [ [ [ 548657.25, 6871715.26 ], [ 548608.6, 6871734.94 ], [ 548615.67, 6871752.58 ], [ 548664.35, 6871732.9 ], [ 548657.25, 6871715.26 ] ] ] } },
{ "type": "Feature", "properties": { }, "geometry": { "type": "Polygon", "coordinates": [ [ [ 548681.6, 6872250.08 ], [ 548669.09, 6872233.54 ], [ 548655.84, 6872244.0 ], [ 548668.62, 6872260.27 ], [ 548681.6, 6872250.08 ] ] ] } },
{ "type": "Feature", "properties": { }, "geometry": { "type": "Polygon", "coordinates": [ [ [ 548734.18, 6872579.5 ], [ 548745.09, 6872593.32 ], [ 548763.13, 6872579.11 ], [ 548752.6, 6872565.0 ], [ 548734.18, 6872579.5 ] ] ] } },
{ "type": "Feature", "properties": { }, "geometry": { "type": "Polygon", "coordinates": [ [ [ 549138.49, 6872895.48 ], [ 549157.41, 6872880.6 ], [ 549147.48, 6872867.75 ], [ 549128.5, 6872882.67 ], [ 549138.49, 6872895.48 ] ] ] } },
{ "type": "Feature", "properties": { }, "geometry": { "type": "Polygon", "coordinates": [ [ [ 549228.82, 6873009.82 ], [ 549238.68, 6872996.55 ], [ 549234.03, 6872990.02 ], [ 549224.08, 6873003.35 ], [ 549228.82, 6873009.82 ] ] ] } },
{ "type": "Feature", "properties": { }, "geometry": { "type": "Polygon", "coordinates": [ [ [ 549315.22, 6873096.16 ], [ 549305.18, 6873083.22 ], [ 549292.6, 6873093.1 ], [ 549302.66, 6873105.97 ], [ 549315.22, 6873096.16 ] ] ] } },
{ "type": "Feature", "properties": { }, "geometry": { "type": "Polygon", "coordinates": [ [ [ 548827.64, 6873460.12 ], [ 548864.07, 6873446.35 ], [ 548850.59, 6873404.54 ], [ 548814.01, 6873419.4 ], [ 548827.64, 6873460.12 ] ], [ [ 548843.45, 6873434.56 ], [ 548844.55, 6873435.51 ], [ 548844.01, 6873436.86 ], [ 548838.24, 6873439.2 ], [ 548836.9, 6873438.68 ], [ 548837.27, 6873436.98 ], [ 548843.45, 6873434.56 ] ] ] } },
{ "type": "Feature", "properties": { }, "geometry": { "type": "Polygon", "coordinates": [ [ [ 549163.02, 6873872.29 ], [ 549170.3, 6873858.79 ], [ 549178.64, 6873846.58 ], [ 549163.08, 6873836.65 ], [ 549155.63, 6873849.45 ], [ 549146.62, 6873861.75 ], [ 549163.02, 6873872.29 ] ] ] } },
{ "type": "Feature", "properties": { }, "geometry": { "type": "Polygon", "coordinates": [ [ [ 548800.99, 6874085.31 ], [ 548809.2, 6874078.14 ], [ 548792.51, 6874062.65 ], [ 548783.93, 6874069.49 ], [ 548800.99, 6874085.31 ] ] ] } },
{ "type": "Feature", "properties": { }, "geometry": { "type": "Polygon", "coordinates": [ [ [ 548926.78, 6874072.94 ], [ 548893.28, 6874110.51 ], [ 548899.42, 6874116.19 ], [ 548935.85, 6874076.16 ], [ 548925.58, 6874062.93 ], [ 548882.64, 6874100.65 ], [ 548888.8, 6874106.35 ], [ 548926.78, 6874072.94 ] ] ] } },
{ "type": "Feature", "properties": { }, "geometry": { "type": "Polygon", "coordinates": [ [ [ 549293.31, 6874145.63 ], [ 549291.07, 6874141.11 ], [ 549286.12, 6874145.0 ], [ 549293.96, 6874153.37 ], [ 549296.19, 6874157.96 ], [ 549301.18, 6874153.91 ], [ 549293.31, 6874145.63 ] ] ] } },
{ "type": "Feature", "properties": { }, "geometry": { "type": "Polygon", "coordinates": [ [ [ 549124.37, 6874278.9 ], [ 549127.29, 6874282.68 ], [ 549138.41, 6874273.82 ], [ 549135.52, 6874270.08 ], [ 549124.37, 6874278.9 ] ] ] } },
{ "type": "Feature", "properties": { }, "geometry": { "type": "Polygon", "coordinates": [ [ [ 549080.5, 6874285.77 ], [ 549082.74, 6874288.35 ], [ 549099.28, 6874274.01 ], [ 549096.97, 6874271.34 ], [ 549080.5, 6874285.77 ] ] ] } },
{ "type": "Feature", "properties": { }, "geometry": { "type": "Polygon", "coordinates": [ [ [ 548659.1, 6874368.36 ], [ 548640.71, 6874388.42 ], [ 548643.28, 6874390.74 ], [ 548661.62, 6874370.67 ], [ 548659.1, 6874368.36 ] ] ] } },
{ "type": "Feature", "properties": { }, "geometry": { "type": "Polygon", "coordinates": [ [ [ 548641.97, 6874392.13 ], [ 548639.3, 6874389.6 ], [ 548631.31, 6874398.42 ], [ 548633.97, 6874401.16 ], [ 548641.97, 6874392.13 ] ] ] } },
{ "type": "Feature", "properties": { }, "geometry": { "type": "Polygon", "coordinates": [ [ [ 548775.22, 6874731.1 ], [ 548716.24, 6874781.15 ], [ 548753.72, 6874834.63 ], [ 548812.7, 6874784.44 ], [ 548775.22, 6874731.1 ] ] ] } },
{ "type": "Feature", "properties": { }, "geometry": { "type": "Polygon", "coordinates": [ [ [ 548850.09, 6874917.53 ], [ 548844.87, 6874924.85 ], [ 548862.1, 6874934.73 ], [ 548866.41, 6874927.14 ], [ 548850.09, 6874917.53 ] ] ] } },
{ "type": "Feature", "properties": { }, "geometry": { "type": "Polygon", "coordinates": [ [ [ 548883.75, 6874972.44 ], [ 548879.25, 6874970.69 ], [ 548876.33, 6874977.21 ], [ 548880.82, 6874979.17 ], [ 548883.75, 6874972.44 ] ] ] } },
{ "type": "Feature", "properties": { }, "geometry": { "type": "Polygon", "coordinates": [ [ [ 549286.33, 6875032.31 ], [ 549285.29, 6875040.69 ], [ 549293.02, 6875041.44 ], [ 549293.92, 6875033.22 ], [ 549286.33, 6875032.31 ] ] ] } },
{ "type": "Feature", "properties": { }, "geometry": { "type": "Polygon", "coordinates": [ [ [ 550143.29, 6860238.47 ], [ 550144.9, 6860243.92 ], [ 550158.77, 6860240.0 ], [ 550157.23, 6860234.73 ], [ 550143.29, 6860238.47 ] ] ] } },
{ "type": "Feature", "properties": { }, "geometry": { "type": "Polygon", "coordinates": [ [ [ 549615.02, 6860280.38 ], [ 549659.92, 6860280.69 ], [ 549659.83, 6860275.13 ], [ 549614.99, 6860275.01 ], [ 549615.02, 6860280.38 ] ] ] } },
{ "type": "Feature", "properties": { }, "geometry": { "type": "Polygon", "coordinates": [ [ [ 549659.44, 6860410.53 ], [ 549615.64, 6860404.99 ], [ 549614.86, 6860411.52 ], [ 549658.58, 6860417.25 ], [ 549659.44, 6860410.53 ] ] ] } },
{ "type": "Feature", "properties": { }, "geometry": { "type": "Polygon", "coordinates": [ [ [ 549659.17, 6860545.53 ], [ 549615.5, 6860546.03 ], [ 549617.04, 6860569.37 ], [ 549660.73, 6860569.04 ], [ 549659.17, 6860545.53 ] ] ] } },
{ "type": "Feature", "properties": { }, "geometry": { "type": "Polygon", "coordinates": [ [ [ 549511.62, 6860838.48 ], [ 549518.73, 6860842.45 ], [ 549521.27, 6860843.88 ], [ 549522.66, 6860837.89 ], [ 549512.98, 6860832.49 ], [ 549511.62, 6860838.48 ] ] ] } },
{ "type": "Feature", "properties": { }, "geometry": { "type": "Polygon", "coordinates": [ [ [ 549547.88, 6860852.46 ], [ 549560.34, 6860832.88 ], [ 549551.07, 6860826.96 ], [ 549538.63, 6860846.47 ], [ 549547.88, 6860852.46 ] ] ] } },
{ "type": "Feature", "properties": { }, "geometry": { "type": "Polygon", "coordinates": [ [ [ 549506.11, 6860858.96 ], [ 549459.42, 6860938.58 ], [ 549474.21, 6860947.73 ], [ 549520.68, 6860867.48 ], [ 549506.11, 6860858.96 ] ] ] } },
{ "type": "Feature", "properties": { }, "geometry": { "type": "Polygon", "coordinates": [ [ [ 549947.2, 6861250.97 ], [ 550018.11, 6861287.38 ], [ 550073.84, 6861271.01 ], [ 550107.67, 6861264.47 ], [ 550144.57, 6861263.47 ], [ 550090.36, 6861234.26 ], [ 550074.13, 6861223.14 ], [ 550066.42, 6861216.31 ], [ 549947.2, 6861250.97 ] ] ] } },
{ "type": "Feature", "properties": { }, "geometry": { "type": "Polygon", "coordinates": [ [ [ 549799.03, 6861323.07 ], [ 549801.82, 6861350.9 ], [ 549823.05, 6861344.66 ], [ 549821.39, 6861322.37 ], [ 549822.0, 6861312.22 ], [ 549824.39, 6861297.52 ], [ 549828.05, 6861285.61 ], [ 549802.94, 6861293.42 ], [ 549799.03, 6861323.07 ] ] ] } },
{ "type": "Feature", "properties": { }, "geometry": { "type": "Polygon", "coordinates": [ [ [ 549774.99, 6861302.28 ], [ 549776.4, 6861352.01 ], [ 549775.25, 6861352.33 ], [ 549776.99, 6861358.19 ], [ 549800.61, 6861351.25 ], [ 549798.72, 6861326.16 ], [ 549798.96, 6861294.68 ], [ 549774.99, 6861302.28 ] ] ] } },
{ "type": "Feature", "properties": { }, "geometry": { "type": "Polygon", "coordinates": [ [ [ 549445.09, 6862153.11 ], [ 549456.79, 6862163.45 ], [ 549463.77, 6862155.63 ], [ 549452.09, 6862145.3 ], [ 549445.09, 6862153.11 ] ] ] } },
{ "type": "Feature", "properties": { }, "geometry": { "type": "Polygon", "coordinates": [ [ [ 549751.77, 6863022.53 ], [ 549746.66, 6863024.34 ], [ 549759.33, 6863037.29 ], [ 549761.13, 6863031.66 ], [ 549757.79, 6863029.57 ], [ 549758.37, 6863028.97 ], [ 549754.54, 6863025.22 ], [ 549753.95, 6863025.83 ], [ 549751.77, 6863022.53 ] ] ] } },
{ "type": "Feature", "properties": { }, "geometry": { "type": "Polygon", "coordinates": [ [ [ 550141.49, 6863253.05 ], [ 550142.88, 6863254.26 ], [ 550148.23, 6863242.42 ], [ 550146.43, 6863241.52 ], [ 550141.49, 6863253.05 ] ] ] } },
{ "type": "Feature", "properties": { }, "geometry": { "type": "Polygon", "coordinates": [ [ [ 550070.2, 6863274.47 ], [ 550083.94, 6863260.28 ], [ 550083.22, 6863243.9 ], [ 550069.32, 6863257.99 ], [ 550070.2, 6863274.47 ] ] ] } },
{ "type": "Feature", "properties": { }, "geometry": { "type": "Polygon", "coordinates": [ [ [ 549314.5, 6863846.96 ], [ 549353.99, 6863883.49 ], [ 549357.44, 6863880.03 ], [ 549317.91, 6863843.55 ], [ 549314.5, 6863846.96 ] ] ] } },
{ "type": "Feature", "properties": { }, "geometry": { "type": "Polygon", "coordinates": [ [ [ 549415.57, 6863935.46 ], [ 549402.77, 6863923.01 ], [ 549397.88, 6863928.05 ], [ 549410.35, 6863940.79 ], [ 549415.57, 6863935.46 ] ] ] } },
{ "type": "Feature", "properties": { }, "geometry": { "type": "Polygon", "coordinates": [ [ [ 549551.85, 6864072.08 ], [ 549548.39, 6864075.68 ], [ 549571.71, 6864098.25 ], [ 549575.06, 6864094.68 ], [ 549551.85, 6864072.08 ] ] ] } },
{ "type": "Feature", "properties": { }, "geometry": { "type": "Polygon", "coordinates": [ [ [ 549819.05, 6864330.51 ], [ 549794.5, 6864306.74 ], [ 549791.01, 6864310.36 ], [ 549815.56, 6864334.09 ], [ 549819.05, 6864330.51 ] ] ] } },
{ "type": "Feature", "properties": { }, "geometry": { "type": "Polygon", "coordinates": [ [ [ 550083.11, 6864539.86 ], [ 550106.71, 6864515.08 ], [ 550103.06, 6864511.58 ], [ 550079.46, 6864536.32 ], [ 550083.11, 6864539.86 ] ] ] } },
{ "type": "Feature", "properties": { }, "geometry": { "type": "Polygon", "coordinates": [ [ [ 550050.84, 6864553.96 ], [ 550020.24, 6864524.78 ], [ 550016.69, 6864528.46 ], [ 550047.34, 6864557.56 ], [ 550050.84, 6864553.96 ] ] ] } },
{ "type": "Feature", "properties": { }, "geometry": { "type": "Polygon", "coordinates": [ [ [ 549528.44, 6865014.94 ], [ 549529.12, 6865013.93 ], [ 549527.26, 6865013.14 ], [ 549528.7, 6865010.1 ], [ 549526.33, 6865009.27 ], [ 549527.58, 6865007.06 ], [ 549516.35, 6865003.11 ], [ 549515.96, 6865005.64 ], [ 549513.45, 6865004.77 ], [ 549512.66, 6865008.1 ], [ 549510.48, 6865007.98 ], [ 549512.25, 6865009.23 ], [ 549508.86, 6865018.91 ], [ 549506.67, 6865018.81 ], [ 549508.47, 6865020.08 ], [ 549505.07, 6865029.75 ], [ 549502.85, 6865029.67 ], [ 549504.67, 6865030.92 ], [ 549503.13, 6865034.33 ], [ 549505.61, 6865035.09 ], [ 549503.6, 6865040.79 ], [ 549514.1, 6865044.14 ], [ 549516.12, 6865038.38 ], [ 549518.5, 6865039.18 ], [ 549519.25, 6865036.08 ], [ 549521.49, 6865036.47 ], [ 549519.67, 6865034.84 ], [ 549523.07, 6865025.18 ], [ 549525.43, 6865025.32 ], [ 549523.49, 6865023.93 ], [ 549526.82, 6865014.37 ], [ 549528.44, 6865014.94 ] ] ] } },
{ "type": "Feature", "properties": { }, "geometry": { "type": "Polygon", "coordinates": [ [ [ 549553.72, 6865014.74 ], [ 549547.51, 6865012.31 ], [ 549533.66, 6865048.85 ], [ 549539.88, 6865051.25 ], [ 549553.72, 6865014.74 ] ] ] } },
{ "type": "Feature", "properties": { }, "geometry": { "type": "Polygon", "coordinates": [ [ [ 549590.49, 6865062.11 ], [ 549598.52, 6865073.82 ], [ 549603.75, 6865070.44 ], [ 549606.9, 6865075.04 ], [ 549611.86, 6865071.62 ], [ 549616.15, 6865077.87 ], [ 549622.03, 6865074.75 ], [ 549622.71, 6865075.75 ], [ 549618.0, 6865078.95 ], [ 549619.1, 6865080.26 ], [ 549624.34, 6865076.68 ], [ 549624.9, 6865073.4 ], [ 549639.53, 6865063.33 ], [ 549643.07, 6865064.09 ], [ 549651.36, 6865058.5 ], [ 549648.95, 6865057.96 ], [ 549642.88, 6865062.08 ], [ 549639.17, 6865055.81 ], [ 549637.41, 6865057.03 ], [ 549636.52, 6865055.73 ], [ 549632.44, 6865058.55 ], [ 549628.94, 6865053.48 ], [ 549625.11, 6865055.35 ], [ 549606.49, 6865051.19 ], [ 549604.57, 6865052.46 ], [ 549596.89, 6865041.12 ], [ 549596.11, 6865041.66 ], [ 549594.31, 6865038.95 ], [ 549580.11, 6865048.53 ], [ 549583.7, 6865049.1 ], [ 549591.94, 6865061.12 ], [ 549590.49, 6865062.11 ] ] ] } },
{ "type": "Feature", "properties": { }, "geometry": { "type": "Polygon", "coordinates": [ [ [ 549698.83, 6865104.78 ], [ 549710.16, 6865075.79 ], [ 549706.04, 6865074.35 ], [ 549694.79, 6865103.23 ], [ 549698.83, 6865104.78 ] ] ] } },
{ "type": "Feature", "properties": { }, "geometry": { "type": "Polygon", "coordinates": [ [ [ 550047.58, 6865182.52 ], [ 550003.0, 6865186.61 ], [ 549999.58, 6865201.39 ], [ 550044.15, 6865197.3 ], [ 550047.58, 6865182.52 ] ] ] } },
{ "type": "Feature", "properties": { }, "geometry": { "type": "Polygon", "coordinates": [ [ [ 549846.1, 6866681.93 ], [ 549846.05, 6866705.33 ], [ 549844.95, 6866705.33 ], [ 549844.95, 6866706.96 ], [ 549846.04, 6866706.96 ], [ 549846.0, 6866727.38 ], [ 549836.33, 6866732.35 ], [ 549882.98, 6866732.71 ], [ 549882.98, 6866731.66 ], [ 549873.13, 6866727.44 ], [ 549873.17, 6866707.02 ], [ 549874.27, 6866707.03 ], [ 549874.27, 6866705.39 ], [ 549873.18, 6866705.39 ], [ 549873.23, 6866681.99 ], [ 549874.32, 6866682.0 ], [ 549874.33, 6866680.36 ], [ 549873.23, 6866680.36 ], [ 549873.27, 6866660.18 ], [ 549882.46, 6866656.35 ], [ 549882.48, 6866654.58 ], [ 549839.73, 6866654.06 ], [ 549839.68, 6866657.17 ], [ 549846.15, 6866660.0 ], [ 549846.1, 6866680.3 ], [ 549845.01, 6866680.3 ], [ 549845.01, 6866681.93 ], [ 549846.1, 6866681.93 ] ] ] } },
{ "type": "Feature", "properties": { }, "geometry": { "type": "Polygon", "coordinates": [ [ [ 549849.25, 6866788.87 ], [ 549844.8, 6866786.79 ], [ 549835.51, 6866786.62 ], [ 549835.44, 6866789.69 ], [ 549845.58, 6866793.9 ], [ 549845.55, 6866803.77 ], [ 549844.56, 6866804.67 ], [ 549845.54, 6866805.61 ], [ 549845.5, 6866819.01 ], [ 549844.69, 6866819.85 ], [ 549845.47, 6866829.9 ], [ 549834.67, 6866834.11 ], [ 549882.66, 6866835.88 ], [ 549882.73, 6866834.13 ], [ 549872.75, 6866830.22 ], [ 549872.8, 6866821.03 ], [ 549873.76, 6866820.18 ], [ 549872.81, 6866819.33 ], [ 549872.89, 6866805.92 ], [ 549873.73, 6866805.01 ], [ 549872.9, 6866804.09 ], [ 549872.95, 6866794.29 ], [ 549882.67, 6866790.51 ], [ 549882.71, 6866788.18 ], [ 549885.45, 6866788.22 ], [ 549885.47, 6866787.31 ], [ 549874.65, 6866787.19 ], [ 549869.94, 6866789.11 ], [ 549849.25, 6866788.87 ] ] ] } },
{ "type": "Feature", "properties": { }, "geometry": { "type": "Polygon", "coordinates": [ [ [ 549626.37, 6867193.09 ], [ 549601.1, 6867223.58 ], [ 549592.79, 6867235.91 ], [ 549586.18, 6867248.79 ], [ 549582.36, 6867258.88 ], [ 549583.44, 6867259.29 ], [ 549583.45, 6867263.62 ], [ 549579.81, 6867267.09 ], [ 549570.78, 6867294.15 ], [ 549563.48, 6867308.88 ], [ 549546.22, 6867332.14 ], [ 549547.67, 6867333.38 ], [ 549547.89, 6867337.22 ], [ 549557.31, 6867326.18 ], [ 549567.51, 6867311.25 ], [ 549575.02, 6867296.08 ], [ 549581.33, 6867279.53 ], [ 549585.57, 6867263.58 ], [ 549590.46, 6867250.64 ], [ 549596.77, 6867238.34 ], [ 549604.84, 6867226.37 ], [ 549625.51, 6867202.43 ], [ 549631.88, 6867193.15 ], [ 549626.37, 6867193.09 ] ] ] } },
{ "type": "Feature", "properties": { }, "geometry": { "type": "Polygon", "coordinates": [ [ [ 549732.87, 6867244.06 ], [ 549731.23, 6867245.8 ], [ 549734.43, 6867269.28 ], [ 549735.01, 6867292.97 ], [ 549733.46, 6867312.93 ], [ 549730.02, 6867332.81 ], [ 549731.68, 6867334.86 ], [ 549733.4, 6867332.73 ], [ 549771.63, 6867333.23 ], [ 549773.18, 6867335.44 ], [ 549774.94, 6867333.37 ], [ 549771.73, 6867309.68 ], [ 549771.18, 6867285.73 ], [ 549772.75, 6867265.99 ], [ 549776.13, 6867246.47 ], [ 549774.46, 6867244.46 ], [ 549772.77, 6867246.41 ], [ 549734.5, 6867245.92 ], [ 549732.87, 6867244.06 ] ] ] } },
{ "type": "Feature", "properties": { }, "geometry": { "type": "Polygon", "coordinates": [ [ [ 549742.4, 6868275.97 ], [ 549723.93, 6868300.72 ], [ 549712.82, 6868319.6 ], [ 549753.19, 6868321.95 ], [ 549769.27, 6868300.84 ], [ 549782.91, 6868278.15 ], [ 549742.4, 6868275.97 ] ] ] } },
{ "type": "Feature", "properties": { }, "geometry": { "type": "Polygon", "coordinates": [ [ [ 549958.62, 6870841.38 ], [ 549955.01, 6870841.52 ], [ 549955.34, 6870850.45 ], [ 549958.96, 6870850.31 ], [ 549958.62, 6870841.38 ] ] ] } },
{ "type": "Feature", "properties": { }, "geometry": { "type": "Polygon", "coordinates": [ [ [ 550159.36, 6870867.58 ], [ 550162.75, 6870863.05 ], [ 550160.9, 6870861.66 ], [ 550157.51, 6870866.19 ], [ 550159.36, 6870867.58 ] ] ] } },
{ "type": "Feature", "properties": { }, "geometry": { "type": "Polygon", "coordinates": [ [ [ 549727.75, 6870933.88 ], [ 549724.42, 6870922.31 ], [ 549721.99, 6870923.01 ], [ 549725.45, 6870934.55 ], [ 549727.75, 6870933.88 ] ] ] } },
{ "type": "Feature", "properties": { }, "geometry": { "type": "Polygon", "coordinates": [ [ [ 550111.56, 6871030.24 ], [ 550109.96, 6871031.88 ], [ 550115.79, 6871037.6 ], [ 550117.39, 6871035.96 ], [ 550111.56, 6871030.24 ] ] ] } },
{ "type": "Feature", "properties": { }, "geometry": { "type": "Polygon", "coordinates": [ [ [ 550072.71, 6871065.46 ], [ 550069.28, 6871066.37 ], [ 550071.96, 6871070.59 ], [ 550074.75, 6871068.79 ], [ 550072.71, 6871065.46 ] ] ] } },
{ "type": "Feature", "properties": { }, "geometry": { "type": "Polygon", "coordinates": [ [ [ 549743.19, 6871172.7 ], [ 549745.15, 6871164.84 ], [ 549737.37, 6871163.09 ], [ 549736.09, 6871171.23 ], [ 549743.19, 6871172.7 ] ] ] } },
{ "type": "Feature", "properties": { }, "geometry": { "type": "Polygon", "coordinates": [ [ [ 549564.31, 6871408.44 ], [ 549562.97, 6871391.19 ], [ 549559.59, 6871391.47 ], [ 549561.01, 6871408.8 ], [ 549564.31, 6871408.44 ] ] ] } },
{ "type": "Feature", "properties": { }, "geometry": { "type": "Polygon", "coordinates": [ [ [ 549590.74, 6871616.22 ], [ 549582.45, 6871611.28 ], [ 549573.03, 6871608.52 ], [ 549547.36, 6871593.2 ], [ 549543.1, 6871587.79 ], [ 549535.38, 6871583.18 ], [ 549521.26, 6871590.06 ], [ 549529.0, 6871594.64 ], [ 549536.22, 6871596.05 ], [ 549561.9, 6871611.23 ], [ 549564.64, 6871615.71 ], [ 549576.92, 6871622.96 ], [ 549590.74, 6871616.22 ] ] ] } },
{ "type": "Feature", "properties": { }, "geometry": { "type": "Polygon", "coordinates": [ [ [ 549765.69, 6871821.9 ], [ 549760.01, 6871831.82 ], [ 549772.81, 6871839.5 ], [ 549778.68, 6871829.25 ], [ 549765.69, 6871821.9 ] ] ] } },
{ "type": "Feature", "properties": { }, "geometry": { "type": "Polygon", "coordinates": [ [ [ 549715.57, 6872814.13 ], [ 549754.53, 6872788.67 ], [ 549737.89, 6872763.11 ], [ 549698.3, 6872789.04 ], [ 549715.57, 6872814.13 ] ] ] } },
{ "type": "Feature", "properties": { }, "geometry": { "type": "Polygon", "coordinates": [ [ [ 549749.18, 6872852.98 ], [ 549763.51, 6872874.94 ], [ 549779.61, 6872864.39 ], [ 549765.26, 6872842.41 ], [ 549749.18, 6872852.98 ] ] ] } },
{ "type": "Feature", "properties": { }, "geometry": { "type": "Polygon", "coordinates": [ [ [ 549897.5, 6873042.3 ], [ 549878.26, 6873054.89 ], [ 549882.93, 6873061.64 ], [ 549902.25, 6873048.98 ], [ 549897.5, 6873042.3 ] ] ] } },
{ "type": "Feature", "properties": { }, "geometry": { "type": "Polygon", "coordinates": [ [ [ 549304.76, 6873108.66 ], [ 549322.09, 6873130.8 ], [ 549334.66, 6873120.92 ], [ 549317.28, 6873098.79 ], [ 549304.76, 6873108.66 ] ] ] } },
{ "type": "Feature", "properties": { }, "geometry": { "type": "Polygon", "coordinates": [ [ [ 549341.68, 6873136.13 ], [ 549329.11, 6873146.08 ], [ 549330.83, 6873148.28 ], [ 549343.42, 6873138.36 ], [ 549341.68, 6873136.13 ] ] ] } },
{ "type": "Feature", "properties": { }, "geometry": { "type": "Polygon", "coordinates": [ [ [ 550006.05, 6873250.59 ], [ 550014.1, 6873263.28 ], [ 550033.94, 6873250.26 ], [ 550025.32, 6873237.98 ], [ 550006.05, 6873250.59 ] ] ] } },
{ "type": "Feature", "properties": { }, "geometry": { "type": "Polygon", "coordinates": [ [ [ 550056.85, 6873311.91 ], [ 550057.88, 6873313.49 ], [ 550070.05, 6873305.49 ], [ 550069.02, 6873303.92 ], [ 550056.85, 6873311.91 ] ] ] } },
{ "type": "Feature", "properties": { }, "geometry": { "type": "Polygon", "coordinates": [ [ [ 550098.52, 6873319.36 ], [ 550110.83, 6873339.56 ], [ 550124.48, 6873330.79 ], [ 550111.88, 6873311.38 ], [ 550098.52, 6873319.36 ] ] ] } },
{ "type": "Feature", "properties": { }, "geometry": { "type": "Polygon", "coordinates": [ [ [ 549718.32, 6873671.72 ], [ 549715.66, 6873673.64 ], [ 549731.42, 6873695.0 ], [ 549734.3, 6873693.1 ], [ 549718.32, 6873671.72 ] ] ] } },
{ "type": "Feature", "properties": { }, "geometry": { "type": "Polygon", "coordinates": [ [ [ 549666.02, 6873691.85 ], [ 549650.35, 6873704.1 ], [ 549656.46, 6873711.96 ], [ 549672.13, 6873699.71 ], [ 549666.02, 6873691.85 ] ] ] } },
{ "type": "Feature", "properties": { }, "geometry": { "type": "Polygon", "coordinates": [ [ [ 549579.38, 6873765.43 ], [ 549613.0, 6873739.13 ], [ 549600.94, 6873721.27 ], [ 549566.9, 6873747.9 ], [ 549579.38, 6873765.43 ] ] ] } },
{ "type": "Feature", "properties": { }, "geometry": { "type": "Polygon", "coordinates": [ [ [ 550012.42, 6873769.35 ], [ 550004.26, 6873754.12 ], [ 550002.11, 6873755.27 ], [ 550010.27, 6873770.51 ], [ 550012.42, 6873769.35 ] ] ] } },
{ "type": "Feature", "properties": { }, "geometry": { "type": "Polygon", "coordinates": [ [ [ 549577.46, 6873766.93 ], [ 549564.28, 6873749.95 ], [ 549536.71, 6873771.52 ], [ 549549.94, 6873788.46 ], [ 549577.46, 6873766.93 ] ] ] } },
{ "type": "Feature", "properties": { }, "geometry": { "type": "Polygon", "coordinates": [ [ [ 549510.29, 6873792.19 ], [ 549524.93, 6873808.02 ], [ 549548.02, 6873789.96 ], [ 549534.1, 6873773.56 ], [ 549510.29, 6873792.19 ] ] ] } },
{ "type": "Feature", "properties": { }, "geometry": { "type": "Polygon", "coordinates": [ [ [ 549478.35, 6873831.06 ], [ 549477.11, 6873840.94 ], [ 549484.8, 6873841.97 ], [ 549486.0, 6873832.03 ], [ 549478.35, 6873831.06 ] ] ] } },
{ "type": "Feature", "properties": { }, "geometry": { "type": "Polygon", "coordinates": [ [ [ 549370.07, 6873958.27 ], [ 549377.19, 6873934.64 ], [ 549367.34, 6873931.69 ], [ 549360.25, 6873955.24 ], [ 549370.07, 6873958.27 ] ] ] } },
{ "type": "Feature", "properties": { }, "geometry": { "type": "Polygon", "coordinates": [ [ [ 549466.27, 6874024.87 ], [ 549468.96, 6874022.77 ], [ 549458.84, 6874009.85 ], [ 549456.1, 6874012.0 ], [ 549466.27, 6874024.87 ] ] ] } },
{ "type": "Feature", "properties": { }, "geometry": { "type": "Polygon", "coordinates": [ [ [ 549440.66, 6874023.98 ], [ 549450.75, 6874037.0 ], [ 549461.88, 6874028.3 ], [ 549451.79, 6874015.33 ], [ 549440.66, 6874023.98 ] ] ] } },
{ "type": "Feature", "properties": { }, "geometry": { "type": "Polygon", "coordinates": [ [ [ 550148.45, 6875341.79 ], [ 550142.37, 6875339.05 ], [ 550139.94, 6875345.52 ], [ 550146.27, 6875347.45 ], [ 550148.45, 6875341.79 ] ] ] } },
{ "type": "Feature", "properties": { }, "geometry": { "type": "Polygon", "coordinates": [ [ [ 550050.23, 6875350.8 ], [ 550047.03, 6875360.78 ], [ 550043.23, 6875367.15 ], [ 550048.37, 6875369.13 ], [ 550056.0, 6875352.7 ], [ 550050.23, 6875350.8 ] ] ] } },
{ "type": "Feature", "properties": { }, "geometry": { "type": "Polygon", "coordinates": [ [ [ 549996.22, 6876040.73 ], [ 550003.49, 6876037.2 ], [ 550000.78, 6876031.65 ], [ 549993.91, 6876035.61 ], [ 549996.22, 6876040.73 ] ] ] } },
{ "type": "Feature", "properties": { }, "geometry": { "type": "Polygon", "coordinates": [ [ [ 549865.34, 6876045.66 ], [ 549868.1, 6876052.53 ], [ 549875.07, 6876049.55 ], [ 549872.48, 6876042.39 ], [ 549865.34, 6876045.66 ] ] ] } },
{ "type": "Feature", "properties": { }, "geometry": { "type": "Polygon", "coordinates": [ [ [ 549731.29, 6876107.43 ], [ 549738.07, 6876105.03 ], [ 549735.4, 6876098.21 ], [ 549728.24, 6876101.34 ], [ 549731.29, 6876107.43 ] ] ] } },
{ "type": "Feature", "properties": { }, "geometry": { "type": "Polygon", "coordinates": [ [ [ 549646.39, 6876141.78 ], [ 549653.39, 6876139.29 ], [ 549651.28, 6876133.88 ], [ 549644.06, 6876136.58 ], [ 549646.39, 6876141.78 ] ] ] } },
{ "type": "Feature", "properties": { }, "geometry": { "type": "Polygon", "coordinates": [ [ [ 550169.53, 6860218.45 ], [ 550161.28, 6860233.66 ], [ 550166.25, 6860236.35 ], [ 550174.46, 6860221.18 ], [ 550169.53, 6860218.45 ] ] ] } },
{ "type": "Feature", "properties": { }, "geometry": { "type": "Polygon", "coordinates": [ [ [ 550212.08, 6860348.16 ], [ 550194.73, 6860337.82 ], [ 550192.6, 6860340.78 ], [ 550210.12, 6860351.35 ], [ 550212.08, 6860348.16 ] ] ] } },
{ "type": "Feature", "properties": { }, "geometry": { "type": "Polygon", "coordinates": [ [ [ 550570.18, 6860732.27 ], [ 550578.79, 6860737.26 ], [ 550588.95, 6860718.9 ], [ 550579.96, 6860714.48 ], [ 550570.18, 6860732.27 ] ] ] } },
{ "type": "Feature", "properties": { }, "geometry": { "type": "Polygon", "coordinates": [ [ [ 550327.19, 6860774.37 ], [ 550316.03, 6860792.89 ], [ 550319.25, 6860794.62 ], [ 550330.19, 6860776.28 ], [ 550327.19, 6860774.37 ] ] ] } },
{ "type": "Feature", "properties": { }, "geometry": { "type": "Polygon", "coordinates": [ [ [ 550694.82, 6860803.11 ], [ 550660.52, 6860766.33 ], [ 550635.21, 6860789.91 ], [ 550669.7, 6860826.52 ], [ 550694.82, 6860803.11 ] ] ] } },
{ "type": "Feature", "properties": { }, "geometry": { "type": "Polygon", "coordinates": [ [ [ 550427.14, 6860817.85 ], [ 550416.94, 6860836.07 ], [ 550421.71, 6860838.63 ], [ 550431.88, 6860820.47 ], [ 550427.14, 6860817.85 ] ] ] } },
{ "type": "Feature", "properties": { }, "geometry": { "type": "Polygon", "coordinates": [ [ [ 550708.26, 6860864.59 ], [ 550713.81, 6860861.23 ], [ 550736.29, 6860847.6 ], [ 550730.15, 6860841.01 ], [ 550703.14, 6860857.29 ], [ 550708.26, 6860864.59 ] ] ] } },
{ "type": "Feature", "properties": { }, "geometry": { "type": "Polygon", "coordinates": [ [ [ 550741.1, 6860852.76 ], [ 550718.35, 6860874.43 ], [ 550725.15, 6860882.91 ], [ 550749.07, 6860860.55 ], [ 550741.1, 6860852.76 ] ] ] } },
{ "type": "Feature", "properties": { }, "geometry": { "type": "Polygon", "coordinates": [ [ [ 550925.39, 6861156.54 ], [ 550929.75, 6861163.91 ], [ 550941.61, 6861156.97 ], [ 550947.05, 6861155.18 ], [ 550941.43, 6861145.73 ], [ 550937.4, 6861149.36 ], [ 550925.39, 6861156.54 ] ] ] } },
{ "type": "Feature", "properties": { }, "geometry": { "type": "Polygon", "coordinates": [ [ [ 550186.41, 6861266.32 ], [ 550250.93, 6861206.26 ], [ 550215.35, 6861198.81 ], [ 550145.1, 6861263.5 ], [ 550186.41, 6861266.32 ] ] ] } },
{ "type": "Feature", "properties": { }, "geometry": { "type": "Polygon", "coordinates": [ [ [ 550261.07, 6861208.39 ], [ 550213.3, 6861251.82 ], [ 550196.16, 6861267.0 ], [ 550226.67, 6861271.39 ], [ 550287.18, 6861216.33 ], [ 550261.07, 6861208.39 ] ] ] } },
{ "type": "Feature", "properties": { }, "geometry": { "type": "Polygon", "coordinates": [ [ [ 550290.3, 6861285.34 ], [ 550315.4, 6861297.96 ], [ 550363.62, 6861252.45 ], [ 550338.49, 6861239.69 ], [ 550290.3, 6861285.34 ] ] ] } },
{ "type": "Feature", "properties": { }, "geometry": { "type": "Polygon", "coordinates": [ [ [ 551000.17, 6862419.21 ], [ 550997.5, 6862415.5 ], [ 551001.8, 6862411.07 ], [ 550981.3, 6862390.94 ], [ 550973.4, 6862399.04 ], [ 550999.28, 6862424.43 ], [ 551000.17, 6862419.21 ] ] ] } },
{ "type": "Feature", "properties": { }, "geometry": { "type": "Polygon", "coordinates": [ [ [ 551173.91, 6862404.73 ], [ 551167.07, 6862411.73 ], [ 551169.98, 6862414.59 ], [ 551176.84, 6862407.56 ], [ 551173.91, 6862404.73 ] ] ] } },
{ "type": "Feature", "properties": { }, "geometry": { "type": "Polygon", "coordinates": [ [ [ 550799.29, 6862414.96 ], [ 550794.1, 6862420.29 ], [ 550806.75, 6862432.63 ], [ 550811.91, 6862427.26 ], [ 550799.29, 6862414.96 ] ] ] } },
{ "type": "Feature", "properties": { }, "geometry": { "type": "Polygon", "coordinates": [ [ [ 550747.19, 6862470.7 ], [ 550732.21, 6862486.81 ], [ 550744.13, 6862498.53 ], [ 550759.51, 6862482.75 ], [ 550747.19, 6862470.7 ] ] ] } },
{ "type": "Feature", "properties": { }, "geometry": { "type": "Polygon", "coordinates": [ [ [ 550880.0, 6862494.69 ], [ 550875.54, 6862499.26 ], [ 550896.18, 6862519.51 ], [ 550900.65, 6862514.94 ], [ 550880.0, 6862494.69 ] ] ] } },
{ "type": "Feature", "properties": { }, "geometry": { "type": "Polygon", "coordinates": [ [ [ 550848.93, 6862576.06 ], [ 550852.68, 6862574.63 ], [ 550826.65, 6862549.1 ], [ 550815.08, 6862561.2 ], [ 550835.64, 6862581.32 ], [ 550843.5, 6862573.29 ], [ 550848.93, 6862576.06 ] ] ] } },
{ "type": "Feature", "properties": { }, "geometry": { "type": "Polygon", "coordinates": [ [ [ 550446.62, 6862595.33 ], [ 550438.72, 6862587.04 ], [ 550428.82, 6862597.56 ], [ 550436.85, 6862605.35 ], [ 550446.62, 6862595.33 ] ] ] } },
{ "type": "Feature", "properties": { }, "geometry": { "type": "Polygon", "coordinates": [ [ [ 551138.84, 6862753.42 ], [ 551135.62, 6862754.05 ], [ 551164.14, 6862782.14 ], [ 551168.65, 6862777.49 ], [ 551145.01, 6862754.27 ], [ 551143.38, 6862755.94 ], [ 551138.84, 6862753.42 ] ] ] } },
{ "type": "Feature", "properties": { }, "geometry": { "type": "Polygon", "coordinates": [ [ [ 551091.66, 6862809.05 ], [ 551080.17, 6862820.7 ], [ 551104.0, 6862843.95 ], [ 551115.41, 6862832.23 ], [ 551091.66, 6862809.05 ] ] ] } },
{ "type": "Feature", "properties": { }, "geometry": { "type": "Polygon", "coordinates": [ [ [ 550760.22, 6862851.7 ], [ 550752.53, 6862859.05 ], [ 550753.7, 6862860.2 ], [ 550761.36, 6862852.83 ], [ 550760.22, 6862851.7 ] ] ] } },
{ "type": "Feature", "properties": { }, "geometry": { "type": "Polygon", "coordinates": [ [ [ 551188.21, 6862901.37 ], [ 551180.92, 6862908.86 ], [ 551196.7, 6862923.63 ], [ 551203.65, 6862916.45 ], [ 551188.21, 6862901.37 ] ] ] } },
{ "type": "Feature", "properties": { }, "geometry": { "type": "Polygon", "coordinates": [ [ [ 550275.67, 6862954.99 ], [ 550274.58, 6862956.1 ], [ 550284.7, 6862966.67 ], [ 550285.98, 6862965.35 ], [ 550275.67, 6862954.99 ] ] ] } },
{ "type": "Feature", "properties": { }, "geometry": { "type": "Polygon", "coordinates": [ [ [ 551040.86, 6863095.25 ], [ 551050.09, 6863104.16 ], [ 551053.53, 6863100.61 ], [ 551044.28, 6863091.65 ], [ 551040.86, 6863095.25 ] ] ] } },
{ "type": "Feature", "properties": { }, "geometry": { "type": "Polygon", "coordinates": [ [ [ 551096.9, 6863138.68 ], [ 551087.77, 6863147.9 ], [ 551090.85, 6863151.04 ], [ 551100.06, 6863141.77 ], [ 551096.9, 6863138.68 ] ] ] } },
{ "type": "Feature", "properties": { }, "geometry": { "type": "Polygon", "coordinates": [ [ [ 550825.59, 6863213.79 ], [ 550826.94, 6863212.31 ], [ 550816.13, 6863202.45 ], [ 550814.78, 6863203.93 ], [ 550825.59, 6863213.79 ] ] ] } },
{ "type": "Feature", "properties": { }, "geometry": { "type": "Polygon", "coordinates": [ [ [ 550976.72, 6863227.16 ], [ 550979.05, 6863225.16 ], [ 550980.16, 6863221.28 ], [ 550978.31, 6863220.91 ], [ 550977.46, 6863224.13 ], [ 550975.82, 6863225.46 ], [ 550951.32, 6863230.05 ], [ 550949.36, 6863229.49 ], [ 550948.12, 6863231.04 ], [ 550951.59, 6863231.96 ], [ 550976.72, 6863227.16 ] ] ] } },
{ "type": "Feature", "properties": { }, "geometry": { "type": "Polygon", "coordinates": [ [ [ 551146.46, 6863249.8 ], [ 551147.61, 6863250.94 ], [ 551155.65, 6863242.84 ], [ 551154.48, 6863241.68 ], [ 551146.46, 6863249.8 ] ] ] } },
{ "type": "Feature", "properties": { }, "geometry": { "type": "Polygon", "coordinates": [ [ [ 550878.61, 6863255.67 ], [ 550877.44, 6863256.79 ], [ 550888.54, 6863268.42 ], [ 550889.72, 6863267.28 ], [ 550878.61, 6863255.67 ] ] ] } },
{ "type": "Feature", "properties": { }, "geometry": { "type": "Polygon", "coordinates": [ [ [ 550239.57, 6863271.22 ], [ 550237.38, 6863267.49 ], [ 550231.94, 6863273.34 ], [ 550234.7, 6863276.49 ], [ 550239.57, 6863271.22 ] ] ] } },
{ "type": "Feature", "properties": { }, "geometry": { "type": "Polygon", "coordinates": [ [ [ 551244.25, 6863276.13 ], [ 551229.98, 6863290.45 ], [ 551232.78, 6863293.27 ], [ 551247.06, 6863278.94 ], [ 551244.25, 6863276.13 ] ] ] } },
{ "type": "Feature", "properties": { }, "geometry": { "type": "Polygon", "coordinates": [ [ [ 550748.74, 6863290.92 ], [ 550740.59, 6863282.73 ], [ 550737.81, 6863285.59 ], [ 550745.95, 6863293.77 ], [ 550748.74, 6863290.92 ] ] ] } },
{ "type": "Feature", "properties": { }, "geometry": { "type": "Polygon", "coordinates": [ [ [ 551121.03, 6863490.86 ], [ 551136.19, 6863492.15 ], [ 551136.12, 6863489.52 ], [ 551121.12, 6863488.34 ], [ 551121.03, 6863490.86 ] ] ] } },
{ "type": "Feature", "properties": { }, "geometry": { "type": "Polygon", "coordinates": [ [ [ 551135.1, 6863501.85 ], [ 551122.6, 6863501.44 ], [ 551122.57, 6863502.54 ], [ 551135.06, 6863502.95 ], [ 551135.1, 6863501.85 ] ] ] } },
{ "type": "Feature", "properties": { }, "geometry": { "type": "Polygon", "coordinates": [ [ [ 550960.95, 6863691.57 ], [ 550957.79, 6863694.84 ], [ 550968.37, 6863705.33 ], [ 550971.66, 6863701.99 ], [ 550960.95, 6863691.57 ] ] ] } },
{ "type": "Feature", "properties": { }, "geometry": { "type": "Polygon", "coordinates": [ [ [ 550872.21, 6863783.03 ], [ 550870.25, 6863785.06 ], [ 550881.82, 6863795.89 ], [ 550883.73, 6863794.1 ], [ 550872.21, 6863783.03 ] ] ] } },
{ "type": "Feature", "properties": { }, "geometry": { "type": "Polygon", "coordinates": [ [ [ 550888.21, 6863802.22 ], [ 550900.49, 6863813.71 ], [ 550902.38, 6863811.68 ], [ 550890.21, 6863800.11 ], [ 550888.21, 6863802.22 ] ] ] } },
{ "type": "Feature", "properties": { }, "geometry": { "type": "Polygon", "coordinates": [ [ [ 550679.85, 6863996.52 ], [ 550699.08, 6863976.66 ], [ 550690.7, 6863968.62 ], [ 550671.71, 6863988.7 ], [ 550679.85, 6863996.52 ] ] ] } },
{ "type": "Feature", "properties": { }, "geometry": { "type": "Polygon", "coordinates": [ [ [ 550521.02, 6864145.7 ], [ 550510.25, 6864156.84 ], [ 550518.56, 6864164.87 ], [ 550529.15, 6864153.54 ], [ 550521.02, 6864145.7 ] ] ] } },
{ "type": "Feature", "properties": { }, "geometry": { "type": "Polygon", "coordinates": [ [ [ 550334.77, 6864278.5 ], [ 550361.72, 6864250.39 ], [ 550357.79, 6864246.64 ], [ 550330.95, 6864274.84 ], [ 550334.77, 6864278.5 ] ] ] } },
{ "type": "Feature", "properties": { }, "geometry": { "type": "Polygon", "coordinates": [ [ [ 551215.76, 6864585.04 ], [ 551208.96, 6864585.57 ], [ 551207.39, 6864597.13 ], [ 551213.6, 6864595.89 ], [ 551215.76, 6864585.04 ] ] ] } },
{ "type": "Feature", "properties": { }, "geometry": { "type": "Polygon", "coordinates": [ [ [ 550459.39, 6865006.55 ], [ 550460.36, 6865021.13 ], [ 550470.13, 6865020.46 ], [ 550469.12, 6865005.85 ], [ 550459.39, 6865006.55 ] ] ] } },
{ "type": "Feature", "properties": { }, "geometry": { "type": "Polygon", "coordinates": [ [ [ 550179.15, 6865056.18 ], [ 550190.38, 6865055.4 ], [ 550188.81, 6865032.13 ], [ 550177.57, 6865032.91 ], [ 550179.15, 6865056.18 ] ] ] } },
{ "type": "Feature", "properties": { }, "geometry": { "type": "Polygon", "coordinates": [ [ [ 550470.72, 6865182.55 ], [ 550468.08, 6865141.49 ], [ 550455.63, 6865142.31 ], [ 550458.3, 6865183.39 ], [ 550470.72, 6865182.55 ] ], [ [ 550464.06, 6865180.13 ], [ 550462.91, 6865179.96 ], [ 550461.58, 6865150.32 ], [ 550462.21, 6865150.82 ], [ 550464.06, 6865180.13 ] ] ] } },
{ "type": "Feature", "properties": { }, "geometry": { "type": "Polygon", "coordinates": [ [ [ 550893.53, 6865906.97 ], [ 550899.85, 6865904.73 ], [ 550897.16, 6865897.12 ], [ 550890.85, 6865899.38 ], [ 550893.53, 6865906.97 ] ] ] } },
{ "type": "Feature", "properties": { }, "geometry": { "type": "Polygon", "coordinates": [ [ [ 550797.95, 6865965.32 ], [ 550795.15, 6865957.4 ], [ 550787.49, 6865960.07 ], [ 550790.4, 6865967.97 ], [ 550797.95, 6865965.32 ] ] ] } },
{ "type": "Feature", "properties": { }, "geometry": { "type": "Polygon", "coordinates": [ [ [ 550763.95, 6865962.41 ], [ 550765.53, 6865966.89 ], [ 550770.5, 6865965.19 ], [ 550768.88, 6865960.73 ], [ 550763.95, 6865962.41 ] ] ] } },
{ "type": "Feature", "properties": { }, "geometry": { "type": "Polygon", "coordinates": [ [ [ 550782.66, 6865971.48 ], [ 550784.05, 6865975.34 ], [ 550789.11, 6865973.96 ], [ 550787.68, 6865969.78 ], [ 550782.66, 6865971.48 ] ] ] } },
{ "type": "Feature", "properties": { }, "geometry": { "type": "Polygon", "coordinates": [ [ [ 551007.44, 6866271.47 ], [ 551003.74, 6866273.66 ], [ 551004.6, 6866275.76 ], [ 551008.29, 6866273.99 ], [ 551007.44, 6866271.47 ] ] ] } },
{ "type": "Feature", "properties": { }, "geometry": { "type": "Polygon", "coordinates": [ [ [ 550843.14, 6866517.89 ], [ 550803.64, 6866496.2 ], [ 550795.38, 6866511.32 ], [ 550834.89, 6866533.0 ], [ 550843.14, 6866517.89 ] ] ] } },
{ "type": "Feature", "properties": { }, "geometry": { "type": "Polygon", "coordinates": [ [ [ 550624.12, 6866686.57 ], [ 550625.45, 6866684.8 ], [ 550624.6, 6866683.39 ], [ 550622.67, 6866683.14 ], [ 550622.93, 6866665.15 ], [ 550581.96, 6866664.83 ], [ 550581.69, 6866682.71 ], [ 550579.69, 6866682.97 ], [ 550578.85, 6866684.44 ], [ 550579.66, 6866685.99 ], [ 550581.64, 6866686.28 ], [ 550581.27, 6866710.48 ], [ 550579.24, 6866710.73 ], [ 550578.38, 6866712.22 ], [ 550579.22, 6866713.77 ], [ 550581.22, 6866714.05 ], [ 550580.96, 6866731.55 ], [ 550621.96, 6866731.89 ], [ 550622.21, 6866714.38 ], [ 550624.19, 6866714.13 ], [ 550625.06, 6866712.68 ], [ 550624.27, 6866711.09 ], [ 550622.27, 6866710.77 ], [ 550622.62, 6866686.6 ], [ 550624.12, 6866686.57 ] ] ] } },
{ "type": "Feature", "properties": { }, "geometry": { "type": "Polygon", "coordinates": [ [ [ 550620.9, 6866812.21 ], [ 550579.78, 6866811.41 ], [ 550579.4, 6866834.63 ], [ 550620.5, 6866835.32 ], [ 550620.9, 6866812.21 ] ] ] } },
{ "type": "Feature", "properties": { }, "geometry": { "type": "Polygon", "coordinates": [ [ [ 550965.15, 6867645.05 ], [ 550958.18, 6867683.68 ], [ 550965.73, 6867685.06 ], [ 550972.7, 6867646.46 ], [ 550965.15, 6867645.05 ] ] ] } },
{ "type": "Feature", "properties": { }, "geometry": { "type": "Polygon", "coordinates": [ [ [ 550239.55, 6867654.94 ], [ 550238.69, 6867661.34 ], [ 550242.26, 6867661.85 ], [ 550238.96, 6867683.36 ], [ 550236.57, 6867695.02 ], [ 550231.41, 6867696.11 ], [ 550232.54, 6867701.03 ], [ 550235.4, 6867701.59 ], [ 550232.32, 6867719.95 ], [ 550225.14, 6867758.31 ], [ 550219.38, 6867760.75 ], [ 550219.8, 6867766.0 ], [ 550223.67, 6867766.6 ], [ 550217.55, 6867798.84 ], [ 550213.51, 6867798.31 ], [ 550212.85, 6867804.59 ], [ 550213.74, 6867804.75 ], [ 550214.52, 6867799.34 ], [ 550217.33, 6867799.86 ], [ 550216.66, 6867802.98 ], [ 550222.7, 6867804.07 ], [ 550223.16, 6867800.94 ], [ 550225.67, 6867801.41 ], [ 550224.75, 6867806.71 ], [ 550226.01, 6867806.93 ], [ 550226.93, 6867800.83 ], [ 550223.3, 6867799.93 ], [ 550226.08, 6867781.59 ], [ 550228.87, 6867767.04 ], [ 550232.43, 6867766.81 ], [ 550235.0, 6867761.9 ], [ 550230.21, 6867759.71 ], [ 550231.22, 6867753.26 ], [ 550240.5, 6867702.97 ], [ 550244.19, 6867704.29 ], [ 550245.2, 6867703.56 ], [ 550245.2, 6867697.78 ], [ 550241.95, 6867695.01 ], [ 550248.15, 6867662.71 ], [ 550252.08, 6867662.98 ], [ 550252.74, 6867657.35 ], [ 550250.95, 6867657.02 ], [ 550250.23, 6867659.49 ], [ 550241.51, 6867657.93 ], [ 550241.51, 6867655.29 ], [ 550239.55, 6867654.94 ] ], [ [ 550242.24, 6867658.57 ], [ 550241.27, 6867659.36 ], [ 550241.42, 6867658.43 ], [ 550242.24, 6867658.57 ] ], [ [ 550250.02, 6867659.98 ], [ 550249.05, 6867660.78 ], [ 550249.22, 6867659.83 ], [ 550250.02, 6867659.98 ] ], [ [ 550235.14, 6867697.99 ], [ 550234.02, 6867698.2 ], [ 550234.12, 6867697.69 ], [ 550235.14, 6867697.99 ] ], [ [ 550243.11, 6867699.31 ], [ 550241.94, 6867700.01 ], [ 550242.08, 6867699.14 ], [ 550243.11, 6867699.31 ] ], [ [ 550223.62, 6867761.64 ], [ 550222.5, 6867762.26 ], [ 550222.62, 6867761.43 ], [ 550223.62, 6867761.64 ] ], [ [ 550231.65, 6867763.06 ], [ 550230.42, 6867763.81 ], [ 550230.62, 6867762.89 ], [ 550231.65, 6867763.06 ] ] ] } },
{ "type": "Feature", "properties": { }, "geometry": { "type": "Polygon", "coordinates": [ [ [ 550911.36, 6867817.76 ], [ 550908.01, 6867816.94 ], [ 550906.61, 6867818.22 ], [ 550906.43, 6867824.44 ], [ 550910.08, 6867824.59 ], [ 550892.51, 6867922.82 ], [ 550890.14, 6867922.4 ], [ 550889.23, 6867927.58 ], [ 550899.81, 6867929.52 ], [ 550900.75, 6867924.26 ], [ 550898.44, 6867923.86 ], [ 550916.16, 6867826.41 ], [ 550919.14, 6867826.39 ], [ 550922.0, 6867820.46 ], [ 550921.36, 6867819.42 ], [ 550917.46, 6867819.04 ], [ 550921.51, 6867796.2 ], [ 550923.55, 6867785.27 ], [ 550926.54, 6867785.79 ], [ 550927.25, 6867780.46 ], [ 550926.4, 6867779.5 ], [ 550915.81, 6867778.38 ], [ 550914.69, 6867783.72 ], [ 550917.58, 6867784.23 ], [ 550911.36, 6867817.76 ] ], [ [ 550916.65, 6867781.82 ], [ 550916.82, 6867780.87 ], [ 550917.61, 6867781.0 ], [ 550916.65, 6867781.82 ] ], [ [ 550924.43, 6867783.27 ], [ 550924.59, 6867782.3 ], [ 550925.39, 6867782.39 ], [ 550924.43, 6867783.27 ] ], [ [ 550909.3, 6867821.25 ], [ 550909.45, 6867820.52 ], [ 550910.5, 6867820.74 ], [ 550909.3, 6867821.25 ] ], [ [ 550917.22, 6867822.71 ], [ 550917.35, 6867821.98 ], [ 550918.4, 6867822.17 ], [ 550917.22, 6867822.71 ] ], [ [ 550890.55, 6867924.6 ], [ 550890.72, 6867923.75 ], [ 550891.81, 6867923.95 ], [ 550890.55, 6867924.6 ] ], [ [ 550898.54, 6867926.06 ], [ 550898.66, 6867925.21 ], [ 550899.76, 6867925.41 ], [ 550898.54, 6867926.06 ] ] ] } },
{ "type": "Feature", "properties": { }, "geometry": { "type": "Polygon", "coordinates": [ [ [ 550962.29, 6868105.0 ], [ 550960.66, 6868112.78 ], [ 550993.37, 6868119.55 ], [ 550994.97, 6868111.57 ], [ 550962.29, 6868105.0 ] ] ] } },
{ "type": "Feature", "properties": { }, "geometry": { "type": "Polygon", "coordinates": [ [ [ 551032.59, 6870222.39 ], [ 551025.91, 6870274.98 ], [ 551060.6, 6870279.42 ], [ 551067.37, 6870226.04 ], [ 551032.59, 6870222.39 ] ] ] } },
{ "type": "Feature", "properties": { }, "geometry": { "type": "Polygon", "coordinates": [ [ [ 550396.53, 6871647.03 ], [ 550425.96, 6871632.7 ], [ 550422.36, 6871625.35 ], [ 550392.98, 6871639.71 ], [ 550396.53, 6871647.03 ] ] ] } },
{ "type": "Feature", "properties": { }, "geometry": { "type": "Polygon", "coordinates": [ [ [ 550228.25, 6871657.72 ], [ 550214.89, 6871664.19 ], [ 550221.78, 6871678.46 ], [ 550235.13, 6871671.99 ], [ 550228.25, 6871657.72 ] ] ] } },
{ "type": "Feature", "properties": { }, "geometry": { "type": "Polygon", "coordinates": [ [ [ 550504.82, 6871820.93 ], [ 550495.91, 6871825.27 ], [ 550498.05, 6871829.69 ], [ 550500.55, 6871828.47 ], [ 550514.2, 6871856.78 ], [ 550511.69, 6871857.99 ], [ 550513.82, 6871862.4 ], [ 550522.75, 6871858.18 ], [ 550520.58, 6871853.68 ], [ 550518.08, 6871854.9 ], [ 550504.46, 6871826.58 ], [ 550506.96, 6871825.36 ], [ 550504.82, 6871820.93 ] ] ] } },
{ "type": "Feature", "properties": { }, "geometry": { "type": "Polygon", "coordinates": [ [ [ 550977.04, 6872093.21 ], [ 551006.4, 6872078.96 ], [ 550999.97, 6872065.59 ], [ 550970.56, 6872079.89 ], [ 550977.04, 6872093.21 ] ] ] } },
{ "type": "Feature", "properties": { }, "geometry": { "type": "Polygon", "coordinates": [ [ [ 550373.3, 6872278.33 ], [ 550348.89, 6872294.44 ], [ 550357.54, 6872307.61 ], [ 550381.95, 6872291.5 ], [ 550373.3, 6872278.33 ] ] ] } },
{ "type": "Feature", "properties": { }, "geometry": { "type": "Polygon", "coordinates": [ [ [ 551107.07, 6872312.18 ], [ 551098.12, 6872316.59 ], [ 551100.26, 6872321.02 ], [ 551102.73, 6872319.81 ], [ 551123.62, 6872362.82 ], [ 551121.15, 6872364.02 ], [ 551123.34, 6872368.5 ], [ 551132.19, 6872364.15 ], [ 551130.02, 6872359.68 ], [ 551127.55, 6872360.89 ], [ 551106.77, 6872317.85 ], [ 551109.24, 6872316.64 ], [ 551107.07, 6872312.18 ] ] ] } },
{ "type": "Feature", "properties": { }, "geometry": { "type": "Polygon", "coordinates": [ [ [ 550684.12, 6872422.67 ], [ 550659.74, 6872438.73 ], [ 550664.24, 6872445.58 ], [ 550688.62, 6872429.53 ], [ 550684.12, 6872422.67 ] ] ] } },
{ "type": "Feature", "properties": { }, "geometry": { "type": "Polygon", "coordinates": [ [ [ 550761.38, 6872528.17 ], [ 550747.25, 6872504.77 ], [ 550706.51, 6872524.66 ], [ 550721.53, 6872547.61 ], [ 550761.38, 6872528.17 ] ] ] } },
{ "type": "Feature", "properties": { }, "geometry": { "type": "Polygon", "coordinates": [ [ [ 550811.94, 6872620.78 ], [ 550789.26, 6872635.66 ], [ 550797.46, 6872648.22 ], [ 550820.13, 6872633.33 ], [ 550811.94, 6872620.78 ] ] ] } },
{ "type": "Feature", "properties": { }, "geometry": { "type": "Polygon", "coordinates": [ [ [ 550968.65, 6872677.51 ], [ 550968.84, 6872679.41 ], [ 550976.35, 6872678.48 ], [ 550976.21, 6872676.49 ], [ 550968.65, 6872677.51 ] ] ] } },
{ "type": "Feature", "properties": { }, "geometry": { "type": "Polygon", "coordinates": [ [ [ 550937.42, 6872813.24 ], [ 550914.74, 6872828.12 ], [ 550922.93, 6872840.67 ], [ 550945.63, 6872825.82 ], [ 550937.42, 6872813.24 ] ] ] } },
{ "type": "Feature", "properties": { }, "geometry": { "type": "Polygon", "coordinates": [ [ [ 550712.16, 6872943.41 ], [ 550738.28, 6872926.29 ], [ 550727.92, 6872910.39 ], [ 550701.79, 6872927.51 ], [ 550712.16, 6872943.41 ] ] ] } },
{ "type": "Feature", "properties": { }, "geometry": { "type": "Polygon", "coordinates": [ [ [ 550464.3, 6873083.12 ], [ 550438.18, 6873100.24 ], [ 550448.55, 6873116.14 ], [ 550474.67, 6873099.02 ], [ 550464.3, 6873083.12 ] ] ] } },
{ "type": "Feature", "properties": { }, "geometry": { "type": "Polygon", "coordinates": [ [ [ 550348.24, 6873545.96 ], [ 550355.69, 6873561.3 ], [ 550357.86, 6873560.19 ], [ 550350.74, 6873544.73 ], [ 550348.24, 6873545.96 ] ] ] } },
{ "type": "Feature", "properties": { }, "geometry": { "type": "Polygon", "coordinates": [ [ [ 550367.72, 6873566.5 ], [ 550365.09, 6873568.15 ], [ 550377.92, 6873588.74 ], [ 550380.58, 6873587.14 ], [ 550367.72, 6873566.5 ] ] ] } },
{ "type": "Feature", "properties": { }, "geometry": { "type": "Polygon", "coordinates": [ [ [ 550959.19, 6873617.0 ], [ 550963.22, 6873614.33 ], [ 550952.92, 6873598.3 ], [ 550948.79, 6873601.17 ], [ 550959.19, 6873617.0 ] ] ] } },
{ "type": "Feature", "properties": { }, "geometry": { "type": "Polygon", "coordinates": [ [ [ 550157.29, 6873664.99 ], [ 550163.09, 6873674.33 ], [ 550166.18, 6873672.38 ], [ 550160.41, 6873663.09 ], [ 550157.29, 6873664.99 ] ] ] } },
{ "type": "Feature", "properties": { }, "geometry": { "type": "Polygon", "coordinates": [ [ [ 550971.49, 6874185.44 ], [ 550974.85, 6874184.88 ], [ 550974.51, 6874181.82 ], [ 550971.18, 6874182.29 ], [ 550971.49, 6874185.44 ] ] ] } },
{ "type": "Feature", "properties": { }, "geometry": { "type": "Polygon", "coordinates": [ [ [ 550650.63, 6874579.37 ], [ 550658.96, 6874598.4 ], [ 550662.83, 6874596.72 ], [ 550654.44, 6874577.72 ], [ 550650.63, 6874579.37 ] ] ] } },
{ "type": "Feature", "properties": { }, "geometry": { "type": "Polygon", "coordinates": [ [ [ 550265.44, 6875478.87 ], [ 550274.53, 6875471.72 ], [ 550270.42, 6875468.87 ], [ 550261.94, 6875474.34 ], [ 550265.44, 6875478.87 ] ] ] } },
{ "type": "Feature", "properties": { }, "geometry": { "type": "Polygon", "coordinates": [ [ [ 550434.74, 6875809.38 ], [ 550438.96, 6875807.76 ], [ 550437.09, 6875802.51 ], [ 550432.73, 6875804.36 ], [ 550434.74, 6875809.38 ] ] ] } },
{ "type": "Feature", "properties": { }, "geometry": { "type": "Polygon", "coordinates": [ [ [ 551841.86, 6860191.73 ], [ 551859.75, 6860158.2 ], [ 551828.24, 6860158.2 ], [ 551817.25, 6860177.89 ], [ 551841.86, 6860191.73 ] ] ] } },
{ "type": "Feature", "properties": { }, "geometry": { "type": "Polygon", "coordinates": [ [ [ 551797.08, 6860299.81 ], [ 551813.61, 6860270.25 ], [ 551805.49, 6860265.74 ], [ 551790.34, 6860293.2 ], [ 551797.08, 6860299.81 ] ] ] } },
{ "type": "Feature", "properties": { }, "geometry": { "type": "Polygon", "coordinates": [ [ [ 551973.86, 6860359.91 ], [ 551970.16, 6860357.83 ], [ 551953.26, 6860387.92 ], [ 551956.91, 6860389.97 ], [ 551973.86, 6860359.91 ] ] ] } },
{ "type": "Feature", "properties": { }, "geometry": { "type": "Polygon", "coordinates": [ [ [ 552093.4, 6860526.52 ], [ 552112.26, 6860547.93 ], [ 552116.79, 6860544.2 ], [ 552097.6, 6860522.42 ], [ 552093.4, 6860526.52 ] ] ] } },
{ "type": "Feature", "properties": { }, "geometry": { "type": "Polygon", "coordinates": [ [ [ 551898.16, 6860948.07 ], [ 551913.04, 6860956.29 ], [ 551918.56, 6860946.27 ], [ 551903.85, 6860938.02 ], [ 551898.16, 6860948.07 ] ] ] } },
{ "type": "Feature", "properties": { }, "geometry": { "type": "Polygon", "coordinates": [ [ [ 552208.41, 6861488.78 ], [ 552179.83, 6861495.75 ], [ 552177.01, 6861489.64 ], [ 552176.13, 6861490.07 ], [ 552182.02, 6861500.54 ], [ 552185.18, 6861513.33 ], [ 552185.16, 6861517.35 ], [ 552186.33, 6861517.0 ], [ 552185.55, 6861513.94 ], [ 552211.71, 6861507.55 ], [ 552212.35, 6861510.33 ], [ 552213.61, 6861510.06 ], [ 552211.73, 6861506.8 ], [ 552208.68, 6861494.04 ], [ 552208.7, 6861491.11 ], [ 552211.65, 6861489.66 ], [ 552209.12, 6861481.99 ], [ 552208.41, 6861488.78 ] ] ] } },
{ "type": "Feature", "properties": { }, "geometry": { "type": "Polygon", "coordinates": [ [ [ 551578.91, 6861584.02 ], [ 551549.0, 6861591.15 ], [ 551557.36, 6861626.1 ], [ 551587.15, 6861618.77 ], [ 551578.91, 6861584.02 ] ] ] } },
{ "type": "Feature", "properties": { }, "geometry": { "type": "Polygon", "coordinates": [ [ [ 551564.56, 6861656.21 ], [ 551568.51, 6861670.26 ], [ 551566.37, 6861670.95 ], [ 551565.82, 6861669.23 ], [ 551555.71, 6861672.5 ], [ 551556.03, 6861673.5 ], [ 551562.09, 6861671.7 ], [ 551564.8, 6861680.41 ], [ 551571.06, 6861678.39 ], [ 551575.97, 6861693.67 ], [ 551574.77, 6861694.06 ], [ 551575.77, 6861694.51 ], [ 551578.84, 6861704.03 ], [ 551575.32, 6861705.05 ], [ 551576.51, 6861709.48 ], [ 551611.53, 6861698.73 ], [ 551610.19, 6861694.45 ], [ 551608.2, 6861695.08 ], [ 551599.6, 6861669.57 ], [ 551604.29, 6861668.15 ], [ 551601.84, 6861660.03 ], [ 551597.46, 6861661.31 ], [ 551594.46, 6861648.97 ], [ 551596.55, 6861648.46 ], [ 551596.1, 6861646.6 ], [ 551562.02, 6861654.73 ], [ 551562.49, 6861656.71 ], [ 551564.56, 6861656.21 ] ] ] } },
{ "type": "Feature", "properties": { }, "geometry": { "type": "Polygon", "coordinates": [ [ [ 551373.59, 6862460.25 ], [ 551379.2, 6862465.35 ], [ 551379.68, 6862464.03 ], [ 551373.94, 6862458.73 ], [ 551366.3, 6862459.49 ], [ 551358.9, 6862458.13 ], [ 551358.55, 6862459.71 ], [ 551365.71, 6862460.96 ], [ 551373.59, 6862460.25 ] ] ] } },
{ "type": "Feature", "properties": { }, "geometry": { "type": "Polygon", "coordinates": [ [ [ 551809.09, 6862471.67 ], [ 551805.52, 6862472.76 ], [ 551801.99, 6862467.29 ], [ 551804.15, 6862464.19 ], [ 551802.2, 6862466.54 ], [ 551768.76, 6862487.91 ], [ 551772.83, 6862494.07 ], [ 551809.09, 6862471.67 ] ] ] } },
{ "type": "Feature", "properties": { }, "geometry": { "type": "Polygon", "coordinates": [ [ [ 552110.3, 6862482.57 ], [ 552104.75, 6862469.79 ], [ 552101.63, 6862471.15 ], [ 552107.18, 6862483.93 ], [ 552110.3, 6862482.57 ] ] ] } },
{ "type": "Feature", "properties": { }, "geometry": { "type": "Polygon", "coordinates": [ [ [ 551448.81, 6862524.03 ], [ 551443.89, 6862524.3 ], [ 551441.14, 6862547.85 ], [ 551445.94, 6862548.41 ], [ 551448.81, 6862524.03 ] ] ] } },
{ "type": "Feature", "properties": { }, "geometry": { "type": "Polygon", "coordinates": [ [ [ 551579.38, 6862590.75 ], [ 551598.75, 6862581.59 ], [ 551592.71, 6862571.77 ], [ 551573.27, 6862580.94 ], [ 551579.38, 6862590.75 ] ] ] } },
{ "type": "Feature", "properties": { }, "geometry": { "type": "Polygon", "coordinates": [ [ [ 551241.36, 6862652.51 ], [ 551242.11, 6862654.33 ], [ 551241.21, 6862655.27 ], [ 551237.05, 6862652.62 ], [ 551232.95, 6862653.31 ], [ 551261.95, 6862681.78 ], [ 551269.87, 6862673.67 ], [ 551242.81, 6862647.12 ], [ 551241.36, 6862652.51 ] ] ] } },
{ "type": "Feature", "properties": { }, "geometry": { "type": "Polygon", "coordinates": [ [ [ 552196.28, 6862889.09 ], [ 552193.59, 6862885.92 ], [ 552182.23, 6862895.75 ], [ 552184.94, 6862898.9 ], [ 552196.28, 6862889.09 ] ] ] } },
{ "type": "Feature", "properties": { }, "geometry": { "type": "Polygon", "coordinates": [ [ [ 551601.51, 6862937.49 ], [ 551597.93, 6862940.92 ], [ 551605.13, 6862948.19 ], [ 551608.65, 6862944.7 ], [ 551601.51, 6862937.49 ] ] ] } },
{ "type": "Feature", "properties": { }, "geometry": { "type": "Polygon", "coordinates": [ [ [ 552250.95, 6863217.25 ], [ 552265.87, 6863240.96 ], [ 552262.79, 6863243.1 ], [ 552263.94, 6863244.93 ], [ 552284.38, 6863230.81 ], [ 552283.15, 6863229.01 ], [ 552281.57, 6863230.1 ], [ 552266.33, 6863207.71 ], [ 552267.48, 6863205.94 ], [ 552266.09, 6863203.72 ], [ 552247.6, 6863216.45 ], [ 552249.07, 6863218.53 ], [ 552250.95, 6863217.25 ] ] ] } },
{ "type": "Feature", "properties": { }, "geometry": { "type": "Polygon", "coordinates": [ [ [ 551989.18, 6863265.72 ], [ 551995.63, 6863276.68 ], [ 552008.89, 6863268.9 ], [ 552002.41, 6863257.96 ], [ 551989.18, 6863265.72 ] ] ] } },
{ "type": "Feature", "properties": { }, "geometry": { "type": "Polygon", "coordinates": [ [ [ 552359.42, 6863376.84 ], [ 552315.64, 6863290.57 ], [ 552294.78, 6863297.43 ], [ 552339.23, 6863383.88 ], [ 552359.42, 6863376.84 ] ] ] } },
{ "type": "Feature", "properties": { }, "geometry": { "type": "Polygon", "coordinates": [ [ [ 551353.36, 6863416.32 ], [ 551370.14, 6863398.85 ], [ 551367.36, 6863396.28 ], [ 551350.7, 6863413.74 ], [ 551353.36, 6863416.32 ] ] ] } },
{ "type": "Feature", "properties": { }, "geometry": { "type": "Polygon", "coordinates": [ [ [ 551387.42, 6863445.08 ], [ 551389.93, 6863446.53 ], [ 551400.29, 6863435.89 ], [ 551398.24, 6863433.88 ], [ 551387.42, 6863445.08 ] ] ] } },
{ "type": "Feature", "properties": { }, "geometry": { "type": "Polygon", "coordinates": [ [ [ 551542.37, 6863588.17 ], [ 551539.15, 6863589.95 ], [ 551544.11, 6863594.9 ], [ 551546.08, 6863591.39 ], [ 551554.34, 6863584.35 ], [ 551549.65, 6863579.62 ], [ 551542.37, 6863588.17 ] ] ] } },
{ "type": "Feature", "properties": { }, "geometry": { "type": "Polygon", "coordinates": [ [ [ 551650.57, 6864261.83 ], [ 551649.3, 6864263.62 ], [ 551676.38, 6864283.28 ], [ 551677.71, 6864281.35 ], [ 551650.57, 6864261.83 ] ] ] } },
{ "type": "Feature", "properties": { }, "geometry": { "type": "Polygon", "coordinates": [ [ [ 551408.97, 6864422.86 ], [ 551418.52, 6864434.13 ], [ 551436.06, 6864434.38 ], [ 551424.79, 6864423.43 ], [ 551408.97, 6864422.86 ] ] ] } },
{ "type": "Feature", "properties": { }, "geometry": { "type": "Polygon", "coordinates": [ [ [ 552158.48, 6864492.05 ], [ 552156.16, 6864495.52 ], [ 552155.59, 6864499.67 ], [ 552156.97, 6864504.09 ], [ 552160.74, 6864508.68 ], [ 552156.6, 6864510.61 ], [ 552160.51, 6864515.27 ], [ 552164.77, 6864513.29 ], [ 552232.82, 6864593.69 ], [ 552289.97, 6864636.97 ], [ 552306.96, 6864619.55 ], [ 552304.88, 6864626.41 ], [ 552317.6, 6864612.14 ], [ 552315.87, 6864610.43 ], [ 552446.96, 6864475.64 ], [ 552451.56, 6864474.31 ], [ 552458.94, 6864469.28 ], [ 552490.84, 6864437.43 ], [ 552495.74, 6864436.54 ], [ 552501.75, 6864439.78 ], [ 552479.14, 6864421.64 ], [ 552478.82, 6864426.16 ], [ 552474.69, 6864432.68 ], [ 552470.1, 6864435.38 ], [ 552466.99, 6864435.46 ], [ 552455.33, 6864445.83 ], [ 552450.74, 6864452.44 ], [ 552445.66, 6864456.82 ], [ 552434.58, 6864459.63 ], [ 552422.92, 6864457.6 ], [ 552416.95, 6864454.15 ], [ 552371.35, 6864414.86 ], [ 552375.04, 6864411.04 ], [ 552372.99, 6864409.13 ], [ 552369.25, 6864412.95 ], [ 552351.55, 6864398.91 ], [ 552355.75, 6864394.61 ], [ 552350.74, 6864389.77 ], [ 552346.48, 6864394.16 ], [ 552312.33, 6864360.97 ], [ 552304.33, 6864359.0 ], [ 552299.57, 6864356.29 ], [ 552285.33, 6864368.32 ], [ 552204.66, 6864448.18 ], [ 552195.91, 6864455.12 ], [ 552158.48, 6864492.05 ] ], [ [ 552333.01, 6864406.04 ], [ 552419.46, 6864490.77 ], [ 552420.85, 6864490.75 ], [ 552298.28, 6864616.67 ], [ 552176.21, 6864497.06 ], [ 552298.73, 6864371.12 ], [ 552333.67, 6864405.36 ], [ 552333.01, 6864406.04 ] ] ] } },
{ "type": "Feature", "properties": { }, "geometry": { "type": "Polygon", "coordinates": [ [ [ 551298.42, 6864471.19 ], [ 551316.49, 6864455.35 ], [ 551292.53, 6864457.09 ], [ 551286.42, 6864470.9 ], [ 551298.42, 6864471.19 ] ] ] } },
{ "type": "Feature", "properties": { }, "geometry": { "type": "Polygon", "coordinates": [ [ [ 551738.26, 6864602.72 ], [ 551735.54, 6864584.5 ], [ 551732.26, 6864585.01 ], [ 551734.91, 6864603.22 ], [ 551738.26, 6864602.72 ] ] ] } },
{ "type": "Feature", "properties": { }, "geometry": { "type": "Polygon", "coordinates": [ [ [ 551361.39, 6865094.94 ], [ 551362.98, 6865093.97 ], [ 551361.33, 6865094.04 ], [ 551360.76, 6865085.35 ], [ 551353.32, 6865085.89 ], [ 551353.9, 6865094.54 ], [ 551352.01, 6865095.12 ], [ 551353.96, 6865095.44 ], [ 551354.59, 6865104.86 ], [ 551352.65, 6865105.4 ], [ 551354.65, 6865105.69 ], [ 551355.23, 6865114.35 ], [ 551362.63, 6865113.84 ], [ 551362.07, 6865105.23 ], [ 551363.98, 6865104.67 ], [ 551362.01, 6865104.36 ], [ 551361.39, 6865094.94 ] ] ] } },
{ "type": "Feature", "properties": { }, "geometry": { "type": "Polygon", "coordinates": [ [ [ 552115.36, 6865185.37 ], [ 552113.43, 6865187.6 ], [ 552119.37, 6865192.57 ], [ 552110.07, 6865204.02 ], [ 552117.71, 6865210.4 ], [ 552126.99, 6865198.94 ], [ 552131.48, 6865201.58 ], [ 552132.34, 6865199.73 ], [ 552128.84, 6865196.65 ], [ 552138.18, 6865185.12 ], [ 552130.52, 6865178.84 ], [ 552121.23, 6865190.28 ], [ 552115.36, 6865185.37 ] ] ] } },
{ "type": "Feature", "properties": { }, "geometry": { "type": "Polygon", "coordinates": [ [ [ 551681.72, 6865226.53 ], [ 551678.38, 6865228.44 ], [ 551682.75, 6865236.26 ], [ 551686.08, 6865234.35 ], [ 551681.72, 6865226.53 ] ] ] } },
{ "type": "Feature", "properties": { }, "geometry": { "type": "Polygon", "coordinates": [ [ [ 551733.04, 6865244.49 ], [ 551734.62, 6865245.9 ], [ 551738.96, 6865237.77 ], [ 551737.46, 6865236.33 ], [ 551733.04, 6865244.49 ] ] ] } },
{ "type": "Feature", "properties": { }, "geometry": { "type": "Polygon", "coordinates": [ [ [ 551757.78, 6865265.56 ], [ 551760.7, 6865268.35 ], [ 551768.21, 6865268.01 ], [ 551765.29, 6865265.21 ], [ 551757.78, 6865265.56 ] ] ] } },
{ "type": "Feature", "properties": { }, "geometry": { "type": "Polygon", "coordinates": [ [ [ 551514.78, 6866525.84 ], [ 551515.28, 6866522.61 ], [ 551545.13, 6866526.96 ], [ 551544.65, 6866530.08 ], [ 551551.16, 6866530.9 ], [ 551551.61, 6866527.9 ], [ 551581.37, 6866532.24 ], [ 551580.89, 6866535.38 ], [ 551587.54, 6866536.32 ], [ 551588.0, 6866533.21 ], [ 551617.82, 6866537.56 ], [ 551617.39, 6866540.55 ], [ 551623.91, 6866541.47 ], [ 551624.31, 6866538.5 ], [ 551653.93, 6866542.82 ], [ 551653.52, 6866545.67 ], [ 551659.96, 6866546.44 ], [ 551660.33, 6866543.75 ], [ 551690.2, 6866548.11 ], [ 551689.83, 6866550.81 ], [ 551695.77, 6866551.65 ], [ 551700.74, 6866519.61 ], [ 551694.22, 6866518.68 ], [ 551693.87, 6866521.23 ], [ 551664.06, 6866516.89 ], [ 551664.4, 6866514.42 ], [ 551658.14, 6866513.53 ], [ 551657.79, 6866515.97 ], [ 551627.98, 6866511.63 ], [ 551628.36, 6866508.89 ], [ 551622.08, 6866508.09 ], [ 551621.7, 6866510.71 ], [ 551591.9, 6866506.35 ], [ 551592.28, 6866503.71 ], [ 551585.82, 6866502.76 ], [ 551585.42, 6866505.41 ], [ 551555.64, 6866501.18 ], [ 551556.06, 6866498.39 ], [ 551549.59, 6866497.44 ], [ 551549.17, 6866500.27 ], [ 551547.08, 6866499.97 ], [ 551519.36, 6866495.93 ], [ 551519.79, 6866493.06 ], [ 551513.68, 6866492.39 ], [ 551509.29, 6866522.93 ], [ 551509.78, 6866524.99 ], [ 551514.78, 6866525.84 ] ] ] } },
{ "type": "Feature", "properties": { }, "geometry": { "type": "Polygon", "coordinates": [ [ [ 551774.08, 6866562.73 ], [ 551911.87, 6866582.8 ], [ 551917.38, 6866551.62 ], [ 551778.66, 6866531.53 ], [ 551774.08, 6866562.73 ] ] ] } },
{ "type": "Feature", "properties": { }, "geometry": { "type": "Polygon", "coordinates": [ [ [ 551301.18, 6866560.4 ], [ 551300.58, 6866579.65 ], [ 551305.67, 6866579.58 ], [ 551306.45, 6866560.01 ], [ 551301.18, 6866560.4 ] ] ] } },
{ "type": "Feature", "properties": { }, "geometry": { "type": "Polygon", "coordinates": [ [ [ 551961.54, 6866588.25 ], [ 551988.06, 6866591.97 ], [ 551987.59, 6866594.93 ], [ 551993.99, 6866595.94 ], [ 551994.46, 6866592.93 ], [ 552023.62, 6866598.11 ], [ 552023.05, 6866601.12 ], [ 552029.4, 6866602.34 ], [ 552029.96, 6866599.41 ], [ 552051.71, 6866604.47 ], [ 552058.13, 6866606.17 ], [ 552057.32, 6866609.08 ], [ 552063.55, 6866610.82 ], [ 552064.36, 6866607.91 ], [ 552073.62, 6866610.69 ], [ 552092.05, 6866616.88 ], [ 552091.01, 6866619.72 ], [ 552097.1, 6866621.95 ], [ 552098.12, 6866619.12 ], [ 552124.92, 6866630.2 ], [ 552123.67, 6866632.94 ], [ 552129.54, 6866635.65 ], [ 552130.81, 6866632.9 ], [ 552146.9, 6866640.85 ], [ 552156.67, 6866646.07 ], [ 552155.2, 6866648.68 ], [ 552160.83, 6866651.87 ], [ 552162.32, 6866649.23 ], [ 552187.2, 6866664.47 ], [ 552185.53, 6866666.97 ], [ 552190.9, 6866670.59 ], [ 552192.58, 6866668.07 ], [ 552196.35, 6866670.65 ], [ 552216.14, 6866685.2 ], [ 552214.28, 6866687.57 ], [ 552219.36, 6866691.59 ], [ 552221.23, 6866689.22 ], [ 552229.49, 6866696.0 ], [ 552243.27, 6866708.07 ], [ 552241.23, 6866710.26 ], [ 552245.96, 6866714.69 ], [ 552248.03, 6866712.47 ], [ 552260.12, 6866724.26 ], [ 552268.6, 6866733.08 ], [ 552266.4, 6866735.1 ], [ 552270.76, 6866739.9 ], [ 552273.0, 6866737.85 ], [ 552274.95, 6866740.01 ], [ 552291.89, 6866760.01 ], [ 552289.53, 6866761.85 ], [ 552293.5, 6866766.98 ], [ 552295.9, 6866765.11 ], [ 552307.91, 6866781.35 ], [ 552313.11, 6866788.88 ], [ 552310.61, 6866790.56 ], [ 552314.19, 6866795.96 ], [ 552316.7, 6866794.28 ], [ 552319.35, 6866798.36 ], [ 552331.88, 6866819.17 ], [ 552329.25, 6866820.66 ], [ 552332.43, 6866826.31 ], [ 552335.04, 6866824.83 ], [ 552345.54, 6866845.2 ], [ 552348.22, 6866850.85 ], [ 552345.47, 6866852.13 ], [ 552348.21, 6866858.01 ], [ 552350.92, 6866856.74 ], [ 552362.02, 6866883.72 ], [ 552359.18, 6866884.78 ], [ 552361.44, 6866890.86 ], [ 552364.25, 6866889.82 ], [ 552365.36, 6866892.96 ], [ 552373.16, 6866917.48 ], [ 552370.26, 6866918.3 ], [ 552372.0, 6866924.54 ], [ 552374.9, 6866923.73 ], [ 552379.61, 6866942.67 ], [ 552381.63, 6866952.09 ], [ 552378.67, 6866952.68 ], [ 552379.93, 6866959.04 ], [ 552382.88, 6866958.45 ], [ 552387.36, 6866987.23 ], [ 552384.36, 6866987.58 ], [ 552385.12, 6866994.02 ], [ 552388.11, 6866993.67 ], [ 552390.52, 6867022.81 ], [ 552387.55, 6867022.96 ], [ 552387.87, 6867029.44 ], [ 552390.93, 6867029.28 ], [ 552391.94, 6867050.42 ], [ 552418.85, 6867051.19 ], [ 552417.75, 6867027.92 ], [ 552420.57, 6867027.77 ], [ 552420.24, 6867021.29 ], [ 552417.34, 6867021.44 ], [ 552414.78, 6866990.54 ], [ 552417.63, 6866990.21 ], [ 552416.88, 6866983.76 ], [ 552414.03, 6866984.1 ], [ 552409.22, 6866953.2 ], [ 552412.04, 6866952.64 ], [ 552410.78, 6866946.28 ], [ 552407.97, 6866946.84 ], [ 552400.76, 6866916.47 ], [ 552403.53, 6866915.69 ], [ 552401.78, 6866909.44 ], [ 552399.02, 6866910.22 ], [ 552389.42, 6866880.42 ], [ 552392.12, 6866879.41 ], [ 552389.86, 6866873.33 ], [ 552387.18, 6866874.33 ], [ 552375.26, 6866845.35 ], [ 552377.88, 6866844.13 ], [ 552375.14, 6866838.25 ], [ 552372.55, 6866839.46 ], [ 552358.43, 6866811.6 ], [ 552360.94, 6866810.18 ], [ 552357.76, 6866804.53 ], [ 552355.27, 6866805.94 ], [ 552339.06, 6866779.36 ], [ 552341.44, 6866777.77 ], [ 552337.86, 6866772.37 ], [ 552335.47, 6866773.96 ], [ 552317.11, 6866748.61 ], [ 552319.37, 6866746.86 ], [ 552315.4, 6866741.73 ], [ 552313.11, 6866743.51 ], [ 552292.83, 6866719.69 ], [ 552294.93, 6866717.76 ], [ 552290.57, 6866712.97 ], [ 552288.43, 6866714.92 ], [ 552266.38, 6866692.82 ], [ 552268.33, 6866690.73 ], [ 552263.61, 6866686.3 ], [ 552261.63, 6866688.42 ], [ 552237.87, 6866668.09 ], [ 552239.65, 6866665.83 ], [ 552234.57, 6866661.81 ], [ 552232.78, 6866664.08 ], [ 552207.54, 6866645.72 ], [ 552209.14, 6866643.33 ], [ 552203.77, 6866639.72 ], [ 552202.16, 6866642.12 ], [ 552175.54, 6866625.8 ], [ 552176.95, 6866623.31 ], [ 552171.31, 6866620.11 ], [ 552169.89, 6866622.63 ], [ 552142.03, 6866608.45 ], [ 552143.23, 6866605.84 ], [ 552137.35, 6866603.12 ], [ 552136.15, 6866605.74 ], [ 552107.33, 6866593.82 ], [ 552108.31, 6866591.11 ], [ 552102.23, 6866588.89 ], [ 552101.25, 6866591.59 ], [ 552071.56, 6866581.98 ], [ 552072.33, 6866579.2 ], [ 552066.1, 6866577.46 ], [ 552065.33, 6866580.23 ], [ 552035.0, 6866572.97 ], [ 552035.55, 6866570.1 ], [ 552029.19, 6866568.88 ], [ 552028.66, 6866571.66 ], [ 551998.62, 6866566.23 ], [ 551999.07, 6866563.35 ], [ 551992.68, 6866562.34 ], [ 551992.24, 6866565.13 ], [ 551965.47, 6866560.51 ], [ 551966.48, 6866554.07 ], [ 551964.7, 6866553.81 ], [ 551961.6, 6866559.71 ], [ 551957.71, 6866592.57 ], [ 551960.88, 6866593.02 ], [ 551961.54, 6866588.25 ] ] ] } },
{ "type": "Feature", "properties": { }, "geometry": { "type": "Polygon", "coordinates": [ [ [ 552318.2, 6867138.24 ], [ 552318.1, 6867158.22 ], [ 552322.77, 6867158.28 ], [ 552322.83, 6867138.3 ], [ 552318.2, 6867138.24 ] ] ] } },
{ "type": "Feature", "properties": { }, "geometry": { "type": "Polygon", "coordinates": [ [ [ 551707.53, 6868349.77 ], [ 551706.15, 6868357.86 ], [ 551737.88, 6868362.55 ], [ 551739.1, 6868354.59 ], [ 551707.53, 6868349.77 ] ] ] } },
{ "type": "Feature", "properties": { }, "geometry": { "type": "Polygon", "coordinates": [ [ [ 552032.31, 6869292.85 ], [ 552045.65, 6869310.69 ], [ 552050.53, 6869307.15 ], [ 552037.1, 6869289.14 ], [ 552032.31, 6869292.85 ] ] ] } },
{ "type": "Feature", "properties": { }, "geometry": { "type": "Polygon", "coordinates": [ [ [ 552178.27, 6869382.29 ], [ 552168.56, 6869369.09 ], [ 552163.83, 6869372.58 ], [ 552173.66, 6869385.79 ], [ 552178.27, 6869382.29 ] ] ] } },
{ "type": "Feature", "properties": { }, "geometry": { "type": "Polygon", "coordinates": [ [ [ 552162.44, 6869393.85 ], [ 552163.1, 6869393.36 ], [ 552153.56, 6869380.6 ], [ 552152.91, 6869381.09 ], [ 552162.44, 6869393.85 ] ] ] } },
{ "type": "Feature", "properties": { }, "geometry": { "type": "Polygon", "coordinates": [ [ [ 552270.69, 6869477.9 ], [ 552270.78, 6869479.71 ], [ 552274.53, 6869476.9 ], [ 552278.33, 6869481.68 ], [ 552280.31, 6869480.3 ], [ 552276.25, 6869474.52 ], [ 552270.69, 6869477.9 ] ] ] } },
{ "type": "Feature", "properties": { }, "geometry": { "type": "Polygon", "coordinates": [ [ [ 552220.02, 6869497.37 ], [ 552221.49, 6869499.59 ], [ 552237.32, 6869520.73 ], [ 552241.73, 6869516.68 ], [ 552224.84, 6869493.63 ], [ 552220.02, 6869497.37 ] ] ] } },
{ "type": "Feature", "properties": { }, "geometry": { "type": "Polygon", "coordinates": [ [ [ 552255.53, 6869499.35 ], [ 552250.97, 6869493.1 ], [ 552248.54, 6869494.89 ], [ 552253.08, 6869501.15 ], [ 552255.53, 6869499.35 ] ] ] } },
{ "type": "Feature", "properties": { }, "geometry": { "type": "Polygon", "coordinates": [ [ [ 551808.43, 6870353.23 ], [ 551814.07, 6870351.83 ], [ 551812.25, 6870348.82 ], [ 551807.98, 6870349.8 ], [ 551808.43, 6870353.23 ] ] ] } },
{ "type": "Feature", "properties": { }, "geometry": { "type": "Polygon", "coordinates": [ [ [ 551530.13, 6870359.01 ], [ 551528.02, 6870364.39 ], [ 551532.92, 6870366.33 ], [ 551535.06, 6870361.0 ], [ 551530.13, 6870359.01 ] ] ] } },
{ "type": "Feature", "properties": { }, "geometry": { "type": "Polygon", "coordinates": [ [ [ 551501.68, 6870444.94 ], [ 551503.86, 6870439.47 ], [ 551505.99, 6870439.62 ], [ 551497.33, 6870436.13 ], [ 551499.14, 6870437.57 ], [ 551496.96, 6870443.04 ], [ 551494.66, 6870442.82 ], [ 551503.31, 6870446.3 ], [ 551501.68, 6870444.94 ] ] ] } },
{ "type": "Feature", "properties": { }, "geometry": { "type": "Polygon", "coordinates": [ [ [ 551488.87, 6870463.36 ], [ 551487.11, 6870467.76 ], [ 551484.78, 6870467.53 ], [ 551493.34, 6870470.97 ], [ 551491.82, 6870469.66 ], [ 551493.58, 6870465.25 ], [ 551495.59, 6870465.35 ], [ 551487.02, 6870461.91 ], [ 551488.87, 6870463.36 ] ] ] } },
{ "type": "Feature", "properties": { }, "geometry": { "type": "Polygon", "coordinates": [ [ [ 551427.88, 6870506.94 ], [ 551432.7, 6870509.13 ], [ 551448.01, 6870475.22 ], [ 551443.18, 6870473.03 ], [ 551427.88, 6870506.94 ] ] ] } },
{ "type": "Feature", "properties": { }, "geometry": { "type": "Polygon", "coordinates": [ [ [ 551445.87, 6870610.76 ], [ 551448.47, 6870606.28 ], [ 551430.28, 6870585.57 ], [ 551426.6, 6870588.82 ], [ 551445.87, 6870610.76 ] ] ] } },
{ "type": "Feature", "properties": { }, "geometry": { "type": "Polygon", "coordinates": [ [ [ 551771.84, 6870625.36 ], [ 551758.14, 6870619.2 ], [ 551744.44, 6870649.51 ], [ 551758.11, 6870655.72 ], [ 551771.84, 6870625.36 ] ] ] } },
{ "type": "Feature", "properties": { }, "geometry": { "type": "Polygon", "coordinates": [ [ [ 551419.2, 6870747.07 ], [ 551429.07, 6870724.47 ], [ 551424.25, 6870722.36 ], [ 551414.33, 6870744.88 ], [ 551419.2, 6870747.07 ] ] ] } },
{ "type": "Feature", "properties": { }, "geometry": { "type": "Polygon", "coordinates": [ [ [ 551427.53, 6870822.66 ], [ 551425.49, 6870827.41 ], [ 551447.49, 6870836.9 ], [ 551449.52, 6870832.15 ], [ 551427.53, 6870822.66 ] ] ] } },
{ "type": "Feature", "properties": { }, "geometry": { "type": "Polygon", "coordinates": [ [ [ 551746.49, 6872091.64 ], [ 551735.46, 6872116.26 ], [ 551740.52, 6872118.54 ], [ 551751.48, 6872093.92 ], [ 551746.49, 6872091.64 ] ] ] } },
{ "type": "Feature", "properties": { }, "geometry": { "type": "Polygon", "coordinates": [ [ [ 551897.87, 6872183.67 ], [ 551904.44, 6872169.03 ], [ 551889.45, 6872162.3 ], [ 551882.88, 6872176.92 ], [ 551897.87, 6872183.67 ] ] ] } },
{ "type": "Feature", "properties": { }, "geometry": { "type": "Polygon", "coordinates": [ [ [ 552050.55, 6872229.06 ], [ 552045.35, 6872226.77 ], [ 552030.43, 6872245.61 ], [ 552035.26, 6872248.48 ], [ 552050.55, 6872229.06 ] ] ] } },
{ "type": "Feature", "properties": { }, "geometry": { "type": "Polygon", "coordinates": [ [ [ 552278.92, 6872383.87 ], [ 552292.49, 6872368.51 ], [ 552290.46, 6872366.72 ], [ 552276.86, 6872382.1 ], [ 552278.92, 6872383.87 ] ] ] } },
{ "type": "Feature", "properties": { }, "geometry": { "type": "Polygon", "coordinates": [ [ [ 552190.65, 6872484.35 ], [ 552177.0, 6872471.9 ], [ 552173.27, 6872476.13 ], [ 552187.08, 6872488.57 ], [ 552190.65, 6872484.35 ] ] ] } },
{ "type": "Feature", "properties": { }, "geometry": { "type": "Polygon", "coordinates": [ [ [ 551246.73, 6872648.85 ], [ 551253.22, 6872662.22 ], [ 551282.52, 6872647.92 ], [ 551276.04, 6872634.55 ], [ 551246.73, 6872648.85 ] ] ] } },
{ "type": "Feature", "properties": { }, "geometry": { "type": "Polygon", "coordinates": [ [ [ 551568.6, 6872890.12 ], [ 551550.34, 6872902.42 ], [ 551551.38, 6872904.03 ], [ 551569.63, 6872891.68 ], [ 551568.6, 6872890.12 ] ] ] } },
{ "type": "Feature", "properties": { }, "geometry": { "type": "Polygon", "coordinates": [ [ [ 551601.5, 6872994.02 ], [ 551621.01, 6872975.0 ], [ 551588.48, 6872924.38 ], [ 551568.45, 6872943.92 ], [ 551601.5, 6872994.02 ] ] ] } },
{ "type": "Feature", "properties": { }, "geometry": { "type": "Polygon", "coordinates": [ [ [ 552206.55, 6872972.72 ], [ 552200.18, 6872966.08 ], [ 552198.25, 6872967.77 ], [ 552204.7, 6872974.37 ], [ 552206.55, 6872972.72 ] ] ] } },
{ "type": "Feature", "properties": { }, "geometry": { "type": "Polygon", "coordinates": [ [ [ 552089.35, 6873302.89 ], [ 552095.73, 6873301.15 ], [ 552090.15, 6873291.31 ], [ 552085.68, 6873294.79 ], [ 552072.26, 6873301.1 ], [ 552076.84, 6873309.78 ], [ 552089.35, 6873302.89 ] ] ] } },
{ "type": "Feature", "properties": { }, "geometry": { "type": "Polygon", "coordinates": [ [ [ 552188.94, 6873599.32 ], [ 552184.73, 6873601.8 ], [ 552186.59, 6873605.23 ], [ 552190.83, 6873603.0 ], [ 552188.94, 6873599.32 ] ] ] } },
{ "type": "Feature", "properties": { }, "geometry": { "type": "Polygon", "coordinates": [ [ [ 551828.64, 6873989.58 ], [ 551833.35, 6873988.12 ], [ 551813.74, 6873946.51 ], [ 551809.32, 6873948.6 ], [ 551828.64, 6873989.58 ] ] ] } },
{ "type": "Feature", "properties": { }, "geometry": { "type": "Polygon", "coordinates": [ [ [ 552307.31, 6874509.99 ], [ 552307.48, 6874504.66 ], [ 552303.86, 6874504.53 ], [ 552303.7, 6874509.86 ], [ 552307.31, 6874509.99 ] ] ] } },
{ "type": "Feature", "properties": { }, "geometry": { "type": "Polygon", "coordinates": [ [ [ 552303.2, 6874536.64 ], [ 552303.15, 6874539.83 ], [ 552307.38, 6874539.92 ], [ 552307.27, 6874536.7 ], [ 552303.2, 6874536.64 ] ] ] } },
{ "type": "Feature", "properties": { }, "geometry": { "type": "Polygon", "coordinates": [ [ [ 551937.78, 6874610.21 ], [ 551933.29, 6874601.93 ], [ 551921.76, 6874607.73 ], [ 551925.39, 6874615.96 ], [ 551937.78, 6874610.21 ] ] ] } },
{ "type": "Feature", "properties": { }, "geometry": { "type": "Polygon", "coordinates": [ [ [ 552309.72, 6875287.11 ], [ 552310.47, 6875294.53 ], [ 552324.14, 6875293.78 ], [ 552324.08, 6875286.29 ], [ 552309.72, 6875287.11 ] ] ] } },
{ "type": "Feature", "properties": { }, "geometry": { "type": "Polygon", "coordinates": [ [ [ 552578.09, 6860852.82 ], [ 552593.84, 6860833.97 ], [ 552591.64, 6860832.13 ], [ 552575.89, 6860850.97 ], [ 552578.09, 6860852.82 ] ] ] } },
{ "type": "Feature", "properties": { }, "geometry": { "type": "Polygon", "coordinates": [ [ [ 552942.09, 6861112.54 ], [ 552964.03, 6861093.39 ], [ 552933.52, 6861059.89 ], [ 552910.16, 6861077.47 ], [ 552942.09, 6861112.54 ] ] ] } },
{ "type": "Feature", "properties": { }, "geometry": { "type": "Polygon", "coordinates": [ [ [ 552682.37, 6861381.19 ], [ 552676.38, 6861356.62 ], [ 552671.94, 6861357.74 ], [ 552678.02, 6861382.25 ], [ 552682.37, 6861381.19 ] ] ] } },
{ "type": "Feature", "properties": { }, "geometry": { "type": "Polygon", "coordinates": [ [ [ 552431.78, 6862348.63 ], [ 552437.54, 6862347.36 ], [ 552445.15, 6862327.9 ], [ 552439.57, 6862328.73 ], [ 552431.78, 6862348.63 ] ] ] } },
{ "type": "Feature", "properties": { }, "geometry": { "type": "Polygon", "coordinates": [ [ [ 552343.55, 6862382.07 ], [ 552354.5, 6862377.31 ], [ 552331.29, 6862368.86 ], [ 552320.23, 6862373.83 ], [ 552343.55, 6862382.07 ] ] ] } },
{ "type": "Feature", "properties": { }, "geometry": { "type": "Polygon", "coordinates": [ [ [ 552817.66, 6862681.08 ], [ 552799.07, 6862677.87 ], [ 552798.34, 6862682.16 ], [ 552816.92, 6862685.37 ], [ 552817.66, 6862681.08 ] ] ] } },
{ "type": "Feature", "properties": { }, "geometry": { "type": "Polygon", "coordinates": [ [ [ 552748.61, 6862865.67 ], [ 552730.29, 6862862.64 ], [ 552729.32, 6862866.93 ], [ 552747.93, 6862869.99 ], [ 552748.61, 6862865.67 ] ] ] } },
{ "type": "Feature", "properties": { }, "geometry": { "type": "Polygon", "coordinates": [ [ [ 552884.28, 6862887.07 ], [ 552879.2, 6862876.17 ], [ 552872.92, 6862879.11 ], [ 552878.0, 6862890.01 ], [ 552884.28, 6862887.07 ] ] ] } },
{ "type": "Feature", "properties": { }, "geometry": { "type": "Polygon", "coordinates": [ [ [ 552587.96, 6862912.3 ], [ 552578.81, 6862897.62 ], [ 552575.35, 6862899.79 ], [ 552584.6, 6862914.71 ], [ 552587.96, 6862912.3 ] ] ] } },
{ "type": "Feature", "properties": { }, "geometry": { "type": "Polygon", "coordinates": [ [ [ 552443.81, 6863399.92 ], [ 552448.04, 6863399.83 ], [ 552447.96, 6863396.45 ], [ 552443.73, 6863396.55 ], [ 552443.81, 6863399.92 ] ] ] } },
{ "type": "Feature", "properties": { }, "geometry": { "type": "Polygon", "coordinates": [ [ [ 552465.03, 6863396.61 ], [ 552465.11, 6863400.58 ], [ 552469.12, 6863400.54 ], [ 552469.08, 6863396.59 ], [ 552465.03, 6863396.61 ] ] ] } },
{ "type": "Feature", "properties": { }, "geometry": { "type": "Polygon", "coordinates": [ [ [ 552625.33, 6863407.26 ], [ 552625.09, 6863411.62 ], [ 552628.69, 6863411.82 ], [ 552628.96, 6863407.1 ], [ 552625.33, 6863407.26 ] ] ] } },
{ "type": "Feature", "properties": { }, "geometry": { "type": "Polygon", "coordinates": [ [ [ 552706.65, 6863409.76 ], [ 552706.67, 6863417.15 ], [ 552711.39, 6863417.14 ], [ 552711.37, 6863409.74 ], [ 552706.65, 6863409.76 ] ] ] } },
{ "type": "Feature", "properties": { }, "geometry": { "type": "Polygon", "coordinates": [ [ [ 552719.93, 6863410.21 ], [ 552719.6, 6863416.67 ], [ 552724.14, 6863416.9 ], [ 552724.47, 6863410.44 ], [ 552719.93, 6863410.21 ] ] ] } },
{ "type": "Feature", "properties": { }, "geometry": { "type": "Polygon", "coordinates": [ [ [ 552745.22, 6863412.82 ], [ 552744.82, 6863418.66 ], [ 552748.93, 6863418.84 ], [ 552749.31, 6863413.01 ], [ 552745.22, 6863412.82 ] ] ] } },
{ "type": "Feature", "properties": { }, "geometry": { "type": "Polygon", "coordinates": [ [ [ 552773.96, 6863420.37 ], [ 552777.74, 6863420.51 ], [ 552777.95, 6863415.26 ], [ 552774.17, 6863415.11 ], [ 552773.96, 6863420.37 ] ] ] } },
{ "type": "Feature", "properties": { }, "geometry": { "type": "Polygon", "coordinates": [ [ [ 552815.71, 6863418.17 ], [ 552815.32, 6863421.82 ], [ 552819.44, 6863422.35 ], [ 552819.94, 6863418.64 ], [ 552815.71, 6863418.17 ] ] ] } },
{ "type": "Feature", "properties": { }, "geometry": { "type": "Polygon", "coordinates": [ [ [ 552831.7, 6863422.45 ], [ 552836.72, 6863422.64 ], [ 552836.99, 6863418.12 ], [ 552832.46, 6863417.97 ], [ 552831.7, 6863422.45 ] ] ] } },
{ "type": "Feature", "properties": { }, "geometry": { "type": "Polygon", "coordinates": [ [ [ 552873.6, 6863425.88 ], [ 552875.94, 6863425.92 ], [ 552876.03, 6863420.29 ], [ 552873.68, 6863420.26 ], [ 552873.6, 6863425.88 ] ] ] } },
{ "type": "Feature", "properties": { }, "geometry": { "type": "Polygon", "coordinates": [ [ [ 552890.44, 6863428.0 ], [ 552892.84, 6863428.15 ], [ 552893.2, 6863422.32 ], [ 552890.79, 6863422.17 ], [ 552890.44, 6863428.0 ] ] ] } },
{ "type": "Feature", "properties": { }, "geometry": { "type": "Polygon", "coordinates": [ [ [ 552932.27, 6863430.1 ], [ 552933.96, 6863430.21 ], [ 552934.44, 6863422.37 ], [ 552932.75, 6863422.27 ], [ 552932.27, 6863430.1 ] ] ] } },
{ "type": "Feature", "properties": { }, "geometry": { "type": "Polygon", "coordinates": [ [ [ 552836.34, 6864107.49 ], [ 552837.06, 6864110.18 ], [ 552840.35, 6864103.34 ], [ 552837.7, 6864104.51 ], [ 552831.39, 6864101.77 ], [ 552830.35, 6864098.78 ], [ 552827.21, 6864105.93 ], [ 552830.09, 6864104.76 ], [ 552836.34, 6864107.49 ] ] ] } },
{ "type": "Feature", "properties": { }, "geometry": { "type": "Polygon", "coordinates": [ [ [ 552455.95, 6864723.26 ], [ 552454.22, 6864724.35 ], [ 552449.18, 6864716.24 ], [ 552447.32, 6864717.42 ], [ 552452.35, 6864725.51 ], [ 552450.96, 6864726.38 ], [ 552451.87, 6864727.84 ], [ 552457.0, 6864724.87 ], [ 552455.95, 6864723.26 ] ] ] } },
{ "type": "Feature", "properties": { }, "geometry": { "type": "Polygon", "coordinates": [ [ [ 552839.87, 6864768.1 ], [ 552773.24, 6864792.74 ], [ 552778.93, 6864808.92 ], [ 552845.64, 6864784.65 ], [ 552839.87, 6864768.1 ] ] ] } },
{ "type": "Feature", "properties": { }, "geometry": { "type": "Polygon", "coordinates": [ [ [ 552444.79, 6864838.92 ], [ 552449.72, 6864845.73 ], [ 552454.19, 6864842.8 ], [ 552449.11, 6864835.8 ], [ 552444.79, 6864838.92 ] ] ] } },
{ "type": "Feature", "properties": { }, "geometry": { "type": "Polygon", "coordinates": [ [ [ 552502.68, 6864895.62 ], [ 552497.63, 6864897.36 ], [ 552499.35, 6864902.24 ], [ 552504.38, 6864900.44 ], [ 552502.68, 6864895.62 ] ] ] } },
{ "type": "Feature", "properties": { }, "geometry": { "type": "Polygon", "coordinates": [ [ [ 552788.99, 6864837.52 ], [ 552867.24, 6865060.12 ], [ 552866.94, 6865062.49 ], [ 552935.84, 6865038.34 ], [ 552933.71, 6865036.27 ], [ 552856.9, 6864816.93 ], [ 552788.99, 6864837.52 ] ] ] } },
{ "type": "Feature", "properties": { }, "geometry": { "type": "Polygon", "coordinates": [ [ [ 552629.06, 6867695.47 ], [ 552615.25, 6867666.74 ], [ 552606.03, 6867670.83 ], [ 552619.77, 6867699.93 ], [ 552629.06, 6867695.47 ] ] ] } },
{ "type": "Feature", "properties": { }, "geometry": { "type": "Polygon", "coordinates": [ [ [ 552569.21, 6868441.87 ], [ 552565.36, 6868436.62 ], [ 552562.91, 6868438.41 ], [ 552566.75, 6868443.67 ], [ 552569.21, 6868441.87 ] ] ] } },
{ "type": "Feature", "properties": { }, "geometry": { "type": "Polygon", "coordinates": [ [ [ 552591.06, 6868471.62 ], [ 552587.2, 6868466.36 ], [ 552584.91, 6868468.15 ], [ 552588.89, 6868473.3 ], [ 552591.06, 6868471.62 ] ] ] } },
{ "type": "Feature", "properties": { }, "geometry": { "type": "Polygon", "coordinates": [ [ [ 552625.41, 6868471.98 ], [ 552616.24, 6868460.49 ], [ 552596.19, 6868477.48 ], [ 552605.44, 6868489.09 ], [ 552625.41, 6868471.98 ] ] ] } },
{ "type": "Feature", "properties": { }, "geometry": { "type": "Polygon", "coordinates": [ [ [ 552613.62, 6868500.66 ], [ 552609.46, 6868495.65 ], [ 552607.6, 6868497.13 ], [ 552611.65, 6868502.23 ], [ 552613.62, 6868500.66 ] ] ] } },
{ "type": "Feature", "properties": { }, "geometry": { "type": "Polygon", "coordinates": [ [ [ 552637.05, 6868528.96 ], [ 552632.9, 6868523.93 ], [ 552630.57, 6868525.82 ], [ 552634.65, 6868530.9 ], [ 552637.05, 6868528.96 ] ] ] } },
{ "type": "Feature", "properties": { }, "geometry": { "type": "Polygon", "coordinates": [ [ [ 552677.41, 6868582.56 ], [ 552681.92, 6868587.9 ], [ 552684.43, 6868586.59 ], [ 552710.68, 6868618.63 ], [ 552708.03, 6868620.82 ], [ 552712.61, 6868626.54 ], [ 552715.66, 6868624.71 ], [ 552741.68, 6868656.46 ], [ 552739.36, 6868658.41 ], [ 552744.16, 6868664.38 ], [ 552746.87, 6868662.8 ], [ 552772.8, 6868694.47 ], [ 552770.68, 6868696.19 ], [ 552775.25, 6868702.04 ], [ 552777.82, 6868700.61 ], [ 552921.15, 6868875.83 ], [ 552920.19, 6868876.58 ], [ 552922.94, 6868879.71 ], [ 552924.0, 6868878.86 ], [ 552924.73, 6868879.74 ], [ 552925.37, 6868880.61 ], [ 552924.18, 6868881.57 ], [ 552929.17, 6868887.33 ], [ 552930.8, 6868885.99 ], [ 552949.67, 6868909.08 ], [ 552948.16, 6868911.06 ], [ 552952.58, 6868916.55 ], [ 552953.86, 6868915.5 ], [ 552959.07, 6868920.82 ], [ 552987.65, 6868955.68 ], [ 552984.96, 6868957.87 ], [ 552989.64, 6868963.65 ], [ 552992.35, 6868961.43 ], [ 553018.79, 6868993.68 ], [ 553016.13, 6868995.93 ], [ 553021.08, 6869001.91 ], [ 553023.7, 6868999.67 ], [ 553049.03, 6869030.57 ], [ 553045.63, 6869033.4 ], [ 553066.49, 6869059.0 ], [ 553068.66, 6869055.29 ], [ 553054.58, 6869038.08 ], [ 553068.92, 6869054.84 ], [ 553080.03, 6869035.83 ], [ 553080.61, 6869028.29 ], [ 553082.37, 6869023.93 ], [ 553072.43, 6869011.75 ], [ 553069.25, 6869014.36 ], [ 553043.44, 6868982.86 ], [ 553045.92, 6868980.75 ], [ 553040.94, 6868974.92 ], [ 553038.58, 6868976.92 ], [ 553012.41, 6868944.98 ], [ 553014.76, 6868943.06 ], [ 553010.18, 6868937.33 ], [ 553007.76, 6868939.3 ], [ 552979.11, 6868904.34 ], [ 552981.11, 6868902.72 ], [ 552979.2, 6868900.41 ], [ 552979.86, 6868899.86 ], [ 552978.56, 6868898.3 ], [ 552976.54, 6868899.96 ], [ 552970.69, 6868892.81 ], [ 552970.05, 6868893.33 ], [ 552950.68, 6868869.67 ], [ 552953.02, 6868867.76 ], [ 552945.46, 6868858.29 ], [ 552944.29, 6868858.71 ], [ 552943.4, 6868857.57 ], [ 552942.25, 6868858.58 ], [ 552798.14, 6868684.03 ], [ 552800.11, 6868682.43 ], [ 552800.01, 6868681.16 ], [ 552795.73, 6868675.77 ], [ 552793.09, 6868677.92 ], [ 552766.88, 6868645.98 ], [ 552768.87, 6868642.96 ], [ 552764.26, 6868637.51 ], [ 552761.7, 6868639.66 ], [ 552735.91, 6868608.18 ], [ 552737.68, 6868605.69 ], [ 552733.26, 6868599.97 ], [ 552730.83, 6868601.98 ], [ 552704.44, 6868569.78 ], [ 552706.55, 6868566.7 ], [ 552702.27, 6868561.53 ], [ 552699.56, 6868563.82 ], [ 552683.36, 6868544.05 ], [ 552663.17, 6868560.63 ], [ 552679.61, 6868580.7 ], [ 552677.41, 6868582.56 ] ], [ [ 552823.25, 6868724.75 ], [ 552825.87, 6868728.25 ], [ 552815.05, 6868737.05 ], [ 552812.3, 6868733.68 ], [ 552823.25, 6868724.75 ] ], [ [ 552959.71, 6868912.52 ], [ 552957.82, 6868910.24 ], [ 552968.5, 6868901.32 ], [ 552970.44, 6868903.68 ], [ 552959.71, 6868912.52 ] ], [ [ 552930.83, 6868877.69 ], [ 552924.52, 6868870.11 ], [ 552935.7, 6868860.93 ], [ 552941.83, 6868868.6 ], [ 552930.83, 6868877.69 ] ] ] } },
{ "type": "Feature", "properties": { }, "geometry": { "type": "Polygon", "coordinates": [ [ [ 552622.44, 6868619.23 ], [ 552623.67, 6868620.71 ], [ 552626.88, 6868617.99 ], [ 552612.74, 6868599.88 ], [ 552611.59, 6868600.93 ], [ 552624.45, 6868617.6 ], [ 552622.44, 6868619.23 ] ] ] } },
{ "type": "Feature", "properties": { }, "geometry": { "type": "Polygon", "coordinates": [ [ [ 552871.22, 6869454.59 ], [ 552877.1, 6869456.97 ], [ 552881.9, 6869448.34 ], [ 552874.4, 6869445.2 ], [ 552871.22, 6869454.59 ] ] ] } },
{ "type": "Feature", "properties": { }, "geometry": { "type": "Polygon", "coordinates": [ [ [ 552912.06, 6869573.02 ], [ 552910.57, 6869576.68 ], [ 552913.18, 6869577.64 ], [ 552914.34, 6869573.84 ], [ 552912.06, 6869573.02 ] ] ] } },
{ "type": "Feature", "properties": { }, "geometry": { "type": "Polygon", "coordinates": [ [ [ 552463.53, 6869708.08 ], [ 552453.52, 6869714.49 ], [ 552454.5, 6869716.09 ], [ 552464.45, 6869709.6 ], [ 552463.53, 6869708.08 ] ] ] } },
{ "type": "Feature", "properties": { }, "geometry": { "type": "Polygon", "coordinates": [ [ [ 552382.61, 6869733.88 ], [ 552390.89, 6869727.75 ], [ 552389.47, 6869725.83 ], [ 552381.28, 6869732.07 ], [ 552382.61, 6869733.88 ] ] ] } },
{ "type": "Feature", "properties": { }, "geometry": { "type": "Polygon", "coordinates": [ [ [ 552485.24, 6869738.09 ], [ 552475.4, 6869745.36 ], [ 552476.61, 6869746.91 ], [ 552486.5, 6869739.71 ], [ 552485.24, 6869738.09 ] ] ] } },
{ "type": "Feature", "properties": { }, "geometry": { "type": "Polygon", "coordinates": [ [ [ 552405.8, 6869747.62 ], [ 552396.98, 6869753.72 ], [ 552398.4, 6869755.58 ], [ 552406.92, 6869749.2 ], [ 552405.8, 6869747.62 ] ] ] } },
{ "type": "Feature", "properties": { }, "geometry": { "type": "Polygon", "coordinates": [ [ [ 552700.45, 6869758.76 ], [ 552697.72, 6869762.84 ], [ 552702.17, 6869765.45 ], [ 552704.67, 6869761.2 ], [ 552700.45, 6869758.76 ] ] ] } },
{ "type": "Feature", "properties": { }, "geometry": { "type": "Polygon", "coordinates": [ [ [ 552692.49, 6869783.52 ], [ 552694.26, 6869779.36 ], [ 552690.33, 6869777.49 ], [ 552688.29, 6869781.52 ], [ 552692.49, 6869783.52 ] ] ] } },
{ "type": "Feature", "properties": { }, "geometry": { "type": "Polygon", "coordinates": [ [ [ 552428.97, 6869779.5 ], [ 552420.39, 6869785.66 ], [ 552421.66, 6869787.44 ], [ 552430.06, 6869781.02 ], [ 552428.97, 6869779.5 ] ] ] } },
{ "type": "Feature", "properties": { }, "geometry": { "type": "Polygon", "coordinates": [ [ [ 552602.09, 6869842.88 ], [ 552595.03, 6869849.93 ], [ 552598.22, 6869852.81 ], [ 552604.87, 6869845.73 ], [ 552602.09, 6869842.88 ] ] ] } },
{ "type": "Feature", "properties": { }, "geometry": { "type": "Polygon", "coordinates": [ [ [ 552335.54, 6869871.24 ], [ 552340.02, 6869872.93 ], [ 552345.9, 6869857.9 ], [ 552341.1, 6869856.08 ], [ 552335.54, 6869871.24 ] ] ] } },
{ "type": "Feature", "properties": { }, "geometry": { "type": "Polygon", "coordinates": [ [ [ 552658.21, 6869880.36 ], [ 552656.1, 6869887.36 ], [ 552659.04, 6869890.35 ], [ 552661.78, 6869881.72 ], [ 552658.21, 6869880.36 ] ] ] } },
{ "type": "Feature", "properties": { }, "geometry": { "type": "Polygon", "coordinates": [ [ [ 552651.6, 6869901.76 ], [ 552650.32, 6869905.99 ], [ 552653.95, 6869906.54 ], [ 552655.76, 6869900.62 ], [ 552651.6, 6869901.76 ] ] ] } },
{ "type": "Feature", "properties": { }, "geometry": { "type": "Polygon", "coordinates": [ [ [ 552649.09, 6869910.17 ], [ 552646.97, 6869914.75 ], [ 552650.77, 6869914.57 ], [ 552652.37, 6869910.09 ], [ 552649.09, 6869910.17 ] ] ] } },
{ "type": "Feature", "properties": { }, "geometry": { "type": "Polygon", "coordinates": [ [ [ 552640.61, 6869932.19 ], [ 552637.76, 6869940.44 ], [ 552640.82, 6869942.55 ], [ 552644.47, 6869933.61 ], [ 552640.61, 6869932.19 ] ] ] } },
{ "type": "Feature", "properties": { }, "geometry": { "type": "Polygon", "coordinates": [ [ [ 552630.71, 6869958.75 ], [ 552628.99, 6869963.58 ], [ 552633.47, 6869965.24 ], [ 552635.23, 6869960.52 ], [ 552630.71, 6869958.75 ] ] ] } },
{ "type": "Feature", "properties": { }, "geometry": { "type": "Polygon", "coordinates": [ [ [ 552441.26, 6869964.37 ], [ 552439.06, 6869960.36 ], [ 552432.13, 6869964.4 ], [ 552434.74, 6869968.61 ], [ 552441.26, 6869964.37 ] ] ] } },
{ "type": "Feature", "properties": { }, "geometry": { "type": "Polygon", "coordinates": [ [ [ 552628.63, 6869964.57 ], [ 552626.93, 6869969.28 ], [ 552631.34, 6869971.06 ], [ 552633.07, 6869966.31 ], [ 552628.63, 6869964.57 ] ] ] } },
{ "type": "Feature", "properties": { }, "geometry": { "type": "Polygon", "coordinates": [ [ [ 552620.51, 6869985.44 ], [ 552618.48, 6869990.2 ], [ 552622.05, 6869991.41 ], [ 552624.38, 6869986.12 ], [ 552620.51, 6869985.44 ] ] ] } },
{ "type": "Feature", "properties": { }, "geometry": { "type": "Polygon", "coordinates": [ [ [ 552620.29, 6869994.75 ], [ 552617.06, 6869993.52 ], [ 552615.33, 6869997.61 ], [ 552618.47, 6869999.25 ], [ 552620.29, 6869994.75 ] ] ] } },
{ "type": "Feature", "properties": { }, "geometry": { "type": "Polygon", "coordinates": [ [ [ 552591.9, 6870057.98 ], [ 552590.22, 6870062.39 ], [ 552592.82, 6870063.32 ], [ 552594.93, 6870057.91 ], [ 552591.9, 6870057.98 ] ] ] } },
{ "type": "Feature", "properties": { }, "geometry": { "type": "Polygon", "coordinates": [ [ [ 552860.02, 6870076.81 ], [ 552855.49, 6870075.39 ], [ 552854.02, 6870080.02 ], [ 552858.66, 6870081.36 ], [ 552860.02, 6870076.81 ] ] ] } },
{ "type": "Feature", "properties": { }, "geometry": { "type": "Polygon", "coordinates": [ [ [ 552544.59, 6870189.49 ], [ 552542.4, 6870194.68 ], [ 552548.06, 6870196.91 ], [ 552550.25, 6870191.61 ], [ 552544.59, 6870189.49 ] ] ] } },
{ "type": "Feature", "properties": { }, "geometry": { "type": "Polygon", "coordinates": [ [ [ 552627.55, 6870563.27 ], [ 552631.47, 6870565.29 ], [ 552632.63, 6870562.47 ], [ 552628.54, 6870560.76 ], [ 552627.55, 6870563.27 ] ] ] } },
{ "type": "Feature", "properties": { }, "geometry": { "type": "Polygon", "coordinates": [ [ [ 552454.14, 6870932.83 ], [ 552440.64, 6870926.73 ], [ 552426.92, 6870957.2 ], [ 552440.3, 6870963.35 ], [ 552454.14, 6870932.83 ] ] ] } },
{ "type": "Feature", "properties": { }, "geometry": { "type": "Polygon", "coordinates": [ [ [ 552651.48, 6871774.33 ], [ 552658.32, 6871758.38 ], [ 552652.73, 6871756.04 ], [ 552645.98, 6871771.91 ], [ 552651.48, 6871774.33 ] ] ] } },
{ "type": "Feature", "properties": { }, "geometry": { "type": "Polygon", "coordinates": [ [ [ 552707.69, 6871834.16 ], [ 552715.92, 6871815.89 ], [ 552710.1, 6871813.25 ], [ 552701.9, 6871831.53 ], [ 552707.69, 6871834.16 ] ] ] } },
{ "type": "Feature", "properties": { }, "geometry": { "type": "Polygon", "coordinates": [ [ [ 552874.35, 6871961.9 ], [ 552876.42, 6871962.83 ], [ 552882.21, 6871950.26 ], [ 552880.08, 6871949.36 ], [ 552874.35, 6871961.9 ] ] ] } },
{ "type": "Feature", "properties": { }, "geometry": { "type": "Polygon", "coordinates": [ [ [ 552847.71, 6872017.19 ], [ 552841.82, 6872029.8 ], [ 552843.96, 6872030.8 ], [ 552849.87, 6872018.16 ], [ 552847.71, 6872017.19 ] ] ] } },
{ "type": "Feature", "properties": { }, "geometry": { "type": "Polygon", "coordinates": [ [ [ 552606.0, 6872046.48 ], [ 552588.62, 6872085.8 ], [ 552594.03, 6872088.27 ], [ 552611.42, 6872048.9 ], [ 552606.0, 6872046.48 ] ] ] } },
{ "type": "Feature", "properties": { }, "geometry": { "type": "Polygon", "coordinates": [ [ [ 552809.3, 6872098.84 ], [ 552815.56, 6872086.43 ], [ 552813.53, 6872085.38 ], [ 552807.24, 6872097.82 ], [ 552809.3, 6872098.84 ] ] ] } },
{ "type": "Feature", "properties": { }, "geometry": { "type": "Polygon", "coordinates": [ [ [ 552832.19, 6872149.27 ], [ 552842.32, 6872153.5 ], [ 552843.44, 6872151.0 ], [ 552833.77, 6872146.18 ], [ 552832.19, 6872149.27 ] ] ] } },
{ "type": "Feature", "properties": { }, "geometry": { "type": "Polygon", "coordinates": [ [ [ 552946.51, 6872166.72 ], [ 552940.98, 6872163.85 ], [ 552936.23, 6872173.05 ], [ 552941.76, 6872175.92 ], [ 552946.51, 6872166.72 ] ] ] } },
{ "type": "Feature", "properties": { }, "geometry": { "type": "Polygon", "coordinates": [ [ [ 552818.56, 6872223.43 ], [ 552851.3, 6872164.31 ], [ 552848.28, 6872162.66 ], [ 552815.61, 6872221.77 ], [ 552818.56, 6872223.43 ] ] ] } },
{ "type": "Feature", "properties": { }, "geometry": { "type": "Polygon", "coordinates": [ [ [ 552793.54, 6872216.17 ], [ 552791.77, 6872219.07 ], [ 552801.14, 6872224.67 ], [ 552802.62, 6872222.38 ], [ 552793.54, 6872216.17 ] ] ] } },
{ "type": "Feature", "properties": { }, "geometry": { "type": "Polygon", "coordinates": [ [ [ 552736.63, 6872222.77 ], [ 552729.58, 6872234.85 ], [ 552731.54, 6872235.95 ], [ 552738.62, 6872223.93 ], [ 552736.63, 6872222.77 ] ] ] } },
{ "type": "Feature", "properties": { }, "geometry": { "type": "Polygon", "coordinates": [ [ [ 552690.0, 6872302.74 ], [ 552697.59, 6872291.03 ], [ 552695.61, 6872289.79 ], [ 552688.06, 6872301.49 ], [ 552690.0, 6872302.74 ] ] ] } },
{ "type": "Feature", "properties": { }, "geometry": { "type": "Polygon", "coordinates": [ [ [ 552501.44, 6872315.7 ], [ 552491.04, 6872331.86 ], [ 552495.67, 6872334.85 ], [ 552506.05, 6872318.66 ], [ 552501.44, 6872315.7 ] ] ] } },
{ "type": "Feature", "properties": { }, "geometry": { "type": "Polygon", "coordinates": [ [ [ 552652.5, 6872357.1 ], [ 552644.73, 6872368.66 ], [ 552646.65, 6872369.87 ], [ 552654.35, 6872358.36 ], [ 552652.5, 6872357.1 ] ] ] } },
{ "type": "Feature", "properties": { }, "geometry": { "type": "Polygon", "coordinates": [ [ [ 552461.68, 6872386.84 ], [ 552457.53, 6872383.29 ], [ 552444.96, 6872398.02 ], [ 552449.1, 6872401.65 ], [ 552461.68, 6872386.84 ] ] ] } },
{ "type": "Feature", "properties": { }, "geometry": { "type": "Polygon", "coordinates": [ [ [ 552479.33, 6872593.91 ], [ 552470.35, 6872604.53 ], [ 552472.09, 6872606.04 ], [ 552481.01, 6872595.38 ], [ 552479.33, 6872593.91 ] ] ] } },
{ "type": "Feature", "properties": { }, "geometry": { "type": "Polygon", "coordinates": [ [ [ 552432.93, 6872648.85 ], [ 552423.92, 6872659.47 ], [ 552425.67, 6872660.96 ], [ 552434.69, 6872650.33 ], [ 552432.93, 6872648.85 ] ] ] } },
{ "type": "Feature", "properties": { }, "geometry": { "type": "Polygon", "coordinates": [ [ [ 552911.58, 6873844.75 ], [ 552920.09, 6873842.04 ], [ 552918.79, 6873837.96 ], [ 552910.1, 6873840.54 ], [ 552911.58, 6873844.75 ] ] ] } },
{ "type": "Feature", "properties": { }, "geometry": { "type": "Polygon", "coordinates": [ [ [ 552811.37, 6873869.86 ], [ 552814.76, 6873868.93 ], [ 552813.26, 6873862.9 ], [ 552809.03, 6873864.71 ], [ 552811.37, 6873869.86 ] ] ] } },
{ "type": "Feature", "properties": { }, "geometry": { "type": "Polygon", "coordinates": [ [ [ 552836.32, 6873924.04 ], [ 552838.04, 6873929.47 ], [ 552842.76, 6873928.39 ], [ 552839.01, 6873921.95 ], [ 552836.32, 6873924.04 ] ] ] } },
{ "type": "Feature", "properties": { }, "geometry": { "type": "Polygon", "coordinates": [ [ [ 552863.1, 6873938.21 ], [ 552854.51, 6873942.39 ], [ 552856.09, 6873945.82 ], [ 552864.75, 6873941.47 ], [ 552863.1, 6873938.21 ] ] ] } },
{ "type": "Feature", "properties": { }, "geometry": { "type": "Polygon", "coordinates": [ [ [ 552551.38, 6873967.32 ], [ 552544.54, 6873971.92 ], [ 552549.43, 6873978.11 ], [ 552556.07, 6873973.9 ], [ 552554.64, 6873973.59 ], [ 552551.17, 6873968.65 ], [ 552551.38, 6873967.32 ] ] ] } },
{ "type": "Feature", "properties": { }, "geometry": { "type": "Polygon", "coordinates": [ [ [ 552567.34, 6874024.75 ], [ 552571.87, 6874030.97 ], [ 552575.91, 6874028.32 ], [ 552571.84, 6874021.99 ], [ 552567.34, 6874024.75 ] ] ] } },
{ "type": "Feature", "properties": { }, "geometry": { "type": "Polygon", "coordinates": [ [ [ 552898.82, 6874067.7 ], [ 552897.37, 6874070.19 ], [ 552899.94, 6874072.47 ], [ 552901.95, 6874069.29 ], [ 552898.82, 6874067.7 ] ] ] } },
{ "type": "Feature", "properties": { }, "geometry": { "type": "Polygon", "coordinates": [ [ [ 552917.9, 6874090.26 ], [ 552920.7, 6874088.36 ], [ 552918.26, 6874082.28 ], [ 552915.51, 6874085.5 ], [ 552917.9, 6874090.26 ] ] ] } },
{ "type": "Feature", "properties": { }, "geometry": { "type": "Polygon", "coordinates": [ [ [ 552927.03, 6874107.19 ], [ 552926.16, 6874104.57 ], [ 552919.31, 6874106.82 ], [ 552920.16, 6874109.44 ], [ 552927.03, 6874107.19 ] ] ] } },
{ "type": "Feature", "properties": { }, "geometry": { "type": "Polygon", "coordinates": [ [ [ 552852.54, 6874124.29 ], [ 552853.83, 6874127.95 ], [ 552858.86, 6874127.44 ], [ 552856.7, 6874122.57 ], [ 552852.54, 6874124.29 ] ] ] } },
{ "type": "Feature", "properties": { }, "geometry": { "type": "Polygon", "coordinates": [ [ [ 552934.2, 6874127.02 ], [ 552933.4, 6874125.21 ], [ 552928.11, 6874127.1 ], [ 552928.72, 6874128.91 ], [ 552934.2, 6874127.02 ] ] ] } },
{ "type": "Feature", "properties": { }, "geometry": { "type": "Polygon", "coordinates": [ [ [ 552670.15, 6874198.64 ], [ 552673.14, 6874204.82 ], [ 552677.37, 6874202.91 ], [ 552674.08, 6874197.21 ], [ 552670.15, 6874198.64 ] ] ] } },
{ "type": "Feature", "properties": { }, "geometry": { "type": "Polygon", "coordinates": [ [ [ 552699.86, 6874244.05 ], [ 552699.95, 6874243.03 ], [ 552698.63, 6874243.29 ], [ 552697.42, 6874237.46 ], [ 552698.8, 6874237.19 ], [ 552698.61, 6874236.22 ], [ 552690.63, 6874237.8 ], [ 552692.96, 6874244.41 ], [ 552692.15, 6874245.57 ], [ 552699.86, 6874244.05 ] ] ] } },
{ "type": "Feature", "properties": { }, "geometry": { "type": "Polygon", "coordinates": [ [ [ 552680.24, 6874305.48 ], [ 552682.24, 6874311.67 ], [ 552687.07, 6874311.33 ], [ 552686.36, 6874305.3 ], [ 552680.24, 6874305.48 ] ] ] } },
{ "type": "Feature", "properties": { }, "geometry": { "type": "Polygon", "coordinates": [ [ [ 553434.67, 6861039.84 ], [ 553440.9, 6861054.28 ], [ 553455.11, 6861047.62 ], [ 553448.06, 6861033.63 ], [ 553434.67, 6861039.84 ] ] ] } },
{ "type": "Feature", "properties": { }, "geometry": { "type": "Polygon", "coordinates": [ [ [ 553301.4, 6861113.48 ], [ 553299.28, 6861115.75 ], [ 553300.05, 6861117.29 ], [ 553318.79, 6861108.31 ], [ 553316.35, 6861106.52 ], [ 553310.78, 6861094.89 ], [ 553295.93, 6861101.75 ], [ 553301.4, 6861113.48 ] ] ] } },
{ "type": "Feature", "properties": { }, "geometry": { "type": "Polygon", "coordinates": [ [ [ 553068.88, 6861208.74 ], [ 553043.47, 6861223.55 ], [ 553056.08, 6861237.67 ], [ 553083.51, 6861224.68 ], [ 553068.88, 6861208.74 ] ] ] } },
{ "type": "Feature", "properties": { }, "geometry": { "type": "Polygon", "coordinates": [ [ [ 553505.65, 6861322.76 ], [ 553500.58, 6861312.67 ], [ 553497.89, 6861314.03 ], [ 553502.98, 6861324.16 ], [ 553505.65, 6861322.76 ] ] ] } },
{ "type": "Feature", "properties": { }, "geometry": { "type": "Polygon", "coordinates": [ [ [ 553082.84, 6861370.87 ], [ 553089.91, 6861364.96 ], [ 553088.86, 6861363.7 ], [ 553081.76, 6861369.58 ], [ 553082.84, 6861370.87 ] ] ] } },
{ "type": "Feature", "properties": { }, "geometry": { "type": "Polygon", "coordinates": [ [ [ 553376.3, 6861466.16 ], [ 553374.82, 6861464.64 ], [ 553365.05, 6861474.15 ], [ 553366.53, 6861475.68 ], [ 553376.3, 6861466.16 ] ] ] } },
{ "type": "Feature", "properties": { }, "geometry": { "type": "Polygon", "coordinates": [ [ [ 553069.39, 6861587.02 ], [ 553083.73, 6861586.57 ], [ 553083.54, 6861580.62 ], [ 553069.22, 6861581.08 ], [ 553069.39, 6861587.02 ] ] ] } },
{ "type": "Feature", "properties": { }, "geometry": { "type": "Polygon", "coordinates": [ [ [ 553138.31, 6861655.25 ], [ 553140.47, 6861657.43 ], [ 553152.41, 6861646.46 ], [ 553150.58, 6861644.27 ], [ 553138.31, 6861655.25 ] ] ] } },
{ "type": "Feature", "properties": { }, "geometry": { "type": "Polygon", "coordinates": [ [ [ 553359.73, 6861661.82 ], [ 553352.63, 6861668.86 ], [ 553353.89, 6861670.13 ], [ 553361.0, 6861663.11 ], [ 553359.73, 6861661.82 ] ] ] } },
{ "type": "Feature", "properties": { }, "geometry": { "type": "Polygon", "coordinates": [ [ [ 553225.6, 6862056.26 ], [ 553228.58, 6862057.48 ], [ 553234.93, 6862041.42 ], [ 553231.93, 6862040.14 ], [ 553225.6, 6862056.26 ] ] ] } },
{ "type": "Feature", "properties": { }, "geometry": { "type": "Polygon", "coordinates": [ [ [ 553113.55, 6862104.99 ], [ 553116.44, 6862106.15 ], [ 553123.14, 6862089.38 ], [ 553120.06, 6862088.33 ], [ 553113.55, 6862104.99 ] ] ] } },
{ "type": "Feature", "properties": { }, "geometry": { "type": "Polygon", "coordinates": [ [ [ 553002.72, 6862160.19 ], [ 553010.53, 6862140.48 ], [ 553007.56, 6862139.13 ], [ 552999.59, 6862159.01 ], [ 553002.72, 6862160.19 ] ] ] } },
{ "type": "Feature", "properties": { }, "geometry": { "type": "Polygon", "coordinates": [ [ [ 553482.41, 6862386.15 ], [ 553493.6, 6862395.92 ], [ 553496.14, 6862392.99 ], [ 553484.98, 6862383.24 ], [ 553482.41, 6862386.15 ] ] ] } },
{ "type": "Feature", "properties": { }, "geometry": { "type": "Polygon", "coordinates": [ [ [ 553099.47, 6863288.24 ], [ 553095.02, 6863289.32 ], [ 553095.74, 6863292.36 ], [ 553100.2, 6863291.23 ], [ 553099.47, 6863288.24 ] ] ] } },
{ "type": "Feature", "properties": { }, "geometry": { "type": "Polygon", "coordinates": [ [ [ 553373.47, 6863296.6 ], [ 553366.17, 6863296.99 ], [ 553352.15, 6863305.51 ], [ 553348.77, 6863311.71 ], [ 553348.95, 6863318.3 ], [ 553378.77, 6863367.98 ], [ 553392.61, 6863383.24 ], [ 553396.0, 6863384.8 ], [ 553422.44, 6863368.62 ], [ 553414.51, 6863358.01 ], [ 553379.53, 6863301.07 ], [ 553373.47, 6863296.6 ] ] ] } },
{ "type": "Feature", "properties": { }, "geometry": { "type": "Polygon", "coordinates": [ [ [ 553323.99, 6863329.89 ], [ 553314.71, 6863329.07 ], [ 553311.49, 6863329.99 ], [ 553299.46, 6863337.69 ], [ 553296.02, 6863342.71 ], [ 553295.66, 6863346.18 ], [ 553297.08, 6863351.67 ], [ 553338.47, 6863420.2 ], [ 553368.48, 6863401.76 ], [ 553323.99, 6863329.89 ] ] ] } },
{ "type": "Feature", "properties": { }, "geometry": { "type": "Polygon", "coordinates": [ [ [ 552960.02, 6863431.54 ], [ 552968.47, 6863432.66 ], [ 552968.79, 6863431.01 ], [ 552967.87, 6863429.35 ], [ 552968.36, 6863423.86 ], [ 552963.57, 6863423.85 ], [ 552963.56, 6863428.36 ], [ 552960.02, 6863431.54 ] ] ] } },
{ "type": "Feature", "properties": { }, "geometry": { "type": "Polygon", "coordinates": [ [ [ 553356.86, 6863443.58 ], [ 553344.7, 6863438.72 ], [ 553343.49, 6863441.7 ], [ 553355.63, 6863446.56 ], [ 553356.86, 6863443.58 ] ] ] } },
{ "type": "Feature", "properties": { }, "geometry": { "type": "Polygon", "coordinates": [ [ [ 553531.47, 6863540.64 ], [ 553516.8, 6863540.31 ], [ 553516.66, 6863547.97 ], [ 553531.01, 6863548.2 ], [ 553531.47, 6863540.64 ] ] ] } },
{ "type": "Feature", "properties": { }, "geometry": { "type": "Polygon", "coordinates": [ [ [ 553417.46, 6863593.44 ], [ 553412.1, 6863592.06 ], [ 553408.65, 6863605.68 ], [ 553414.02, 6863607.04 ], [ 553417.46, 6863593.44 ] ] ] } },
{ "type": "Feature", "properties": { }, "geometry": { "type": "Polygon", "coordinates": [ [ [ 553068.31, 6863629.61 ], [ 553071.97, 6863640.51 ], [ 553076.63, 6863638.93 ], [ 553072.95, 6863628.06 ], [ 553068.31, 6863629.61 ] ] ] } },
{ "type": "Feature", "properties": { }, "geometry": { "type": "Polygon", "coordinates": [ [ [ 553029.27, 6863768.48 ], [ 553024.5, 6863767.24 ], [ 553022.36, 6863775.19 ], [ 553027.14, 6863776.42 ], [ 553029.27, 6863768.48 ] ] ] } },
{ "type": "Feature", "properties": { }, "geometry": { "type": "Polygon", "coordinates": [ [ [ 553438.67, 6863795.53 ], [ 553426.25, 6863792.54 ], [ 553425.31, 6863797.79 ], [ 553437.43, 6863800.71 ], [ 553438.67, 6863795.53 ] ] ] } },
{ "type": "Feature", "properties": { }, "geometry": { "type": "Polygon", "coordinates": [ [ [ 553456.89, 6863797.54 ], [ 553445.12, 6863796.21 ], [ 553444.5, 6863801.65 ], [ 553456.99, 6863803.09 ], [ 553456.89, 6863797.54 ] ] ] } },
{ "type": "Feature", "properties": { }, "geometry": { "type": "Polygon", "coordinates": [ [ [ 553025.61, 6863820.05 ], [ 553018.71, 6863815.72 ], [ 553017.81, 6863817.09 ], [ 553024.64, 6863821.63 ], [ 553025.61, 6863820.05 ] ] ] } },
{ "type": "Feature", "properties": { }, "geometry": { "type": "Polygon", "coordinates": [ [ [ 553079.28, 6863828.28 ], [ 553081.29, 6863820.3 ], [ 553079.3, 6863819.8 ], [ 553077.29, 6863827.78 ], [ 553079.28, 6863828.28 ] ] ] } },
{ "type": "Feature", "properties": { }, "geometry": { "type": "Polygon", "coordinates": [ [ [ 553120.63, 6863827.26 ], [ 553092.94, 6863817.78 ], [ 553091.75, 6863820.84 ], [ 553119.57, 6863830.38 ], [ 553120.63, 6863827.26 ] ] ] } },
{ "type": "Feature", "properties": { }, "geometry": { "type": "Polygon", "coordinates": [ [ [ 552985.0, 6863834.85 ], [ 552983.66, 6863834.13 ], [ 552980.08, 6863840.9 ], [ 552981.62, 6863841.72 ], [ 552985.0, 6863834.85 ] ] ] } },
{ "type": "Feature", "properties": { }, "geometry": { "type": "Polygon", "coordinates": [ [ [ 553041.24, 6863858.45 ], [ 553043.2, 6863859.29 ], [ 553045.98, 6863851.61 ], [ 553043.98, 6863850.89 ], [ 553041.24, 6863858.45 ] ] ] } },
{ "type": "Feature", "properties": { }, "geometry": { "type": "Polygon", "coordinates": [ [ [ 553078.94, 6863860.92 ], [ 553076.76, 6863860.32 ], [ 553074.58, 6863868.31 ], [ 553076.75, 6863868.9 ], [ 553078.94, 6863860.92 ] ] ] } },
{ "type": "Feature", "properties": { }, "geometry": { "type": "Polygon", "coordinates": [ [ [ 553025.49, 6863896.56 ], [ 553027.46, 6863897.21 ], [ 553030.0, 6863889.51 ], [ 553028.03, 6863888.86 ], [ 553025.49, 6863896.56 ] ] ] } },
{ "type": "Feature", "properties": { }, "geometry": { "type": "Polygon", "coordinates": [ [ [ 553060.33, 6863910.08 ], [ 553065.61, 6863896.53 ], [ 553064.08, 6863895.93 ], [ 553058.81, 6863909.48 ], [ 553060.33, 6863910.08 ] ] ] } },
{ "type": "Feature", "properties": { }, "geometry": { "type": "Polygon", "coordinates": [ [ [ 553025.3, 6863912.62 ], [ 553027.32, 6863912.68 ], [ 553027.58, 6863904.49 ], [ 553025.56, 6863904.42 ], [ 553025.3, 6863912.62 ] ] ] } },
{ "type": "Feature", "properties": { }, "geometry": { "type": "Polygon", "coordinates": [ [ [ 553052.34, 6863973.16 ], [ 553070.44, 6863980.36 ], [ 553071.27, 6863978.35 ], [ 553053.07, 6863971.32 ], [ 553052.03, 6863969.43 ], [ 553049.83, 6863969.65 ], [ 553049.1, 6863971.77 ], [ 553050.36, 6863973.31 ], [ 553052.34, 6863973.16 ] ] ] } },
{ "type": "Feature", "properties": { }, "geometry": { "type": "Polygon", "coordinates": [ [ [ 553432.73, 6864045.26 ], [ 553417.3, 6864044.63 ], [ 553416.98, 6864050.8 ], [ 553432.03, 6864051.17 ], [ 553432.73, 6864045.26 ] ] ] } },
{ "type": "Feature", "properties": { }, "geometry": { "type": "Polygon", "coordinates": [ [ [ 553033.61, 6864159.78 ], [ 553005.73, 6864153.83 ], [ 553005.07, 6864157.05 ], [ 553032.93, 6864163.01 ], [ 553033.61, 6864159.78 ] ] ] } },
{ "type": "Feature", "properties": { }, "geometry": { "type": "Polygon", "coordinates": [ [ [ 553273.38, 6864570.65 ], [ 553270.02, 6864569.59 ], [ 553268.54, 6864575.05 ], [ 553272.22, 6864576.11 ], [ 553273.38, 6864570.65 ] ] ] } },
{ "type": "Feature", "properties": { }, "geometry": { "type": "Polygon", "coordinates": [ [ [ 552984.4, 6864690.15 ], [ 552985.94, 6864685.37 ], [ 552987.93, 6864684.4 ], [ 552967.53, 6864673.97 ], [ 552964.79, 6864680.13 ], [ 552984.4, 6864690.15 ] ] ] } },
{ "type": "Feature", "properties": { }, "geometry": { "type": "Polygon", "coordinates": [ [ [ 553109.94, 6864723.44 ], [ 553100.52, 6864706.2 ], [ 553093.94, 6864707.93 ], [ 553103.39, 6864725.45 ], [ 553109.94, 6864723.44 ] ] ] } },
{ "type": "Feature", "properties": { }, "geometry": { "type": "Polygon", "coordinates": [ [ [ 553075.35, 6864729.19 ], [ 553070.37, 6864725.47 ], [ 553069.52, 6864727.06 ], [ 553074.14, 6864730.45 ], [ 553075.35, 6864729.19 ] ] ] } },
{ "type": "Feature", "properties": { }, "geometry": { "type": "Polygon", "coordinates": [ [ [ 553078.09, 6864733.21 ], [ 553065.27, 6864726.19 ], [ 553063.27, 6864730.03 ], [ 553071.74, 6864734.53 ], [ 553078.09, 6864733.21 ] ] ] } },
{ "type": "Feature", "properties": { }, "geometry": { "type": "Polygon", "coordinates": [ [ [ 553330.88, 6864924.09 ], [ 553295.88, 6864906.63 ], [ 553264.54, 6864887.77 ], [ 553246.36, 6864875.83 ], [ 553207.58, 6864844.0 ], [ 553181.69, 6864819.16 ], [ 553159.8, 6864794.91 ], [ 553135.87, 6864764.06 ], [ 553118.31, 6864737.66 ], [ 553111.72, 6864739.66 ], [ 553135.52, 6864775.61 ], [ 553115.68, 6864758.44 ], [ 553096.76, 6864744.61 ], [ 553091.11, 6864745.91 ], [ 553111.58, 6864760.55 ], [ 553129.88, 6864776.33 ], [ 553185.74, 6864836.12 ], [ 553210.77, 6864858.98 ], [ 553259.92, 6864898.63 ], [ 553277.17, 6864915.98 ], [ 553292.3, 6864934.13 ], [ 553296.53, 6864932.74 ], [ 553281.05, 6864913.97 ], [ 553262.25, 6864894.64 ], [ 553293.08, 6864912.77 ], [ 553320.27, 6864926.61 ], [ 553330.88, 6864924.09 ] ] ] } },
{ "type": "Feature", "properties": { }, "geometry": { "type": "Polygon", "coordinates": [ [ [ 552874.52, 6865080.8 ], [ 553007.08, 6865460.0 ], [ 553011.3, 6865460.8 ], [ 553046.09, 6865454.47 ], [ 553068.14, 6865461.25 ], [ 553093.93, 6865533.63 ], [ 553098.1, 6865536.49 ], [ 553108.97, 6865535.51 ], [ 553051.08, 6865368.42 ], [ 553052.52, 6865367.91 ], [ 553053.37, 6865362.06 ], [ 553049.06, 6865357.91 ], [ 553047.61, 6865358.42 ], [ 553019.71, 6865278.38 ], [ 553021.17, 6865277.86 ], [ 553021.94, 6865271.91 ], [ 553017.83, 6865267.55 ], [ 553016.18, 6865268.15 ], [ 552988.5, 6865190.83 ], [ 552990.15, 6865190.25 ], [ 552990.76, 6865186.14 ], [ 552988.36, 6865179.15 ], [ 552985.25, 6865176.39 ], [ 552983.44, 6865177.0 ], [ 552942.03, 6865060.09 ], [ 552874.52, 6865080.8 ] ], [ [ 552983.47, 6865183.37 ], [ 552984.34, 6865185.92 ], [ 552926.3, 6865206.25 ], [ 552925.4, 6865203.69 ], [ 552983.47, 6865183.37 ] ] ] } },
{ "type": "Feature", "properties": { }, "geometry": { "type": "Polygon", "coordinates": [ [ [ 553163.63, 6865595.77 ], [ 553171.76, 6865594.7 ], [ 553170.11, 6865583.91 ], [ 553171.23, 6865583.74 ], [ 553170.43, 6865578.23 ], [ 553160.3, 6865579.56 ], [ 553163.63, 6865595.77 ] ] ] } },
{ "type": "Feature", "properties": { }, "geometry": { "type": "Polygon", "coordinates": [ [ [ 553127.71, 6865637.86 ], [ 553114.18, 6865642.76 ], [ 553113.88, 6865637.34 ], [ 553109.97, 6865634.15 ], [ 553107.1, 6865634.13 ], [ 553097.06, 6865637.53 ], [ 553094.27, 6865639.52 ], [ 553093.03, 6865642.72 ], [ 553093.73, 6865646.07 ], [ 553096.26, 6865648.94 ], [ 553082.69, 6865653.61 ], [ 553082.86, 6865649.31 ], [ 553081.04, 6865646.31 ], [ 553072.34, 6865641.07 ], [ 553069.19, 6865640.55 ], [ 553226.04, 6866104.16 ], [ 553253.28, 6866193.91 ], [ 553244.85, 6866196.72 ], [ 553244.03, 6866202.65 ], [ 553248.23, 6866206.73 ], [ 553256.35, 6866204.06 ], [ 553274.53, 6866267.52 ], [ 553278.71, 6866285.8 ], [ 553276.83, 6866286.43 ], [ 553276.01, 6866292.33 ], [ 553280.51, 6866296.4 ], [ 553282.09, 6866308.83 ], [ 553284.77, 6866343.25 ], [ 553285.05, 6866373.51 ], [ 553284.09, 6866373.43 ], [ 553281.02, 6866378.55 ], [ 553283.32, 6866383.97 ], [ 553284.28, 6866384.05 ], [ 553277.87, 6866423.29 ], [ 553276.49, 6866429.5 ], [ 553275.42, 6866429.21 ], [ 553271.5, 6866433.69 ], [ 553272.69, 6866439.46 ], [ 553273.74, 6866439.74 ], [ 553263.64, 6866469.07 ], [ 553257.78, 6866482.97 ], [ 553256.82, 6866482.51 ], [ 553252.19, 6866486.19 ], [ 553252.32, 6866492.07 ], [ 553253.16, 6866492.47 ], [ 553234.21, 6866526.96 ], [ 553250.93, 6866536.15 ], [ 553270.62, 6866500.83 ], [ 553271.66, 6866501.33 ], [ 553276.32, 6866497.67 ], [ 553276.22, 6866491.76 ], [ 553275.16, 6866491.26 ], [ 553283.2, 6866472.48 ], [ 553292.22, 6866444.7 ], [ 553293.38, 6866445.01 ], [ 553297.31, 6866440.56 ], [ 553296.12, 6866434.76 ], [ 553295.1, 6866434.48 ], [ 553301.61, 6866401.63 ], [ 553303.32, 6866385.64 ], [ 553311.59, 6866386.33 ], [ 553314.52, 6866381.48 ], [ 553317.66, 6866381.7 ], [ 553359.6, 6866509.58 ], [ 553420.85, 6866488.34 ], [ 553353.57, 6866282.56 ], [ 553373.93, 6866323.27 ], [ 553388.52, 6866345.83 ], [ 553387.41, 6866346.64 ], [ 553388.46, 6866352.42 ], [ 553393.69, 6866355.15 ], [ 553394.72, 6866354.4 ], [ 553407.82, 6866370.8 ], [ 553428.23, 6866392.53 ], [ 553427.28, 6866393.53 ], [ 553429.34, 6866399.06 ], [ 553434.98, 6866400.77 ], [ 553435.93, 6866399.76 ], [ 553446.67, 6866409.37 ], [ 553475.72, 6866431.07 ], [ 553475.02, 6866432.17 ], [ 553477.99, 6866437.25 ], [ 553483.9, 6866437.9 ], [ 553484.65, 6866436.72 ], [ 553523.19, 6866457.99 ], [ 553535.05, 6866435.88 ], [ 553498.1, 6866415.58 ], [ 553498.61, 6866414.79 ], [ 553495.58, 6866409.72 ], [ 553489.24, 6866409.83 ], [ 553453.16, 6866381.47 ], [ 553451.68, 6866375.29 ], [ 553445.49, 6866374.2 ], [ 553414.97, 6866339.79 ], [ 553415.76, 6866339.06 ], [ 553414.76, 6866333.21 ], [ 553408.87, 6866330.99 ], [ 553397.08, 6866312.17 ], [ 553377.65, 6866276.02 ], [ 553372.83, 6866265.78 ], [ 553374.25, 6866259.75 ], [ 553370.08, 6866255.54 ], [ 553368.63, 6866256.02 ], [ 553337.69, 6866176.88 ], [ 553339.29, 6866170.73 ], [ 553335.15, 6866166.62 ], [ 553333.88, 6866167.03 ], [ 553303.35, 6866087.94 ], [ 553304.95, 6866081.8 ], [ 553300.75, 6866077.65 ], [ 553299.58, 6866078.04 ], [ 553270.06, 6865998.55 ], [ 553271.66, 6865992.4 ], [ 553267.49, 6865988.24 ], [ 553266.37, 6865988.62 ], [ 553248.58, 6865940.43 ], [ 553237.28, 6865909.11 ], [ 553238.89, 6865902.96 ], [ 553234.72, 6865898.83 ], [ 553233.69, 6865899.18 ], [ 553206.0, 6865819.1 ], [ 553206.93, 6865818.78 ], [ 553207.68, 6865812.97 ], [ 553203.55, 6865808.81 ], [ 553202.59, 6865809.13 ], [ 553175.31, 6865728.88 ], [ 553176.25, 6865728.56 ], [ 553177.07, 6865722.69 ], [ 553172.9, 6865718.58 ], [ 553171.94, 6865718.9 ], [ 553144.48, 6865638.71 ], [ 553145.54, 6865638.34 ], [ 553146.36, 6865632.47 ], [ 553142.11, 6865628.38 ], [ 553141.06, 6865628.74 ], [ 553136.57, 6865615.59 ], [ 553130.57, 6865616.41 ], [ 553127.34, 6865619.5 ], [ 553124.31, 6865632.79 ], [ 553125.16, 6865635.55 ], [ 553127.71, 6865637.86 ] ], [ [ 553400.6, 6866450.38 ], [ 553401.43, 6866452.95 ], [ 553385.51, 6866458.12 ], [ 553384.68, 6866455.56 ], [ 553400.6, 6866450.38 ] ], [ [ 553368.85, 6866460.71 ], [ 553369.68, 6866463.27 ], [ 553353.76, 6866468.45 ], [ 553352.93, 6866465.88 ], [ 553368.85, 6866460.71 ] ] ] } },
{ "type": "Feature", "properties": { }, "geometry": { "type": "Polygon", "coordinates": [ [ [ 552959.42, 6867394.82 ], [ 552980.48, 6867419.2 ], [ 552982.95, 6867417.05 ], [ 552961.72, 6867392.46 ], [ 552959.42, 6867394.82 ] ] ] } },
{ "type": "Feature", "properties": { }, "geometry": { "type": "Polygon", "coordinates": [ [ [ 553295.05, 6867525.57 ], [ 553288.34, 6867517.73 ], [ 553266.01, 6867537.22 ], [ 553272.76, 6867545.01 ], [ 553295.05, 6867525.57 ] ] ] } },
{ "type": "Feature", "properties": { }, "geometry": { "type": "Polygon", "coordinates": [ [ [ 553424.56, 6867819.23 ], [ 553444.69, 6867842.44 ], [ 553449.62, 6867838.14 ], [ 553429.52, 6867814.96 ], [ 553424.56, 6867819.23 ] ] ] } },
{ "type": "Feature", "properties": { }, "geometry": { "type": "Polygon", "coordinates": [ [ [ 553098.27, 6868102.91 ], [ 553117.75, 6868125.42 ], [ 553122.55, 6868121.49 ], [ 553102.95, 6868098.85 ], [ 553098.27, 6868102.91 ] ] ] } },
{ "type": "Feature", "properties": { }, "geometry": { "type": "Polygon", "coordinates": [ [ [ 553054.93, 6868216.72 ], [ 553112.09, 6868282.57 ], [ 553113.66, 6868281.06 ], [ 553056.5, 6868215.22 ], [ 553054.93, 6868216.72 ] ] ] } },
{ "type": "Feature", "properties": { }, "geometry": { "type": "Polygon", "coordinates": [ [ [ 552974.39, 6868289.1 ], [ 552998.05, 6868316.25 ], [ 553030.65, 6868353.75 ], [ 553032.41, 6868352.11 ], [ 552976.26, 6868287.74 ], [ 552974.39, 6868289.1 ] ] ] } },
{ "type": "Feature", "properties": { }, "geometry": { "type": "Polygon", "coordinates": [ [ [ 553153.82, 6869164.43 ], [ 553165.01, 6869180.66 ], [ 553186.42, 6869166.03 ], [ 553175.31, 6869149.71 ], [ 553153.82, 6869164.43 ] ] ] } },
{ "type": "Feature", "properties": { }, "geometry": { "type": "Polygon", "coordinates": [ [ [ 553127.36, 6869200.87 ], [ 553119.01, 6869187.07 ], [ 553116.66, 6869188.39 ], [ 553124.9, 6869202.3 ], [ 553127.36, 6869200.87 ] ] ] } },
{ "type": "Feature", "properties": { }, "geometry": { "type": "Polygon", "coordinates": [ [ [ 553209.22, 6869254.02 ], [ 553217.29, 6869269.38 ], [ 553240.27, 6869257.59 ], [ 553231.9, 6869241.65 ], [ 553234.94, 6869239.96 ], [ 553233.3, 6869237.06 ], [ 553204.79, 6869252.9 ], [ 553206.31, 6869255.67 ], [ 553209.22, 6869254.02 ] ] ] } },
{ "type": "Feature", "properties": { }, "geometry": { "type": "Polygon", "coordinates": [ [ [ 553267.12, 6869314.75 ], [ 553262.89, 6869305.03 ], [ 553259.99, 6869298.54 ], [ 553257.39, 6869300.77 ], [ 553256.46, 6869303.54 ], [ 553259.25, 6869311.66 ], [ 553261.96, 6869314.56 ], [ 553265.32, 6869315.21 ], [ 553267.12, 6869314.75 ] ] ] } },
{ "type": "Feature", "properties": { }, "geometry": { "type": "Polygon", "coordinates": [ [ [ 552950.83, 6869338.28 ], [ 552946.93, 6869344.62 ], [ 552950.02, 6869346.78 ], [ 552953.9, 6869340.77 ], [ 552950.83, 6869338.28 ] ] ] } },
{ "type": "Feature", "properties": { }, "geometry": { "type": "Polygon", "coordinates": [ [ [ 552963.19, 6869679.2 ], [ 552964.77, 6869674.97 ], [ 552960.31, 6869673.19 ], [ 552958.74, 6869677.67 ], [ 552963.19, 6869679.2 ] ] ] } },
{ "type": "Feature", "properties": { }, "geometry": { "type": "Polygon", "coordinates": [ [ [ 553101.3, 6869726.26 ], [ 553102.73, 6869721.51 ], [ 553098.12, 6869719.96 ], [ 553096.58, 6869724.58 ], [ 553101.3, 6869726.26 ] ] ] } },
{ "type": "Feature", "properties": { }, "geometry": { "type": "Polygon", "coordinates": [ [ [ 553053.21, 6869853.87 ], [ 553051.63, 6869858.71 ], [ 553056.11, 6869860.2 ], [ 553057.78, 6869855.21 ], [ 553053.21, 6869853.87 ] ] ] } },
{ "type": "Feature", "properties": { }, "geometry": { "type": "Polygon", "coordinates": [ [ [ 553012.79, 6870026.73 ], [ 553008.42, 6870025.23 ], [ 553007.0, 6870029.84 ], [ 553011.39, 6870031.3 ], [ 553012.79, 6870026.73 ] ] ] } },
{ "type": "Feature", "properties": { }, "geometry": { "type": "Polygon", "coordinates": [ [ [ 552980.4, 6870118.35 ], [ 552975.97, 6870116.76 ], [ 552974.3, 6870121.57 ], [ 552978.8, 6870123.03 ], [ 552980.4, 6870118.35 ] ] ] } },
{ "type": "Feature", "properties": { }, "geometry": { "type": "Polygon", "coordinates": [ [ [ 553033.13, 6870367.1 ], [ 553038.34, 6870372.91 ], [ 553043.01, 6870367.62 ], [ 553037.67, 6870361.96 ], [ 553033.13, 6870367.1 ] ] ] } },
{ "type": "Feature", "properties": { }, "geometry": { "type": "Polygon", "coordinates": [ [ [ 553017.31, 6870393.92 ], [ 553018.03, 6870401.0 ], [ 553025.28, 6870400.01 ], [ 553025.82, 6870392.93 ], [ 553017.31, 6870393.92 ] ] ] } },
{ "type": "Feature", "properties": { }, "geometry": { "type": "Polygon", "coordinates": [ [ [ 553102.67, 6870398.96 ], [ 553059.09, 6870381.75 ], [ 553050.05, 6870398.88 ], [ 553093.87, 6870415.27 ], [ 553102.67, 6870398.96 ] ] ] } },
{ "type": "Feature", "properties": { }, "geometry": { "type": "Polygon", "coordinates": [ [ [ 553201.71, 6870455.61 ], [ 553209.61, 6870438.81 ], [ 553143.17, 6870414.18 ], [ 553134.46, 6870430.45 ], [ 553201.71, 6870455.61 ] ] ] } },
{ "type": "Feature", "properties": { }, "geometry": { "type": "Polygon", "coordinates": [ [ [ 553458.61, 6870437.69 ], [ 553454.91, 6870435.65 ], [ 553453.22, 6870438.73 ], [ 553456.91, 6870440.77 ], [ 553458.61, 6870437.69 ] ] ] } },
{ "type": "Feature", "properties": { }, "geometry": { "type": "Polygon", "coordinates": [ [ [ 553527.98, 6870463.16 ], [ 553526.96, 6870466.36 ], [ 553532.34, 6870467.97 ], [ 553533.3, 6870464.75 ], [ 553527.98, 6870463.16 ] ] ] } },
{ "type": "Feature", "properties": { }, "geometry": { "type": "Polygon", "coordinates": [ [ [ 553248.99, 6870481.0 ], [ 553253.85, 6870482.73 ], [ 553255.44, 6870478.57 ], [ 553250.46, 6870476.77 ], [ 553248.99, 6870481.0 ] ] ] } },
{ "type": "Feature", "properties": { }, "geometry": { "type": "Polygon", "coordinates": [ [ [ 553485.58, 6870908.38 ], [ 553498.33, 6870914.19 ], [ 553499.77, 6870910.93 ], [ 553487.1, 6870905.06 ], [ 553485.58, 6870908.38 ] ] ] } },
{ "type": "Feature", "properties": { }, "geometry": { "type": "Polygon", "coordinates": [ [ [ 553217.08, 6871213.2 ], [ 553219.49, 6871207.59 ], [ 553213.51, 6871205.0 ], [ 553211.18, 6871210.73 ], [ 553217.08, 6871213.2 ] ] ] } },
{ "type": "Feature", "properties": { }, "geometry": { "type": "Polygon", "coordinates": [ [ [ 552986.04, 6871263.81 ], [ 552979.71, 6871260.75 ], [ 552973.36, 6871273.99 ], [ 552979.7, 6871277.04 ], [ 552986.04, 6871263.81 ] ] ] } },
{ "type": "Feature", "properties": { }, "geometry": { "type": "Polygon", "coordinates": [ [ [ 553298.38, 6871320.0 ], [ 553296.84, 6871323.26 ], [ 553313.41, 6871330.47 ], [ 553314.88, 6871327.17 ], [ 553298.38, 6871320.0 ] ] ] } },
{ "type": "Feature", "properties": { }, "geometry": { "type": "Polygon", "coordinates": [ [ [ 553045.9, 6871926.3 ], [ 553001.95, 6871906.34 ], [ 553000.48, 6871909.76 ], [ 553044.34, 6871929.68 ], [ 553045.9, 6871926.3 ] ] ] } },
{ "type": "Feature", "properties": { }, "geometry": { "type": "Polygon", "coordinates": [ [ [ 553493.32, 6872202.95 ], [ 553493.4, 6872190.28 ], [ 553487.5, 6872190.24 ], [ 553487.49, 6872202.92 ], [ 553493.32, 6872202.95 ] ] ] } },
{ "type": "Feature", "properties": { }, "geometry": { "type": "Polygon", "coordinates": [ [ [ 553115.5, 6873269.39 ], [ 553108.28, 6873273.29 ], [ 553111.91, 6873278.57 ], [ 553118.48, 6873275.23 ], [ 553115.5, 6873269.39 ] ] ] } },
{ "type": "Feature", "properties": { }, "geometry": { "type": "Polygon", "coordinates": [ [ [ 552975.63, 6873931.91 ], [ 552981.25, 6873941.59 ], [ 552983.18, 6873940.46 ], [ 552977.57, 6873930.79 ], [ 552975.63, 6873931.91 ] ] ] } },
{ "type": "Feature", "properties": { }, "geometry": { "type": "Polygon", "coordinates": [ [ [ 552992.4, 6874136.72 ], [ 553000.24, 6874154.62 ], [ 553002.69, 6874153.49 ], [ 552994.86, 6874135.59 ], [ 552992.4, 6874136.72 ] ] ] } },
{ "type": "Feature", "properties": { }, "geometry": { "type": "Polygon", "coordinates": [ [ [ 553235.58, 6874967.87 ], [ 553237.93, 6874964.39 ], [ 553233.64, 6874961.69 ], [ 553231.49, 6874965.23 ], [ 553235.58, 6874967.87 ] ] ] } },
{ "type": "Feature", "properties": { }, "geometry": { "type": "Polygon", "coordinates": [ [ [ 553445.82, 6875101.84 ], [ 553440.76, 6875109.61 ], [ 553444.86, 6875112.54 ], [ 553450.54, 6875104.31 ], [ 553445.82, 6875101.84 ] ] ] } },
{ "type": "Feature", "properties": { }, "geometry": { "type": "Polygon", "coordinates": [ [ [ 553505.9, 6875988.27 ], [ 553508.57, 6875988.58 ], [ 553509.69, 6875980.38 ], [ 553507.17, 6875980.34 ], [ 553505.9, 6875988.27 ] ] ] } }
]
}
